axis_index,scaled_log_mae,log_mae,log_mse,raw_mae,positive_scaled_log_mae,zero_scaled_log_mae,candidate_support,canonical_name,loss_group,method,partition
2,0.03918996159674531,0.021566237376717475,0.0025572697413899035,0.08327005632729399,0.04108233787170255,0.007019564922472343,54,Acetic acid,food_metabolome,mae,train
7,0.24613986337669086,0.01060890924178792,0.013610534774697711,0.023794234981445707,0.7912014381252782,0.0026790266556552247,217,Apigenin,food_metabolome,mae,train
9,0.12272292956976387,0.002349995471582569,0.0001472839518081206,0.0025423306594150917,0.12316052008108624,0.1167716986157794,73,Benzoic acid,food_metabolome,mae,train
11,0.08822767418258934,0.0016800526446309689,3.2700630230002546e-05,0.0017636629408551963,0.08956445712474978,0.0,67,Cadaverine,food_metabolome,mae,train
12,0.28445547166225543,0.013926502745429791,0.00523477936393378,0.021640105529955635,0.32563037456536226,0.05237874620838063,146,Caffeic acid,food_metabolome,mae,train
13,0.08081813694876269,0.003785585086723746,0.0030816194403529055,0.006390017284954029,0.9609464353896895,4.4319195035798965e-06,10892,Caffeine,food_metabolome,mae,train
15,0.08161427126731201,0.005741216567142129,0.002124062974608633,0.00833759746632233,0.12960049776787125,0.002027359022482052,109,Catechin,food_metabolome,mae,train
16,0.1221820518491722,0.008523436940861204,0.0005616796859110671,0.009740984198061005,0.1221992407017285,0.12136792528718746,4256,Choline,food_metabolome,mae,train
18,0.08232302935414541,0.03983876758238304,0.007152808133540292,0.08565592167237461,0.08117440713763015,0.42346382765918206,298,Citric acid,food_metabolome,mae,train
21,0.20764334629188172,0.010628142637959056,0.0019930779486333114,0.013343995313523394,0.32219954183462235,1.0241870664316228e-05,90,Cyanidin,food_metabolome,mae,train
22,0.07902508653511514,0.0012172344258097692,1.0071328976909903e-05,0.0012502664604525447,0.08261713592307492,0.0,46,Daidzein,food_metabolome,mae,train
24,0.13831047843204897,0.0022776453166267418,6.0830502247558876e-05,0.002478802440618222,0.24967355360210164,0.00022026522118365953,56,Delphinidin,food_metabolome,mae,train
25,0.07543808879742793,0.0027646811139342793,5.893041706476448e-05,0.002973684223109602,0.12055431688812293,0.0002443753129362616,32,Ellagic acid,food_metabolome,mae,train
26,0.29892725968529044,0.006050743044359106,0.002741692765019489,0.007724545372820973,0.9937589894176991,7.490281113609962e-05,133,Epigallocatechin,food_metabolome,mae,train
28,0.1168056048017613,0.001585140918935688,2.1588712163807588e-05,0.0016574798010965354,0.1321809979412817,0.03783199458513386,135,Ferulic acid,food_metabolome,mae,train
33,0.17303005838462407,0.009098506815443686,0.005429907503119184,0.014072032052761464,0.2314779970950011,0.04569704905130261,89,Gallic acid,food_metabolome,mae,train
35,0.13394780089067507,0.0019749541404488775,3.811513237732803e-05,0.002061815672792033,0.1365044274517071,0.06065783947442397,89,Genistein,food_metabolome,mae,train
43,0.054809863151865604,0.00022296420722206893,3.980334844739825e-07,0.00022426366869915306,0.09676839048413603,0.0008631851532322,64,Glycitein,food_metabolome,mae,train
47,0.15756908589188165,0.00048321620158582823,2.935680983451178e-06,0.0004863331822968965,0.16147363990867594,0.03913094738245451,188,Histamine,food_metabolome,mae,train
50,0.16194479888330413,0.0036981751492813036,0.000488293175892496,0.004194246374016116,0.373443232080863,0.001362655159231679,95,Isorhamnetin,food_metabolome,mae,train
51,0.1314929297321625,0.001299716430656268,4.8229448746024133e-05,0.0014253454869758556,0.235870848365036,0.00492442997261518,281,Kaempferol,food_metabolome,mae,train
52,0.04013988229030323,0.0334501066430766,0.002856978407972489,0.06557502277251837,0.04183593365468224,0.0,74,Lactic acid,food_metabolome,mae,train
53,0.06357599797422883,0.00016302857978262971,5.901242641464568e-07,0.0001650739455092492,0.07030803252899782,0.00747571001782056,28,Lariciresinol,food_metabolome,mae,train
54,0.07413368838039726,0.0034784042756719614,0.0006542554262322438,0.004167115738360611,0.07413368838039726,,70,Lutein,food_metabolome,mae,train
55,0.18756917246885327,0.00493142170353821,0.0016508244809168495,0.006245756482711047,0.3981998731571305,0.0011092079251324573,230,Luteolin,food_metabolome,mae,train
56,0.081198408802371,0.03396948815735498,0.0050848152951213895,0.05575194659563335,0.081198408802371,,296,Malic acid,food_metabolome,mae,train
58,0.10789051245345259,0.0011719804176731487,1.5749673085754295e-05,0.0012012545307047591,0.18474613972399725,0.0035864468719991128,33,Matairesinol,food_metabolome,mae,train
61,0.16937433260435386,0.0006510591503916407,1.998666151460611e-05,0.0006624910871219488,0.3709848242456277,0.0002816621955435368,228,Myricetin,food_metabolome,mae,train
62,0.10970199247712124,0.019745378391281126,0.026048700994194297,0.04771140277211789,0.5042480991301252,0.0010588616596273817,88,Naringenin,food_metabolome,mae,train
65,0.15409039981772446,0.03740617708564498,0.005077005895991951,0.0570517802945457,0.15409039981772446,,20,Oxalic acid,food_metabolome,mae,train
66,0.19786395263377285,0.001375641603061055,5.126348637081001e-05,0.0014170247055592074,0.3953125612778972,0.0004153439896485016,52,Pelargonidin,food_metabolome,mae,train
67,0.08899216344396736,0.0005587330595350432,3.1993849862641906e-06,0.0005684477601363993,0.1827504242511768,0.002446076545004802,50,Peonidin,food_metabolome,mae,train
72,0.12014261218810493,0.0008508956848926347,1.0336761964859717e-05,0.0008682583976464755,0.13969212752035154,0.0028455201946252593,28,Pinoresinol,food_metabolome,mae,train
77,0.11934448599575166,0.0025518921015985343,5.421194849507227e-05,0.00272843571333577,0.11934448599575166,,84,Putrescine,food_metabolome,mae,train
79,0.16657185978105138,0.014387308936017237,0.02614478002506364,0.05534929625120902,0.21948136693992468,0.020614598653124983,327,Quercetin,food_metabolome,mae,train
82,0.050301376630759065,0.0457416164308426,0.006594221551032798,0.15901420137829067,0.07185910947251295,0.0,30,Rosmarinic acid,food_metabolome,mae,train
83,0.39654561792630927,0.007190816486247449,0.0016348854487975351,0.00807817359339446,0.4834254411370065,0.02006638401328831,32,Secoisolariciresinol,food_metabolome,mae,train
88,0.02454811860809433,0.00012666221728249935,4.369784138519005e-08,0.00012711772289709998,0.024144138155880436,0.04474714121878888,51,Spermine,food_metabolome,mae,train
90,0.1250397912232404,0.0006076046693601989,4.4288527859330595e-06,0.00062022766415708,0.17568100301073428,0.0017394494797770914,79,Syringic acid,food_metabolome,mae,train
91,0.07995976149918234,0.05423185798741786,0.021404621379702626,0.5446482982761288,0.08265375911985315,0.01799781622375374,24,Tartaric acid,food_metabolome,mae,train
92,0.09044917883380997,0.012504891524106911,0.0011282548545597602,0.016005769820828342,0.09044917883380997,,23,Taurine,food_metabolome,mae,train
93,0.046911213415809734,0.0064334723300274056,0.0020952547012369053,0.0077822509066851715,0.809053387192106,0.00012953011887586273,10738,Theobromine,food_metabolome,mae,train
96,0.08568715402778053,0.0013344585342583827,1.7460322259136594e-05,0.0013763204262507637,0.09374910759709036,0.005800523204619465,120,Tyramine,food_metabolome,mae,train
98,0.10891592513487766,0.0006767653470079615,5.790163525498285e-06,0.0006977895445738152,0.1359569356797682,0.012770109864155797,82,Vanillic acid,food_metabolome,mae,train
103,0.13490809512329718,0.0009408417856953718,8.549664271159231e-06,0.0009614893370675818,0.16553404270085476,0.01955035924783035,143,p-Coumaric acid,food_metabolome,mae,train
104,0.046105326159165405,0.0356986834738463,0.00614114749221864,0.07552292486926371,0.046643718385603467,0.006249437925797842,8576,Alanine,nutrition,mae,train
105,0.13502725044542183,0.013796894165577044,0.0015936880694730987,0.01595531885529986,0.2197629891108966,0.03736951488486799,6814,Arachidonic acid (20:4n-6),nutrition,mae,train
106,0.06583848638281302,0.05400399659539232,0.011864720968076298,0.11499641907319333,0.06479855396455558,0.09534068761808252,9593,Arginine,nutrition,mae,train
107,0.11986514570602884,0.004488836567588304,0.00030223707682861526,0.005216648237705517,0.1869640588695068,0.012981921197833873,586,Ascorbic acid (vitamin C),nutrition,mae,train
108,0.10463367028551676,0.1089925884407404,0.044027338490077166,0.4327474318541474,0.10539086136260276,0.05254451285007628,20257,Ash,nutrition,mae,train
109,0.046909114870772685,0.04888423539464088,0.007129623032785254,0.11162218703804141,0.047336095929784494,0.013921605838693089,8432,Aspartic acid,nutrition,mae,train
110,0.07753102531494886,0.19668903815942343,0.13216800981302357,2.532754092941884,0.0837197885306824,0.015691869109694737,4210,Available carbohydrate,nutrition,mae,train
111,0.04022677497483885,0.007656669379211497,0.0004142721072277942,0.00927721183344374,0.056079471173578956,0.0013876692879255957,207,Beta-sitosterol,nutrition,mae,train
112,0.1541599943294235,0.005236922371653271,0.0008676043748257443,0.005864874675659757,0.15442756030077803,0.14672389004219547,2764,Betaine,nutrition,mae,train
113,0.2937283426429021,0.0001031627791036443,5.14653596818419e-06,0.00010594434269669059,0.2981195397635335,0.26598243799106974,9884,Biotin,nutrition,mae,train
114,0.0815808889323822,0.011213854900283248,0.0017065029836632823,0.01602363969467832,0.20339843567861218,0.01758818338778679,12666,Butyric acid (4:0),nutrition,mae,train
115,0.30480372236083014,0.03210959000570267,0.007758511633712503,0.04172419023382824,0.30558375460979603,0.2629543599768225,39116,Calcium,nutrition,mae,train
116,0.05395174421484129,0.0026557392505701916,0.00010505441845207181,0.0030223871710534167,0.0642629461032068,0.001290963142117459,171,Campesterol,nutrition,mae,train
117,0.23521933069374962,3.948507548662867e-05,9.75675116107416e-08,3.953508017358731e-05,1.0867371801671883,0.007844946068465085,13702,"Carotene, alpha",nutrition,mae,train
118,0.3616449460941462,0.00044298164558222646,0.0006404471511580625,0.0020626647512389283,0.5709468516105598,0.05687592323290048,20968,"Carotene, beta",nutrition,mae,train
119,0.07406257439024151,0.06658381313379431,0.013140923140892527,0.5040660430604349,0.07053002575459472,0.3142758816142231,69,Cellulose,nutrition,mae,train
120,0.13695729817374455,0.05700616912995633,0.010396787641439966,0.14188083379407493,0.13574958128902492,0.26148632806483607,1874,Chloride,nutrition,mae,train
121,0.16506428847927715,4.670833749636844e-07,4.057599893565441e-11,4.671234410911334e-07,0.25007230194156155,0.060196551419078766,3865,Cholecalciferol (vitamin D3),nutrition,mae,train
122,0.11584719014337957,0.03015887233447974,0.0633948029481216,0.18395291802703806,0.1880797480186665,0.007294724173992138,22719,Cholesterol,nutrition,mae,train
123,0.11951079521996891,0.007547173553604769,0.0003155058516663379,0.008334252305501057,0.12009081792583706,0.09884547235568791,10549,"Choline, total",nutrition,mae,train
124,0.2117326247871698,1.7028874958315314e-05,1.946393603866101e-08,1.7058586846013592e-05,0.2834648509349328,0.04712375920313837,1560,Chromium,nutrition,mae,train
125,0.16628699840068795,7.338333232229612e-07,3.443796893675091e-11,7.33857354329765e-07,0.2588288152281305,0.01398475229944823,25560,Cobalamin (vitamin B12),nutrition,mae,train
126,0.07789577714600916,0.011509251727953671,0.0007308284564110235,0.016300642442616812,0.08504980226819339,0.02513484186990052,469,Conjugated linoleic acids (18:2 CLA isomers),nutrition,mae,train
127,0.23352792837313738,0.00021731300590497506,0.00022219972446580868,0.0005178873454762266,0.23535422275107543,0.1817710006334567,28684,Copper,nutrition,mae,train
128,0.21856399629888892,1.0773349394162565e-05,1.5244400179631702e-08,1.0780983543912203e-05,0.9443787159915468,0.004720589994185664,13291,"Cryptoxanthin, beta",nutrition,mae,train
129,0.06614045106805222,0.019834480542641544,0.0019348327141518109,0.025535364255112544,0.06523715386388804,0.1156675195814107,8477,Cystine,nutrition,mae,train
130,0.1667108439250036,0.019236479112812985,0.006308940657948534,0.034403465557359465,0.299187597175065,0.031218329953257063,16906,Decanoic acid (10:0),nutrition,mae,train
131,0.1640805441484747,0.21862714849607284,0.12827512464055935,1.079593468735432,0.19811055175645637,0.043291380897302924,14402,"Dietary fibre, total",nutrition,mae,train
132,0.10863673971699155,0.012787932445086513,0.003383903057388732,0.02448078057538326,0.32992860588117023,0.01467591912868657,16450,Docosahexaenoic acid (DHA; 22:6n-3),nutrition,mae,train
133,0.21540744133469547,0.012138206720589576,0.003446824245655513,0.016920957030218932,0.319492461671427,0.07736298043720191,5733,Docosanoic acid (22:0),nutrition,mae,train
134,0.12191226182267437,0.005332441585580242,0.0008010330722580903,0.007206667812330369,0.31359209984365993,0.029780802734709306,16689,Docosapentaenoic acid (DPA; 22:5n-3),nutrition,mae,train
135,0.06717286791241768,0.0012267857530636858,3.7285548175077264e-05,0.0013248448469288798,0.11616481079196239,0.01162786260949436,335,Docosatetraenoic acid (22:4; isomer unspecified),nutrition,mae,train
136,0.10040396806499238,0.009206469310482811,0.008480400092385352,0.02643017004139945,0.722147423145328,0.007764925582468871,3902,Docosenoic acid (22:1; cis/trans unspecified),nutrition,mae,train
137,0.2741207170226723,0.04618654727391049,0.03827165749563738,0.1434469946405443,0.41021848960785323,0.057008728228969525,19138,Dodecanoic acid (12:0),nutrition,mae,train
138,0.191948406743804,0.011987388554945364,0.0017436867464981124,0.015143564554232764,0.19404756200993883,0.18241591710070698,5470,Eicosanoic acid (20:0),nutrition,mae,train
139,0.1349616369857331,0.010177462559400547,0.0028803143154854946,0.018612277292149995,0.4064811417499756,0.020256877692254083,18180,Eicosapentaenoic acid (EPA; 20:5n-3),nutrition,mae,train
140,0.09600409539816866,0.00906076948877381,0.0009119329214081242,0.010614145234403604,0.1637494364244351,0.0411556972488408,4211,Eicosatetraenoic acid (20:4; isomer unspecified),nutrition,mae,train
141,0.09382819368107284,0.00197495258302046,6.128905535091381e-05,0.0020400875221529132,0.24252106053028966,0.012349689608173524,1065,Eicosatrienoic acid (20:3; isomer unspecified),nutrition,mae,train
142,0.07822154696401329,0.0011472281995252604,2.6161172270273647e-05,0.0011904514607333847,0.15120378222285744,0.01627151005825025,318,Eicosatrienoic acid (20:3n-3),nutrition,mae,train
143,0.11083445815394796,0.0026783673235775576,4.573974659465406e-05,0.002743727967050383,0.14033818412128535,0.04992581146720133,1284,Eicosatrienoic acid (20:3n-6),nutrition,mae,train
144,0.22953790174403688,0.023968710408325808,0.006029030762380861,0.036973612225551,0.267172527825265,0.15211605812949588,14951,Eicosenoic acid (20:1; isomer unspecified),nutrition,mae,train
147,0.016327910701165314,0.04744613523369482,0.12122750671738582,0.260120109015281,0.6891495748699106,5.589632521100307e-05,17741,Ethanol,nutrition,mae,train
148,0.07793734037270209,0.14213297549076032,0.09234430687312442,1.4676394924807903,0.08023507485572043,0.0245498138999986,27749,"Fat, total",nutrition,mae,train
149,0.09951370858852698,0.12514936900297222,0.04970785397433114,0.9127666588912285,0.10413951311464846,0.022814176627941198,22471,"Fatty acids, total monounsaturated",nutrition,mae,train
150,0.15574382777610254,0.1446833828395988,0.0633613188188312,0.7480186860501052,0.1612322559829072,0.05156743167736457,22517,"Fatty acids, total polyunsaturated",nutrition,mae,train
151,0.0967421951727264,0.11448723492930847,0.04051526172542989,0.7073659559067824,0.10015572019996268,0.03394013287072133,23183,"Fatty acids, total saturated",nutrition,mae,train
152,0.16016062357657337,0.05495974178186584,0.02641358363387159,0.12788940600989457,0.2316154358120773,0.03979584495422785,6323,"Fatty acids, total trans",nutrition,mae,train
153,0.12817089052711866,0.03580928170043202,0.014114146990729486,0.1193757926230893,0.14609752320785804,0.042322210650000316,2792,"Fatty acids, total trans-monoenoic",nutrition,mae,train
154,0.1452412933980029,0.014510205709163507,0.002882387798525061,0.024355139218497697,0.17437157445680848,0.05359220315651154,2496,"Fatty acids, total trans-polyenoic",nutrition,mae,train
155,0.2507512399457557,1.3780311214160562e-05,2.9937590871286283e-09,1.3782975382997695e-05,0.2616186007376846,0.13269151240729138,17790,"Folate, food",nutrition,mae,train
156,0.2568754609581178,2.4785737642519227e-05,2.361229666480144e-07,2.4908001350943066e-05,0.2671162891749636,0.1185061194336727,21997,"Folate, total",nutrition,mae,train
157,0.14061384812835362,1.3404130980844512e-05,4.942077055987884e-09,1.3408807921235868e-05,0.27121329590606624,0.028724900156044793,17266,Folic acid,nutrition,mae,train
158,0.22021060070915469,0.16873644819176803,0.10721939747949293,0.5652011121179621,0.3044419494528003,0.04262787199242059,10967,Fructose,nutrition,mae,train
159,0.18225458076491347,0.02167857451354683,0.01122713616524416,0.030717584777148584,0.9913926723908564,0.005911750836535658,8120,Galactose,nutrition,mae,train
160,0.2603685288629491,0.20487059613134215,0.14428416970674196,0.6626093935527791,0.3329672208108318,0.05815798996101432,11206,Glucose,nutrition,mae,train
161,0.04802886103955419,0.07217904808075022,0.015605906423146925,0.2483762764676563,0.04840643036583566,0.018779148724930212,8601,Glutamic acid,nutrition,mae,train
162,0.07970405828160192,0.056317716177542235,0.015234590765648849,0.1195123369145702,0.07903116407731788,0.10074052420452484,9525,Glycine,nutrition,mae,train
165,0.11459449036777171,0.009593162664189931,0.00046368248052211953,0.011099052199801616,0.134297799138596,0.05716289233171359,6293,Heptadecanoic acid (17:0),nutrition,mae,train
166,0.1367685112975313,0.006689267689889133,0.0003087881066548819,0.007304996123114148,0.1739294479176633,0.07924040295322966,4818,Heptadecenoic acid (17:1; isomer unspecified),nutrition,mae,train
167,0.09870912372067599,0.09686353400088582,0.031174664303034658,0.38553114646326286,0.10101586216087016,0.04023301334540353,19586,Hexadecanoic acid (16:0),nutrition,mae,train
168,0.17587781542256672,0.0412805976003451,0.010830564445306048,0.07380398805238582,0.20262286446526678,0.06201602798122905,4679,Hexadecenoic acid (16:1; cis/trans unspecified),nutrition,mae,train
169,0.06683507739102147,0.007911218726556256,0.0009053000421575748,0.010170737424183214,0.19424066412819907,0.01222089173208112,14771,Hexanoic acid (6:0),nutrition,mae,train
170,0.0544983392441339,0.029251704805000358,0.003027363861461871,0.04859547423277168,0.055262519758706406,0.00881024604310629,8652,Histidine,nutrition,mae,train
171,0.05830778723140086,0.015412646868487909,0.0009451573454392926,0.01871953384150527,0.0746347253631976,0.004470755340399335,1676,Hydroxyproline,nutrition,mae,train
172,0.05731267561874005,0.07232129507825726,0.011202461912476898,0.5122475453491491,0.06215265272936881,0.003328315538650051,158,Insoluble dietary fibers,nutrition,mae,train
173,0.22944233003028602,0.0012287792757111888,7.337025726255417e-05,0.0012839984857758106,0.23256765797654486,0.12029450337739768,32795,Iron,nutrition,mae,train
174,0.042017043710853824,0.029728606101364866,0.003020207637797691,0.05377843189348094,0.042561102593953744,0.010944291987741958,8660,Isoleucine,nutrition,mae,train
175,0.09477875460072505,0.057839536237119786,0.011971347286024846,0.2035077903802528,0.09698291168446284,0.0,44,Isomeric linoleic acids (18:2),nutrition,mae,train
176,0.11238233225917436,0.021986147574836773,0.0025535359829284045,0.034668208295600536,0.13573750974466392,0.08279910744422093,68,Isomeric linolenic acids (18:3),nutrition,mae,train
177,0.08164111351044769,0.07570547916862529,0.04701207443875498,0.27897769494678143,0.24698234443448006,0.011374345215499423,10711,Lactose,nutrition,mae,train
178,0.03742032083451355,0.0367240185445725,0.005851987868742986,0.08720127333759956,0.03789525590670469,0.002511344808916045,8661,Leucine,nutrition,mae,train
179,0.046065596687832104,0.027755161599848303,0.003353529123154466,0.30201868145665456,0.056101855054457785,0.01055268246746429,59,Lignin,nutrition,mae,train
180,0.16309200054690343,0.12574502243602745,0.05391369297425673,0.6362997411499948,0.16689507603883244,0.08003919881318229,7708,Linoleic acid (18:2n-6),nutrition,mae,train
181,0.2449417966045082,0.00011987444180806025,3.6572907447077235e-07,0.00012036458399064598,0.3288865564458342,0.07039617598388133,7134,Lutein + zeaxanthin,nutrition,mae,train
182,0.06320322306300691,0.0001744825416088226,1.635758163670071e-06,0.0001754612573754087,0.5763007426356866,0.0020858389967549945,11469,Lycopene,nutrition,mae,train
183,0.049330810915053355,0.042013816699994246,0.004758724592842,0.09542256778721284,0.049972142757373016,0.002685999561367783,8681,Lysine,nutrition,mae,train
184,0.15899434613483757,0.010812932062520987,0.0011949739772462561,0.012653057291020751,0.1603516259223693,0.08165548578003581,35492,Magnesium,nutrition,mae,train
185,0.23380853680502373,0.10477434411017018,0.08880014827265195,0.26289279851055103,0.5064326963474188,0.028996959720128966,10771,Maltose,nutrition,mae,train
186,0.2750583720606344,0.0003856953198617218,1.4662503512817365e-05,0.0003939518553967041,0.2787606713861665,0.18940768863353438,18010,Manganese,nutrition,mae,train
188,0.04270960185302457,6.729372938465095e-07,2.4329565416096463e-12,6.729491838243134e-07,0.04950565919397043,0.00036493688251573655,94,Menaquinone-4,nutrition,mae,train
189,0.05777432321787443,0.025112657611226916,0.002081856464322525,0.03656513030087461,0.05837308900532609,0.030643215593968657,8681,Methionine,nutrition,mae,train
190,0.13529020943472986,5.191750325501511e-06,5.858517593945048e-10,5.192630405765826e-06,0.15695789003566848,0.05612984756081394,1011,Molybdenum,nutrition,mae,train
191,0.19443866724938422,0.0011109789056240264,0.0001486177088772052,0.0012321028532877375,0.2003034443334554,0.04405990739912586,30892,Niacin,nutrition,mae,train
192,0.15870868118332956,0.0014496957383156573,0.0008074191193224869,0.0024454204056600344,0.16382896796850077,0.06687877592308614,6362,Nicotinic acid,nutrition,mae,train
193,0.20752468716002867,0.15179856999904184,0.08344741298949222,0.7934687961787866,0.21207382494914015,0.10065389790537965,4923,Octadecadienoic acid (18:2; isomer unspecified),nutrition,mae,train
194,0.12566276713686364,0.08466669748264775,0.026175430701554446,0.24142455641703375,0.13241982088309817,0.023917477863003085,19517,Octadecanoic acid (18:0),nutrition,mae,train
195,0.042407798155361644,0.002046922799865362,0.0002062012506062515,0.002723262046204632,0.4612307430632714,0.0047266055707438845,3901,Octadecatetraenoic acid (18:4; isomer unspecified),nutrition,mae,train
196,0.2738246853480909,0.05383834899219979,0.022452030425154538,0.10831181773969978,0.27834288754993486,0.22453621847132513,4835,Octadecatrienoic acid (18:3; isomer unspecified),nutrition,mae,train
197,0.1581713173197074,0.1885106826291722,0.11122841806286564,1.175382447739341,0.1625528315363738,0.05862416098646066,4910,Octadecenoic acid (18:1; cis/trans unspecified),nutrition,mae,train
198,0.1282028258942577,0.016734250286939846,0.007568544766983124,0.030695426040905187,0.316404106313929,0.012706758887049738,15315,Octanoic acid (8:0),nutrition,mae,train
199,0.20214639343682592,0.00026870303450788225,1.9332080783992035e-06,0.0002699449712218185,0.20742128162373946,0.12272019698955941,16490,Pantothenic acid (vitamin B5),nutrition,mae,train
200,0.1371946648299093,0.006497562172455696,0.0003653030613260112,0.007277392554481914,0.18006557893295802,0.05772751899168984,5999,Pentadecanoic acid (15:0),nutrition,mae,train
201,0.1009742844778799,0.0027838447482762896,0.0014462563507208906,0.004084929499371005,1.3474502033141476,0.0001472210861044725,4236,Pentadecenoic acid (15:1; isomer unspecified),nutrition,mae,train
202,0.03748786987776618,0.027018388226367283,0.0034457138391775625,0.048834183822583484,0.03797511255495548,0.006563843162080082,8673,Phenylalanine,nutrition,mae,train
203,0.13048320855181142,0.03436981139410074,0.005487272812372011,0.04501503939944437,0.13249946419050918,0.044319015828334404,31130,Phosphorus,nutrition,mae,train
204,0.07955679285374632,0.009398351497550096,0.0006604847732682335,0.011713884794572861,0.12123571152547448,0.0027484998729901825,398,Phytosterols,nutrition,mae,train
205,0.15736404231788859,0.06343792212505371,0.01548115227603857,0.10156205185170519,0.15853023035090172,0.07118814150012062,31399,Potassium,nutrition,mae,train
206,0.061786497574731425,0.052647043426935276,0.009320547067578823,0.10598571225084426,0.0625740290464175,0.007208253050510103,8583,Proline,nutrition,mae,train
207,0.08320182024176966,0.16782733732844116,0.07499886224596364,1.6626009140493583,0.08512450309422327,0.02487346206587393,26382,"Protein, total",nutrition,mae,train
208,0.22723428269630352,8.678186063952801e-05,8.014704214210722e-07,8.745133992251082e-05,0.3959491804598584,0.03917012736946013,28747,Retinol,nutrition,mae,train
209,0.19923961625250658,0.00010335606476232326,3.910525611991212e-06,0.00010548926840943902,0.20528261045013177,0.06743785327292075,27092,Riboflavin (vitamin B2),nutrition,mae,train
210,0.19571013526897332,7.0099339397110155e-06,3.34887124847599e-08,7.026897605302509e-06,0.2028372331637226,0.11476193237328194,24283,"Selenium, Se",nutrition,mae,train
211,0.039879131734567246,0.029474693519263673,0.0028814202432654434,0.05228055522917314,0.04010088843644701,0.024305536723342316,8568,Serine,nutrition,mae,train
212,0.2422428339788001,0.07169358701886774,0.026593639365499317,0.13968988571276814,0.24530243243268113,0.11728442076310558,26623,Sodium,nutrition,mae,train
213,0.040096140356323494,0.04009614168477058,0.0076184968944402395,0.9058748536862266,0.06348555556417886,0.0,76,Sorbitol,nutrition,mae,train
214,0.0997939227330939,0.29252329427705037,0.3449497423062895,2.93636618689308,0.14465222701565045,0.02151788446831521,7534,Starch,nutrition,mae,train
215,0.023682495313231244,0.009476554615528297,0.006703395514880982,0.015391379750011189,0.8985282020156532,8.933754248118186e-06,835,Stearidonic acid,nutrition,mae,train
216,0.054131370721508726,0.0016936789746036806,0.00012362899955231538,0.0019066730503640426,0.09670769417351346,0.0063942807904731145,210,Stigmasterol,nutrition,mae,train
217,0.25575911545023755,0.28401755049527205,0.28941827256304065,2.023762596557901,0.33121753599039355,0.07061014656355254,5683,Sucrose,nutrition,mae,train
218,0.20832692217989837,0.3291712546041753,0.2802995559271676,2.870786542267895,0.2242782577058353,0.10110298586153928,18095,"Sugars, total",nutrition,mae,train
219,0.029650375823092226,0.007801555520891833,0.00011458092724597915,0.009807060267034396,0.029650375823092226,,93,Sulfur,nutrition,mae,train
220,0.1699622094154067,0.007010733668310529,0.0017899793234624622,0.009181456774862588,0.23130943232143117,0.08648434122182819,4423,Tetracosanoic acid (24:0),nutrition,mae,train
221,0.16849554698074723,0.04834711620870708,0.017144048636255897,0.1044440087838985,0.19312560478000468,0.03744292482364005,18875,Tetradecanoic acid (14:0),nutrition,mae,train
222,0.12139677295307805,0.008389384006571684,0.0007036987336443383,0.010204945942459732,0.1860103443680597,0.031342118244729274,5438,Tetradecenoic acid (14:1; isomer unspecified),nutrition,mae,train
223,0.23215331193061137,9.072000544850884e-05,2.648300564501367e-06,9.215030490229572e-05,0.23911495424117044,0.10100025327243824,29067,Thiamin (vitamin B1),nutrition,mae,train
224,0.04464778095487956,0.02984900860469464,0.0025529134627150156,0.05230648656281059,0.0452063463432663,0.0027813684664803836,8656,Threonine,nutrition,mae,train
225,0.22161403712027392,3.803095127972938e-05,6.868586302152999e-08,3.806984096079718e-05,0.31208458091913754,0.07034431190688764,7747,"Tocopherol, beta",nutrition,mae,train
226,0.23738852886965517,0.0001256071156585137,7.713849341617703e-07,0.00012616946349421193,0.3606614059347767,0.0778413803005719,7687,"Tocopherol, delta",nutrition,mae,train
227,0.32564472966738717,0.0006750098078384739,7.738112766508658e-06,0.0006836791145740736,0.36966995746448283,0.1465716734770645,8262,"Tocopherol, gamma",nutrition,mae,train
228,0.3454590331728334,7.33329661284043e-05,2.278260131332959e-07,7.345823623826082e-05,0.45195994703987624,0.12289339905003638,5437,"Tocotrienol, alpha",nutrition,mae,train
229,0.06337875048277784,2.5937455664779315e-05,7.615059862313848e-09,2.5950639933014688e-05,0.27876047442507984,0.006433475922339802,1186,"Tocotrienol, beta",nutrition,mae,train
230,0.057884798066942675,1.3039174476913637e-05,8.40252648302251e-09,1.3043377163055877e-05,0.8834477169383819,5.7349371800390954e-05,1161,"Tocotrienol, delta",nutrition,mae,train
231,0.20774363859396813,6.996891559030959e-05,8.676949495289717e-08,7.005860378686327e-05,0.5476000405544603,0.008724468424169008,1167,"Tocotrienol, gamma",nutrition,mae,train
232,0.05774331438362403,0.00073954841263722,3.2654558045155024e-05,0.0007562582427845581,1.1331046422695206,7.409490709329554e-05,668,Tridecanoic acid (13:0),nutrition,mae,train
233,0.09424552555761269,0.02223270300758919,0.0020595332783708087,0.02733486037950434,0.09488583230468231,0.07992461464820125,15731,Tryptophan,nutrition,mae,train
234,0.049317721678119535,0.029277851564706265,0.002648484526639809,0.04723939542052419,0.05001168241667142,0.007484040417782586,8612,Tyrosine,nutrition,mae,train
235,0.04171803525759701,0.032258310212024,0.004726252220308653,0.06680639573498695,0.04225192403546594,0.002633605807161785,8661,Valine,nutrition,mae,train
236,0.17846815165097074,0.00026732389792633195,3.2491945108550995e-05,0.0002847370341474169,0.18533970353623277,0.09436856141343555,1774,Vitamin B6 - Pyridoxin,nutrition,mae,train
237,0.21873199459420606,8.617474770070267e-07,2.907058659978638e-10,8.619018941133778e-07,0.3835016513393739,0.07945717448779886,27304,Vitamin D (D2 + D3),nutrition,mae,train
238,0.23418964094812283,1.6972766622974567e-07,2.5311268599997106e-12,1.6972893181097612e-07,1.186565276646317,1.3848396997759675e-05,6511,Vitamin D2 (ergocalciferol),nutrition,mae,train
239,0.06574978454862229,0.24663206684381767,0.2500884516396827,7.254765663640849,0.06589463459523942,0.049887003642091865,30210,Water,nutrition,mae,train
241,0.1861406082293019,0.0006936462702674082,0.0001138090675652599,0.000782278426527729,0.18877455044924768,0.08297918094285557,31918,Zinc,nutrition,mae,train
242,0.1049317223633898,0.00449265998684399,0.00031151534950221347,0.0049596851479417805,0.2040483181667374,0.0035062541120440783,1216,"cis,cis-Eicosadienoic acid (20:2n-6)",nutrition,mae,train
243,0.07994574576628685,0.0010352387435152732,1.492105060292557e-05,0.0010765963623275004,0.17104130794148956,0.005514005940206576,298,cis-Docosenoic acid (22:1 cis),nutrition,mae,train
244,0.06595495914115931,0.01744559413992615,0.0009300617072450859,0.02283058128562671,0.06706686658096805,0.013556321040172428,385,cis-Hexadecenoic acid (16:1 cis),nutrition,mae,train
245,0.08884389738116605,0.12674905957030552,0.042609797985099354,1.1685265453546057,0.08894247282073098,0.05153309350584251,759,cis-Octadecenoic acid (18:1 cis),nutrition,mae,train
246,0.11537590160688835,0.0026933973797530243,0.00043698177360087213,0.0031105330737594113,0.2418559115857669,0.032869228430702356,461,cis-Tetracosenoic acid (24:1 cis),nutrition,mae,train
247,0.07298200952217992,0.006847442965170454,0.0003315130891320607,0.008950479818031537,0.0689809336988714,0.20661794202068426,172,"trans,trans-Linoleic acid (18:2 trans,trans)",nutrition,mae,train
248,0.13443832860367566,0.0002850986211454301,1.4055340141320692e-06,0.00028580379338005897,0.9705616290065896,0.0001387311296324982,224,trans-Docosenoic acid (22:1 trans),nutrition,mae,train
249,0.06361817894342117,0.0019180716131674816,1.2972379552024723e-05,0.0019877972943009563,0.0938333915295128,0.004433741919117972,287,trans-Hexadecenoic acid (16:1 trans),nutrition,mae,train
250,0.08922901459530082,0.011225356021631624,0.0009753150133837011,0.015343792813017775,0.09657994743848095,0.02622101879661397,335,trans-Linoleic acid (18:2; isomer unspecified),nutrition,mae,train
251,0.11869133874364136,0.055899226152554125,0.024977409576733296,0.271350902452909,0.12298821005643906,0.0843163682412597,774,trans-Octadecenoic acid (18:1 trans),nutrition,mae,train
2,0.04510404834697887,0.02143778057914689,0.0014797638637070376,0.05669223119125323,0.04401141896150858,0.06367874789997383,54,Acetic acid,food_metabolome,rmsnorm,train
7,0.22552165241746133,0.010341034028509569,0.013282581143596822,0.023518977272352828,0.7178209252170666,0.005627977233637613,217,Apigenin,food_metabolome,rmsnorm,train
9,0.2016473613098232,0.0033487287673178534,0.0003009569631743283,0.0035773013816561916,0.20989518930760329,0.08947690054001378,73,Benzoic acid,food_metabolome,rmsnorm,train
11,0.16368854073059536,0.0022441823919699152,7.509253919041061e-05,0.0023504169285140063,0.16616867013560438,0.0,67,Cadaverine,food_metabolome,rmsnorm,train
12,0.32185723901383745,0.01556887049283943,0.005824089099522407,0.023643958469403103,0.3729920592745753,0.03364279754422386,146,Caffeic acid,food_metabolome,rmsnorm,train
13,0.05457416478726795,0.0032338130710125824,0.0023390639427035157,0.005812191837227246,0.6140261550240874,0.0032050766700940665,10892,Caffeine,food_metabolome,rmsnorm,train
15,0.08443410095541522,0.005150339318463632,0.0013652189517551322,0.007531780761962108,0.13508591433759615,0.0004262153459444345,109,Catechin,food_metabolome,rmsnorm,train
16,0.13001455786738886,0.009043208192039255,0.0006237247704078373,0.010323737350954968,0.13035120432265687,0.11406975757696847,4256,Choline,food_metabolome,rmsnorm,train
18,0.10055889355744813,0.048721218011619355,0.009387586918941622,0.10873537966120964,0.09932689784471503,0.46646162023917487,298,Citric acid,food_metabolome,rmsnorm,train
21,0.18971772876064452,0.008232143410392677,0.0010360131858835754,0.010503812279162923,0.2926721823663022,0.0031127816003899407,90,Cyanidin,food_metabolome,rmsnorm,train
22,0.10359826316437529,0.0013270385775749694,1.2562338866078958e-05,0.0013515712218940081,0.10806522845271943,0.005325026820804401,46,Daidzein,food_metabolome,rmsnorm,train
24,0.14843436488281828,0.0020481530831398744,4.9309112321883706e-05,0.0022182361260713905,0.2675664717253349,0.0007105523980977007,56,Delphinidin,food_metabolome,rmsnorm,train
25,0.07867263627486647,0.0031544286263949983,9.371079848271897e-05,0.0034221551594946467,0.12522384329458774,0.0010872912419976706,32,Ellagic acid,food_metabolome,rmsnorm,train
26,0.166622635916117,0.004065161607603566,0.0014708129371080385,0.005613819793125584,0.5538345869135053,7.986129358444694e-05,133,Epigallocatechin,food_metabolome,rmsnorm,train
28,0.15678429574387345,0.0019075439621571873,2.855606412812612e-05,0.001982938301755377,0.17883698677640167,0.04351365544043311,135,Ferulic acid,food_metabolome,rmsnorm,train
33,0.10701613589975988,0.006186240568005025,0.002207743089718862,0.010405787418217882,0.1486905402825375,0.016225469208708616,89,Gallic acid,food_metabolome,rmsnorm,train
35,0.16377726808582008,0.0017879496443644722,2.5765756623192608e-05,0.0018355087024366204,0.16764571005184975,0.05288193172630246,89,Genistein,food_metabolome,rmsnorm,train
43,0.08752907141675122,0.00038716809842021487,1.998459619815975e-06,0.0003895455366074711,0.15556062103372092,5.9936194933006494e-05,64,Glycitein,food_metabolome,rmsnorm,train
47,0.2566174390304331,0.0006459062370700898,5.370618063289872e-06,0.0006493968806874741,0.26412080580304326,0.029015313594592366,188,Histamine,food_metabolome,rmsnorm,train
50,0.249002411665254,0.004193591932723999,0.0008787373597886817,0.004698015330249939,0.5749285507148258,0.001539972757245808,95,Isorhamnetin,food_metabolome,rmsnorm,train
51,0.13891251064333973,0.0014832219116967904,7.063107117451386e-05,0.00164915940667669,0.25194476281808326,0.0018497796597925136,281,Kaempferol,food_metabolome,rmsnorm,train
52,0.048334916951021725,0.03971402502752918,0.007138620001930794,0.07460884897164446,0.05034325570661091,0.0008042330687442583,74,Lactic acid,food_metabolome,rmsnorm,train
53,0.08048374136411773,0.00017260859415436333,3.615209022587301e-07,0.00017454174035405712,0.09002595038246655,0.0009653328778776086,28,Lariciresinol,food_metabolome,rmsnorm,train
54,0.08559469737658094,0.0037716345432729013,0.0007012058098802323,0.0044780376163346194,0.08559469737658094,,70,Lutein,food_metabolome,rmsnorm,train
55,0.1967844920165653,0.004735790826959981,0.0016724719439982756,0.0060422996858123254,0.4078306832047363,0.009956716210643445,230,Luteolin,food_metabolome,rmsnorm,train
56,0.08048317237225322,0.03251904044717324,0.004632403914869268,0.049472394952560596,0.08048317237225322,,296,Malic acid,food_metabolome,rmsnorm,train
58,0.08001612604102405,0.0006554364933487089,7.895517103289487e-06,0.0006718353849103876,0.13114533310173043,0.01062648788720823,33,Matairesinol,food_metabolome,rmsnorm,train
61,0.15381220463811673,0.0006346891994681769,1.9834822323360986e-05,0.0006459216016297186,0.3355972357308562,0.0013473398506577646,228,Myricetin,food_metabolome,rmsnorm,train
62,0.0640378170809104,0.01546644783770875,0.0170780666701068,0.04222865286172584,0.2962329343402216,0.00010003116892615647,88,Naringenin,food_metabolome,rmsnorm,train
65,0.10494792346247164,0.0236270692611317,0.0022791142550238385,0.03571068474128784,0.10494792346247164,,20,Oxalic acid,food_metabolome,rmsnorm,train
66,0.49552072675513376,0.0016690822915561474,7.608048118842333e-05,0.0017089989399557766,0.9829508368941293,0.008090616616138158,52,Pelargonidin,food_metabolome,rmsnorm,train
67,0.17215549886314283,0.0010236260219509468,2.0817597565751805e-05,0.00103694290302957,0.35739092516304694,0.0011689515093851574,50,Peonidin,food_metabolome,rmsnorm,train
72,0.13548390833844892,0.0009640851354026081,1.190372276716121e-05,0.000983159869508514,0.15799062575255507,0.0004436038538120086,28,Pinoresinol,food_metabolome,rmsnorm,train
77,0.12700664252911495,0.0015901790629289756,2.758013980514391e-05,0.0016902316191095966,0.12700664252911495,,84,Putrescine,food_metabolome,rmsnorm,train
79,0.2538618055169156,0.014563716704892331,0.025502897610619298,0.05539566436368554,0.33448794528625136,0.03144486822219631,327,Quercetin,food_metabolome,rmsnorm,train
82,0.041929219762072714,0.03713953221885342,0.003148854332853751,0.09849539983502137,0.05973635078407141,0.00037924737740909354,30,Rosmarinic acid,food_metabolome,rmsnorm,train
83,0.3624621725189414,0.007194309177356569,0.0016378893919743274,0.008081668671094383,0.4396463443492393,0.027997427920983697,32,Secoisolariciresinol,food_metabolome,rmsnorm,train
88,0.04004569021685445,0.00021203549878903531,4.0062940956085507e-07,0.00021272819661092386,0.04084660402119154,0.0,51,Spermine,food_metabolome,rmsnorm,train
90,0.10410486905877778,0.0005480893745293637,4.796444016065312e-06,0.0005604972532982568,0.14412543314901013,0.006663495621690339,79,Syringic acid,food_metabolome,rmsnorm,train
91,0.07033320724858806,0.0459951403345814,0.02046645001481671,0.3483262084419901,0.07237305747991708,0.023416651928020216,24,Tartaric acid,food_metabolome,rmsnorm,train
92,0.1022262936458744,0.011965595373498079,0.000985306164642708,0.01577011368617987,0.1022262936458744,,23,Taurine,food_metabolome,rmsnorm,train
93,0.025690245743531834,0.003750577667549264,0.0006010486759760402,0.004644205579447227,0.37995993224435104,0.003944523165988225,10738,Theobromine,food_metabolome,rmsnorm,train
96,0.10791835653753173,0.0023686896105244615,5.087365876778854e-05,0.0025106400359614566,0.11558996162166188,0.03189972434024206,120,Tyramine,food_metabolome,rmsnorm,train
98,0.14454273755489586,0.000834927319696161,7.734971907052515e-06,0.0008511636984492021,0.18248266190399193,0.009645228758109888,82,Vanillic acid,food_metabolome,rmsnorm,train
103,0.14051797159883642,0.000984535855315118,9.14902887133576e-06,0.001006651402180192,0.17351308120546158,0.016236392080548428,143,p-Coumaric acid,food_metabolome,rmsnorm,train
104,0.04477938581755312,0.03456559650863705,0.005669389709287457,0.07269010260511534,0.045306584161594034,0.0057340939640280605,8576,Alanine,nutrition,rmsnorm,train
105,0.1383093275788476,0.013959901553773968,0.0015602607050488474,0.015899296618638287,0.2250547772363462,0.038205042689915446,6814,Arachidonic acid (20:4n-6),nutrition,rmsnorm,train
106,0.06616591160126958,0.054240913844738024,0.011785301574904412,0.11486852712653085,0.06515040253523516,0.09421962787950738,9593,Arginine,nutrition,rmsnorm,train
107,0.15240257305208937,0.0059692728573452515,0.00064299860983643,0.006828759396420877,0.23477065449313667,0.021196779606173333,586,Ascorbic acid (vitamin C),nutrition,rmsnorm,train
108,0.10312236769822751,0.10751953278199909,0.04381345176704899,0.4141446064170652,0.10391681530730833,0.049223149279799344,20257,Ash,nutrition,rmsnorm,train
109,0.046970604912994735,0.04895710252594866,0.007185691539336324,0.11107596504668239,0.047409071618510684,0.013276815027626857,8432,Aspartic acid,nutrition,rmsnorm,train
110,0.08093555259938977,0.20062340413293336,0.1364130738187223,2.623273294110536,0.08781595146768148,0.012185457380192811,4210,Available carbohydrate,nutrition,rmsnorm,train
111,0.05257829661847538,0.009961442542794411,0.0004983390934557772,0.011947514386702267,0.07365826080192475,0.0009323843690244188,207,Beta-sitosterol,nutrition,rmsnorm,train
112,0.1563443463834209,0.005328626349255226,0.0009019407505771636,0.005960185535261484,0.15770282972573169,0.11858983016170067,2764,Betaine,nutrition,rmsnorm,train
113,0.34281395278158555,0.00011471974172574271,5.2975789758491035e-06,0.00011750106278580249,0.35305120064019485,0.26972427972301777,9884,Biotin,nutrition,rmsnorm,train
114,0.08232968150532852,0.01119769687805172,0.0016844458766989976,0.015790905683248622,0.2056739024698385,0.017517366063839537,12666,Butyric acid (4:0),nutrition,rmsnorm,train
115,0.3121342555222993,0.033024369885172086,0.008145592997300027,0.042791983446996223,0.3131391649473029,0.2567593852580042,39116,Calcium,nutrition,rmsnorm,train
116,0.059019179053583434,0.002538140484913794,5.962297907531384e-05,0.002817010112426696,0.06608296759003576,0.022943401885273305,171,Campesterol,nutrition,rmsnorm,train
117,0.26260771596150406,4.035137416259527e-05,9.988825484661452e-08,4.040140691221212e-05,1.2434851558480917,0.0003314431466496621,13702,"Carotene, alpha",nutrition,rmsnorm,train
118,0.3731918610289142,0.00044746054325695564,0.0006405510263978569,0.002067143994672418,0.5886842971612544,0.059252483747411974,20968,"Carotene, beta",nutrition,rmsnorm,train
119,0.05393486096484502,0.04834936466729452,0.00539257441942682,0.34709170511586296,0.05032930883219924,0.2991124059847577,69,Cellulose,nutrition,rmsnorm,train
120,0.13698159663850287,0.05754515502021322,0.010693064537439179,0.15552605090772698,0.1357246767001984,0.26658400805478744,1874,Chloride,nutrition,rmsnorm,train
121,0.20490812709741482,5.625847635978824e-07,6.053534711321744e-11,5.626288376427125e-07,0.33145319990084066,0.04928481898815832,3865,Cholecalciferol (vitamin D3),nutrition,rmsnorm,train
122,0.1179521424044322,0.030367146086247535,0.06336472353049068,0.1840027687273889,0.1905800376587597,0.008706890170176828,22719,Cholesterol,nutrition,rmsnorm,train
123,0.12360234809620707,0.007905053255241313,0.000368988185396624,0.008752828848702071,0.12457580003666127,0.08891974267606648,10549,"Choline, total",nutrition,rmsnorm,train
124,0.21994685446065082,1.4341893915976e-05,1.1236324279448914e-08,1.4363619357522196e-05,0.2911760103968402,0.05801620646269176,1560,Chromium,nutrition,rmsnorm,train
125,0.167764680347195,7.10092663748749e-07,3.210232334923739e-11,7.101153715769629e-07,0.26059801919629394,0.014936336968627593,25560,Cobalamin (vitamin B12),nutrition,rmsnorm,train
126,0.08520644950296148,0.012055614621218255,0.0007929285118642885,0.01689344154123589,0.09390288344053553,0.02107024921335284,469,Conjugated linoleic acids (18:2 CLA isomers),nutrition,rmsnorm,train
127,0.24072186776151677,0.00022034978243867082,0.00022221123394654168,0.0005209259564146262,0.24268056860147147,0.18530222899603052,28684,Copper,nutrition,rmsnorm,train
128,0.2205989892058884,1.0794034571486989e-05,1.523315132405587e-08,1.0801668944715585e-05,0.9489880506609638,0.005972099266315279,13291,"Cryptoxanthin, beta",nutrition,rmsnorm,train
129,0.06723905509946372,0.02016844101348086,0.0019296244002051136,0.025933309708578406,0.06638951734808561,0.11385427332764629,8477,Cystine,nutrition,rmsnorm,train
130,0.16811129912509182,0.019003138381515145,0.006557565946895583,0.03117942420462289,0.2975238975638372,0.035726486327407665,16906,Decanoic acid (10:0),nutrition,rmsnorm,train
131,0.1658661317460591,0.22093995826230373,0.13060311146228445,1.0874216388333402,0.19883487588240686,0.048878980077544314,14402,"Dietary fibre, total",nutrition,rmsnorm,train
132,0.11737084763567306,0.01340651572856502,0.003449891486131372,0.025587628707311336,0.355072061137816,0.016394871023868014,16450,Docosahexaenoic acid (DHA; 22:6n-3),nutrition,rmsnorm,train
133,0.23725247083413373,0.013885709684294954,0.004654081440030701,0.0193868234352583,0.33975078904115635,0.10178658916049599,5733,Docosanoic acid (22:0),nutrition,rmsnorm,train
134,0.12642506598036907,0.005565711977902049,0.0008686391845947974,0.007586400548208289,0.326085273202182,0.03046165868239009,16689,Docosapentaenoic acid (DPA; 22:5n-3),nutrition,rmsnorm,train
135,0.08006877550356288,0.0011473018180409452,2.3656462601552e-05,0.0012087347961142049,0.1410362687598269,0.010946394614295403,335,Docosatetraenoic acid (22:4; isomer unspecified),nutrition,rmsnorm,train
136,0.10122942100053846,0.009416558729660454,0.008140262197435973,0.026806669396676787,0.7298516733511478,0.007565445826978876,3902,Docosenoic acid (22:1; cis/trans unspecified),nutrition,rmsnorm,train
137,0.27429134302346647,0.046636572429971414,0.041422293939953954,0.1570246787004709,0.40621357969825617,0.06392820622429987,19138,Dodecanoic acid (12:0),nutrition,rmsnorm,train
138,0.19656893170779458,0.01208044570948854,0.002028203732122232,0.015223495077557473,0.18902785400209868,0.23068684128713243,5470,Eicosanoic acid (20:0),nutrition,rmsnorm,train
139,0.13797050652090642,0.01050864704493449,0.002873284138009923,0.01918447464566093,0.4128427224756394,0.021590343603293545,18180,Eicosapentaenoic acid (EPA; 20:5n-3),nutrition,rmsnorm,train
140,0.10365109684106599,0.009514749096532977,0.0009551850554050753,0.010917401462487559,0.1818908164752656,0.04030617557298173,4211,Eicosatetraenoic acid (20:4; isomer unspecified),nutrition,rmsnorm,train
141,0.1101385892523498,0.0023469161395546743,9.713157291507901e-05,0.0024467049851865114,0.2895358160971167,0.011835166984214444,1065,Eicosatrienoic acid (20:3; isomer unspecified),nutrition,rmsnorm,train
142,0.07649828821159528,0.0012813306983693064,2.7953803916305448e-05,0.0013302145684141373,0.143505316920157,0.01962022895897895,318,Eicosatrienoic acid (20:3n-3),nutrition,rmsnorm,train
143,0.12485915070723395,0.0030481795277881793,5.5881051731426416e-05,0.0031216973842134337,0.15682256195941496,0.058872633444378195,1284,Eicosatrienoic acid (20:3n-6),nutrition,rmsnorm,train
144,0.22983807554769753,0.023769485619184343,0.006021995724606471,0.03640099337669428,0.2737455376047392,0.13923752508664652,14951,Eicosenoic acid (20:1; isomer unspecified),nutrition,rmsnorm,train
147,0.01653567025384515,0.049208947924806366,0.12096837165273688,0.2618865042093832,0.6888715256619974,0.00027536530479749965,17741,Ethanol,nutrition,rmsnorm,train
148,0.0794418315126582,0.1442335117599902,0.09952574443384356,1.446328730224167,0.08148978073566764,0.03199799848461457,27749,"Fat, total",nutrition,rmsnorm,train
149,0.09885420759173222,0.12410678166043523,0.04941806701982892,0.9100728408586773,0.10335451299154276,0.02414693806462351,22471,"Fatty acids, total monounsaturated",nutrition,rmsnorm,train
150,0.15911967933406518,0.14781035433259657,0.06597671948354769,0.763777163416904,0.1645795093992597,0.055634561898206744,22517,"Fatty acids, total polyunsaturated",nutrition,rmsnorm,train
151,0.09913064925262609,0.11724766473604493,0.042852369336141935,0.7541353877226163,0.10258402094884561,0.03538124561453252,23183,"Fatty acids, total saturated",nutrition,rmsnorm,train
152,0.16663125379185317,0.056828726588168864,0.029470875445424056,0.12642470839920814,0.24089479538607325,0.04155687639570063,6323,"Fatty acids, total trans",nutrition,rmsnorm,train
153,0.1420317128704718,0.03910257366273493,0.017110728739295793,0.12535550752322297,0.16301845454868377,0.041522409465352156,2792,"Fatty acids, total trans-monoenoic",nutrition,rmsnorm,train
154,0.14425389154616866,0.01314561749685184,0.002429167075909319,0.01899302374713547,0.17334321947929554,0.05273364718513499,2496,"Fatty acids, total trans-polyenoic",nutrition,rmsnorm,train
155,0.254210711101895,1.4070101778152816e-05,2.8882152295511646e-09,1.4072699338102395e-05,0.2652175080299532,0.13454268969471245,17790,"Folate, food",nutrition,rmsnorm,train
156,0.2636977899009607,2.5246376674499014e-05,2.3569953615610763e-07,2.5368656557002997e-05,0.2744897548932105,0.11745027165783098,21997,"Folate, total",nutrition,rmsnorm,train
157,0.1496347679072322,1.422597556925587e-05,5.079342197212857e-09,1.42307274839901e-05,0.28032670485429395,0.03786847244378888,17266,Folic acid,nutrition,rmsnorm,train
158,0.22800508128113864,0.17539289841339378,0.11116673764505233,0.5976530242624815,0.31543445646028123,0.04378444475421576,10967,Fructose,nutrition,rmsnorm,train
159,0.1837022872671497,0.02172980729618428,0.011290709526633922,0.030767492598193925,1.0113389982605396,0.0033278848262624293,8120,Galactose,nutrition,rmsnorm,train
160,0.2616283679635038,0.20621369399041672,0.13868320487002994,0.6724956084313902,0.3347576419000678,0.05793619464403029,11206,Glucose,nutrition,rmsnorm,train
161,0.04720983462224422,0.07085749960412463,0.015531151273638823,0.245134718726648,0.047555824695497156,0.020381160542955846,8601,Glutamic acid,nutrition,rmsnorm,train
162,0.07957107851755511,0.05616604623798109,0.015233120633659315,0.11895927857139693,0.0786808162661163,0.10506339413896117,9525,Glycine,nutrition,rmsnorm,train
165,0.11865149912259303,0.009870671513430632,0.000496226849038453,0.01137779231326155,0.13921057165766573,0.05875728505719335,6293,Heptadecanoic acid (17:0),nutrition,rmsnorm,train
166,0.14027379562062878,0.006676550641658637,0.00028612469308066877,0.00722230554662432,0.1835576160123239,0.07320867323829132,4818,Heptadecenoic acid (17:1; isomer unspecified),nutrition,rmsnorm,train
167,0.0988687377430497,0.09701512664963037,0.030645902943003366,0.3811779663070037,0.10122244135372706,0.03909941791018139,19586,Hexadecanoic acid (16:0),nutrition,rmsnorm,train
168,0.1772580172841003,0.0415364362994779,0.010979057489839414,0.07305979467363048,0.20482701080482163,0.05988844823914157,4679,Hexadecenoic acid (16:1; cis/trans unspecified),nutrition,rmsnorm,train
169,0.06943361450269064,0.008102222508243205,0.0010652239388066124,0.010410762777694161,0.2054333673256855,0.011093471349977981,14771,Hexanoic acid (6:0),nutrition,rmsnorm,train
170,0.05405193040205511,0.02901366363350842,0.003135203252934848,0.04811801790049355,0.05482000487466814,0.008075723785820808,8652,Histidine,nutrition,rmsnorm,train
171,0.06475979083775354,0.017466056572361704,0.0012659778983034724,0.021397590861288212,0.08238264531028831,0.006649557884728631,1676,Hydroxyproline,nutrition,rmsnorm,train
172,0.06042368011256531,0.07907396595170964,0.012789030943659754,0.4829121570628884,0.06439414812453927,0.016137690748240417,158,Insoluble dietary fibers,nutrition,rmsnorm,train
173,0.23496316492294758,0.00125506426311372,7.238475215897267e-05,0.0013104780460484202,0.238306379008662,0.1182386902756334,32795,Iron,nutrition,rmsnorm,train
174,0.04210527464656035,0.029753780581649188,0.003048959084987534,0.05343941606384844,0.04263502243660832,0.01173706314962635,8660,Isoleucine,nutrition,rmsnorm,train
175,0.07978832205607501,0.04844660789207964,0.009625902423980173,0.16679735303810925,0.08164386442947211,0.0,44,Isomeric linoleic acids (18:2),nutrition,rmsnorm,train
176,0.17428643848307032,0.03363842665380025,0.007841817516944214,0.05203931267930431,0.205789754616215,0.13438223804775376,68,Isomeric linolenic acids (18:3),nutrition,rmsnorm,train
177,0.08208415348586473,0.0761338027823233,0.047776414372893594,0.26146552779522336,0.24705718082351508,0.011994191434116482,10711,Lactose,nutrition,rmsnorm,train
178,0.03764425702985754,0.03694505270997069,0.005482600223037147,0.08754575250284234,0.03810954188513646,0.003392097269603911,8661,Leucine,nutrition,rmsnorm,train
179,0.04982842249539232,0.02832225641798264,0.0030146969027579637,0.14767825680666496,0.06333138689991478,0.002048702294774386,59,Lignin,nutrition,rmsnorm,train
180,0.16634419598363698,0.12796742210545423,0.05407235716146069,0.6272159479483957,0.17042747742360942,0.07735992292114663,7708,Linoleic acid (18:2n-6),nutrition,rmsnorm,train
181,0.26036532783911837,0.0001291742769461442,4.29425157163856e-07,0.00012970824768783175,0.3536466652962666,0.06641085566255957,7134,Lutein + zeaxanthin,nutrition,rmsnorm,train
182,0.052735480829845416,0.00014039938158254254,1.0457035873122047e-06,0.00014124853054083038,0.4785151473846338,0.0020217439276498583,11469,Lycopene,nutrition,rmsnorm,train
183,0.05034909591686861,0.04288006241856574,0.00512073592900022,0.09698416267506521,0.05099017291265189,0.0035611399193353826,8681,Lysine,nutrition,rmsnorm,train
184,0.16433651721078196,0.01117577463233166,0.00125832089311193,0.013050515358730422,0.1657240372145045,0.08508304116562972,35492,Magnesium,nutrition,rmsnorm,train
185,0.23127679739300153,0.10298883180807708,0.08534870871995968,0.25825382013437753,0.49933849601069286,0.029788895757967525,10771,Maltose,nutrition,rmsnorm,train
186,0.2800986660983454,0.00038913955286964014,1.470289862001208e-05,0.00039740135499958504,0.28398087558567287,0.1882189512979106,18010,Manganese,nutrition,rmsnorm,train
188,0.040566488443884705,7.191886124501778e-07,3.1962675950017538e-12,7.192047705409997e-07,0.04697886668002012,0.0006124394341178823,94,Menaquinone-4,nutrition,rmsnorm,train
189,0.0592261540722774,0.02569634666809309,0.002192010908650573,0.037301389256714404,0.059887966787369344,0.029430092682030493,8681,Methionine,nutrition,rmsnorm,train
190,0.1477318050479077,5.398275548332099e-06,9.61747361410831e-10,5.399155449772119e-06,0.17100068194363233,0.062121068823517714,1011,Molybdenum,nutrition,rmsnorm,train
191,0.19514975668002002,0.0011133510477949183,0.00014881558268880118,0.001234478157009351,0.2011320634117804,0.04196210451950476,30892,Niacin,nutrition,rmsnorm,train
192,0.16054357370697844,0.0014626782421655266,0.0008082819497524011,0.0024585378830284106,0.16615417711087196,0.05992007337405469,6362,Nicotinic acid,nutrition,rmsnorm,train
193,0.21381350054455692,0.15640326190744444,0.0878541612261094,0.793426041065716,0.21840404559369467,0.10596994968869355,4923,Octadecadienoic acid (18:2; isomer unspecified),nutrition,rmsnorm,train
194,0.12765244674226772,0.08640747762444503,0.02721569347817745,0.2493044113933227,0.134592295776633,0.02310868848248691,19517,Octadecanoic acid (18:0),nutrition,rmsnorm,train
195,0.047246083814887346,0.0024614474073385755,0.0004349499699535227,0.0033598297939412725,0.5207076943709636,0.004649090632697759,3901,Octadecatetraenoic acid (18:4; isomer unspecified),nutrition,rmsnorm,train
196,0.2856115024847603,0.05671447039394854,0.024409809067421358,0.1136438486312387,0.29177357651373653,0.2183902564888597,4835,Octadecatrienoic acid (18:3; isomer unspecified),nutrition,rmsnorm,train
197,0.16686252493997764,0.198751064884826,0.12194218209794419,1.2298270467678216,0.17177509101858782,0.05524997292208517,4910,Octadecenoic acid (18:1; cis/trans unspecified),nutrition,rmsnorm,train
198,0.12960589330359967,0.017363200240386418,0.008871542426990996,0.03213993711075094,0.3190097332421569,0.01334575434569056,15315,Octanoic acid (8:0),nutrition,rmsnorm,train
199,0.20474657838000576,0.0002723542429025389,1.929176720975222e-06,0.0002736210875036793,0.2098995303655052,0.12752304303646855,16490,Pantothenic acid (vitamin B5),nutrition,rmsnorm,train
200,0.14221889152614567,0.006510066873260487,0.00033846932202453983,0.007257195872134801,0.18600216329638694,0.060921225644419395,5999,Pentadecanoic acid (15:0),nutrition,rmsnorm,train
201,0.10112393983394805,0.002784439960774615,0.0014462535173032018,0.004085524697493776,1.347278297542942,0.0003227301337900555,4236,Pentadecenoic acid (15:1; isomer unspecified),nutrition,rmsnorm,train
202,0.036898291801509095,0.02660129285129287,0.0033089941987769034,0.048228109235900034,0.03737937843753736,0.006385161681635834,8673,Phenylalanine,nutrition,rmsnorm,train
203,0.13213822176862916,0.0348309020757743,0.005686969004854005,0.0455508224803312,0.13404569969014382,0.0508394562506184,31130,Phosphorus,nutrition,rmsnorm,train
204,0.08644122310436257,0.011547463120574912,0.0014285116092361788,0.014792177154946795,0.12902985552082757,0.007956457651162785,398,Phytosterols,nutrition,rmsnorm,train
205,0.15963510332849098,0.06445158722311953,0.016244350841309787,0.10324059658599861,0.16065229964626893,0.08496888146090256,31399,Potassium,nutrition,rmsnorm,train
206,0.06073536905398127,0.05180005319043204,0.009856082836250996,0.10506834662872462,0.06150360220893478,0.007446729649404993,8583,Proline,nutrition,rmsnorm,train
207,0.08345575323376896,0.1688558092019361,0.07795424067788452,1.660933717291453,0.08548573257384165,0.021889533268730738,26382,"Protein, total",nutrition,rmsnorm,train
208,0.25079599486899523,0.00010128375300148766,1.1941920794210545e-06,0.00010198227728365788,0.4364064260885866,0.04369972503979247,28747,Retinol,nutrition,rmsnorm,train
209,0.20089274466701137,0.00010520686797622911,3.916969983316474e-06,0.00010734479166538684,0.20662287967658444,0.07635695532730848,27092,Riboflavin (vitamin B2),nutrition,rmsnorm,train
210,0.19881498403389172,7.099832266594831e-06,3.349407262819051e-08,7.116798134086002e-06,0.2060107009688657,0.11741471800445046,24283,"Selenium, Se",nutrition,rmsnorm,train
211,0.03886739007120611,0.02872305912727765,0.002838650367064285,0.050705381521627395,0.03906195792120566,0.025081649520159007,8568,Serine,nutrition,rmsnorm,train
212,0.24874587708847384,0.07340201263821618,0.026668079064948617,0.14232400230550593,0.2508916311331393,0.17177029022653342,26623,Sodium,nutrition,rmsnorm,train
213,0.09857116284237116,0.09857116015807547,0.28565151504828007,1.5044265362104101,0.1560544006446315,2.8469467067736278e-05,76,Sorbitol,nutrition,rmsnorm,train
214,0.10854489577959968,0.316078485473723,0.3788769773980364,3.143181537466954,0.15440005950469501,0.029222557908456754,7534,Starch,nutrition,rmsnorm,train
215,0.025345448780346242,0.010233776867869806,0.008053000819067952,0.016572305292413637,0.9551580681691636,0.00018446768987394037,835,Stearidonic acid,nutrition,rmsnorm,train
216,0.05227191916742213,0.0016336167906463462,8.703262657482753e-05,0.0018302592034825393,0.09466646698096587,0.004738638285570063,210,Stigmasterol,nutrition,rmsnorm,train
217,0.2649204121156825,0.2946456978946326,0.2949929803725027,2.040598959674947,0.3405112652658801,0.07727736427897824,5683,Sucrose,nutrition,rmsnorm,train
218,0.2285706334479213,0.3582832850500832,0.31394821641107007,3.0831021165163657,0.24567093334428367,0.11402446057036515,18095,"Sugars, total",nutrition,rmsnorm,train
219,0.05603065731945353,0.01699064105424285,0.002471939071216548,0.022911948011930913,0.05603065731945353,,93,Sulfur,nutrition,rmsnorm,train
220,0.17856320885925203,0.007148905361077966,0.0019724644937626685,0.009298478781896276,0.25701963882624085,0.07127925039335932,4423,Tetracosanoic acid (24:0),nutrition,rmsnorm,train
221,0.1712055359770253,0.04897543855543887,0.018008755014925888,0.10681611943485016,0.19695606394083898,0.03437676518216939,18875,Tetradecanoic acid (14:0),nutrition,rmsnorm,train
222,0.1234279088888218,0.008515269631861893,0.0007270012447111409,0.010529858609376292,0.18817605413780583,0.033281867794051845,5438,Tetradecenoic acid (14:1; isomer unspecified),nutrition,rmsnorm,train
223,0.23558370422411518,9.184007828264496e-05,2.647715830703093e-06,9.327117764174297e-05,0.242477380435688,0.10627252779498708,29067,Thiamin (vitamin B1),nutrition,rmsnorm,train
224,0.04457066396365248,0.029702408107786498,0.002614933413804844,0.051585274467704945,0.04511397247499203,0.003951672820349673,8656,Threonine,nutrition,rmsnorm,train
225,0.2273271050908013,3.886604482677533e-05,6.918924664838051e-08,3.8905089784748966e-05,0.3223684120287749,0.06820075928329594,7747,"Tocopherol, beta",nutrition,rmsnorm,train
226,0.24874224566054715,0.00013409343516529662,8.09075985340018e-07,0.00013467927801680228,0.37579625560310165,0.08451673926311704,7687,"Tocopherol, delta",nutrition,rmsnorm,train
227,0.3375122420877939,0.0006869393969558284,7.64202426078832e-06,0.0006954491843865203,0.3846409337829455,0.14568270096610209,8262,"Tocopherol, gamma",nutrition,rmsnorm,train
228,0.363282344567084,7.699578454134986e-05,2.3431475100765415e-07,7.712398600419427e-05,0.471726167319463,0.13692539536857987,5437,"Tocotrienol, alpha",nutrition,rmsnorm,train
229,0.06569347469988371,2.7474010408960764e-05,1.0231063814471389e-08,2.7488478661842955e-05,0.2799232920584443,0.009052755398260021,1186,"Tocotrienol, beta",nutrition,rmsnorm,train
230,0.05821575717771769,1.3066151007187284e-05,8.402107909458533e-09,1.3070353736904582e-05,0.884939095679615,0.0003070256328843231,1161,"Tocotrienol, delta",nutrition,rmsnorm,train
231,0.2406503289993843,7.732778893837572e-05,9.368554940645615e-08,7.74301481228356e-05,0.5917927674030091,0.03502208042334854,1167,"Tocotrienol, gamma",nutrition,rmsnorm,train
232,0.05814141918044296,0.0007411412992884783,3.265162367873673e-05,0.0007578511312920454,1.1325938002012972,0.0005209444884728736,668,Tridecanoic acid (13:0),nutrition,rmsnorm,train
233,0.0948538324134398,0.02236304286922875,0.0020575367985663424,0.027460479054892614,0.09582003766488656,0.0726500868373008,15731,Tryptophan,nutrition,rmsnorm,train
234,0.049220296253659826,0.02912585629780976,0.0024549971566001296,0.04657589193753608,0.04990650406326345,0.007492918158071638,8612,Tyrosine,nutrition,rmsnorm,train
235,0.042350391888000785,0.03275238158885403,0.0046115394946336045,0.06771522604016975,0.042880936491215604,0.00341111971580751,8661,Valine,nutrition,rmsnorm,train
236,0.18017939822871307,0.00026122660148954083,2.9920203111797677e-05,0.0002786064702736704,0.18758541582937577,0.08953858580269196,1774,Vitamin B6 - Pyridoxin,nutrition,rmsnorm,train
237,0.23543503870563232,9.178702835348933e-07,2.960143992576013e-10,9.180263351147736e-07,0.42838074004805266,0.07201855559956398,27304,Vitamin D (D2 + D3),nutrition,rmsnorm,train
238,0.18376763553010547,1.5388328793753576e-07,2.4942376700647803e-12,1.5388454619387938e-07,0.8985000711434419,0.00802496814335893,6511,Vitamin D2 (ergocalciferol),nutrition,rmsnorm,train
239,0.06761874900161856,0.2513325282365679,0.26044212501879194,7.4588769866370015,0.06784359989145099,0.041953341077248914,30210,Water,nutrition,rmsnorm,train
241,0.19201579166578747,0.0007135474054830664,0.00011417314244119994,0.0008022483942524564,0.19462086538628418,0.08845602848253853,31918,Zinc,nutrition,rmsnorm,train
242,0.10511652819333922,0.004480080809243075,0.00030505850319228393,0.004936451721271517,0.20150925881140497,0.0064783762297611095,1216,"cis,cis-Eicosadienoic acid (20:2n-6)",nutrition,rmsnorm,train
243,0.11457728005051845,0.0013673429160271848,1.9541410728689742e-05,0.0014032530090440519,0.24741651703135292,0.006037903493007379,298,cis-Docosenoic acid (22:1 cis),nutrition,rmsnorm,train
244,0.07685666187114912,0.020005099869158386,0.0012948097355674466,0.02631131483315775,0.07823136404384708,0.01207382198275769,385,cis-Hexadecenoic acid (16:1 cis),nutrition,rmsnorm,train
245,0.09442811114887464,0.1375755301930207,0.06619418937470509,1.0831289845682848,0.09465493706809788,0.008574500722876298,759,cis-Octadecenoic acid (18:1 cis),nutrition,rmsnorm,train
246,0.12383310285165047,0.002475227785154629,0.0003462868616752415,0.0028522681621139883,0.283894788740658,0.01942010345452009,461,cis-Tetracosenoic acid (24:1 cis),nutrition,rmsnorm,train
247,0.0835382973753163,0.008207149348585149,0.0004955946911373823,0.010313766292079762,0.07956860925764801,0.21612588050543685,172,"trans,trans-Linoleic acid (18:2 trans,trans)",nutrition,rmsnorm,train
248,0.11488809270100721,0.00025537003813290465,1.337459266168224e-06,0.0002560563512644915,0.8296663508444472,7.914968314898715e-05,224,trans-Docosenoic acid (22:1 trans),nutrition,rmsnorm,train
249,0.06518138028942652,0.0019418206436668509,1.3261976737276455e-05,0.0020089121513121636,0.09644328403577776,0.003946723466676662,287,trans-Hexadecenoic acid (16:1 trans),nutrition,rmsnorm,train
250,0.08814585666799014,0.011502272887503814,0.0010914877513013056,0.015386528770314918,0.09572064504727891,0.023219099131229368,335,trans-Linoleic acid (18:2; isomer unspecified),nutrition,rmsnorm,train
251,0.12252956550781975,0.05940349119262342,0.03276863015602297,0.28807271597878714,0.13171036735298378,0.04908315074650754,774,trans-Octadecenoic acid (18:1 trans),nutrition,rmsnorm,train
2,0.4349334055678706,0.2121820333746751,0.1334997586715236,0.406494536375006,0.4349334055678706,,18,Acetic acid,food_metabolome,mae,validation
7,0.3027266598639402,0.001559152372854,5.3060432244793096e-05,0.0015988723802063,0.8277281015658068,0.0297259101789696,38,Apigenin,food_metabolome,mae,validation
9,0.905983089756493,0.0010875007608709,7.579022289449668e-06,0.001092071360763,0.905983089756493,,13,Benzoic acid,food_metabolome,mae,validation
11,0.6542259732108686,0.0030057730157898,3.205441900839091e-05,0.0030268392802443,0.7103199305005127,0.0371924430247839,12,Cadaverine,food_metabolome,mae,validation
12,1.2178365133846805,0.0703860604954479,0.0571680691920905,0.1116698808722172,1.3512227562595984,0.1062844894270295,28,Caffeic acid,food_metabolome,mae,validation
13,0.0761999365168131,0.0025877222864538,0.0010939592342532,0.0033412179659241,0.8934670946889929,5.571699386496932e-06,1962,Caffeine,food_metabolome,mae,validation
15,0.7273084467859562,0.0106693168323504,0.0020018962980253,0.0118587757588024,0.8185423327834556,0.5144293794584577,30,Catechin,food_metabolome,mae,validation
16,0.1404966627184999,0.0097906582070062,0.0005037697911937,0.0107509778342313,0.1429243740853621,0.0207295686199614,755,Choline,food_metabolome,mae,validation
18,0.2548163595724733,0.1142641584108121,0.0342712961575372,0.1709235457479953,0.2548163595724733,,52,Citric acid,food_metabolome,mae,validation
21,0.5974627171964739,0.0099004624443958,0.0004549721249773,0.0102520564754488,0.6352861555680466,0.5445099034762723,12,Cyanidin,food_metabolome,mae,validation
22,0.4070994362175973,0.0024085655430724,1.4982234172668712e-05,0.0024340492915104,0.4572557602253049,0.2733492388637105,11,Daidzein,food_metabolome,mae,validation
24,0.6210191684090841,0.0041408467820263,9.495972070569484e-05,0.0041979362964607,1.4194723849350497,0.0,16,Delphinidin,food_metabolome,mae,validation
25,2.2878459426669147,0.1210571450832383,0.0597607390512566,0.1580424699618578,2.2878459426669147,,5,Ellagic acid,food_metabolome,mae,validation
26,0.4344471859247583,0.000908360301141,8.190550339226022e-06,0.0009124725190738,1.3725640077814332,0.0592004571820883,28,Epigallocatechin,food_metabolome,mae,validation
28,0.6080944972898653,0.0105980765362602,0.0005387744821975,0.0110174386329673,0.6571827589343915,0.0190353575555505,26,Ferulic acid,food_metabolome,mae,validation
33,1.6981812648402257,0.2240946983772754,0.3585284264774529,0.6346894687086899,2.143733852684981,0.0273590604223932,19,Gallic acid,food_metabolome,mae,validation
35,1.1467280331276433,0.0126453327241981,0.0017679763728137,0.0136443344769776,1.1082702794587165,2.1466296285197446,27,Genistein,food_metabolome,mae,validation
43,0.334421887904103,0.0012275874632895,7.447531737423351e-06,0.0012324749207062,0.8914668404429413,0.0305791865192821,17,Glycitein,food_metabolome,mae,validation
47,0.5749575810653903,0.0012867577197493,1.603625453723628e-05,0.0012954880871038,0.5912160008110964,0.0384297294570881,34,Histamine,food_metabolome,mae,validation
50,0.8372879327544502,0.0051611954077186,0.0002458306596718,0.0052867435187067,1.8773784624332197,0.2132336149471887,16,Isorhamnetin,food_metabolome,mae,validation
51,0.5961670734604321,0.0027970306616612,6.092611370226891e-05,0.0028320010131043,0.9566309242079356,0.1663832514153316,57,Kaempferol,food_metabolome,mae,validation
52,0.1541542209054107,0.1274146363303295,0.0309159645523946,0.2378551688790321,0.1541542209054107,,23,Lactic acid,food_metabolome,mae,validation
53,0.9744295065778974,0.0001838749457173,1.1253550793329049e-07,0.0001839315508634,0.9744295065778974,,4,Lariciresinol,food_metabolome,mae,validation
54,0.4619689200830745,0.0008668835530112,3.242355038406311e-06,0.0008689861493016,0.4619689200830745,,14,Lutein,food_metabolome,mae,validation
55,0.519095022264411,0.0053129612870122,0.0004174021318652,0.0055468534670523,1.2398089082725263,0.0201392550280235,44,Luteolin,food_metabolome,mae,validation
56,0.2549015220166228,0.1023390913903854,0.0276569457759549,0.1516936279681264,0.2549015220166228,,49,Malic acid,food_metabolome,mae,validation
58,1.2890975729862415,0.000134674624631,8.92549026326305e-08,0.000134719263764,1.6106373198885886,0.0029385853768537,5,Matairesinol,food_metabolome,mae,validation
61,0.3815590938074704,0.0009263806259248,5.649777113321705e-06,0.0009314332029482,0.57391938896631,0.1342387143175337,48,Myricetin,food_metabolome,mae,validation
62,0.317756542871844,0.003583284124611,9.237835788570392e-05,0.003660325830341,0.5849267216919342,0.1619072718934581,19,Naringenin,food_metabolome,mae,validation
65,1.087549917405509,0.0487754725147029,0.003491568995609,0.054317791900151,1.087549917405509,,4,Oxalic acid,food_metabolome,mae,validation
66,0.2931492165665867,8.555307903781478e-05,5.760478769456632e-08,8.57420551409645e-05,0.8244735788399958,0.080619471657223,14,Pelargonidin,food_metabolome,mae,validation
67,0.2246576265109379,0.000812312501993,6.838572078555552e-06,0.0008161765278915,0.7263548184915033,0.0016810967417978,13,Peonidin,food_metabolome,mae,validation
72,0.5971076441746824,5.106968475221155e-05,6.876575315716684e-09,5.1073342178691445e-05,0.5971076441746824,,4,Pinoresinol,food_metabolome,mae,validation
77,0.2964625975249628,0.0022033475833479,3.839325877541344e-05,0.00229225257401,0.2964625975249628,,17,Putrescine,food_metabolome,mae,validation
79,0.5278309678453172,0.00459491634916,0.00011786621158,0.0046741518055038,0.6207627484838796,0.2326358999345897,71,Quercetin,food_metabolome,mae,validation
82,0.2992656002858631,0.258750681732205,0.1436959905391097,0.5229818666974704,0.4488984004287947,0.0,6,Rosmarinic acid,food_metabolome,mae,validation
83,1.084936547290475,0.0001147140048969,2.2349913216306347e-08,0.0001147278776967,1.084936547290475,,5,Secoisolariciresinol,food_metabolome,mae,validation
88,0.1904455175901999,0.0007876449921044,2.5517068939259506e-06,0.0007890963436366,0.201358879464835,0.0813118988438484,11,Spermine,food_metabolome,mae,validation
90,1.25024956659772,0.0074932583293795,0.0003001496196918,0.0076458649970777,1.3402512799752335,0.950243855339342,13,Syringic acid,food_metabolome,mae,validation
91,0.4930692143929594,0.2123549843597152,0.1452465588723282,0.3390377334594726,0.4930692143929594,,5,Tartaric acid,food_metabolome,mae,validation
92,0.1362641695445036,0.0005101123041175,1.6028947894281927e-06,0.0005148454028258,0.1362641695445036,,9,Taurine,food_metabolome,mae,validation
93,0.0487838284252405,0.0070262415978291,0.0028096252374308,0.0089435029940176,0.8259456561096828,0.0003985465914433,1928,Theobromine,food_metabolome,mae,validation
96,0.2005852723250183,0.0019234951192574,3.0753475960743225e-05,0.0019583576524454,0.2297063458114045,0.0258588314067011,21,Tyramine,food_metabolome,mae,validation
98,0.3602649017267783,0.0006150648012614,1.20727145591977e-06,0.0006167561521388,0.2819449750093851,0.7127045719550473,11,Vanillic acid,food_metabolome,mae,validation
103,0.6091671708005465,0.0056310444253006,0.0001517618535326,0.0057595076901259,0.7050211083679404,0.0340435453961829,28,p-Coumaric acid,food_metabolome,mae,validation
104,0.0478821284430622,0.0371353985190255,0.0046409883747829,0.0736591359281662,0.0484951791951838,0.0053865649437296,1547,Alanine,nutrition,mae,validation
105,0.1457768699229536,0.0145093508817333,0.0018216723442142,0.0169560797502672,0.228506308241266,0.0462479481290513,1128,Arachidonic acid (20:4n-6),nutrition,mae,validation
106,0.0676402468050922,0.0556813117158581,0.0100812311924408,0.1204144268346793,0.0674969244209254,0.0737525998222993,1727,Arginine,nutrition,mae,validation
107,0.3154799211416216,0.0078511982396139,0.0002528733843641,0.0081627857953714,0.4521183553044039,0.0853520320253569,102,Ascorbic acid (vitamin C),nutrition,mae,validation
108,0.1043238776078683,0.1087033160964787,0.0429927481148425,0.4591968025524374,0.1055582116728036,0.021716371741968,3606,Ash,nutrition,mae,validation
109,0.050700602507356,0.0527824133364986,0.0091056385805601,0.1261290067756035,0.0506798100420018,0.0522589977856554,1519,Aspartic acid,nutrition,mae,validation
110,0.0816178746909077,0.199247405940942,0.1291233145748665,2.566525830076621,0.0883130730350535,0.0092260425948309,756,Available carbohydrate,nutrition,mae,validation
111,0.108161286980056,0.0180175118311564,0.0017302682991876,0.021282726905244,0.1524245331105505,0.0006648320917121,48,Beta-sitosterol,nutrition,mae,validation
112,0.1804782588899432,0.0066649247586676,0.0019716435698263,0.0080783349593384,0.1742901855859641,0.3372637698747833,498,Betaine,nutrition,mae,validation
113,0.334327168552848,8.822361666800027e-05,1.9059089071793557e-06,8.928738933544423e-05,0.3358479957354561,0.3208429795309095,1768,Biotin,nutrition,mae,validation
114,0.1006439307459229,0.0136632862000125,0.0021082372610015,0.0184359881063964,0.2375978798356236,0.0274146078292237,2269,Butyric acid (4:0),nutrition,mae,validation
115,0.3073949109878908,0.031853432130749,0.0080734352095022,0.0436133906597855,0.3083957261804667,0.2712951713320253,6878,Calcium,nutrition,mae,validation
116,0.2097987502237953,0.0055572076160126,0.0001137177626064,0.0058703491837168,0.2433996377600023,0.0921956438470706,36,Campesterol,nutrition,mae,validation
117,0.2558378335761108,4.844153933575312e-05,1.241854605430932e-07,4.850451267011676e-05,1.114232284022839,0.0080813409862381,2524,"Carotene, alpha",nutrition,mae,validation
118,0.4077336933153287,0.0003329997935633,3.2273450468566465e-06,0.0003353174426244,0.6294746647908949,0.0728020280087874,3736,"Carotene, beta",nutrition,mae,validation
119,0.482925232840749,0.4460811009781934,0.7629059431666677,3.842569276372592,0.4498912919436989,0.6976458486715742,15,Cellulose,nutrition,mae,validation
120,0.1816546229173644,0.0815404476045898,0.019644080989251,0.2320611900024175,0.1816546229173644,,343,Chloride,nutrition,mae,validation
121,0.232782760231851,6.977830129142933e-07,2.196214801182441e-11,6.977969736580995e-07,0.3279470882075158,0.1089430883959693,695,Cholecalciferol (vitamin D3),nutrition,mae,validation
122,0.1162121341490202,0.028636917816625,0.0566199483191707,0.1632141688106148,0.1910879123007745,0.0076942056425454,3992,Cholesterol,nutrition,mae,validation
123,0.1250507247316577,0.0076201781646789,0.0003373425517509,0.0083497408518401,0.1270713999906149,0.0573764733316728,1897,"Choline, total",nutrition,mae,validation
124,0.375880458348235,4.17431315598921e-05,5.617605820088196e-08,4.179003513774428e-05,0.4715914255321087,0.1182767577212612,278,Chromium,nutrition,mae,validation
125,0.166542222580499,6.801857939652334e-07,1.3433277584960072e-11,6.801980711754546e-07,0.2628696298335194,0.0143669751463183,4402,Cobalamin (vitamin B12),nutrition,mae,validation
126,0.1115666795559481,0.0125518887776006,0.0007043488393608,0.0176956635542613,0.1214825520159271,0.0405029269260985,98,Conjugated linoleic acids (18:2 CLA isomers),nutrition,mae,validation
127,0.2430702575204741,0.0001227108868623,1.5707659180480243e-06,0.000123559693908,0.245657520590333,0.1719509664625734,5038,Copper,nutrition,mae,validation
128,0.25387311599839,1.950793662711649e-05,4.898834695655285e-08,1.9532474255101572e-05,1.058753664867313,0.0040033378869125,2450,"Cryptoxanthin, beta",nutrition,mae,validation
129,0.0708024360324476,0.0213084973015225,0.0013586773415687,0.0265959436879433,0.0717375905641839,0.01871086507943,1531,Cystine,nutrition,mae,validation
130,0.1975305017305338,0.0237465812781717,0.0104109275312327,0.0399505142147635,0.3423015366473294,0.0500917099286552,2996,Decanoic acid (10:0),nutrition,mae,validation
131,0.1659683157794404,0.2208352221031917,0.1175137334845351,1.060503980532142,0.1995068180171137,0.0367426745239777,2543,"Dietary fibre, total",nutrition,mae,validation
132,0.1136849268025825,0.0134869512700781,0.0053056174020286,0.0294769535649378,0.3511191406693837,0.0180062144206493,2886,Docosahexaenoic acid (DHA; 22:6n-3),nutrition,mae,validation
133,0.2629689543689376,0.0169039475559906,0.0082922442098268,0.0265312280271939,0.3840292414720747,0.1049887947642628,1047,Docosanoic acid (22:0),nutrition,mae,validation
134,0.1305253207655619,0.0056307669020783,0.001104344049851,0.0074225340252761,0.3364019043108671,0.0322603649765874,2934,Docosapentaenoic acid (DPA; 22:5n-3),nutrition,mae,validation
135,0.1507800220514596,0.0016177683866222,1.7944823093521058e-05,0.0016310731945366,0.2789493577831019,0.0119299083421804,75,Docosatetraenoic acid (22:4; isomer unspecified),nutrition,mae,validation
136,0.1372454086568249,0.0122856521204937,0.0095396601164873,0.0421510050751584,0.7423214174991729,0.0315510417276327,733,Docosenoic acid (22:1; cis/trans unspecified),nutrition,mae,validation
137,0.3076849583404808,0.0561029740632165,0.063682545879722,0.1811233013391641,0.4427637013127275,0.080933714058206,3352,Dodecanoic acid (12:0),nutrition,mae,validation
138,0.2336098833324622,0.0143053273891372,0.0023874171730432,0.0170372696503026,0.2406520127919625,0.2009455427321815,998,Eicosanoic acid (20:0),nutrition,mae,validation
139,0.151068870250627,0.0120024190327301,0.0050342641250001,0.0230497011164795,0.4534956022836208,0.0242463863147603,3202,Eicosapentaenoic acid (EPA; 20:5n-3),nutrition,mae,validation
140,0.0994949853583987,0.0091359674456943,0.001071448826633,0.0108572865191226,0.1567968890375259,0.0571638493071516,772,Eicosatetraenoic acid (20:4; isomer unspecified),nutrition,mae,validation
141,0.1771555345946263,0.0043321614401055,0.0004638764240323,0.0046044745551488,0.3746459222632719,0.0563880313440158,224,Eicosatrienoic acid (20:3; isomer unspecified),nutrition,mae,validation
142,0.1718568643074494,0.0014654636953694,1.0792129420388016e-05,0.0014863932965215,0.2334340773280576,0.1122039391937351,63,Eicosatrienoic acid (20:3n-3),nutrition,mae,validation
143,0.1297608982781169,0.0034541368012456,9.036796174436494e-05,0.0035782311041742,0.1771749509112195,0.053251858801974,230,Eicosatrienoic acid (20:3n-6),nutrition,mae,validation
144,0.2380804391375317,0.0237870805139933,0.0053396191957528,0.0362641431922331,0.2792043733597236,0.1601467218216876,2654,Eicosenoic acid (20:1; isomer unspecified),nutrition,mae,validation
147,0.0163832122555775,0.0467728378317898,0.1223314157598417,0.2621238039061737,0.8132482889132249,5.719605088429446e-05,3138,Ethanol,nutrition,mae,validation
148,0.0818806141641493,0.1493442041121195,0.1084954364593943,1.5179075120268852,0.0840535036317139,0.0269350309277557,4833,"Fat, total",nutrition,mae,validation
149,0.1039740070944616,0.1307969655135998,0.0562619685536152,0.9561980344904302,0.1080625822024657,0.0340520026996567,3886,"Fatty acids, total monounsaturated",nutrition,mae,validation
150,0.1692366496565336,0.1571753606581613,0.0803511553942041,0.7834676435370038,0.1737141967115865,0.0750553423703684,3896,"Fatty acids, total polyunsaturated",nutrition,mae,validation
151,0.1043774664540864,0.122620926270911,0.049796207934262,0.8266286553811552,0.1085965426990353,0.0232217030751146,4023,"Fatty acids, total saturated",nutrition,mae,validation
152,0.1853032756867524,0.0642034474577469,0.0379638769903609,0.1609277327854599,0.2572612706600591,0.0611338983142092,1172,"Fatty acids, total trans",nutrition,mae,validation
153,0.1719634593804225,0.0503274597110178,0.0302573985307316,0.1407229400949276,0.1883890586550657,0.0742858956938773,521,"Fatty acids, total trans-monoenoic",nutrition,mae,validation
154,0.1894277082775655,0.0197940220434324,0.0042961252447966,0.0303070570227165,0.2187480961831046,0.0911345983466155,457,"Fatty acids, total trans-polyenoic",nutrition,mae,validation
155,0.25815578723323,1.4253620524262064e-05,1.8301023785094623e-09,1.4255747222274447e-05,0.271315069818329,0.1142178428508056,3170,"Folate, food",nutrition,mae,validation
156,0.2612572852713524,2.129276445612029e-05,6.0485227488327664e-09,2.1298679464577235e-05,0.2737116209901377,0.1038956609789108,3886,"Folate, total",nutrition,mae,validation
157,0.1472142123225321,1.535589565992266e-05,4.886095614989808e-09,1.5361139539332414e-05,0.2816496257237992,0.0277263184791933,3100,Folic acid,nutrition,mae,validation
158,0.2660386507288728,0.2043541919689689,0.1484961082318064,0.6479279107509868,0.3545130586750404,0.0509933421321342,1959,Fructose,nutrition,mae,validation
159,0.2129018529078734,0.0256507039401506,0.0145582627166985,0.0381411739079263,1.061035901696444,0.0072436637771448,1460,Galactose,nutrition,mae,validation
160,0.3038490388943798,0.2400524554797778,0.1919887935189116,0.7480339843507854,0.3734672945530174,0.075600398014992,2003,Glucose,nutrition,mae,validation
161,0.0487194892555977,0.0735925355422505,0.0180038984237829,0.2489579093832818,0.0492900493119418,0.0,1555,Glutamic acid,nutrition,mae,validation
162,0.079457301388215,0.0563599404204165,0.0122573672878295,0.1168825230467716,0.0796941711493901,0.0736027374047918,1713,Glycine,nutrition,mae,validation
165,0.1394775115095779,0.0115820607767885,0.0007145534990903,0.0131822888409718,0.1597460088013866,0.077261867481103,1138,Heptadecanoic acid (17:0),nutrition,mae,validation
166,0.1616593137632364,0.0074885996713594,0.000334354335657,0.0081717929993791,0.1994837645899732,0.1037283656128557,880,Heptadecenoic acid (17:1; isomer unspecified),nutrition,mae,validation
167,0.1049375171890036,0.1029871528664108,0.0379517993849893,0.4194549819971561,0.1073053425430589,0.0400669300097201,3436,Hexadecanoic acid (16:0),nutrition,mae,validation
168,0.2200161340647286,0.0511925473725197,0.0130124053808507,0.0893827810546409,0.2439812422060212,0.1037054758856553,878,Hexadecenoic acid (16:1; cis/trans unspecified),nutrition,mae,validation
169,0.0818579705406022,0.0091945535199025,0.0012316671469029,0.0111972317628777,0.2281482764725483,0.0188741787825859,2651,Hexanoic acid (6:0),nutrition,mae,validation
170,0.0570581773227766,0.0307225854774838,0.0028696175803545,0.0504543612426544,0.0579373891174488,0.0094711832623806,1562,Histidine,nutrition,mae,validation
171,0.0679598460304077,0.0171321554787712,0.0013023506070468,0.0201409060150011,0.0847848293948323,0.0097002021416542,299,Hydroxyproline,nutrition,mae,validation
172,0.2118971311782976,0.2678060664772473,0.097102956200461,1.7589308111648745,0.2230496117666291,0.0,20,Insoluble dietary fibers,nutrition,mae,validation
173,0.2315463629499761,0.0012329482512449,2.4808248911395405e-05,0.0012521908559215,0.2354406009965585,0.1070238439481415,5716,Iron,nutrition,mae,validation
174,0.0441307008616098,0.0312517463418323,0.0031483104800471,0.0560798155338467,0.0447509108422218,0.0103274072655528,1564,Isoleucine,nutrition,mae,validation
175,0.5497325059955523,0.2395723137934173,0.1123354609067635,0.4869152530136207,0.5497325059955523,,15,Isomeric linoleic acids (18:2),nutrition,mae,validation
176,0.7461911201442286,0.1318173165365908,0.0531445033186208,0.2044422397796503,0.420936724192064,1.210840257218749,17,Isomeric linolenic acids (18:3),nutrition,mae,validation
177,0.0880278468165076,0.0814704019031976,0.0458601729292476,0.2668219325710236,0.2437928402914425,0.0149567854459686,1909,Lactose,nutrition,mae,validation
178,0.0383140736475924,0.0376045658919072,0.0043407594465692,0.0848384647690066,0.0387511101122447,0.0046185622229033,1562,Leucine,nutrition,mae,validation
179,0.3588432666693044,0.2298753575989576,0.1651637164923644,1.819233606746968,0.3878688377853088,0.2645101605422901,17,Lignin,nutrition,mae,validation
180,0.1792652824521373,0.1391786446288363,0.0600063373996322,0.7354793180137618,0.1834840419179726,0.0743642057343473,1345,Linoleic acid (18:2n-6),nutrition,mae,validation
181,0.3014765265433848,0.0001969349572926,1.047489486866751e-06,0.000197885916836,0.381241188475486,0.1051732749460719,1277,Lutein + zeaxanthin,nutrition,mae,validation
182,0.0805251300964437,0.000233012829784,2.3825492932752163e-06,0.0002343649416943,0.7132227919988955,0.0057089311637852,2090,Lycopene,nutrition,mae,validation
183,0.0524861459673045,0.0447047795690035,0.0055408771312109,0.101608047291739,0.0531786303453448,0.0037289504407365,1571,Lysine,nutrition,mae,validation
184,0.1661599079308429,0.0113540065692752,0.0010958277594971,0.0128865659372799,0.1680602004085011,0.0556569389469958,6213,Magnesium,nutrition,mae,validation
185,0.2524304477721096,0.1088609153086816,0.0750187904795075,0.2166702433725156,0.502544481497224,0.0517942052120763,1924,Maltose,nutrition,mae,validation
186,0.2836365625517711,0.000386600605285,7.607049350641637e-06,0.0003910166797634,0.2850260605415722,0.2674979445320306,3266,Manganese,nutrition,mae,validation
188,0.1539333882033489,1.3231126914626097e-06,3.48542123242934e-12,1.32311942275419e-06,0.1710370980037211,0.0,10,Menaquinone-4,nutrition,mae,validation
189,0.0592255316327984,0.0260315203459906,0.0019758474712716,0.0379825744191063,0.0602401683459724,0.0123447835469475,1570,Methionine,nutrition,mae,validation
190,0.2980404801925565,1.958043318763744e-05,7.732105473718723e-09,1.9585552550050795e-05,0.3367026011745692,0.1071462578438689,190,Molybdenum,nutrition,mae,validation
191,0.1965879583083676,0.0009870877666981,6.837150898050469e-06,0.0009943322970466,0.2024255946527945,0.0578281311261334,5427,Niacin,nutrition,mae,validation
192,0.1642943656486834,0.0011858286991436,1.1575771619570383e-05,0.0012001851994194,0.1714908959214241,0.0380695092775966,1168,Nicotinic acid,nutrition,mae,validation
193,0.2634969500103974,0.1940937605559489,0.1321999569111432,0.9852900094902236,0.2637813327910396,0.2553966275811359,914,Octadecadienoic acid (18:2; isomer unspecified),nutrition,mae,validation
194,0.1366246308381423,0.0921738827831625,0.0322448263817956,0.2648458754144773,0.1426804807534917,0.0359831615025771,3429,Octadecanoic acid (18:0),nutrition,mae,validation
195,0.0634656206169188,0.0036068620605719,0.0007097869623169,0.0058784089209116,0.5574986591497813,0.0143644776434692,719,Octadecatetraenoic acid (18:4; isomer unspecified),nutrition,mae,validation
196,0.3420350597863988,0.065355529144612,0.0222971397070675,0.1116232334884676,0.3419422329983844,0.3430699530311536,899,Octadecatrienoic acid (18:3; isomer unspecified),nutrition,mae,validation
197,0.1914196999232209,0.2265190228219882,0.1433694294341991,1.5273807977687195,0.1960677973753256,0.07495165805191,912,Octadecenoic acid (18:1; cis/trans unspecified),nutrition,mae,validation
198,0.1567853181914384,0.020262629087276,0.0106342403679118,0.032809918704873,0.364394212913289,0.0300984745760333,2755,Octanoic acid (8:0),nutrition,mae,validation
199,0.2074565233896415,0.0003095021703193,6.314930914157344e-06,0.0003130540847396,0.213491026959246,0.1210877119183294,2974,Pantothenic acid (vitamin B5),nutrition,mae,validation
200,0.178380628203643,0.0088749225233794,0.0009730041806627,0.0100466506866047,0.2202521736907083,0.0973458529061658,1081,Pentadecanoic acid (15:0),nutrition,mae,validation
201,0.1121373847319696,0.0028755797377962,0.0006651153503629,0.0032612403301919,1.5161758313299962,0.000283798869458,777,Pentadecenoic acid (15:1; isomer unspecified),nutrition,mae,validation
202,0.0398505461452276,0.0286564553466329,0.0025486884724131,0.049686808316993,0.0404158747198587,0.0080981861540383,1573,Phenylalanine,nutrition,mae,validation
203,0.1276898110657118,0.0332551444266813,0.0044519922940557,0.0425932918046493,0.130753090234124,0.0128774330701898,5470,Phosphorus,nutrition,mae,validation
204,0.15098881521757,0.0148634037627642,0.0011309279559555,0.0167392768070395,0.2142662966973971,0.0750558374417773,66,Phytosterols,nutrition,mae,validation
205,0.1591669615153565,0.0644369161539294,0.0157314937765934,0.1017549174895406,0.1612581415273117,0.0429558385272665,5513,Potassium,nutrition,mae,validation
206,0.0613711054906284,0.0523990731123463,0.0084365519755727,0.104239147095301,0.0622491133157633,0.0056907759133238,1546,Proline,nutrition,mae,validation
207,0.0821316531476351,0.1664072099029401,0.0728541786171397,1.6219945962513267,0.0841039519276875,0.0323631606810643,4633,"Protein, total",nutrition,mae,validation
208,0.2287066055122889,6.883871080476854e-05,3.367724395281595e-07,6.918243841395407e-05,0.4015570906688371,0.0474433247322619,5057,Retinol,nutrition,mae,validation
209,0.1992606327415747,8.115544518019905e-05,5.543931773336161e-08,8.121179664682557e-05,0.2060058966764628,0.0564457316251515,4691,Riboflavin (vitamin B2),nutrition,mae,validation
210,0.1992301425648075,5.731875873581285e-06,1.426928158728568e-09,5.732686283684458e-06,0.2067152740363188,0.106806569350258,4249,"Selenium, Se",nutrition,mae,validation
211,0.0407159405390096,0.0302149183727399,0.0028920338406192,0.0539987228576687,0.04123105456385,0.0051262442773124,1542,Serine,nutrition,mae,validation
212,0.2607061518846424,0.0777912438771616,0.0403655458503808,0.1760608040403171,0.2639902053947088,0.12135226716999,4705,Sodium,nutrition,mae,validation
213,0.1127562773444029,0.1127562740812252,0.0334311720047433,0.2161012692761063,0.1931487668628527,0.0055662913198032,14,Sorbitol,nutrition,mae,validation
214,0.1204579080981262,0.3302364261981295,0.4695344390732675,3.5665232187439613,0.1644345812809181,0.0365060700420281,1292,Starch,nutrition,mae,validation
215,0.044301483741221,0.0148947397732166,0.0062842308747249,0.0187374423246841,0.8858565632508615,9.111135450536597e-06,140,Stearidonic acid,nutrition,mae,validation
216,0.1973236104073827,0.0031742792964,6.956876995133872e-05,0.0032377307209162,0.2655993328562531,0.0835307396592654,48,Stigmasterol,nutrition,mae,validation
217,0.3191361682695934,0.3529594424941872,0.3701654248588515,2.2991625736014214,0.3957869433164316,0.1171148752012269,1021,Sucrose,nutrition,mae,validation
218,0.2224943834532617,0.3463443313319003,0.2981827656798421,3.218365825887605,0.2355984091657046,0.1205472197348641,3185,"Sugars, total",nutrition,mae,validation
219,0.4011222491624673,0.0996189168602095,0.0180103757926958,0.1187986508567631,0.4011222491624673,,20,Sulfur,nutrition,mae,validation
220,0.1985462405609233,0.0061411647365806,0.0005237170540719,0.0067977312234351,0.2648600376177399,0.1151431736743389,806,Tetracosanoic acid (24:0),nutrition,mae,validation
221,0.1963340069337165,0.0593340462858956,0.0322626986505364,0.1480883965401969,0.2246006538730365,0.0364876764849496,3308,Tetradecanoic acid (14:0),nutrition,mae,validation
222,0.1560877652052763,0.011383449082412,0.0014236372189907,0.0139533109112779,0.2339920531810845,0.0509314650447134,1002,Tetradecenoic acid (14:1; isomer unspecified),nutrition,mae,validation
223,0.2367288995173686,7.8289214066128e-05,8.597613425697314e-08,7.83550194532483e-05,0.2449915957080601,0.0960894068180317,5049,Thiamin (vitamin B1),nutrition,mae,validation
224,0.04619792274749,0.0309538073148644,0.0027188343736945,0.0544956262033127,0.0467905030179855,0.0047711747464853,1560,Threonine,nutrition,mae,validation
225,0.2720841852423148,4.793814667309274e-05,6.76579631418652e-08,4.7977136581321954e-05,0.3547680735860735,0.1211146423723722,1452,"Tocopherol, beta",nutrition,mae,validation
226,0.2924923620517562,0.0001691442337917,1.0548505654320702e-06,0.0001699876174174,0.4230862345644492,0.1188066079677056,1454,"Tocopherol, delta",nutrition,mae,validation
227,0.4066609515193324,0.0008605500901739,1.180100658154388e-05,0.0008717061949491,0.4491996356487916,0.2285138775895086,1548,"Tocopherol, gamma",nutrition,mae,validation
228,0.4131742680220852,8.323217996302258e-05,2.461759141780778e-07,8.336151522559761e-05,0.5308389586484412,0.1825649603188544,1033,"Tocotrienol, alpha",nutrition,mae,validation
229,0.1180160667817298,4.97206224122126e-05,2.3612977705634843e-08,4.974042431145345e-05,0.4289952988345707,0.0471192470391133,237,"Tocotrienol, beta",nutrition,mae,validation
230,0.0328799600540903,4.552893345417309e-06,7.968038958684341e-10,4.553291792163865e-06,0.5942917608137004,4.494243842922658e-06,235,"Tocotrienol, delta",nutrition,mae,validation
231,0.3798595731842462,8.763250429812826e-05,1.072036552921014e-07,8.769598035967482e-05,0.7395922385323397,0.1451403872833625,233,"Tocotrienol, gamma",nutrition,mae,validation
232,0.0556043832075336,0.0005990845311948,1.3364785935663776e-05,0.0006058237570525,1.2102910218523788,9.06025034545215e-05,109,Tridecanoic acid (13:0),nutrition,mae,validation
233,0.0960946202807913,0.0224513806882121,0.0015958518026008,0.027054296949445,0.0970966190951807,0.0772632416650947,2819,Tryptophan,nutrition,mae,validation
234,0.052121579402906,0.0311764342507341,0.0029549504973428,0.0505859159765092,0.0529240322735762,0.0086797164890307,1553,Tyrosine,nutrition,mae,validation
235,0.0445107876168768,0.034448494897663,0.0037251960350395,0.0652608230748425,0.0451066564582218,0.0045357605649066,1566,Valine,nutrition,mae,validation
236,0.2031432587269446,7.636243180711761e-05,5.3493769917261274e-08,7.641989785490531e-05,0.2105879132925469,0.0793758765738078,282,Vitamin B6 - Pyridoxin,nutrition,mae,validation
237,0.2184576791715759,5.802733375765383e-07,2.9073726404543194e-11,5.802921849156297e-07,0.3837306473641756,0.0881271238782295,4761,Vitamin D (D2 + D3),nutrition,mae,validation
238,0.1809839524424601,1.1012052527490165e-07,8.448254843776578e-13,1.1012094769082373e-07,1.005638047692621,1.3613939280181587e-05,1168,Vitamin D2 (ergocalciferol),nutrition,mae,validation
239,0.0658247712035138,0.2462416434801622,0.2541247843569304,7.291141510380748,0.0659897089843345,0.0473198144870233,5247,Water,nutrition,mae,validation
241,0.1879512347229255,0.000584989134745,5.093700636403162e-06,0.0005890120512932,0.1907338666221651,0.0872440138230241,5536,Zinc,nutrition,mae,validation
242,0.187267775378629,0.0093427297515835,0.0011492988164278,0.0102814181567295,0.323658603408085,0.0418593719422669,250,"cis,cis-Eicosadienoic acid (20:2n-6)",nutrition,mae,validation
243,0.3802693871751761,0.0044021207908786,0.0002737807508741,0.0045618925283485,0.5531429328956484,0.1864414722764648,70,cis-Docosenoic acid (22:1 cis),nutrition,mae,validation
244,0.0979342915045873,0.0201599508620255,0.0007938174084101,0.0238613628728272,0.0948247185227751,0.1624579308771897,87,cis-Hexadecenoic acid (16:1 cis),nutrition,mae,validation
245,0.1548234764438602,0.2219030708563135,0.1142096985242715,1.9628312498695808,0.1548234764438602,,153,cis-Octadecenoic acid (18:1 cis),nutrition,mae,validation
246,0.2449006342022963,0.0032543502082935,0.0001038447901,0.0033585442797766,0.4605141655861435,0.1129580254450167,108,cis-Tetracosenoic acid (24:1 cis),nutrition,mae,validation
247,0.2378398298624861,0.0195373839898415,0.0019984481177007,0.0212588128614283,0.1334004010829118,1.2300144032684424,21,"trans,trans-Linoleic acid (18:2 trans,trans)",nutrition,mae,validation
248,0.0759863481443576,0.0001176491681547,1.5659393844293501e-07,0.0001177275212077,0.7741187636668266,0.0001023899353936,51,trans-Docosenoic acid (22:1 trans),nutrition,mae,validation
249,0.0999476510035534,0.002623337463464,1.9030864030166752e-05,0.0026871821873218,0.145844520614168,0.0015972161236651,66,trans-Hexadecenoic acid (16:1 trans),nutrition,mae,validation
250,0.2252559954461105,0.0257562850173775,0.0046587969252675,0.0309484038730959,0.240926029895852,0.0450505992740832,75,trans-Linoleic acid (18:2; isomer unspecified),nutrition,mae,validation
251,0.2519483236501782,0.1310239792688795,0.1658865673076706,0.5030161205437881,0.2534978399537236,0.2431228177473758,154,trans-Octadecenoic acid (18:1 trans),nutrition,mae,validation
2,0.4292471688325148,0.1992803104159764,0.1016512195040957,0.3660477442459927,0.4292471688325148,,18,Acetic acid,food_metabolome,rmsnorm,validation
7,0.312388610535133,0.0016800750007086,8.004144796068804e-05,0.0017208372893156,0.910351618536713,0.0014478463743114,38,Apigenin,food_metabolome,rmsnorm,validation
9,0.9945388077512132,0.0013024646664737,8.779690608280864e-06,0.0013084721320306,0.9945388077512132,,13,Benzoic acid,food_metabolome,rmsnorm,validation
11,0.4935232499186899,0.0021829841699004,2.107585876208835e-05,0.0022002426487964,0.534569690583115,0.0420124026100149,12,Cadaverine,food_metabolome,rmsnorm,validation
12,1.0732475042796938,0.066940890254415,0.0471015793882254,0.1079502823649053,1.1294474695186072,0.6049144606220819,28,Caffeic acid,food_metabolome,rmsnorm,validation
13,0.0537579401570902,0.0023324882170728,0.0008050819382021,0.0030904831599525,0.5784611940480063,0.005499571802234,1962,Caffeine,food_metabolome,rmsnorm,validation
15,0.6259967947447934,0.0097723042986492,0.0019004441016186,0.010948113215674,0.7493180029331837,0.3382473089718829,30,Catechin,food_metabolome,rmsnorm,validation
16,0.1505354539279561,0.0104657656220631,0.0005971079392869,0.0114402194385305,0.1531168952062749,0.0231843508642315,755,Choline,food_metabolome,rmsnorm,validation
18,0.2481470859457194,0.1142999647121931,0.0354897547819013,0.182493684562353,0.2481470859457194,,52,Citric acid,food_metabolome,rmsnorm,validation
21,0.5523931367728884,0.0045843303984141,6.40504695625808e-05,0.0046271123671423,0.7203926421824676,0.3171938291994774,12,Cyanidin,food_metabolome,rmsnorm,validation
22,0.8152287825020464,0.0057916601675272,7.742730361130774e-05,0.0058533108781418,0.7920676967844869,0.8769916777488715,11,Daidzein,food_metabolome,rmsnorm,validation
24,0.8029932450496916,0.0046872690843988,0.0001154568618046,0.0047458339566771,1.835413131542152,0.0,16,Delphinidin,food_metabolome,rmsnorm,validation
25,2.65887770478812,0.132201808998422,0.0618965312134969,0.1697023120664215,2.65887770478812,,5,Ellagic acid,food_metabolome,rmsnorm,validation
26,0.3953538253362804,0.0008939828750594,8.160917614168838e-06,0.0008981137384903,1.243220625205666,0.0562071053885261,28,Epigallocatechin,food_metabolome,rmsnorm,validation
28,0.4946105466622459,0.0078389108577531,0.0003267355263472,0.0081668977426085,0.5329763822904822,0.0342205191234119,26,Ferulic acid,food_metabolome,rmsnorm,validation
33,1.7771665433440058,0.2210905959308443,0.3595716696102952,0.6315047186266035,2.207571494000379,0.1631479783826049,19,Gallic acid,food_metabolome,rmsnorm,validation
35,0.8961085208483064,0.0102476969771687,0.0015788417595923,0.0111331791917175,0.8298869092301899,2.6178704229193364,27,Genistein,food_metabolome,rmsnorm,validation
43,0.4242550207827977,0.0012939929331949,7.523356923764275e-06,0.0012985832413674,1.001954631766368,0.1091461420644866,17,Glycitein,food_metabolome,rmsnorm,validation
47,0.6596667224050081,0.0013506331279062,1.6351660420327745e-05,0.0013593579891438,0.6785489554877652,0.0365530306740234,34,Histamine,food_metabolome,rmsnorm,validation
50,0.5488728595497304,0.0047199205688962,0.0002428319099806,0.0048450285393165,1.454640168372124,0.0054124742562943,16,Isorhamnetin,food_metabolome,rmsnorm,validation
51,0.6586610286765713,0.0024276729275221,2.810058135042852e-05,0.0024447000182665,0.910947392991388,0.3578580558396746,57,Kaempferol,food_metabolome,rmsnorm,validation
52,0.1627765040361964,0.1344097342418118,0.034306834731704,0.247140536709972,0.1627765040361964,,23,Lactic acid,food_metabolome,rmsnorm,validation
53,1.0484837804641525,0.0001947864428105,1.1391599842537005e-07,0.0001948438795259,1.0484837804641525,,4,Lariciresinol,food_metabolome,rmsnorm,validation
54,0.4024119092777095,0.0007943361846598,3.1511496642270835e-06,0.0007963779747697,0.4024119092777095,,14,Lutein,food_metabolome,rmsnorm,validation
55,0.5086833029927867,0.005351161686221,0.0004276723668969,0.0055887702069242,1.2137496038320237,0.0205604793348537,44,Luteolin,food_metabolome,rmsnorm,validation
56,0.242202719519236,0.0997118339358021,0.0229813202088268,0.1520241987948515,0.242202719519236,,49,Malic acid,food_metabolome,rmsnorm,validation
58,1.468498794528159,0.0001357507553199,8.926361433315107e-08,0.0001357953981247,1.819012012892005,0.0664459210727716,5,Matairesinol,food_metabolome,rmsnorm,validation
61,0.4829802726504531,0.0011005504490307,8.654601592584427e-06,0.0011060043503177,0.6487106311190384,0.2698983831908434,48,Myricetin,food_metabolome,rmsnorm,validation
62,0.4421457910033284,0.0161412522725646,0.0019998396776216,0.0184653447666622,1.089610191089384,0.0644582242864626,19,Naringenin,food_metabolome,rmsnorm,validation
65,0.2502740057856581,0.0188831220390027,0.0005718396239638,0.0215852070630108,0.2502740057856581,,4,Oxalic acid,food_metabolome,rmsnorm,validation
66,0.5555427954728588,0.0002814732247783,5.784654372284568e-07,0.0002817977430336,1.582423254682639,0.1447906117889468,14,Pelargonidin,food_metabolome,rmsnorm,validation
67,0.2593030380799034,0.0009165261554005,5.945086138696574e-06,0.0009206460242151,0.8404329992846769,0.0010230553222262,13,Peonidin,food_metabolome,rmsnorm,validation
72,0.7953803444745198,6.861031985400355e-05,9.117252842729812e-09,6.861498855181894e-05,0.7953803444745198,,4,Pinoresinol,food_metabolome,rmsnorm,validation
77,0.2563181413320964,0.0024427363147623,5.088845698222119e-05,0.0025025981419726,0.2563181413320964,,17,Putrescine,food_metabolome,rmsnorm,validation
79,0.6103673507637473,0.0047552111366095,9.535418221025105e-05,0.0048273449039008,0.7156994100039854,0.2757831625888731,71,Quercetin,food_metabolome,rmsnorm,validation
82,0.3827759325355224,0.330851870248717,0.1858485869765838,0.6682910500342647,0.5729014436302025,0.002524910346162,6,Rosmarinic acid,food_metabolome,rmsnorm,validation
83,1.087637169767042,0.0001130092677867,2.2685393867881506e-08,0.0001130230296281,1.087637169767042,,5,Secoisolariciresinol,food_metabolome,rmsnorm,validation
88,0.1207551383423207,0.0004097391519955,5.224521383219352e-07,0.0004101221635508,0.1328306521765527,0.0,11,Spermine,food_metabolome,rmsnorm,validation
90,0.8618569883727241,0.0066261358695979,0.000249930051037,0.0067765274232339,0.965791063604407,0.5154100709337804,13,Syringic acid,food_metabolome,rmsnorm,validation
91,0.3893756895221191,0.2156492598435609,0.1240947742857799,0.6525544144868851,0.3893756895221191,,5,Tartaric acid,food_metabolome,rmsnorm,validation
92,0.2998434870918444,0.0005647803994123,7.817699318356846e-07,0.000567581436338,0.2998434870918444,,9,Taurine,food_metabolome,rmsnorm,validation
93,0.0270426848385821,0.0039129699740238,0.0005469532253671,0.0050406398332754,0.3691439343110673,0.0057438191689453,1928,Theobromine,food_metabolome,rmsnorm,validation
96,0.2976728798314109,0.0021275141050806,1.5171860057522626e-05,0.0021480529937986,0.3368530769022902,0.0625916974061348,21,Tyramine,food_metabolome,rmsnorm,validation
98,0.4129729280087382,0.001009819712123,4.1975989251781154e-06,0.0010154085598451,0.3662297118872274,0.6233174005555366,11,Vanillic acid,food_metabolome,rmsnorm,validation
103,0.5517859619109274,0.0047103231394584,0.0001590847670228,0.0048204391209802,0.6399183483378448,0.0229916433494235,28,p-Coumaric acid,food_metabolome,rmsnorm,validation
104,0.0476534895744645,0.0368322712151349,0.0047307111648221,0.072167199741828,0.0482743856672089,0.004614101327411,1547,Alanine,nutrition,rmsnorm,validation
105,0.1462806187947867,0.0140371790252738,0.0011816946667815,0.0157423268757051,0.2305426706697201,0.0451147099815591,1128,Arachidonic acid (20:4n-6),nutrition,rmsnorm,validation
106,0.0681352848905356,0.0560077139306807,0.0102386137501783,0.1189859850497772,0.0680179059754819,0.0704500534159205,1727,Arginine,nutrition,rmsnorm,validation
107,0.3188688047664082,0.0075853169565665,0.0002410126506435,0.007881959154328,0.4485484619692431,0.1004609610563705,102,Ascorbic acid (vitamin C),nutrition,rmsnorm,validation
108,0.1034134143623589,0.1078728595720237,0.0409032110033626,0.4221848606383639,0.104575025616367,0.0237972375971802,3606,Ash,nutrition,rmsnorm,validation
109,0.0515658036085738,0.0537185918654387,0.0090007088011561,0.1249437528323288,0.0515726531072862,0.051052433680079,1519,Aspartic acid,nutrition,rmsnorm,validation
110,0.0895869786828462,0.21477655191707,0.1421600825377261,2.7890074660258555,0.0969057212675488,0.0104530744857488,756,Available carbohydrate,nutrition,rmsnorm,validation
111,0.0879309208346146,0.0151981884799174,0.0012974259962183,0.0181931065274642,0.1201898583705551,0.009587786818759,48,Beta-sitosterol,nutrition,rmsnorm,validation
112,0.1748934183258352,0.0066005749069601,0.0019264406570858,0.0080180978756084,0.1693644956090326,0.3139091703642112,498,Betaine,nutrition,rmsnorm,validation
113,0.3817137341106631,9.48722574569934e-05,2.0563593005813616e-06,9.592741352667212e-05,0.3904428645086742,0.3040978170709117,1768,Biotin,nutrition,rmsnorm,validation
114,0.0963715850069264,0.0132963012887063,0.0019208219918984,0.0181017502834195,0.2303772112653336,0.024693400340176,2269,Butyric acid (4:0),nutrition,rmsnorm,validation
115,0.3127735537771014,0.032176613431411,0.0080723584617712,0.0436398098833572,0.3140845062674299,0.2549811272870305,6878,Calcium,nutrition,rmsnorm,validation
116,0.166907044946902,0.0047237149548254,0.0001180017525144,0.0050459304771287,0.1968634775197425,0.0620595309419603,36,Campesterol,nutrition,rmsnorm,validation
117,0.2755851713716524,4.865873800632612e-05,1.257199874853133e-07,4.8721680888448e-05,1.2287446171144425,0.0003361369695717,2524,"Carotene, alpha",nutrition,rmsnorm,validation
118,0.4211833789259832,0.0003395191621409,3.566143471701056e-06,0.000341858857546,0.6446216136693518,0.0845729716867179,3736,"Carotene, beta",nutrition,rmsnorm,validation
119,0.5465756438094928,0.5024767791533757,1.0294333968662377,4.061025175690651,0.5494946806040197,0.5276019046450667,15,Cellulose,nutrition,rmsnorm,validation
120,0.1850004139059385,0.0817155526394934,0.0200643854239523,0.2705725301636649,0.1850004139059385,,343,Chloride,nutrition,rmsnorm,validation
121,0.2621707477681101,6.904149157407123e-07,1.3327331371784738e-11,6.904243247022534e-07,0.4028537669744327,0.0790964876751141,695,Cholecalciferol (vitamin D3),nutrition,rmsnorm,validation
122,0.1171512631536705,0.0285315970660806,0.056356029208583,0.1626581837616194,0.1910288611811089,0.0100928427203817,3992,Cholesterol,nutrition,rmsnorm,validation
123,0.1268694128595748,0.0076858793293253,0.0003437557502413,0.008418373346894,0.129140023276008,0.0508246058219383,1897,"Choline, total",nutrition,rmsnorm,validation
124,0.3991346933926706,5.344403028585024e-05,8.773278247973774e-08,5.35119770665296e-05,0.4944181816703878,0.1427905303758901,278,Chromium,nutrition,rmsnorm,validation
125,0.1701800507266067,6.722088577124361e-07,1.2751954664708667e-11,6.722202382569259e-07,0.2669631223009455,0.0172981057994764,4402,Cobalamin (vitamin B12),nutrition,rmsnorm,validation
126,0.1010086890436115,0.0106465085131221,0.0004574296673832,0.0146880705444776,0.1128782619274588,0.0159434167093723,98,Conjugated linoleic acids (18:2 CLA isomers),nutrition,rmsnorm,validation
127,0.2451955860652308,0.000123258677256,1.5756370717421136e-06,0.000124107058771,0.2477066182475545,0.1690770125726088,5038,Copper,nutrition,rmsnorm,validation
128,0.255937918311871,1.9527688853489087e-05,4.899122874842917e-08,1.955222657464743e-05,1.0607304595056577,0.0060872229349594,2450,"Cryptoxanthin, beta",nutrition,rmsnorm,validation
129,0.0723099826152859,0.0217891311779497,0.0014934716047278,0.0271842720338504,0.0732603401772719,0.0193715465698411,1531,Cystine,nutrition,rmsnorm,validation
130,0.194033975412824,0.0231457430616972,0.0097438182698292,0.0372817005172501,0.3334847216788739,0.0519276346999876,2996,Decanoic acid (10:0),nutrition,rmsnorm,validation
131,0.1635419976986775,0.2171979502999226,0.1180705406458754,1.035710589138721,0.1967980881647699,0.0354045040898214,2543,"Dietary fibre, total",nutrition,rmsnorm,validation
132,0.1170655275976873,0.0134819661870465,0.0046126930880055,0.0294039352269315,0.3647132288655229,0.0172883501069789,2886,Docosahexaenoic acid (DHA; 22:6n-3),nutrition,rmsnorm,validation
133,0.2854552866474807,0.0185232454931042,0.0091037762870466,0.028657180747124,0.4036663996027295,0.1310964676421972,1047,Docosanoic acid (22:0),nutrition,rmsnorm,validation
134,0.135011425906669,0.005907227401211,0.0013614402604409,0.0079982660405978,0.3494306428219306,0.0327932166823283,2934,Docosapentaenoic acid (DPA; 22:5n-3),nutrition,rmsnorm,validation
135,0.1595741362264351,0.0016528867198706,1.733772199851807e-05,0.0016661380381329,0.2825292506173497,0.0263727623029443,75,Docosatetraenoic acid (22:4; isomer unspecified),nutrition,rmsnorm,validation
136,0.1321605084697034,0.0136280294295798,0.0129301566433925,0.0468641699045798,0.7172144457513221,0.0299635867330104,733,Docosenoic acid (22:1; cis/trans unspecified),nutrition,rmsnorm,validation
137,0.3022095421330744,0.0534783381024666,0.0601524755655382,0.1723575233331643,0.4280127675852124,0.0910855805194529,3352,Dodecanoic acid (12:0),nutrition,rmsnorm,validation
138,0.2356385712609834,0.0148531394566531,0.0024784221153517,0.0179716066533095,0.2348468926688553,0.2393107075555437,998,Eicosanoic acid (20:0),nutrition,rmsnorm,validation
139,0.1502456044879896,0.0120258726830978,0.0050859326799527,0.0236627626537578,0.4468608346298265,0.025832895248451,3202,Eicosapentaenoic acid (EPA; 20:5n-3),nutrition,rmsnorm,validation
140,0.1035084696440497,0.0094863234159469,0.0013279005794443,0.011202075267912,0.176668246530324,0.049462508340676,772,Eicosatetraenoic acid (20:4; isomer unspecified),nutrition,rmsnorm,validation
141,0.2036773347250514,0.004610959508079,0.0004648315463416,0.004882175008083,0.4401522758819808,0.0590703563197349,224,Eicosatrienoic acid (20:3; isomer unspecified),nutrition,rmsnorm,validation
142,0.1593938497050106,0.0016988688633846,2.1816457407533148e-05,0.0017292816880728,0.2044697141504886,0.1157266060234538,63,Eicosatrienoic acid (20:3n-3),nutrition,rmsnorm,validation
143,0.130010843993002,0.0034337816157094,9.92139381695182e-05,0.0035568905310716,0.1746517042237612,0.0579767286206406,230,Eicosatrienoic acid (20:3n-6),nutrition,rmsnorm,validation
144,0.2352695981524748,0.022762897503676,0.0051208205386228,0.0341921007234898,0.2785312195759644,0.1543806262437716,2654,Eicosenoic acid (20:1; isomer unspecified),nutrition,rmsnorm,validation
147,0.0165899633366243,0.0485280181403808,0.1220170067349354,0.2638814824921152,0.8128676725123439,0.0002759810022925,3138,Ethanol,nutrition,rmsnorm,validation
148,0.0833256243790844,0.1503708717924939,0.1165521632388752,1.4926525596825555,0.0851917802315456,0.0354777273932008,4833,"Fat, total",nutrition,rmsnorm,validation
149,0.1020931467980545,0.1282583633783149,0.053750272637442,0.9344727273045816,0.1060129412670647,0.0350447348850864,3886,"Fatty acids, total monounsaturated",nutrition,rmsnorm,validation
150,0.1720011305657847,0.159654172703196,0.0775483778621701,0.7918755366966791,0.1764300353546729,0.0788591252773315,3896,"Fatty acids, total polyunsaturated",nutrition,rmsnorm,validation
151,0.1068831469729005,0.1256232160535234,0.0500200201733562,0.8598059103621604,0.1111816563704622,0.0240499021045624,4023,"Fatty acids, total saturated",nutrition,rmsnorm,validation
152,0.1916289888271971,0.0652773496434767,0.0382035745830698,0.1338862913469962,0.2689594539039399,0.0581889769970968,1172,"Fatty acids, total trans",nutrition,rmsnorm,validation
153,0.1776753006520507,0.0519929509891207,0.0429553699505871,0.1411416449305971,0.1828521003373486,0.146890598523479,521,"Fatty acids, total trans-monoenoic",nutrition,rmsnorm,validation
154,0.1968254202607505,0.0202456381470316,0.0046493693678487,0.0296169002449979,0.2251520167888448,0.1018638776141868,457,"Fatty acids, total trans-polyenoic",nutrition,rmsnorm,validation
155,0.2603308768362446,1.470386583506489e-05,1.950694531361153e-09,1.4706011384715588e-05,0.2736371980456156,0.1146632812966219,3170,"Folate, food",nutrition,rmsnorm,validation
156,0.2691355426865647,2.2096681698355866e-05,5.895637957728363e-09,2.2102590853989463e-05,0.2820463648894115,0.1060061716253309,3886,"Folate, total",nutrition,rmsnorm,validation
157,0.1522867952415231,1.6222540669470622e-05,5.362315909096195e-09,1.6228172868527047e-05,0.2868154103785064,0.0322367567877221,3100,Folic acid,nutrition,rmsnorm,validation
158,0.2737571290641982,0.2106234517240943,0.1514924446797436,0.6595925920108128,0.363954551710064,0.0547031851363946,1959,Fructose,nutrition,rmsnorm,validation
159,0.2134041936162732,0.0255944321283244,0.0146757705250355,0.0380732346293951,1.0796326885076692,0.00336044370322,1460,Galactose,nutrition,rmsnorm,validation
160,0.3006616798472745,0.2373775040635831,0.1775527670223232,0.7231905251947939,0.3715170414404219,0.0686917161226973,2003,Glucose,nutrition,rmsnorm,validation
161,0.0492464187020357,0.0742908927007551,0.0194864446345128,0.2495457025376078,0.0498230163265015,1.1388212926631112e-05,1555,Glutamic acid,nutrition,rmsnorm,validation
162,0.0798150097293689,0.0566352118648306,0.0122089724078887,0.1171790526252625,0.0798397819128542,0.0755959605455764,1713,Glycine,nutrition,rmsnorm,validation
165,0.139246507699304,0.0115747974950775,0.0006697456150214,0.0131628181538192,0.160822750882963,0.0732376621369408,1138,Heptadecanoic acid (17:0),nutrition,rmsnorm,validation
166,0.1651202162345952,0.007611328119291,0.0003241355760791,0.0083050208676324,0.2099973498415671,0.0960098643491989,880,Heptadecenoic acid (17:1; isomer unspecified),nutrition,rmsnorm,validation
167,0.1067807295041043,0.1047685777577418,0.0366209023033683,0.4176803887967555,0.1091983373837358,0.0405462656943655,3436,Hexadecanoic acid (16:0),nutrition,rmsnorm,validation
168,0.2121011130814853,0.0487449029389931,0.0122218750240367,0.0781424296894091,0.2312433323867474,0.1191975420532796,878,Hexadecenoic acid (16:1; cis/trans unspecified),nutrition,rmsnorm,validation
169,0.080217643280704,0.0090413168641799,0.0011032635271821,0.011073398231092,0.2315950155430308,0.0150060341994892,2651,Hexanoic acid (6:0),nutrition,rmsnorm,validation
170,0.0559844666851636,0.030048713584422,0.0029029375716499,0.0492331892557727,0.0568537549870485,0.0088051276057889,1562,Histidine,nutrition,rmsnorm,validation
171,0.0675943110486905,0.0173027300987951,0.0011561935651789,0.0205383150587186,0.0861259648863271,0.0034250022377697,299,Hydroxyproline,nutrition,rmsnorm,validation
172,0.2495202017803965,0.3108898021286859,0.1661015449131294,2.3450954662542527,0.2626528439793647,0.0,20,Insoluble dietary fibers,nutrition,rmsnorm,validation
173,0.2392424603507437,0.0012777819034474,2.688141116809974e-05,0.0012975577541683,0.2434699051151817,0.0972857982157414,5716,Iron,nutrition,rmsnorm,validation
174,0.0449594675500818,0.0318639416824066,0.0032536019018535,0.0571482686170215,0.0455811039295408,0.0110060044046504,1564,Isoleucine,nutrition,rmsnorm,validation
175,0.5101223865472745,0.2178070828946843,0.1136869740012918,0.4545019825945298,0.5101223865472745,,15,Isomeric linoleic acids (18:2),nutrition,rmsnorm,validation
176,0.7149834773768412,0.120885479815182,0.0421948239721922,0.1856844682744088,0.3800096078509734,1.1935175766995094,17,Isomeric linolenic acids (18:3),nutrition,rmsnorm,validation
177,0.0903690633544556,0.0836699156026768,0.0498147008838548,0.2604872807097758,0.2477840770962377,0.0166851637803901,1909,Lactose,nutrition,rmsnorm,validation
178,0.0405086418644832,0.0397569189114922,0.0050057568561237,0.0893682214164162,0.0409647875745239,0.0053398076203444,1562,Leucine,nutrition,rmsnorm,validation
179,0.5263392517037968,0.3969752526337435,0.6013406454872674,3.131800211404505,0.6318571904471247,0.1834059507879814,17,Lignin,nutrition,rmsnorm,validation
180,0.1823513561000667,0.1407636656204141,0.0561266643104711,0.7036912854781845,0.1870050828309588,0.066634651041537,1345,Linoleic acid (18:2n-6),nutrition,rmsnorm,validation
181,0.308699628416086,0.0001973388557207,1.0381278912947538e-06,0.0001982997568627,0.4038999388563233,0.0744891842406701,1277,Lutein + zeaxanthin,nutrition,rmsnorm,validation
182,0.0693338245679636,0.0001939649005087,1.9234592514796404e-06,0.0001951594823414,0.598594635435172,0.0067479654130149,2090,Lycopene,nutrition,rmsnorm,validation
183,0.05291859802102,0.0450625417529237,0.0055426325144967,0.1022658995608864,0.0536009932797462,0.0048717682134402,1571,Lysine,nutrition,rmsnorm,validation
184,0.170986193679741,0.0116586946436178,0.0011639969699361,0.0132106895069553,0.1730353009207591,0.0510810135141413,6213,Magnesium,nutrition,rmsnorm,validation
185,0.2518965459542602,0.1079581707120715,0.0755705675988136,0.2147554315798475,0.4989845086269222,0.053951119788035,1924,Maltose,nutrition,rmsnorm,validation
186,0.2894154393692452,0.0003893786397327,7.643403016040151e-06,0.0003937944826031,0.2909849538820823,0.2569337467590089,3266,Manganese,nutrition,rmsnorm,validation
188,0.1471586912548898,1.0890875629158388e-06,2.0455515441615423e-12,1.0890907347348794e-06,0.1635096569498776,0.0,10,Menaquinone-4,nutrition,rmsnorm,validation
189,0.0612328438238129,0.0269885037323961,0.0021874167968974,0.0394476094126448,0.0622836250139423,0.0121862021895194,1570,Methionine,nutrition,rmsnorm,validation
190,0.2980891411804895,1.983499280435463e-05,6.712722332566161e-09,1.984016429538666e-05,0.3338043304868454,0.1217453939803574,190,Molybdenum,nutrition,rmsnorm,validation
191,0.1969624410882895,0.0009907814971894,7.027332640947961e-06,0.0009980446583057,0.2029628005540754,0.0541769363566799,5427,Niacin,nutrition,rmsnorm,validation
192,0.1665658742979035,0.0011930285044228,1.195839685002434e-05,0.0012072172691648,0.1743464399317147,0.03009722310169,1168,Nicotinic acid,nutrition,rmsnorm,validation
193,0.277779771462437,0.204547507924186,0.1522357416513735,0.9969491397203216,0.2799607388164682,0.2156573787653554,914,Octadecadienoic acid (18:2; isomer unspecified),nutrition,rmsnorm,validation
194,0.1379216962247738,0.0933980754464383,0.0315229369698471,0.272822356981298,0.144126228521848,0.0348816753151291,3429,Octadecanoic acid (18:0),nutrition,rmsnorm,validation
195,0.0661099708167713,0.0046250419684535,0.0016981118747902,0.0080544582012228,0.6516611144299438,0.0079129917114866,719,Octadecatetraenoic acid (18:4; isomer unspecified),nutrition,rmsnorm,validation
196,0.3429648790870458,0.0648083797158311,0.0225258815796433,0.108139300706745,0.3479258133927319,0.2876571655439234,899,Octadecatrienoic acid (18:3; isomer unspecified),nutrition,rmsnorm,validation
197,0.2024563986794097,0.2402207554346784,0.1704726975015177,1.536056634828072,0.2088258725066207,0.0428555830661514,912,Octadecenoic acid (18:1; cis/trans unspecified),nutrition,rmsnorm,validation
198,0.1525389891326413,0.0201323028672693,0.0108215498150665,0.033053715328915,0.3590940434175272,0.026493428165863,2755,Octanoic acid (8:0),nutrition,rmsnorm,validation
199,0.208714157865972,0.0003116304831459,6.368818805204174e-06,0.0003151956421862,0.2145445838940168,0.1220432066259455,2974,Pantothenic acid (vitamin B5),nutrition,rmsnorm,validation
200,0.1756089614556258,0.0086666456649402,0.0009411200514473,0.0098013246617185,0.2214876291264093,0.0873467259585004,1081,Pentadecanoic acid (15:0),nutrition,rmsnorm,validation
201,0.1121581517005011,0.002875625353518,0.000665110352687,0.003261285782951,1.5159650024102926,0.0003231664411403,777,Pentadecenoic acid (15:1; isomer unspecified),nutrition,rmsnorm,validation
202,0.0401588245591367,0.0288694378862052,0.0028170139102084,0.0498701283694549,0.0407247664073858,0.0082645266410624,1573,Phenylalanine,nutrition,rmsnorm,validation
203,0.1286133446782289,0.0334314473700546,0.0046218857469003,0.0426946325470078,0.1315899843057723,0.016433567115993,5470,Phosphorus,nutrition,rmsnorm,validation
204,0.1717805406175229,0.0180588287506653,0.0019279108837664,0.0204852680719363,0.2453906100759478,0.083448457267413,66,Phytosterols,nutrition,rmsnorm,validation
205,0.1606604572778983,0.0647760336628567,0.0154713487693749,0.101879175540262,0.1625665939846331,0.0572189458877717,5513,Potassium,nutrition,rmsnorm,validation
206,0.0616614844408004,0.0526247512614279,0.0090030978547271,0.1042234110043106,0.0625376326125408,0.0060990878829294,1546,Proline,nutrition,rmsnorm,validation
207,0.0821439190639341,0.1665122555296827,0.0725631868264448,1.612762119540891,0.0846693310952094,0.0186473194909451,4633,"Protein, total",nutrition,rmsnorm,validation
208,0.2519919790888115,8.269111102532927e-05,6.34028784227233e-07,8.307247004258798e-05,0.4396698024624837,0.0546599000480267,5057,Retinol,nutrition,rmsnorm,validation
209,0.1997464056643778,8.193452530166567e-05,5.830920574960908e-08,8.199213304368155e-05,0.2062870641680532,0.061321683686082,4691,Riboflavin (vitamin B2),nutrition,rmsnorm,validation
210,0.2018940068725783,5.777286949808709e-06,1.4184364589291995e-09,5.778095914059979e-06,0.2094953255293395,0.1092049401299237,4249,"Selenium, Se",nutrition,rmsnorm,validation
211,0.0406119114071595,0.0301347456575639,0.0030020598022655,0.0531755428721545,0.0411095619262276,0.0062287846351839,1542,Serine,nutrition,rmsnorm,validation
212,0.2635602582826886,0.0779105680378829,0.0389947657600325,0.1717524575760561,0.2659762922066257,0.1578232125643744,4705,Sodium,nutrition,rmsnorm,validation
213,0.2214783934644544,0.2214783956339548,0.1649399087949502,0.5363592646053049,0.3137089209803427,0.0985043567766033,14,Sorbitol,nutrition,rmsnorm,validation
214,0.124545358350295,0.3379599973484317,0.4559181880279123,3.733174203311748,0.1714591696733872,0.0350329084798735,1292,Starch,nutrition,rmsnorm,validation
215,0.0444635024630486,0.014931197371133,0.0062831941637122,0.0187739009058934,0.8857062094815437,0.0001875705147067,140,Stearidonic acid,nutrition,rmsnorm,validation
216,0.1387249841229031,0.002397514611922,2.7875738512843205e-05,0.0024608704091861,0.2032107009440416,0.0312487894210055,48,Stigmasterol,nutrition,rmsnorm,validation
217,0.3260691740239438,0.3610250179922949,0.4019697909815687,2.33913206789976,0.3957398041575583,0.1403408373121982,1021,Sucrose,nutrition,rmsnorm,validation
218,0.2477890592360436,0.3810224982310262,0.342334487789622,3.5505714238264208,0.2604068798797447,0.1493654257964222,3185,"Sugars, total",nutrition,rmsnorm,validation
219,0.3947361872973112,0.09878956242509,0.0162907172642693,0.1180925420447438,0.3947361872973112,,20,Sulfur,nutrition,rmsnorm,validation
220,0.2074985674449205,0.0057153719113301,0.0004106907696771,0.0061362736800943,0.2909484739159443,0.1025433629477506,806,Tetracosanoic acid (24:0),nutrition,rmsnorm,validation
221,0.2035832641347315,0.0627698499805694,0.0373444949599496,0.1590649082066748,0.2327587948373439,0.0467419968191581,3308,Tetradecanoic acid (14:0),nutrition,rmsnorm,validation
222,0.149180229532102,0.0102253184612055,0.0009732246612095,0.012285999763429,0.2228404350734415,0.0497629276456759,1002,Tetradecenoic acid (14:1; isomer unspecified),nutrition,rmsnorm,validation
223,0.2373482861660495,7.873741131509879e-05,8.681692745092784e-08,7.880366683550066e-05,0.245187397607107,0.1047633243747867,5049,Thiamin (vitamin B1),nutrition,rmsnorm,validation
224,0.0470636667081876,0.031531209756368,0.0029167260716228,0.055358527542996,0.0476588327921958,0.005456146835247,1560,Threonine,nutrition,rmsnorm,validation
225,0.2728744028607009,4.8735607886262655e-05,6.79696742049579e-08,4.8774864900253255e-05,0.3613109452753916,0.1114934638919297,1452,"Tocopherol, beta",nutrition,rmsnorm,validation
226,0.2989936361481545,0.0001774273194866,1.2586451733975235e-06,0.0001783026933521,0.4260181768087731,0.1301069742873175,1454,"Tocopherol, delta",nutrition,rmsnorm,validation
227,0.4060536325412743,0.0008743417855616,1.1633341251563974e-05,0.0008864210186513,0.4435812887240091,0.2486514692137784,1548,"Tocopherol, gamma",nutrition,rmsnorm,validation
228,0.4082464514591229,8.219842664495008e-05,2.475585542211928e-07,8.232785158023988e-05,0.5234040413620342,0.1825507738270559,1033,"Tocotrienol, alpha",nutrition,rmsnorm,validation
229,0.139691921235532,5.844004916439475e-05,3.0995601366755694e-08,5.846320016425818e-05,0.4786420795366215,0.0624183100166308,237,"Tocotrienol, beta",nutrition,rmsnorm,validation
230,0.0331559907415004,4.5749793374018775e-06,7.966167008738913e-10,4.575377784148433e-06,0.5940490810814129,0.0003108998657398,235,"Tocotrienol, delta",nutrition,rmsnorm,validation
231,0.3526174861462635,7.040313763282282e-05,7.956369207091405e-08,7.044368553070577e-05,0.7021346654887605,0.1245637237383931,233,"Tocotrienol, gamma",nutrition,rmsnorm,validation
232,0.0559969852100654,0.0006006554126579,1.3363267179121072e-05,0.0006073946404029,1.209846959530464,0.000523428752354,109,Tridecanoic acid (13:0),nutrition,rmsnorm,validation
233,0.0959435913884236,0.0223898085798863,0.0015809545887714,0.0269218986824858,0.0971186897148749,0.071463637984604,2819,Tryptophan,nutrition,rmsnorm,validation
234,0.0532988464045827,0.031846782306091,0.0027483006184583,0.0513643364595772,0.0541202103847607,0.0089346019796044,1553,Tyrosine,nutrition,rmsnorm,validation
235,0.0466223695409663,0.0361028931075851,0.0040898209638914,0.0687292651121737,0.0472394421084238,0.0052248490371859,1566,Valine,nutrition,rmsnorm,validation
236,0.1969658901106951,7.374000299101471e-05,6.496570050676006e-08,7.379636680315473e-05,0.2047731058014324,0.067170929252187,282,Vitamin B6 - Pyridoxin,nutrition,rmsnorm,validation
237,0.2296645894342387,6.133703848153026e-07,3.1766095111476435e-11,6.133902547964452e-07,0.4241765553497827,0.0758840897847414,4761,Vitamin D (D2 + D3),nutrition,rmsnorm,validation
238,0.1509778527514563,1.0141239214884427e-07,8.292130885116353e-13,1.0141281114958685e-07,0.8002100364438929,0.0088998933087931,1168,Vitamin D2 (ergocalciferol),nutrition,rmsnorm,validation
239,0.066912886754943,0.2477703557429441,0.2562137763647814,7.411135129754217,0.0671159616681063,0.0438922415079918,5247,Water,nutrition,rmsnorm,validation
241,0.1922073670913208,0.0006027914520006,5.6003736007540784e-06,0.0006068857356027,0.1947860832322854,0.1009448555423982,5536,Zinc,nutrition,rmsnorm,validation
242,0.1984294566977461,0.009883182182091,0.0011500032923465,0.0108704357443106,0.3371272923734218,0.0505615161840092,250,"cis,cis-Eicosadienoic acid (20:2n-6)",nutrition,rmsnorm,validation
243,0.386325231520078,0.0050561137922851,0.0003062810506947,0.0052344021643907,0.5297226440244988,0.2255463144696669,70,cis-Docosenoic acid (22:1 cis),nutrition,rmsnorm,validation
244,0.0922268909736367,0.0188375756951064,0.0007233800190845,0.0223454831014654,0.0878050501024635,0.1839800890504825,87,cis-Hexadecenoic acid (16:1 cis),nutrition,rmsnorm,validation
245,0.1615528997097326,0.2318316623763178,0.1303164044202032,1.936884646956243,0.1615528997097326,,153,cis-Octadecenoic acid (18:1 cis),nutrition,rmsnorm,validation
246,0.2058501914641771,0.0032547799502953,0.0001246157336758,0.0033627028157235,0.4436777269029398,0.0603139384344866,108,cis-Tetracosenoic acid (24:1 cis),nutrition,rmsnorm,validation
247,0.2481225313426906,0.0200535800510635,0.0018085556927719,0.0216413137822278,0.1600892769908915,1.0844384476847817,21,"trans,trans-Linoleic acid (18:2 trans,trans)",nutrition,rmsnorm,validation
248,0.0758370087791023,0.0001097085547385,9.756076414316457e-08,0.0001097675120787,0.5760326980392758,0.0214679121203878,51,trans-Docosenoic acid (22:1 trans),nutrition,rmsnorm,validation
249,0.1021507224879741,0.0025950301217289,1.6361324115143752e-05,0.0026489287060438,0.1496165313629374,0.0004382748987671,66,trans-Hexadecenoic acid (16:1 trans),nutrition,rmsnorm,validation
250,0.2187095689702576,0.0238187671905582,0.003940610569321,0.0288935120836583,0.2364981741710682,0.0141406091609351,75,trans-Linoleic acid (18:2; isomer unspecified),nutrition,rmsnorm,validation
251,0.259338837603441,0.1258472987790843,0.1326567058559971,0.4171675725219215,0.2646522942890852,0.2290752364808589,154,trans-Octadecenoic acid (18:1 trans),nutrition,rmsnorm,validation
