axis_index,scaled_log_mae,log_mae,log_mse,raw_mae,positive_scaled_log_mae,zero_scaled_log_mae,candidate_support,canonical_name,loss_group,method,partition
2,0.03918996159674531,0.021566237376717475,0.0025572697413899035,0.08327005632729399,0.04108233787170255,0.007019564922472343,54,Acetic acid,food_metabolome,mae,train
7,0.24613986337669086,0.01060890924178792,0.013610534774697711,0.023794234981445707,0.7912014381252782,0.0026790266556552247,217,Apigenin,food_metabolome,mae,train
9,0.12272292956976387,0.002349995471582569,0.0001472839518081206,0.0025423306594150917,0.12316052008108624,0.1167716986157794,73,Benzoic acid,food_metabolome,mae,train
11,0.08822767418258934,0.0016800526446309689,3.2700630230002546e-05,0.0017636629408551963,0.08956445712474978,0.0,67,Cadaverine,food_metabolome,mae,train
12,0.28445547166225543,0.013926502745429791,0.00523477936393378,0.021640105529955635,0.32563037456536226,0.05237874620838063,146,Caffeic acid,food_metabolome,mae,train
13,0.08081813694876269,0.003785585086723746,0.0030816194403529055,0.006390017284954029,0.9609464353896895,4.4319195035798965e-06,10892,Caffeine,food_metabolome,mae,train
15,0.08161427126731201,0.005741216567142129,0.002124062974608633,0.00833759746632233,0.12960049776787125,0.002027359022482052,109,Catechin,food_metabolome,mae,train
16,0.1221820518491722,0.008523436940861204,0.0005616796859110671,0.009740984198061005,0.1221992407017285,0.12136792528718746,4256,Choline,food_metabolome,mae,train
18,0.08232302935414541,0.03983876758238304,0.007152808133540292,0.08565592167237461,0.08117440713763015,0.42346382765918206,298,Citric acid,food_metabolome,mae,train
21,0.20764334629188172,0.010628142637959056,0.0019930779486333114,0.013343995313523394,0.32219954183462235,1.0241870664316228e-05,90,Cyanidin,food_metabolome,mae,train
22,0.07902508653511514,0.0012172344258097692,1.0071328976909903e-05,0.0012502664604525447,0.08261713592307492,0.0,46,Daidzein,food_metabolome,mae,train
24,0.13831047843204897,0.0022776453166267418,6.0830502247558876e-05,0.002478802440618222,0.24967355360210164,0.00022026522118365953,56,Delphinidin,food_metabolome,mae,train
25,0.07543808879742793,0.0027646811139342793,5.893041706476448e-05,0.002973684223109602,0.12055431688812293,0.0002443753129362616,32,Ellagic acid,food_metabolome,mae,train
26,0.29892725968529044,0.006050743044359106,0.002741692765019489,0.007724545372820973,0.9937589894176991,7.490281113609962e-05,133,Epigallocatechin,food_metabolome,mae,train
28,0.1168056048017613,0.001585140918935688,2.1588712163807588e-05,0.0016574798010965354,0.1321809979412817,0.03783199458513386,135,Ferulic acid,food_metabolome,mae,train
33,0.17303005838462407,0.009098506815443686,0.005429907503119184,0.014072032052761464,0.2314779970950011,0.04569704905130261,89,Gallic acid,food_metabolome,mae,train
35,0.13394780089067507,0.0019749541404488775,3.811513237732803e-05,0.002061815672792033,0.1365044274517071,0.06065783947442397,89,Genistein,food_metabolome,mae,train
43,0.054809863151865604,0.00022296420722206893,3.980334844739825e-07,0.00022426366869915306,0.09676839048413603,0.0008631851532322,64,Glycitein,food_metabolome,mae,train
47,0.15756908589188165,0.00048321620158582823,2.935680983451178e-06,0.0004863331822968965,0.16147363990867594,0.03913094738245451,188,Histamine,food_metabolome,mae,train
50,0.16194479888330413,0.0036981751492813036,0.000488293175892496,0.004194246374016116,0.373443232080863,0.001362655159231679,95,Isorhamnetin,food_metabolome,mae,train
51,0.1314929297321625,0.001299716430656268,4.8229448746024133e-05,0.0014253454869758556,0.235870848365036,0.00492442997261518,281,Kaempferol,food_metabolome,mae,train
52,0.04013988229030323,0.0334501066430766,0.002856978407972489,0.06557502277251837,0.04183593365468224,0.0,74,Lactic acid,food_metabolome,mae,train
53,0.06357599797422883,0.00016302857978262971,5.901242641464568e-07,0.0001650739455092492,0.07030803252899782,0.00747571001782056,28,Lariciresinol,food_metabolome,mae,train
54,0.07413368838039726,0.0034784042756719614,0.0006542554262322438,0.004167115738360611,0.07413368838039726,,70,Lutein,food_metabolome,mae,train
55,0.18756917246885327,0.00493142170353821,0.0016508244809168495,0.006245756482711047,0.3981998731571305,0.0011092079251324573,230,Luteolin,food_metabolome,mae,train
56,0.081198408802371,0.03396948815735498,0.0050848152951213895,0.05575194659563335,0.081198408802371,,296,Malic acid,food_metabolome,mae,train
58,0.10789051245345259,0.0011719804176731487,1.5749673085754295e-05,0.0012012545307047591,0.18474613972399725,0.0035864468719991128,33,Matairesinol,food_metabolome,mae,train
61,0.16937433260435386,0.0006510591503916407,1.998666151460611e-05,0.0006624910871219488,0.3709848242456277,0.0002816621955435368,228,Myricetin,food_metabolome,mae,train
62,0.10970199247712124,0.019745378391281126,0.026048700994194297,0.04771140277211789,0.5042480991301252,0.0010588616596273817,88,Naringenin,food_metabolome,mae,train
65,0.15409039981772446,0.03740617708564498,0.005077005895991951,0.0570517802945457,0.15409039981772446,,20,Oxalic acid,food_metabolome,mae,train
66,0.19786395263377285,0.001375641603061055,5.126348637081001e-05,0.0014170247055592074,0.3953125612778972,0.0004153439896485016,52,Pelargonidin,food_metabolome,mae,train
67,0.08899216344396736,0.0005587330595350432,3.1993849862641906e-06,0.0005684477601363993,0.1827504242511768,0.002446076545004802,50,Peonidin,food_metabolome,mae,train
72,0.12014261218810493,0.0008508956848926347,1.0336761964859717e-05,0.0008682583976464755,0.13969212752035154,0.0028455201946252593,28,Pinoresinol,food_metabolome,mae,train
77,0.11934448599575166,0.0025518921015985343,5.421194849507227e-05,0.00272843571333577,0.11934448599575166,,84,Putrescine,food_metabolome,mae,train
79,0.16657185978105138,0.014387308936017237,0.02614478002506364,0.05534929625120902,0.21948136693992468,0.020614598653124983,327,Quercetin,food_metabolome,mae,train
82,0.050301376630759065,0.0457416164308426,0.006594221551032798,0.15901420137829067,0.07185910947251295,0.0,30,Rosmarinic acid,food_metabolome,mae,train
83,0.39654561792630927,0.007190816486247449,0.0016348854487975351,0.00807817359339446,0.4834254411370065,0.02006638401328831,32,Secoisolariciresinol,food_metabolome,mae,train
88,0.02454811860809433,0.00012666221728249935,4.369784138519005e-08,0.00012711772289709998,0.024144138155880436,0.04474714121878888,51,Spermine,food_metabolome,mae,train
90,0.1250397912232404,0.0006076046693601989,4.4288527859330595e-06,0.00062022766415708,0.17568100301073428,0.0017394494797770914,79,Syringic acid,food_metabolome,mae,train
91,0.07995976149918234,0.05423185798741786,0.021404621379702626,0.5446482982761288,0.08265375911985315,0.01799781622375374,24,Tartaric acid,food_metabolome,mae,train
92,0.09044917883380997,0.012504891524106911,0.0011282548545597602,0.016005769820828342,0.09044917883380997,,23,Taurine,food_metabolome,mae,train
93,0.046911213415809734,0.0064334723300274056,0.0020952547012369053,0.0077822509066851715,0.809053387192106,0.00012953011887586273,10738,Theobromine,food_metabolome,mae,train
96,0.08568715402778053,0.0013344585342583827,1.7460322259136594e-05,0.0013763204262507637,0.09374910759709036,0.005800523204619465,120,Tyramine,food_metabolome,mae,train
98,0.10891592513487766,0.0006767653470079615,5.790163525498285e-06,0.0006977895445738152,0.1359569356797682,0.012770109864155797,82,Vanillic acid,food_metabolome,mae,train
103,0.13490809512329718,0.0009408417856953718,8.549664271159231e-06,0.0009614893370675818,0.16553404270085476,0.01955035924783035,143,p-Coumaric acid,food_metabolome,mae,train
104,0.046105326159165405,0.0356986834738463,0.00614114749221864,0.07552292486926371,0.046643718385603467,0.006249437925797842,8576,Alanine,nutrition,mae,train
105,0.13502725044542183,0.013796894165577044,0.0015936880694730987,0.01595531885529986,0.2197629891108966,0.03736951488486799,6814,Arachidonic acid (20:4n-6),nutrition,mae,train
106,0.06583848638281302,0.05400399659539232,0.011864720968076298,0.11499641907319333,0.06479855396455558,0.09534068761808252,9593,Arginine,nutrition,mae,train
107,0.11986514570602884,0.004488836567588304,0.00030223707682861526,0.005216648237705517,0.1869640588695068,0.012981921197833873,586,Ascorbic acid (vitamin C),nutrition,mae,train
108,0.10463367028551676,0.1089925884407404,0.044027338490077166,0.4327474318541474,0.10539086136260276,0.05254451285007628,20257,Ash,nutrition,mae,train
109,0.046909114870772685,0.04888423539464088,0.007129623032785254,0.11162218703804141,0.047336095929784494,0.013921605838693089,8432,Aspartic acid,nutrition,mae,train
110,0.07753102531494886,0.19668903815942343,0.13216800981302357,2.532754092941884,0.0837197885306824,0.015691869109694737,4210,Available carbohydrate,nutrition,mae,train
111,0.04022677497483885,0.007656669379211497,0.0004142721072277942,0.00927721183344374,0.056079471173578956,0.0013876692879255957,207,Beta-sitosterol,nutrition,mae,train
112,0.1541599943294235,0.005236922371653271,0.0008676043748257443,0.005864874675659757,0.15442756030077803,0.14672389004219547,2764,Betaine,nutrition,mae,train
113,0.2937283426429021,0.0001031627791036443,5.14653596818419e-06,0.00010594434269669059,0.2981195397635335,0.26598243799106974,9884,Biotin,nutrition,mae,train
114,0.0815808889323822,0.011213854900283248,0.0017065029836632823,0.01602363969467832,0.20339843567861218,0.01758818338778679,12666,Butyric acid (4:0),nutrition,mae,train
115,0.30480372236083014,0.03210959000570267,0.007758511633712503,0.04172419023382824,0.30558375460979603,0.2629543599768225,39116,Calcium,nutrition,mae,train
116,0.05395174421484129,0.0026557392505701916,0.00010505441845207181,0.0030223871710534167,0.0642629461032068,0.001290963142117459,171,Campesterol,nutrition,mae,train
117,0.23521933069374962,3.948507548662867e-05,9.75675116107416e-08,3.953508017358731e-05,1.0867371801671883,0.007844946068465085,13702,"Carotene, alpha",nutrition,mae,train
118,0.3616449460941462,0.00044298164558222646,0.0006404471511580625,0.0020626647512389283,0.5709468516105598,0.05687592323290048,20968,"Carotene, beta",nutrition,mae,train
119,0.07406257439024151,0.06658381313379431,0.013140923140892527,0.5040660430604349,0.07053002575459472,0.3142758816142231,69,Cellulose,nutrition,mae,train
120,0.13695729817374455,0.05700616912995633,0.010396787641439966,0.14188083379407493,0.13574958128902492,0.26148632806483607,1874,Chloride,nutrition,mae,train
121,0.16506428847927715,4.670833749636844e-07,4.057599893565441e-11,4.671234410911334e-07,0.25007230194156155,0.060196551419078766,3865,Cholecalciferol (vitamin D3),nutrition,mae,train
122,0.11584719014337957,0.03015887233447974,0.0633948029481216,0.18395291802703806,0.1880797480186665,0.007294724173992138,22719,Cholesterol,nutrition,mae,train
123,0.11951079521996891,0.007547173553604769,0.0003155058516663379,0.008334252305501057,0.12009081792583706,0.09884547235568791,10549,"Choline, total",nutrition,mae,train
124,0.2117326247871698,1.7028874958315314e-05,1.946393603866101e-08,1.7058586846013592e-05,0.2834648509349328,0.04712375920313837,1560,Chromium,nutrition,mae,train
125,0.16628699840068795,7.338333232229612e-07,3.443796893675091e-11,7.33857354329765e-07,0.2588288152281305,0.01398475229944823,25560,Cobalamin (vitamin B12),nutrition,mae,train
126,0.07789577714600916,0.011509251727953671,0.0007308284564110235,0.016300642442616812,0.08504980226819339,0.02513484186990052,469,Conjugated linoleic acids (18:2 CLA isomers),nutrition,mae,train
127,0.23352792837313738,0.00021731300590497506,0.00022219972446580868,0.0005178873454762266,0.23535422275107543,0.1817710006334567,28684,Copper,nutrition,mae,train
128,0.21856399629888892,1.0773349394162565e-05,1.5244400179631702e-08,1.0780983543912203e-05,0.9443787159915468,0.004720589994185664,13291,"Cryptoxanthin, beta",nutrition,mae,train
129,0.06614045106805222,0.019834480542641544,0.0019348327141518109,0.025535364255112544,0.06523715386388804,0.1156675195814107,8477,Cystine,nutrition,mae,train
130,0.1667108439250036,0.019236479112812985,0.006308940657948534,0.034403465557359465,0.299187597175065,0.031218329953257063,16906,Decanoic acid (10:0),nutrition,mae,train
131,0.1640805441484747,0.21862714849607284,0.12827512464055935,1.079593468735432,0.19811055175645637,0.043291380897302924,14402,"Dietary fibre, total",nutrition,mae,train
132,0.10863673971699155,0.012787932445086513,0.003383903057388732,0.02448078057538326,0.32992860588117023,0.01467591912868657,16450,Docosahexaenoic acid (DHA; 22:6n-3),nutrition,mae,train
133,0.21540744133469547,0.012138206720589576,0.003446824245655513,0.016920957030218932,0.319492461671427,0.07736298043720191,5733,Docosanoic acid (22:0),nutrition,mae,train
134,0.12191226182267437,0.005332441585580242,0.0008010330722580903,0.007206667812330369,0.31359209984365993,0.029780802734709306,16689,Docosapentaenoic acid (DPA; 22:5n-3),nutrition,mae,train
135,0.06717286791241768,0.0012267857530636858,3.7285548175077264e-05,0.0013248448469288798,0.11616481079196239,0.01162786260949436,335,Docosatetraenoic acid (22:4; isomer unspecified),nutrition,mae,train
136,0.10040396806499238,0.009206469310482811,0.008480400092385352,0.02643017004139945,0.722147423145328,0.007764925582468871,3902,Docosenoic acid (22:1; cis/trans unspecified),nutrition,mae,train
137,0.2741207170226723,0.04618654727391049,0.03827165749563738,0.1434469946405443,0.41021848960785323,0.057008728228969525,19138,Dodecanoic acid (12:0),nutrition,mae,train
138,0.191948406743804,0.011987388554945364,0.0017436867464981124,0.015143564554232764,0.19404756200993883,0.18241591710070698,5470,Eicosanoic acid (20:0),nutrition,mae,train
139,0.1349616369857331,0.010177462559400547,0.0028803143154854946,0.018612277292149995,0.4064811417499756,0.020256877692254083,18180,Eicosapentaenoic acid (EPA; 20:5n-3),nutrition,mae,train
140,0.09600409539816866,0.00906076948877381,0.0009119329214081242,0.010614145234403604,0.1637494364244351,0.0411556972488408,4211,Eicosatetraenoic acid (20:4; isomer unspecified),nutrition,mae,train
141,0.09382819368107284,0.00197495258302046,6.128905535091381e-05,0.0020400875221529132,0.24252106053028966,0.012349689608173524,1065,Eicosatrienoic acid (20:3; isomer unspecified),nutrition,mae,train
142,0.07822154696401329,0.0011472281995252604,2.6161172270273647e-05,0.0011904514607333847,0.15120378222285744,0.01627151005825025,318,Eicosatrienoic acid (20:3n-3),nutrition,mae,train
143,0.11083445815394796,0.0026783673235775576,4.573974659465406e-05,0.002743727967050383,0.14033818412128535,0.04992581146720133,1284,Eicosatrienoic acid (20:3n-6),nutrition,mae,train
144,0.22953790174403688,0.023968710408325808,0.006029030762380861,0.036973612225551,0.267172527825265,0.15211605812949588,14951,Eicosenoic acid (20:1; isomer unspecified),nutrition,mae,train
147,0.016327910701165314,0.04744613523369482,0.12122750671738582,0.260120109015281,0.6891495748699106,5.589632521100307e-05,17741,Ethanol,nutrition,mae,train
148,0.07793734037270209,0.14213297549076032,0.09234430687312442,1.4676394924807903,0.08023507485572043,0.0245498138999986,27749,"Fat, total",nutrition,mae,train
149,0.09951370858852698,0.12514936900297222,0.04970785397433114,0.9127666588912285,0.10413951311464846,0.022814176627941198,22471,"Fatty acids, total monounsaturated",nutrition,mae,train
150,0.15574382777610254,0.1446833828395988,0.0633613188188312,0.7480186860501052,0.1612322559829072,0.05156743167736457,22517,"Fatty acids, total polyunsaturated",nutrition,mae,train
151,0.0967421951727264,0.11448723492930847,0.04051526172542989,0.7073659559067824,0.10015572019996268,0.03394013287072133,23183,"Fatty acids, total saturated",nutrition,mae,train
152,0.16016062357657337,0.05495974178186584,0.02641358363387159,0.12788940600989457,0.2316154358120773,0.03979584495422785,6323,"Fatty acids, total trans",nutrition,mae,train
153,0.12817089052711866,0.03580928170043202,0.014114146990729486,0.1193757926230893,0.14609752320785804,0.042322210650000316,2792,"Fatty acids, total trans-monoenoic",nutrition,mae,train
154,0.1452412933980029,0.014510205709163507,0.002882387798525061,0.024355139218497697,0.17437157445680848,0.05359220315651154,2496,"Fatty acids, total trans-polyenoic",nutrition,mae,train
155,0.2507512399457557,1.3780311214160562e-05,2.9937590871286283e-09,1.3782975382997695e-05,0.2616186007376846,0.13269151240729138,17790,"Folate, food",nutrition,mae,train
156,0.2568754609581178,2.4785737642519227e-05,2.361229666480144e-07,2.4908001350943066e-05,0.2671162891749636,0.1185061194336727,21997,"Folate, total",nutrition,mae,train
157,0.14061384812835362,1.3404130980844512e-05,4.942077055987884e-09,1.3408807921235868e-05,0.27121329590606624,0.028724900156044793,17266,Folic acid,nutrition,mae,train
158,0.22021060070915469,0.16873644819176803,0.10721939747949293,0.5652011121179621,0.3044419494528003,0.04262787199242059,10967,Fructose,nutrition,mae,train
159,0.18225458076491347,0.02167857451354683,0.01122713616524416,0.030717584777148584,0.9913926723908564,0.005911750836535658,8120,Galactose,nutrition,mae,train
160,0.2603685288629491,0.20487059613134215,0.14428416970674196,0.6626093935527791,0.3329672208108318,0.05815798996101432,11206,Glucose,nutrition,mae,train
161,0.04802886103955419,0.07217904808075022,0.015605906423146925,0.2483762764676563,0.04840643036583566,0.018779148724930212,8601,Glutamic acid,nutrition,mae,train
162,0.07970405828160192,0.056317716177542235,0.015234590765648849,0.1195123369145702,0.07903116407731788,0.10074052420452484,9525,Glycine,nutrition,mae,train
165,0.11459449036777171,0.009593162664189931,0.00046368248052211953,0.011099052199801616,0.134297799138596,0.05716289233171359,6293,Heptadecanoic acid (17:0),nutrition,mae,train
166,0.1367685112975313,0.006689267689889133,0.0003087881066548819,0.007304996123114148,0.1739294479176633,0.07924040295322966,4818,Heptadecenoic acid (17:1; isomer unspecified),nutrition,mae,train
167,0.09870912372067599,0.09686353400088582,0.031174664303034658,0.38553114646326286,0.10101586216087016,0.04023301334540353,19586,Hexadecanoic acid (16:0),nutrition,mae,train
168,0.17587781542256672,0.0412805976003451,0.010830564445306048,0.07380398805238582,0.20262286446526678,0.06201602798122905,4679,Hexadecenoic acid (16:1; cis/trans unspecified),nutrition,mae,train
169,0.06683507739102147,0.007911218726556256,0.0009053000421575748,0.010170737424183214,0.19424066412819907,0.01222089173208112,14771,Hexanoic acid (6:0),nutrition,mae,train
170,0.0544983392441339,0.029251704805000358,0.003027363861461871,0.04859547423277168,0.055262519758706406,0.00881024604310629,8652,Histidine,nutrition,mae,train
171,0.05830778723140086,0.015412646868487909,0.0009451573454392926,0.01871953384150527,0.0746347253631976,0.004470755340399335,1676,Hydroxyproline,nutrition,mae,train
172,0.05731267561874005,0.07232129507825726,0.011202461912476898,0.5122475453491491,0.06215265272936881,0.003328315538650051,158,Insoluble dietary fibers,nutrition,mae,train
173,0.22944233003028602,0.0012287792757111888,7.337025726255417e-05,0.0012839984857758106,0.23256765797654486,0.12029450337739768,32795,Iron,nutrition,mae,train
174,0.042017043710853824,0.029728606101364866,0.003020207637797691,0.05377843189348094,0.042561102593953744,0.010944291987741958,8660,Isoleucine,nutrition,mae,train
175,0.09477875460072505,0.057839536237119786,0.011971347286024846,0.2035077903802528,0.09698291168446284,0.0,44,Isomeric linoleic acids (18:2),nutrition,mae,train
176,0.11238233225917436,0.021986147574836773,0.0025535359829284045,0.034668208295600536,0.13573750974466392,0.08279910744422093,68,Isomeric linolenic acids (18:3),nutrition,mae,train
177,0.08164111351044769,0.07570547916862529,0.04701207443875498,0.27897769494678143,0.24698234443448006,0.011374345215499423,10711,Lactose,nutrition,mae,train
178,0.03742032083451355,0.0367240185445725,0.005851987868742986,0.08720127333759956,0.03789525590670469,0.002511344808916045,8661,Leucine,nutrition,mae,train
179,0.046065596687832104,0.027755161599848303,0.003353529123154466,0.30201868145665456,0.056101855054457785,0.01055268246746429,59,Lignin,nutrition,mae,train
180,0.16309200054690343,0.12574502243602745,0.05391369297425673,0.6362997411499948,0.16689507603883244,0.08003919881318229,7708,Linoleic acid (18:2n-6),nutrition,mae,train
181,0.2449417966045082,0.00011987444180806025,3.6572907447077235e-07,0.00012036458399064598,0.3288865564458342,0.07039617598388133,7134,Lutein + zeaxanthin,nutrition,mae,train
182,0.06320322306300691,0.0001744825416088226,1.635758163670071e-06,0.0001754612573754087,0.5763007426356866,0.0020858389967549945,11469,Lycopene,nutrition,mae,train
183,0.049330810915053355,0.042013816699994246,0.004758724592842,0.09542256778721284,0.049972142757373016,0.002685999561367783,8681,Lysine,nutrition,mae,train
184,0.15899434613483757,0.010812932062520987,0.0011949739772462561,0.012653057291020751,0.1603516259223693,0.08165548578003581,35492,Magnesium,nutrition,mae,train
185,0.23380853680502373,0.10477434411017018,0.08880014827265195,0.26289279851055103,0.5064326963474188,0.028996959720128966,10771,Maltose,nutrition,mae,train
186,0.2750583720606344,0.0003856953198617218,1.4662503512817365e-05,0.0003939518553967041,0.2787606713861665,0.18940768863353438,18010,Manganese,nutrition,mae,train
188,0.04270960185302457,6.729372938465095e-07,2.4329565416096463e-12,6.729491838243134e-07,0.04950565919397043,0.00036493688251573655,94,Menaquinone-4,nutrition,mae,train
189,0.05777432321787443,0.025112657611226916,0.002081856464322525,0.03656513030087461,0.05837308900532609,0.030643215593968657,8681,Methionine,nutrition,mae,train
190,0.13529020943472986,5.191750325501511e-06,5.858517593945048e-10,5.192630405765826e-06,0.15695789003566848,0.05612984756081394,1011,Molybdenum,nutrition,mae,train
191,0.19443866724938422,0.0011109789056240264,0.0001486177088772052,0.0012321028532877375,0.2003034443334554,0.04405990739912586,30892,Niacin,nutrition,mae,train
192,0.15870868118332956,0.0014496957383156573,0.0008074191193224869,0.0024454204056600344,0.16382896796850077,0.06687877592308614,6362,Nicotinic acid,nutrition,mae,train
193,0.20752468716002867,0.15179856999904184,0.08344741298949222,0.7934687961787866,0.21207382494914015,0.10065389790537965,4923,Octadecadienoic acid (18:2; isomer unspecified),nutrition,mae,train
194,0.12566276713686364,0.08466669748264775,0.026175430701554446,0.24142455641703375,0.13241982088309817,0.023917477863003085,19517,Octadecanoic acid (18:0),nutrition,mae,train
195,0.042407798155361644,0.002046922799865362,0.0002062012506062515,0.002723262046204632,0.4612307430632714,0.0047266055707438845,3901,Octadecatetraenoic acid (18:4; isomer unspecified),nutrition,mae,train
196,0.2738246853480909,0.05383834899219979,0.022452030425154538,0.10831181773969978,0.27834288754993486,0.22453621847132513,4835,Octadecatrienoic acid (18:3; isomer unspecified),nutrition,mae,train
197,0.1581713173197074,0.1885106826291722,0.11122841806286564,1.175382447739341,0.1625528315363738,0.05862416098646066,4910,Octadecenoic acid (18:1; cis/trans unspecified),nutrition,mae,train
198,0.1282028258942577,0.016734250286939846,0.007568544766983124,0.030695426040905187,0.316404106313929,0.012706758887049738,15315,Octanoic acid (8:0),nutrition,mae,train
199,0.20214639343682592,0.00026870303450788225,1.9332080783992035e-06,0.0002699449712218185,0.20742128162373946,0.12272019698955941,16490,Pantothenic acid (vitamin B5),nutrition,mae,train
200,0.1371946648299093,0.006497562172455696,0.0003653030613260112,0.007277392554481914,0.18006557893295802,0.05772751899168984,5999,Pentadecanoic acid (15:0),nutrition,mae,train
201,0.1009742844778799,0.0027838447482762896,0.0014462563507208906,0.004084929499371005,1.3474502033141476,0.0001472210861044725,4236,Pentadecenoic acid (15:1; isomer unspecified),nutrition,mae,train
202,0.03748786987776618,0.027018388226367283,0.0034457138391775625,0.048834183822583484,0.03797511255495548,0.006563843162080082,8673,Phenylalanine,nutrition,mae,train
203,0.13048320855181142,0.03436981139410074,0.005487272812372011,0.04501503939944437,0.13249946419050918,0.044319015828334404,31130,Phosphorus,nutrition,mae,train
204,0.07955679285374632,0.009398351497550096,0.0006604847732682335,0.011713884794572861,0.12123571152547448,0.0027484998729901825,398,Phytosterols,nutrition,mae,train
205,0.15736404231788859,0.06343792212505371,0.01548115227603857,0.10156205185170519,0.15853023035090172,0.07118814150012062,31399,Potassium,nutrition,mae,train
206,0.061786497574731425,0.052647043426935276,0.009320547067578823,0.10598571225084426,0.0625740290464175,0.007208253050510103,8583,Proline,nutrition,mae,train
207,0.08320182024176966,0.16782733732844116,0.07499886224596364,1.6626009140493583,0.08512450309422327,0.02487346206587393,26382,"Protein, total",nutrition,mae,train
208,0.22723428269630352,8.678186063952801e-05,8.014704214210722e-07,8.745133992251082e-05,0.3959491804598584,0.03917012736946013,28747,Retinol,nutrition,mae,train
209,0.19923961625250658,0.00010335606476232326,3.910525611991212e-06,0.00010548926840943902,0.20528261045013177,0.06743785327292075,27092,Riboflavin (vitamin B2),nutrition,mae,train
210,0.19571013526897332,7.0099339397110155e-06,3.34887124847599e-08,7.026897605302509e-06,0.2028372331637226,0.11476193237328194,24283,"Selenium, Se",nutrition,mae,train
211,0.039879131734567246,0.029474693519263673,0.0028814202432654434,0.05228055522917314,0.04010088843644701,0.024305536723342316,8568,Serine,nutrition,mae,train
212,0.2422428339788001,0.07169358701886774,0.026593639365499317,0.13968988571276814,0.24530243243268113,0.11728442076310558,26623,Sodium,nutrition,mae,train
213,0.040096140356323494,0.04009614168477058,0.0076184968944402395,0.9058748536862266,0.06348555556417886,0.0,76,Sorbitol,nutrition,mae,train
214,0.0997939227330939,0.29252329427705037,0.3449497423062895,2.93636618689308,0.14465222701565045,0.02151788446831521,7534,Starch,nutrition,mae,train
215,0.023682495313231244,0.009476554615528297,0.006703395514880982,0.015391379750011189,0.8985282020156532,8.933754248118186e-06,835,Stearidonic acid,nutrition,mae,train
216,0.054131370721508726,0.0016936789746036806,0.00012362899955231538,0.0019066730503640426,0.09670769417351346,0.0063942807904731145,210,Stigmasterol,nutrition,mae,train
217,0.25575911545023755,0.28401755049527205,0.28941827256304065,2.023762596557901,0.33121753599039355,0.07061014656355254,5683,Sucrose,nutrition,mae,train
218,0.20832692217989837,0.3291712546041753,0.2802995559271676,2.870786542267895,0.2242782577058353,0.10110298586153928,18095,"Sugars, total",nutrition,mae,train
219,0.029650375823092226,0.007801555520891833,0.00011458092724597915,0.009807060267034396,0.029650375823092226,,93,Sulfur,nutrition,mae,train
220,0.1699622094154067,0.007010733668310529,0.0017899793234624622,0.009181456774862588,0.23130943232143117,0.08648434122182819,4423,Tetracosanoic acid (24:0),nutrition,mae,train
221,0.16849554698074723,0.04834711620870708,0.017144048636255897,0.1044440087838985,0.19312560478000468,0.03744292482364005,18875,Tetradecanoic acid (14:0),nutrition,mae,train
222,0.12139677295307805,0.008389384006571684,0.0007036987336443383,0.010204945942459732,0.1860103443680597,0.031342118244729274,5438,Tetradecenoic acid (14:1; isomer unspecified),nutrition,mae,train
223,0.23215331193061137,9.072000544850884e-05,2.648300564501367e-06,9.215030490229572e-05,0.23911495424117044,0.10100025327243824,29067,Thiamin (vitamin B1),nutrition,mae,train
224,0.04464778095487956,0.02984900860469464,0.0025529134627150156,0.05230648656281059,0.0452063463432663,0.0027813684664803836,8656,Threonine,nutrition,mae,train
225,0.22161403712027392,3.803095127972938e-05,6.868586302152999e-08,3.806984096079718e-05,0.31208458091913754,0.07034431190688764,7747,"Tocopherol, beta",nutrition,mae,train
226,0.23738852886965517,0.0001256071156585137,7.713849341617703e-07,0.00012616946349421193,0.3606614059347767,0.0778413803005719,7687,"Tocopherol, delta",nutrition,mae,train
227,0.32564472966738717,0.0006750098078384739,7.738112766508658e-06,0.0006836791145740736,0.36966995746448283,0.1465716734770645,8262,"Tocopherol, gamma",nutrition,mae,train
228,0.3454590331728334,7.33329661284043e-05,2.278260131332959e-07,7.345823623826082e-05,0.45195994703987624,0.12289339905003638,5437,"Tocotrienol, alpha",nutrition,mae,train
229,0.06337875048277784,2.5937455664779315e-05,7.615059862313848e-09,2.5950639933014688e-05,0.27876047442507984,0.006433475922339802,1186,"Tocotrienol, beta",nutrition,mae,train
230,0.057884798066942675,1.3039174476913637e-05,8.40252648302251e-09,1.3043377163055877e-05,0.8834477169383819,5.7349371800390954e-05,1161,"Tocotrienol, delta",nutrition,mae,train
231,0.20774363859396813,6.996891559030959e-05,8.676949495289717e-08,7.005860378686327e-05,0.5476000405544603,0.008724468424169008,1167,"Tocotrienol, gamma",nutrition,mae,train
232,0.05774331438362403,0.00073954841263722,3.2654558045155024e-05,0.0007562582427845581,1.1331046422695206,7.409490709329554e-05,668,Tridecanoic acid (13:0),nutrition,mae,train
233,0.09424552555761269,0.02223270300758919,0.0020595332783708087,0.02733486037950434,0.09488583230468231,0.07992461464820125,15731,Tryptophan,nutrition,mae,train
234,0.049317721678119535,0.029277851564706265,0.002648484526639809,0.04723939542052419,0.05001168241667142,0.007484040417782586,8612,Tyrosine,nutrition,mae,train
235,0.04171803525759701,0.032258310212024,0.004726252220308653,0.06680639573498695,0.04225192403546594,0.002633605807161785,8661,Valine,nutrition,mae,train
236,0.17846815165097074,0.00026732389792633195,3.2491945108550995e-05,0.0002847370341474169,0.18533970353623277,0.09436856141343555,1774,Vitamin B6 - Pyridoxin,nutrition,mae,train
237,0.21873199459420606,8.617474770070267e-07,2.907058659978638e-10,8.619018941133778e-07,0.3835016513393739,0.07945717448779886,27304,Vitamin D (D2 + D3),nutrition,mae,train
238,0.23418964094812283,1.6972766622974567e-07,2.5311268599997106e-12,1.6972893181097612e-07,1.186565276646317,1.3848396997759675e-05,6511,Vitamin D2 (ergocalciferol),nutrition,mae,train
239,0.06574978454862229,0.24663206684381767,0.2500884516396827,7.254765663640849,0.06589463459523942,0.049887003642091865,30210,Water,nutrition,mae,train
241,0.1861406082293019,0.0006936462702674082,0.0001138090675652599,0.000782278426527729,0.18877455044924768,0.08297918094285557,31918,Zinc,nutrition,mae,train
242,0.1049317223633898,0.00449265998684399,0.00031151534950221347,0.0049596851479417805,0.2040483181667374,0.0035062541120440783,1216,"cis,cis-Eicosadienoic acid (20:2n-6)",nutrition,mae,train
243,0.07994574576628685,0.0010352387435152732,1.492105060292557e-05,0.0010765963623275004,0.17104130794148956,0.005514005940206576,298,cis-Docosenoic acid (22:1 cis),nutrition,mae,train
244,0.06595495914115931,0.01744559413992615,0.0009300617072450859,0.02283058128562671,0.06706686658096805,0.013556321040172428,385,cis-Hexadecenoic acid (16:1 cis),nutrition,mae,train
245,0.08884389738116605,0.12674905957030552,0.042609797985099354,1.1685265453546057,0.08894247282073098,0.05153309350584251,759,cis-Octadecenoic acid (18:1 cis),nutrition,mae,train
246,0.11537590160688835,0.0026933973797530243,0.00043698177360087213,0.0031105330737594113,0.2418559115857669,0.032869228430702356,461,cis-Tetracosenoic acid (24:1 cis),nutrition,mae,train
247,0.07298200952217992,0.006847442965170454,0.0003315130891320607,0.008950479818031537,0.0689809336988714,0.20661794202068426,172,"trans,trans-Linoleic acid (18:2 trans,trans)",nutrition,mae,train
248,0.13443832860367566,0.0002850986211454301,1.4055340141320692e-06,0.00028580379338005897,0.9705616290065896,0.0001387311296324982,224,trans-Docosenoic acid (22:1 trans),nutrition,mae,train
249,0.06361817894342117,0.0019180716131674816,1.2972379552024723e-05,0.0019877972943009563,0.0938333915295128,0.004433741919117972,287,trans-Hexadecenoic acid (16:1 trans),nutrition,mae,train
250,0.08922901459530082,0.011225356021631624,0.0009753150133837011,0.015343792813017775,0.09657994743848095,0.02622101879661397,335,trans-Linoleic acid (18:2; isomer unspecified),nutrition,mae,train
251,0.11869133874364136,0.055899226152554125,0.024977409576733296,0.271350902452909,0.12298821005643906,0.0843163682412597,774,trans-Octadecenoic acid (18:1 trans),nutrition,mae,train
2,0.07321694011678682,0.0380882728285056,0.005338100851778572,0.11642747122699533,0.07695255166024315,0.009711543878029368,54,Acetic acid,food_metabolome,drop25,train
7,0.28670760819802,0.010896438600055729,0.013602431042543953,0.024085384228944386,0.9159514802230573,0.00564534536017004,217,Apigenin,food_metabolome,drop25,train
9,0.21586348102483224,0.0025041605727792486,0.00021344670191217013,0.0026645820800314172,0.22581795036016705,0.08048269806427863,73,Benzoic acid,food_metabolome,drop25,train
11,0.19413233655269735,0.001492390319464445,1.0696124682160388e-05,0.0015333903245730279,0.1952716961069897,0.118934605969401,67,Cadaverine,food_metabolome,drop25,train
12,0.40981478025629037,0.016416372278185116,0.006214722137415919,0.02350541386634941,0.45772028355205024,0.13980194349837083,146,Caffeic acid,food_metabolome,drop25,train
13,0.08083649317489386,0.003785731946196911,0.0030816124518409614,0.0063901641445034355,0.9609165851984117,2.7214476663869438e-05,10892,Caffeine,food_metabolome,drop25,train
15,0.12175396711428639,0.007464133267286017,0.003317639849150726,0.010285168947580582,0.19388688328666717,0.0021188866332645835,109,Catechin,food_metabolome,drop25,train
16,0.1529317281024929,0.010811536958035363,0.0009174641749327028,0.012373233105352077,0.1535251834456823,0.12482352502961436,4256,Choline,food_metabolome,drop25,train
18,0.14078735672699705,0.06884524261583683,0.013884386216130806,0.14546597879088966,0.13997112500351105,0.3832081786023321,298,Citric acid,food_metabolome,drop25,train
21,0.2545953726863352,0.011101986442975921,0.001411553143821187,0.013663857887810193,0.39495812095552213,0.00018789144843388508,90,Cyanidin,food_metabolome,drop25,train
22,0.1062067492571761,0.0012337515406637552,5.784014584855782e-06,0.0012582976867279792,0.1105554057682335,0.010536306013913175,46,Daidzein,food_metabolome,drop25,train
24,0.23173960182744166,0.00581975665615143,0.0004174046316917846,0.006370361313947717,0.41781950971662124,0.001000516044858976,56,Delphinidin,food_metabolome,drop25,train
25,0.17743586975071715,0.008396909389338705,0.0007906994228592343,0.009586844191479323,0.28197455740412847,0.003204723661698323,32,Ellagic acid,food_metabolome,drop25,train
26,0.36213994603724,0.00606401974478041,0.002612557321958264,0.007736378435436193,1.2041153205738229,0.0,133,Epigallocatechin,food_metabolome,drop25,train
28,0.2699121365640513,0.003776261177867099,8.25151584099112e-05,0.003949418886762467,0.29616487873888975,0.1350685063023809,135,Ferulic acid,food_metabolome,drop25,train
33,0.2836135386056434,0.010907780744996959,0.006587495593574561,0.01598155540175064,0.3607048258123224,0.11566466290537854,89,Gallic acid,food_metabolome,drop25,train
35,0.1810375969745338,0.001703072124578933,3.081019826820262e-05,0.0017628378306594763,0.1856754046211916,0.04808711110367717,89,Genistein,food_metabolome,drop25,train
43,0.12422223946153144,0.0004763819927161638,1.9668299571538357e-06,0.00047889240873252376,0.22022173200738357,0.0007943204740072733,64,Glycitein,food_metabolome,drop25,train
47,0.22807121278992673,0.0005442345727421546,4.0855595565466214e-06,0.0005474257309057884,0.23422440194852084,0.04142447497923878,188,Histamine,food_metabolome,drop25,train
50,0.30391243819348024,0.004837768204316065,0.0009072973334107566,0.005367351500180552,0.697193997141725,0.005309773066109114,95,Isorhamnetin,food_metabolome,drop25,train
51,0.26113970112727214,0.002509697781400886,0.00019247115541127968,0.0027158582868682646,0.46020680236233197,0.01975124766113667,281,Kaempferol,food_metabolome,drop25,train
52,0.08778570905946015,0.07219914895114886,0.01509914033663137,0.13351402815223948,0.0914949643718317,0.0,74,Lactic acid,food_metabolome,drop25,train
53,0.10443664135464596,4.6573138149617406e-05,1.2250883859310401e-08,4.6856991575191164e-05,0.11696903831720348,0.0,28,Lariciresinol,food_metabolome,drop25,train
54,0.15553553813077986,0.0039787328207592934,0.0006972229105962433,0.004673328720388201,0.15553553813077986,,70,Lutein,food_metabolome,drop25,train
55,0.3045155649849682,0.0053976744110782095,0.0020656125116079293,0.006724715558966907,0.6231171969676136,0.022474776016724637,230,Luteolin,food_metabolome,drop25,train
56,0.1464520246561139,0.05888937413163245,0.009467944879547392,0.08724504624564905,0.1464520246561139,,296,Malic acid,food_metabolome,drop25,train
58,0.1965068706476307,0.0018818549734501216,3.9648225507279365e-05,0.0019360876785938924,0.3313289693431707,0.01353402241796931,33,Matairesinol,food_metabolome,drop25,train
61,0.24236111772323132,0.000840249013217462,2.0566417877689712e-05,0.0008521684902696215,0.5150282325397547,0.013672569812598814,228,Myricetin,food_metabolome,drop25,train
62,0.11737549947216813,0.01983435325352581,0.02870191285140671,0.0475278889664291,0.5254471778799074,0.005007935852645762,88,Naringenin,food_metabolome,drop25,train
65,0.16233410390032238,0.024433071031562004,0.002438930802357956,0.03453777197403228,0.16233410390032238,,20,Oxalic acid,food_metabolome,drop25,train
66,0.32011815029983826,0.001946219127334363,8.42836157679565e-05,0.001998141289525797,0.6401587714357944,7.75291638821329e-05,52,Pelargonidin,food_metabolome,drop25,train
67,0.27605355558085576,0.001216731850316502,2.3469586442302165e-05,0.001230237206935199,0.5706294280595828,0.004137365600492334,50,Peonidin,food_metabolome,drop25,train
72,0.16821127132354402,0.0008345265990610397,9.367881025316882e-06,0.0008514122173102422,0.1953294123470951,0.005502425182237502,28,Pinoresinol,food_metabolome,drop25,train
77,0.20902042211480631,0.005266736792549485,0.0005344489318399736,0.0059746211368837425,0.20902042211480631,,84,Putrescine,food_metabolome,drop25,train
79,0.33551831852480773,0.015914902812485573,0.02569408309834163,0.0568174860659144,0.43730144482697325,0.05473728044986835,327,Quercetin,food_metabolome,drop25,train
82,0.0739715758181315,0.0652765631827616,0.010765433130459108,0.18950381506379455,0.10563025518464333,0.00010132396293724863,30,Rosmarinic acid,food_metabolome,drop25,train
83,0.4383776289642301,0.007197997318418697,0.0016354940797656894,0.008085356591648878,0.5042694991694149,0.15284619140842962,32,Secoisolariciresinol,food_metabolome,drop25,train
88,0.06717052466146746,0.0003195968484792716,8.483808208111581e-07,0.00032046229942035226,0.06851393515469681,0.0,51,Spermine,food_metabolome,drop25,train
90,0.2681823063324161,0.0011231289313175232,1.3730728245873997e-05,0.0011372560940984661,0.3589356560195895,0.04721762883321134,79,Syringic acid,food_metabolome,drop25,train
91,0.07280988126052566,0.049293321036316666,0.016102837676153305,0.6024833854804684,0.07597552827185286,0.0,24,Tartaric acid,food_metabolome,drop25,train
92,0.15713588612576332,0.014139380798358234,0.0012512695704636613,0.017847720034668654,0.15713588612576332,,23,Taurine,food_metabolome,drop25,train
93,0.02814572222971138,0.004482451853268561,0.0010746296978306849,0.005711566056651498,0.4137252692681547,0.004478143035199839,10738,Theobromine,food_metabolome,drop25,train
96,0.16711278743817065,0.0034178185778163815,0.00011597561554605853,0.00353818914177928,0.18380382767275935,0.0017197523863370157,120,Tyramine,food_metabolome,drop25,train
98,0.20411629562496036,0.0010846227550811102,1.2777483631210007e-05,0.0011047547437617066,0.2346940761891109,0.09539529806353622,82,Vanillic acid,food_metabolome,drop25,train
103,0.2531579104813508,0.0017722816791657938,2.3659014604480692e-05,0.0017981265545764867,0.29739202071129767,0.0865427619485508,143,p-Coumaric acid,food_metabolome,drop25,train
104,0.05444265447870333,0.04248770234113232,0.006833275821194135,0.0912256467326341,0.055091693223328075,0.0064260913871331165,8576,Alanine,nutrition,drop25,train
105,0.15239628600983626,0.015144568064517888,0.0015949137314502564,0.01710980080658082,0.2466111798321675,0.04354942426869066,6814,Arachidonic acid (20:4n-6),nutrition,drop25,train
106,0.08093760017793568,0.06670891377465259,0.016213685685000524,0.14342691672415403,0.07892642999658224,0.1323883760219225,9593,Arginine,nutrition,drop25,train
107,0.2128265797323954,0.007396624605577029,0.000989883416278003,0.008232066353034561,0.32678916852643275,0.031293252449858096,586,Ascorbic acid (vitamin C),nutrition,drop25,train
108,0.12172517213951409,0.12701386293391603,0.05634847259077615,0.4748232826478927,0.12274428034790652,0.05002518790265223,20257,Ash,nutrition,drop25,train
109,0.057111790943850625,0.05943747364343075,0.009480327556175517,0.14146619285102235,0.057670057459230116,0.014136629236847125,8432,Aspartic acid,nutrition,drop25,train
110,0.12284992012169972,0.2713541928454953,0.17609368595566274,4.576196075904644,0.1339111023862835,0.012324738590205869,4210,Available carbohydrate,nutrition,drop25,train
111,0.07446327065672112,0.015224195605161287,0.0027151249665887107,0.019319662671527123,0.1010890769051019,0.00923004534818821,207,Beta-sitosterol,nutrition,drop25,train
112,0.18884829252063323,0.006042574725990256,0.0009564395623437434,0.0066986482600285445,0.1890227881668967,0.18399876768489418,2764,Betaine,nutrition,drop25,train
113,0.39900261020073585,0.00011754755876415878,5.319584409187175e-06,0.00012032936561777395,0.4194615380656826,0.2407821352085591,9884,Biotin,nutrition,drop25,train
114,0.09722806594564044,0.012916368752070842,0.0019240539630072382,0.017785201432015257,0.2329324689634561,0.02590780636286248,12666,Butyric acid (4:0),nutrition,drop25,train
115,0.334334755325544,0.03477465164770997,0.008504366495463484,0.04464086265964255,0.33498054311073683,0.2991592325716493,39116,Calcium,nutrition,drop25,train
116,0.10226941684400527,0.004097588731436599,0.00014821992717451934,0.004528734741368107,0.11045778390025918,0.060450256520994186,171,Campesterol,nutrition,drop25,train
117,0.2580256399012188,4.0275408133978175e-05,9.978964075239675e-08,4.0325440668908195e-05,1.2136149697901186,0.0025274299540593162,13702,"Carotene, alpha",nutrition,drop25,train
118,0.4152436161167812,0.0004717882293107773,0.0006409459011098217,0.0020915328785367487,0.650316939731874,0.07282923302201046,20968,"Carotene, beta",nutrition,drop25,train
119,0.11255950547593185,0.10155344838020453,0.02560866689676228,0.758289837245492,0.10886727162537925,0.36363140731350907,69,Cellulose,nutrition,drop25,train
120,0.16885388476445493,0.07508768853506108,0.0199682713159678,0.2833669192151016,0.16740657494325603,0.31808760855029605,1874,Chloride,nutrition,drop25,train
121,0.2627352667378961,6.397965888205307e-07,6.604968082268521e-11,6.398418755220083e-07,0.41840195058159846,0.0711974746316684,3865,Cholecalciferol (vitamin D3),nutrition,drop25,train
122,0.1300242143665373,0.03194346088010718,0.06369487878175067,0.1858505872334075,0.20980090731247666,0.00990145946581897,22719,Cholesterol,nutrition,drop25,train
123,0.14098217253800358,0.00909531381898157,0.0004737067627567765,0.01002491685464288,0.14207681248178755,0.10198182370756127,10549,"Choline, total",nutrition,drop25,train
124,0.27952105771520425,2.7450516507832533e-05,3.8258221816375693e-08,2.7498452645927247e-05,0.35649722349662344,0.10305092296676549,1560,Chromium,nutrition,drop25,train
125,0.18822874962058986,7.918487115474793e-07,3.593756171317012e-11,7.918728905635361e-07,0.28876847086523816,0.02277222085013848,25560,Cobalamin (vitamin B12),nutrition,drop25,train
126,0.14370814552561648,0.021525399558020856,0.002376655559547342,0.030811243169007574,0.15996295440767427,0.023828930020440342,469,Conjugated linoleic acids (18:2 CLA isomers),nutrition,drop25,train
127,0.26304770976919956,0.0002270884798103839,0.0002222121895096667,0.0005276679250386681,0.26424854486753513,0.23066483532179125,28684,Copper,nutrition,drop25,train
128,0.2247774996794409,1.0830299462546279e-05,1.524893259857587e-08,1.0837934001585146e-05,0.9800369287000977,0.0021273567029537464,13291,"Cryptoxanthin, beta",nutrition,drop25,train
129,0.07662386662341077,0.023232416839752978,0.0022790829618421805,0.02985162159265589,0.0755909537411418,0.13325445016315732,8477,Cystine,nutrition,drop25,train
130,0.19122221317293106,0.020874247413760285,0.00617362809176485,0.03280023260970278,0.3323266645675513,0.04682128787898504,16906,Decanoic acid (10:0),nutrition,drop25,train
131,0.18152618803669096,0.2428307422539405,0.14945787562944426,1.1854614839208688,0.2110434235393512,0.0770685939905519,14402,"Dietary fibre, total",nutrition,drop25,train
132,0.13552591717355802,0.014788019847941123,0.004328861755901576,0.027406914884624847,0.41027149564623894,0.01875177689940867,16450,Docosahexaenoic acid (DHA; 22:6n-3),nutrition,drop25,train
133,0.2646560999189354,0.014236326204120102,0.003942878341323613,0.019456344652094264,0.35323960289158685,0.14756664690669305,5733,Docosanoic acid (22:0),nutrition,drop25,train
134,0.13542277986475826,0.005732837814709095,0.0009922176101342106,0.007774122764861245,0.3496277443024277,0.03233954816646717,16689,Docosapentaenoic acid (DPA; 22:5n-3),nutrition,drop25,train
135,0.09076906577410616,0.001179577240304173,2.2398623699831024e-05,0.0012304075294954846,0.14990964517722016,0.023717963011339945,335,Docosatetraenoic acid (22:4; isomer unspecified),nutrition,drop25,train
136,0.10616773473004362,0.009491866594793138,0.008348154492017881,0.026084126147541183,0.7558802851252173,0.009361329989184403,3902,Docosenoic acid (22:1; cis/trans unspecified),nutrition,drop25,train
137,0.3113035489922234,0.05404820574525274,0.04700872022944832,0.179420727289348,0.4532989661729946,0.08441376302681544,19138,Dodecanoic acid (12:0),nutrition,drop25,train
138,0.22154473661613588,0.013924637177640161,0.002213435490317235,0.01742821518736455,0.20974745585416701,0.2749425346562436,5470,Eicosanoic acid (20:0),nutrition,drop25,train
139,0.15627710962976019,0.011727286969443963,0.0038628949262002974,0.020734529697624314,0.4631617673172557,0.026112930546649663,18180,Eicosapentaenoic acid (EPA; 20:5n-3),nutrition,drop25,train
140,0.1097243923055806,0.010040106264156684,0.000981793767633576,0.011388506836956818,0.18857230174419196,0.04588706468102378,4211,Eicosatetraenoic acid (20:4; isomer unspecified),nutrition,drop25,train
141,0.11319198605159803,0.002579532171226803,0.00015889087283421307,0.0027295514207086916,0.3039694657011386,0.008652582232009664,1065,Eicosatrienoic acid (20:3; isomer unspecified),nutrition,drop25,train
142,0.09415000360998275,0.0016355359914602672,3.244497119318293e-05,0.0016949293510907792,0.1765876790885544,0.02417383721538122,318,Eicosatrienoic acid (20:3n-3),nutrition,drop25,train
143,0.13333535005472497,0.003257853252586467,6.547682107413394e-05,0.0033411629321114036,0.17136831978470454,0.05481859870285775,1284,Eicosatrienoic acid (20:3n-6),nutrition,drop25,train
144,0.24778841115168218,0.025760099883095317,0.007059370114973794,0.039477278017060934,0.28861289203834595,0.16363876462228114,14951,Eicosenoic acid (20:1; isomer unspecified),nutrition,drop25,train
147,0.016496891038587074,0.048879320690867006,0.12107094832327543,0.26155688533320764,0.6889850083070909,0.00023290779974543377,17741,Ethanol,nutrition,drop25,train
148,0.10386061801589636,0.18355941199924714,0.12722527340158074,1.9865639441967164,0.10696523428455157,0.03198414751978881,27749,"Fat, total",nutrition,drop25,train
149,0.10708615356829233,0.13500636739121552,0.05320294280846161,0.9668183568827473,0.11223506506563344,0.021745864222420867,22471,"Fatty acids, total monounsaturated",nutrition,drop25,train
150,0.17694602834167827,0.16444149687751106,0.07737501401252544,0.8581511662239201,0.18339375804422628,0.05424651675320154,22517,"Fatty acids, total polyunsaturated",nutrition,drop25,train
151,0.10791084563451968,0.12773940201814535,0.04634769055791636,0.8006151339408903,0.11195174701811017,0.03363700881165755,23183,"Fatty acids, total saturated",nutrition,drop25,train
152,0.17768834566912073,0.06065934317866607,0.029681541603761012,0.13756593101527484,0.25071900412581344,0.05465438185654699,6323,"Fatty acids, total trans",nutrition,drop25,train
153,0.1629447269334504,0.04524621748124175,0.021705870144289117,0.1416919929132658,0.1841527379497757,0.06133661297562681,2792,"Fatty acids, total trans-monoenoic",nutrition,drop25,train
154,0.17556856998689596,0.015837209407862117,0.0028340526167470706,0.02242197254192327,0.19668857063232412,0.10912125898616355,2496,"Fatty acids, total trans-polyenoic",nutrition,drop25,train
155,0.2809351364339892,1.5341414614034285e-05,3.487409780234333e-09,1.5344097551779965e-05,0.2886887939959821,0.19672315668371898,17790,"Folate, food",nutrition,drop25,train
156,0.2833028339946093,2.66050168572022e-05,2.3640694044818488e-07,2.6727426389891145e-05,0.29415937261994757,0.13602736558423587,21997,"Folate, total",nutrition,drop25,train
157,0.1676905183983765,1.5981968040129954e-05,6.218454520281893e-09,1.598710045853331e-05,0.3183038730488075,0.03809028356587699,17266,Folic acid,nutrition,drop25,train
158,0.25361921933835696,0.19447649114232188,0.12819819840385277,0.6425885764513922,0.34340655981451207,0.06438956175319109,10967,Fructose,nutrition,drop25,train
159,0.16974406960925292,0.020400875170549716,0.009801232616123673,0.029291680851401474,0.9138910583378289,0.0075653423522226105,8120,Galactose,nutrition,drop25,train
160,0.29043657137395334,0.22853160929429642,0.15822990646822738,0.7386151050210057,0.3672033905832729,0.07660454574114853,11206,Glucose,nutrition,drop25,train
161,0.05645845131475516,0.08372185117980957,0.01948798491514351,0.29920421972292877,0.05678758416587715,0.030693306826457746,8601,Glutamic acid,nutrition,drop25,train
162,0.09056836201782802,0.0640493829810723,0.017649470632187483,0.1346794169989186,0.08851220489245219,0.14228727306441494,9525,Glycine,nutrition,drop25,train
165,0.13840209550864824,0.011710294713292624,0.0007625163223053936,0.013537584628228742,0.15888068618719484,0.07886340784546912,6293,Heptadecanoic acid (17:0),nutrition,drop25,train
166,0.16275742492320858,0.007849782078348655,0.00038542534109741236,0.00854803703362572,0.19373903420802335,0.11453359458248372,4818,Heptadecenoic acid (17:1; isomer unspecified),nutrition,drop25,train
167,0.11103462624777373,0.10893156622713099,0.03680814332090175,0.4276737076821544,0.11380890578433836,0.040753350432862046,19586,Hexadecanoic acid (16:0),nutrition,drop25,train
168,0.1978755840860949,0.046901278822040426,0.01282015802633262,0.08201794695596978,0.23271137292129646,0.04956906285398398,4679,Hexadecenoic acid (16:1; cis/trans unspecified),nutrition,drop25,train
169,0.08278637183493572,0.009586300387430134,0.0014152795666641062,0.012287080327881844,0.23614427094119184,0.016969251976112404,14771,Hexanoic acid (6:0),nutrition,drop25,train
170,0.06307311789671652,0.034256617432906936,0.004113238622239686,0.05743240716350524,0.06396754926262341,0.009561622285425715,8652,Histidine,nutrition,drop25,train
171,0.08202020236980734,0.021992996705480813,0.0016681885603934633,0.026636517234343817,0.10253899201906007,0.014360808808425276,1676,Hydroxyproline,nutrition,drop25,train
172,0.10817501160467158,0.13748279375647013,0.0414418305455416,0.8911300046064273,0.11750971291886042,0.004057189254103564,158,Insoluble dietary fibers,nutrition,drop25,train
173,0.2576725433850998,0.0013269093440918514,7.36840122620678e-05,0.0013825484132714149,0.2608831088112102,0.1449666290270478,32795,Iron,nutrition,drop25,train
174,0.051355054241186915,0.0366091523551427,0.004323343221062998,0.06732955817024375,0.05204817975915621,0.011339726564787687,8660,Isoleucine,nutrition,drop25,train
175,0.13821328472316435,0.07317814623316242,0.01790235886609819,0.23026770617570513,0.14139018353797664,0.0016066356862362852,44,Isomeric linoleic acids (18:2),nutrition,drop25,train
176,0.19497697749505993,0.037800793441618144,0.00898928908029972,0.06004798598917307,0.2564902982046594,0.11706010459623396,68,Isomeric linolenic acids (18:3),nutrition,drop25,train
177,0.10344536654545705,0.09636434641775574,0.07364015502583114,0.39066851593125973,0.30040953588481795,0.019670797049154688,10711,Lactose,nutrition,drop25,train
178,0.04542914472787392,0.04461194782384324,0.006900199625408399,0.10866328293240737,0.0459892290290132,0.003971689278397761,8661,Leucine,nutrition,drop25,train
179,0.08581672145457059,0.04735359552682242,0.007461163513621113,0.3304351125874999,0.09702083541882221,0.04617139511952639,59,Lignin,nutrition,drop25,train
180,0.19230463597592126,0.14882605474288546,0.06885897430445176,0.762650848592997,0.1967894559853058,0.09403898102895245,7708,Linoleic acid (18:2n-6),nutrition,drop25,train
181,0.30879894220900367,0.00015860821354604372,5.229480132676576e-07,0.0001591616662452722,0.39946035699435317,0.12026799630323201,7134,Lutein + zeaxanthin,nutrition,drop25,train
182,0.09202801103885844,0.00021691723773882451,2.0160637956558023e-06,0.00021793288923221602,0.8639515005609794,7.480178376895092e-05,11469,Lycopene,nutrition,drop25,train
183,0.059293656140282855,0.050701745763594694,0.006738399129315099,0.11824013227343384,0.060050773146947574,0.003952260698282299,8681,Lysine,nutrition,drop25,train
184,0.17665478928000258,0.01205418173915919,0.001365580361398382,0.01402387797966716,0.17809488721585634,0.09416279033707191,35492,Magnesium,nutrition,drop25,train
185,0.24887121770086984,0.11021103484485076,0.09127763482755324,0.2708701630943779,0.5165721157532834,0.047782384991220776,10771,Maltose,nutrition,drop25,train
186,0.31381580701772877,0.0004160680159057011,1.4812914808806444e-05,0.00042437159910633225,0.31738873182558025,0.23154826824926572,18010,Manganese,nutrition,drop25,train
188,0.061404603043660515,1.0353083312508076e-06,7.951958665216537e-12,1.0353295268301245e-06,0.0712596627914085,0.0,94,Menaquinone-4,nutrition,drop25,train
189,0.06787245545196674,0.030105281288508888,0.002716827170150374,0.044583537717336384,0.0686641140050769,0.03189274322484648,8681,Methionine,nutrition,drop25,train
190,0.22113259873816032,7.6175809519266775e-06,9.826286560515325e-10,7.618616959448323e-06,0.24752886320168563,0.12294686827468246,1011,Molybdenum,nutrition,drop25,train
191,0.21639551380308633,0.0012201564796765194,0.00014966490428883666,0.0013419306110511796,0.2228937067753189,0.050424730432006785,30892,Niacin,nutrition,drop25,train
192,0.19138277082434624,0.001646901678117509,0.0008111321617088988,0.002644087925238169,0.19787894277026538,0.07487702038949905,6362,Nicotinic acid,nutrition,drop25,train
193,0.25325547227056194,0.1851952396544147,0.11267217421031724,0.9308047964792513,0.25857813748720404,0.12821256106168663,4923,Octadecadienoic acid (18:2; isomer unspecified),nutrition,drop25,train
194,0.14088238601179212,0.09513073026937147,0.03215506103645661,0.27072295462568824,0.14843729384838367,0.02696684432001798,19517,Octadecanoic acid (18:0),nutrition,drop25,train
195,0.04902622210129628,0.002512016201933837,0.00046894932402745724,0.003502755384808255,0.5285327098286104,0.005885375762040858,3901,Octadecatetraenoic acid (18:4; isomer unspecified),nutrition,drop25,train
196,0.3328584185773198,0.0653566791073118,0.03138552343818153,0.12847586861326105,0.3375234832041086,0.2819678490402571,4835,Octadecatrienoic acid (18:3; isomer unspecified),nutrition,drop25,train
197,0.18396998695927144,0.21936823566613203,0.14052223659195928,1.3478622402336575,0.18910933033620542,0.06720509854516338,4910,Octadecenoic acid (18:1; cis/trans unspecified),nutrition,drop25,train
198,0.14517887967190166,0.01832411594231145,0.008658334960614411,0.03286175299052848,0.3503788146561384,0.019156928703132948,15315,Octanoic acid (8:0),nutrition,drop25,train
199,0.21742127269073327,0.00028687148406841855,2.0168737002603267e-06,0.0002881360565918757,0.22269386035645175,0.13876078837825706,16490,Pantothenic acid (vitamin B5),nutrition,drop25,train
200,0.16914975954051317,0.0077548888396910855,0.0004109984438625951,0.008552941992209906,0.21006374199447814,0.09354958186811717,5999,Pentadecanoic acid (15:0),nutrition,drop25,train
201,0.06448506273924746,0.0021817278016004224,0.0014063823811307965,0.003470148792458822,0.8658395808859771,3.1877329775531894e-05,4236,Pentadecenoic acid (15:1; isomer unspecified),nutrition,drop25,train
202,0.047125854123873254,0.03427370007756418,0.004409718032256681,0.06301706027263418,0.047757610025822586,0.006926869808936813,8673,Phenylalanine,nutrition,drop25,train
203,0.13926326345869022,0.03665072574825429,0.005784080819798868,0.04779694604368027,0.1413164651975285,0.05245051854933238,31130,Phosphorus,nutrition,drop25,train
204,0.11098508053461152,0.013525963770361403,0.0016672638098273913,0.016891747972416403,0.16119479286748944,0.018455753521165054,398,Phytosterols,nutrition,drop25,train
205,0.1752889622505301,0.07102586664829523,0.019634951325510058,0.11344343141220642,0.17624693839945194,0.10578268314396007,31399,Potassium,nutrition,drop25,train
206,0.06828218753467052,0.05820411517336457,0.010718712536204463,0.11685191692357756,0.06916231767823154,0.0073111769577945155,8583,Proline,nutrition,drop25,train
207,0.09435664606503294,0.1864129769975588,0.09063816674059881,1.9250727315293525,0.09643716957786651,0.030936077872506077,26382,"Protein, total",nutrition,drop25,train
208,0.28152016788669015,0.00011143913761212458,1.3633958325985453e-06,0.00011215066855460195,0.4887101691171597,0.05012909668788074,28747,Retinol,nutrition,drop25,train
209,0.21246371620671556,0.00010879538706806918,3.916587537139384e-06,0.00011093161749461834,0.21900446348817215,0.07001386951209189,27092,Riboflavin (vitamin B2),nutrition,drop25,train
210,0.21811032244211442,7.533204833399308e-06,3.351186328529129e-08,7.550180460158909e-06,0.2270921589849068,0.11356232500764006,24283,"Selenium, Se",nutrition,drop25,train
211,0.04828785605562048,0.03596887524750767,0.0038931228820454564,0.06501077883346222,0.048598276023753974,0.026293100530231258,8568,Serine,nutrition,drop25,train
212,0.2819305847821544,0.08342706021001871,0.03138812442079427,0.16318213634929155,0.28479395183338607,0.1693363167817534,26623,Sodium,nutrition,drop25,train
213,0.11986628061577527,0.11986627957691942,0.2880797440308459,1.5460567170462383,0.18825672549326566,0.002625517968648912,76,Sorbitol,nutrition,drop25,train
214,0.1265340211869109,0.3530456842477833,0.44324423865889484,3.813599052269936,0.17851625956426512,0.037237226741736094,7534,Starch,nutrition,drop25,train
215,0.02472006239169712,0.010091267190816494,0.008243373659299122,0.016430916988722583,0.9356387488881647,7.035623804117088e-05,835,Stearidonic acid,nutrition,drop25,train
216,0.0693519713865987,0.0017772011573970229,6.887287292285446e-05,0.001956453324447489,0.129332463570293,0.002101116513971739,210,Stigmasterol,nutrition,drop25,train
217,0.3054611315255984,0.339238053939873,0.364384165237191,2.3905128694554496,0.3867809294186223,0.10355965017135986,5683,Sucrose,nutrition,drop25,train
218,0.24557047100346793,0.3848264652455906,0.36251323630461574,3.3127760500263235,0.26130902417348867,0.1414835818477271,18095,"Sugars, total",nutrition,drop25,train
219,0.07204072437873058,0.02039817409047197,0.001237613141694996,0.0263344686314015,0.07204072437873058,,93,Sulfur,nutrition,drop25,train
220,0.20447917489111847,0.00821231033542703,0.0022682391559891973,0.010553416101899036,0.25840022106386645,0.1309824889337163,4423,Tetracosanoic acid (24:0),nutrition,drop25,train
221,0.19357801715725587,0.05576117200449443,0.019454900640864716,0.11583463597128363,0.22180254338381453,0.043354299819814604,18875,Tetradecanoic acid (14:0),nutrition,drop25,train
222,0.1450885786421767,0.010291218212905464,0.001144731529854999,0.012765674377657526,0.20985142905851928,0.05469000907329931,5438,Tetradecenoic acid (14:1; isomer unspecified),nutrition,drop25,train
223,0.2520551559095543,9.646767971009017e-05,2.6519094123056754e-06,9.789981178071248e-05,0.2592659751420693,0.11687794512384646,29067,Thiamin (vitamin B1),nutrition,drop25,train
224,0.052535099363660305,0.03547140167252912,0.003450329501744415,0.06345678651921348,0.053178660213795886,0.0042001493894135156,8656,Threonine,nutrition,drop25,train
225,0.2653212403824591,4.210467011878214e-05,7.135031546191261e-08,4.214395933238089e-05,0.3726560828960078,0.08571626272925022,7747,"Tocopherol, beta",nutrition,drop25,train
226,0.28712772405984716,0.00014139039080167788,7.7720518658283e-07,0.00014197370907739873,0.4305532420021801,0.1010086033373858,7687,"Tocopherol, delta",nutrition,drop25,train
227,0.3869174685324822,0.000828867521240535,1.0314224777674267e-05,0.0008398987411754115,0.4313374705667432,0.20547909362871217,8262,"Tocopherol, gamma",nutrition,drop25,train
228,0.4234216555849954,8.19388439021712e-05,2.390207351011499e-07,8.206839039603976e-05,0.5107313685630086,0.24109335459872874,5437,"Tocotrienol, alpha",nutrition,drop25,train
229,0.12408490111692634,4.8929809456434144e-05,2.905461585013904e-08,4.8951201139891654e-05,0.5638826993589796,0.00780573910836644,1186,"Tocotrienol, beta",nutrition,drop25,train
230,0.05820687643853912,1.3065441308337998e-05,8.402293074606519e-09,1.3069644038055296e-05,0.8850245668739533,0.0002915359103442006,1161,"Tocotrienol, delta",nutrition,drop25,train
231,0.2692279821308928,7.431127840041652e-05,1.0204729178857691e-07,7.438847830829104e-05,0.6771626230529126,0.030342343221394744,1167,"Tocotrienol, gamma",nutrition,drop25,train
232,0.05787790057556581,0.0007400868725807654,3.2654072929432895e-05,0.0007567967031903125,1.1329835236523351,0.00022239397523433451,668,Tridecanoic acid (13:0),nutrition,drop25,train
233,0.1057941183174774,0.025065767825791046,0.002409778045682497,0.030774654268148193,0.10560091074399286,0.11058272796833038,15731,Tryptophan,nutrition,drop25,train
234,0.05819188239746937,0.03491464092128358,0.0035649370193766784,0.05707262432168092,0.059005968590559184,0.00846081891243746,8612,Tyrosine,nutrition,drop25,train
235,0.0498820858780385,0.03874238670782336,0.00575382987870595,0.0803154382345162,0.0505095749873132,0.003651500701627042,8661,Valine,nutrition,drop25,train
236,0.20924754352848715,0.00027960822160097795,3.245916970302632e-05,0.0002970276365377073,0.21823475572469395,0.09925479724655296,1774,Vitamin B6 - Pyridoxin,nutrition,drop25,train
237,0.2784196173964853,9.728179080938523e-07,2.995380969370573e-10,9.729740912886699e-07,0.5062028493323361,0.0853180854139832,27304,Vitamin D (D2 + D3),nutrition,drop25,train
238,0.188767826657456,1.5700644757602005e-07,2.5030130613249387e-12,1.5700771079844492e-07,0.9329976222404011,0.0057721727492882876,6511,Vitamin D2 (ergocalciferol),nutrition,drop25,train
239,0.07501050277521275,0.3580428008917668,0.49027987978741056,7.89398631366909,0.07534480385069689,0.03305111919884212,30210,Water,nutrition,drop25,train
241,0.2080637800355368,0.0007481709763281526,0.00011401179845143476,0.0008369390514788292,0.2107672032635671,0.10382254495802073,31918,Zinc,nutrition,drop25,train
242,0.12010354872346651,0.005080058754071575,0.0004058901906664048,0.005616059473179064,0.23035014143667926,0.007288815747383543,1216,"cis,cis-Eicosadienoic acid (20:2n-6)",nutrition,drop25,train
243,0.15230340799637526,0.0017190525129688768,3.754843657532577e-05,0.00176209900416013,0.32580904733710414,0.010536605120413881,298,cis-Docosenoic acid (22:1 cis),nutrition,drop25,train
244,0.09517620061990834,0.024052883017391447,0.0017715735948086342,0.0310432565859144,0.096837511809327,0.016886910818554854,385,cis-Hexadecenoic acid (16:1 cis),nutrition,drop25,train
245,0.11125020711589684,0.16042131920230063,0.07942314772611227,1.2827517278868465,0.11119159895948205,0.13343339431889412,759,cis-Octadecenoic acid (18:1 cis),nutrition,drop25,train
246,0.16311757020255088,0.0031794865493392716,0.0006178769455650189,0.003584305563960431,0.3875122851079741,0.016738222128045443,461,cis-Tetracosenoic acid (24:1 cis),nutrition,drop25,train
247,0.08372853062810225,0.00726953901959583,0.0002607150491374059,0.009024258062145997,0.07883227171707488,0.24726357825641668,172,"trans,trans-Linoleic acid (18:2 trans,trans)",nutrition,drop25,train
248,0.13478841118119442,0.0002854488386104405,1.4053032436480375e-06,0.0002861540109734746,0.9700916949163927,0.0006205262289086935,224,trans-Docosenoic acid (22:1 trans),nutrition,drop25,train
249,0.09033225480309573,0.0029164820627865344,3.1694968242777735e-05,0.0030300460606404,0.13468966597001483,0.003446604063769674,287,trans-Hexadecenoic acid (16:1 trans),nutrition,drop25,train
250,0.12050504004858374,0.014616202467584057,0.0016853657188392233,0.019326290392398544,0.12986405438031434,0.04028491720517891,335,trans-Linoleic acid (18:2; isomer unspecified),nutrition,drop25,train
251,0.15405350754889646,0.07329471415009058,0.05252131910826081,0.31389321179172175,0.1653946092068137,0.06332469428555858,774,trans-Octadecenoic acid (18:1 trans),nutrition,drop25,train
2,0.4349334055678706,0.2121820333746751,0.1334997586715236,0.406494536375006,0.4349334055678706,,18,Acetic acid,food_metabolome,mae,validation
7,0.3027266598639402,0.001559152372854,5.3060432244793096e-05,0.0015988723802063,0.8277281015658068,0.0297259101789696,38,Apigenin,food_metabolome,mae,validation
9,0.905983089756493,0.0010875007608709,7.579022289449668e-06,0.001092071360763,0.905983089756493,,13,Benzoic acid,food_metabolome,mae,validation
11,0.6542259732108686,0.0030057730157898,3.205441900839091e-05,0.0030268392802443,0.7103199305005127,0.0371924430247839,12,Cadaverine,food_metabolome,mae,validation
12,1.2178365133846805,0.0703860604954479,0.0571680691920905,0.1116698808722172,1.3512227562595984,0.1062844894270295,28,Caffeic acid,food_metabolome,mae,validation
13,0.0761999365168131,0.0025877222864538,0.0010939592342532,0.0033412179659241,0.8934670946889929,5.571699386496932e-06,1962,Caffeine,food_metabolome,mae,validation
15,0.7273084467859562,0.0106693168323504,0.0020018962980253,0.0118587757588024,0.8185423327834556,0.5144293794584577,30,Catechin,food_metabolome,mae,validation
16,0.1404966627184999,0.0097906582070062,0.0005037697911937,0.0107509778342313,0.1429243740853621,0.0207295686199614,755,Choline,food_metabolome,mae,validation
18,0.2548163595724733,0.1142641584108121,0.0342712961575372,0.1709235457479953,0.2548163595724733,,52,Citric acid,food_metabolome,mae,validation
21,0.5974627171964739,0.0099004624443958,0.0004549721249773,0.0102520564754488,0.6352861555680466,0.5445099034762723,12,Cyanidin,food_metabolome,mae,validation
22,0.4070994362175973,0.0024085655430724,1.4982234172668712e-05,0.0024340492915104,0.4572557602253049,0.2733492388637105,11,Daidzein,food_metabolome,mae,validation
24,0.6210191684090841,0.0041408467820263,9.495972070569484e-05,0.0041979362964607,1.4194723849350497,0.0,16,Delphinidin,food_metabolome,mae,validation
25,2.2878459426669147,0.1210571450832383,0.0597607390512566,0.1580424699618578,2.2878459426669147,,5,Ellagic acid,food_metabolome,mae,validation
26,0.4344471859247583,0.000908360301141,8.190550339226022e-06,0.0009124725190738,1.3725640077814332,0.0592004571820883,28,Epigallocatechin,food_metabolome,mae,validation
28,0.6080944972898653,0.0105980765362602,0.0005387744821975,0.0110174386329673,0.6571827589343915,0.0190353575555505,26,Ferulic acid,food_metabolome,mae,validation
33,1.6981812648402257,0.2240946983772754,0.3585284264774529,0.6346894687086899,2.143733852684981,0.0273590604223932,19,Gallic acid,food_metabolome,mae,validation
35,1.1467280331276433,0.0126453327241981,0.0017679763728137,0.0136443344769776,1.1082702794587165,2.1466296285197446,27,Genistein,food_metabolome,mae,validation
43,0.334421887904103,0.0012275874632895,7.447531737423351e-06,0.0012324749207062,0.8914668404429413,0.0305791865192821,17,Glycitein,food_metabolome,mae,validation
47,0.5749575810653903,0.0012867577197493,1.603625453723628e-05,0.0012954880871038,0.5912160008110964,0.0384297294570881,34,Histamine,food_metabolome,mae,validation
50,0.8372879327544502,0.0051611954077186,0.0002458306596718,0.0052867435187067,1.8773784624332197,0.2132336149471887,16,Isorhamnetin,food_metabolome,mae,validation
51,0.5961670734604321,0.0027970306616612,6.092611370226891e-05,0.0028320010131043,0.9566309242079356,0.1663832514153316,57,Kaempferol,food_metabolome,mae,validation
52,0.1541542209054107,0.1274146363303295,0.0309159645523946,0.2378551688790321,0.1541542209054107,,23,Lactic acid,food_metabolome,mae,validation
53,0.9744295065778974,0.0001838749457173,1.1253550793329049e-07,0.0001839315508634,0.9744295065778974,,4,Lariciresinol,food_metabolome,mae,validation
54,0.4619689200830745,0.0008668835530112,3.242355038406311e-06,0.0008689861493016,0.4619689200830745,,14,Lutein,food_metabolome,mae,validation
55,0.519095022264411,0.0053129612870122,0.0004174021318652,0.0055468534670523,1.2398089082725263,0.0201392550280235,44,Luteolin,food_metabolome,mae,validation
56,0.2549015220166228,0.1023390913903854,0.0276569457759549,0.1516936279681264,0.2549015220166228,,49,Malic acid,food_metabolome,mae,validation
58,1.2890975729862415,0.000134674624631,8.92549026326305e-08,0.000134719263764,1.6106373198885886,0.0029385853768537,5,Matairesinol,food_metabolome,mae,validation
61,0.3815590938074704,0.0009263806259248,5.649777113321705e-06,0.0009314332029482,0.57391938896631,0.1342387143175337,48,Myricetin,food_metabolome,mae,validation
62,0.317756542871844,0.003583284124611,9.237835788570392e-05,0.003660325830341,0.5849267216919342,0.1619072718934581,19,Naringenin,food_metabolome,mae,validation
65,1.087549917405509,0.0487754725147029,0.003491568995609,0.054317791900151,1.087549917405509,,4,Oxalic acid,food_metabolome,mae,validation
66,0.2931492165665867,8.555307903781478e-05,5.760478769456632e-08,8.57420551409645e-05,0.8244735788399958,0.080619471657223,14,Pelargonidin,food_metabolome,mae,validation
67,0.2246576265109379,0.000812312501993,6.838572078555552e-06,0.0008161765278915,0.7263548184915033,0.0016810967417978,13,Peonidin,food_metabolome,mae,validation
72,0.5971076441746824,5.106968475221155e-05,6.876575315716684e-09,5.1073342178691445e-05,0.5971076441746824,,4,Pinoresinol,food_metabolome,mae,validation
77,0.2964625975249628,0.0022033475833479,3.839325877541344e-05,0.00229225257401,0.2964625975249628,,17,Putrescine,food_metabolome,mae,validation
79,0.5278309678453172,0.00459491634916,0.00011786621158,0.0046741518055038,0.6207627484838796,0.2326358999345897,71,Quercetin,food_metabolome,mae,validation
82,0.2992656002858631,0.258750681732205,0.1436959905391097,0.5229818666974704,0.4488984004287947,0.0,6,Rosmarinic acid,food_metabolome,mae,validation
83,1.084936547290475,0.0001147140048969,2.2349913216306347e-08,0.0001147278776967,1.084936547290475,,5,Secoisolariciresinol,food_metabolome,mae,validation
88,0.1904455175901999,0.0007876449921044,2.5517068939259506e-06,0.0007890963436366,0.201358879464835,0.0813118988438484,11,Spermine,food_metabolome,mae,validation
90,1.25024956659772,0.0074932583293795,0.0003001496196918,0.0076458649970777,1.3402512799752335,0.950243855339342,13,Syringic acid,food_metabolome,mae,validation
91,0.4930692143929594,0.2123549843597152,0.1452465588723282,0.3390377334594726,0.4930692143929594,,5,Tartaric acid,food_metabolome,mae,validation
92,0.1362641695445036,0.0005101123041175,1.6028947894281927e-06,0.0005148454028258,0.1362641695445036,,9,Taurine,food_metabolome,mae,validation
93,0.0487838284252405,0.0070262415978291,0.0028096252374308,0.0089435029940176,0.8259456561096828,0.0003985465914433,1928,Theobromine,food_metabolome,mae,validation
96,0.2005852723250183,0.0019234951192574,3.0753475960743225e-05,0.0019583576524454,0.2297063458114045,0.0258588314067011,21,Tyramine,food_metabolome,mae,validation
98,0.3602649017267783,0.0006150648012614,1.20727145591977e-06,0.0006167561521388,0.2819449750093851,0.7127045719550473,11,Vanillic acid,food_metabolome,mae,validation
103,0.6091671708005465,0.0056310444253006,0.0001517618535326,0.0057595076901259,0.7050211083679404,0.0340435453961829,28,p-Coumaric acid,food_metabolome,mae,validation
104,0.0478821284430622,0.0371353985190255,0.0046409883747829,0.0736591359281662,0.0484951791951838,0.0053865649437296,1547,Alanine,nutrition,mae,validation
105,0.1457768699229536,0.0145093508817333,0.0018216723442142,0.0169560797502672,0.228506308241266,0.0462479481290513,1128,Arachidonic acid (20:4n-6),nutrition,mae,validation
106,0.0676402468050922,0.0556813117158581,0.0100812311924408,0.1204144268346793,0.0674969244209254,0.0737525998222993,1727,Arginine,nutrition,mae,validation
107,0.3154799211416216,0.0078511982396139,0.0002528733843641,0.0081627857953714,0.4521183553044039,0.0853520320253569,102,Ascorbic acid (vitamin C),nutrition,mae,validation
108,0.1043238776078683,0.1087033160964787,0.0429927481148425,0.4591968025524374,0.1055582116728036,0.021716371741968,3606,Ash,nutrition,mae,validation
109,0.050700602507356,0.0527824133364986,0.0091056385805601,0.1261290067756035,0.0506798100420018,0.0522589977856554,1519,Aspartic acid,nutrition,mae,validation
110,0.0816178746909077,0.199247405940942,0.1291233145748665,2.566525830076621,0.0883130730350535,0.0092260425948309,756,Available carbohydrate,nutrition,mae,validation
111,0.108161286980056,0.0180175118311564,0.0017302682991876,0.021282726905244,0.1524245331105505,0.0006648320917121,48,Beta-sitosterol,nutrition,mae,validation
112,0.1804782588899432,0.0066649247586676,0.0019716435698263,0.0080783349593384,0.1742901855859641,0.3372637698747833,498,Betaine,nutrition,mae,validation
113,0.334327168552848,8.822361666800027e-05,1.9059089071793557e-06,8.928738933544423e-05,0.3358479957354561,0.3208429795309095,1768,Biotin,nutrition,mae,validation
114,0.1006439307459229,0.0136632862000125,0.0021082372610015,0.0184359881063964,0.2375978798356236,0.0274146078292237,2269,Butyric acid (4:0),nutrition,mae,validation
115,0.3073949109878908,0.031853432130749,0.0080734352095022,0.0436133906597855,0.3083957261804667,0.2712951713320253,6878,Calcium,nutrition,mae,validation
116,0.2097987502237953,0.0055572076160126,0.0001137177626064,0.0058703491837168,0.2433996377600023,0.0921956438470706,36,Campesterol,nutrition,mae,validation
117,0.2558378335761108,4.844153933575312e-05,1.241854605430932e-07,4.850451267011676e-05,1.114232284022839,0.0080813409862381,2524,"Carotene, alpha",nutrition,mae,validation
118,0.4077336933153287,0.0003329997935633,3.2273450468566465e-06,0.0003353174426244,0.6294746647908949,0.0728020280087874,3736,"Carotene, beta",nutrition,mae,validation
119,0.482925232840749,0.4460811009781934,0.7629059431666677,3.842569276372592,0.4498912919436989,0.6976458486715742,15,Cellulose,nutrition,mae,validation
120,0.1816546229173644,0.0815404476045898,0.019644080989251,0.2320611900024175,0.1816546229173644,,343,Chloride,nutrition,mae,validation
121,0.232782760231851,6.977830129142933e-07,2.196214801182441e-11,6.977969736580995e-07,0.3279470882075158,0.1089430883959693,695,Cholecalciferol (vitamin D3),nutrition,mae,validation
122,0.1162121341490202,0.028636917816625,0.0566199483191707,0.1632141688106148,0.1910879123007745,0.0076942056425454,3992,Cholesterol,nutrition,mae,validation
123,0.1250507247316577,0.0076201781646789,0.0003373425517509,0.0083497408518401,0.1270713999906149,0.0573764733316728,1897,"Choline, total",nutrition,mae,validation
124,0.375880458348235,4.17431315598921e-05,5.617605820088196e-08,4.179003513774428e-05,0.4715914255321087,0.1182767577212612,278,Chromium,nutrition,mae,validation
125,0.166542222580499,6.801857939652334e-07,1.3433277584960072e-11,6.801980711754546e-07,0.2628696298335194,0.0143669751463183,4402,Cobalamin (vitamin B12),nutrition,mae,validation
126,0.1115666795559481,0.0125518887776006,0.0007043488393608,0.0176956635542613,0.1214825520159271,0.0405029269260985,98,Conjugated linoleic acids (18:2 CLA isomers),nutrition,mae,validation
127,0.2430702575204741,0.0001227108868623,1.5707659180480243e-06,0.000123559693908,0.245657520590333,0.1719509664625734,5038,Copper,nutrition,mae,validation
128,0.25387311599839,1.950793662711649e-05,4.898834695655285e-08,1.9532474255101572e-05,1.058753664867313,0.0040033378869125,2450,"Cryptoxanthin, beta",nutrition,mae,validation
129,0.0708024360324476,0.0213084973015225,0.0013586773415687,0.0265959436879433,0.0717375905641839,0.01871086507943,1531,Cystine,nutrition,mae,validation
130,0.1975305017305338,0.0237465812781717,0.0104109275312327,0.0399505142147635,0.3423015366473294,0.0500917099286552,2996,Decanoic acid (10:0),nutrition,mae,validation
131,0.1659683157794404,0.2208352221031917,0.1175137334845351,1.060503980532142,0.1995068180171137,0.0367426745239777,2543,"Dietary fibre, total",nutrition,mae,validation
132,0.1136849268025825,0.0134869512700781,0.0053056174020286,0.0294769535649378,0.3511191406693837,0.0180062144206493,2886,Docosahexaenoic acid (DHA; 22:6n-3),nutrition,mae,validation
133,0.2629689543689376,0.0169039475559906,0.0082922442098268,0.0265312280271939,0.3840292414720747,0.1049887947642628,1047,Docosanoic acid (22:0),nutrition,mae,validation
134,0.1305253207655619,0.0056307669020783,0.001104344049851,0.0074225340252761,0.3364019043108671,0.0322603649765874,2934,Docosapentaenoic acid (DPA; 22:5n-3),nutrition,mae,validation
135,0.1507800220514596,0.0016177683866222,1.7944823093521058e-05,0.0016310731945366,0.2789493577831019,0.0119299083421804,75,Docosatetraenoic acid (22:4; isomer unspecified),nutrition,mae,validation
136,0.1372454086568249,0.0122856521204937,0.0095396601164873,0.0421510050751584,0.7423214174991729,0.0315510417276327,733,Docosenoic acid (22:1; cis/trans unspecified),nutrition,mae,validation
137,0.3076849583404808,0.0561029740632165,0.063682545879722,0.1811233013391641,0.4427637013127275,0.080933714058206,3352,Dodecanoic acid (12:0),nutrition,mae,validation
138,0.2336098833324622,0.0143053273891372,0.0023874171730432,0.0170372696503026,0.2406520127919625,0.2009455427321815,998,Eicosanoic acid (20:0),nutrition,mae,validation
139,0.151068870250627,0.0120024190327301,0.0050342641250001,0.0230497011164795,0.4534956022836208,0.0242463863147603,3202,Eicosapentaenoic acid (EPA; 20:5n-3),nutrition,mae,validation
140,0.0994949853583987,0.0091359674456943,0.001071448826633,0.0108572865191226,0.1567968890375259,0.0571638493071516,772,Eicosatetraenoic acid (20:4; isomer unspecified),nutrition,mae,validation
141,0.1771555345946263,0.0043321614401055,0.0004638764240323,0.0046044745551488,0.3746459222632719,0.0563880313440158,224,Eicosatrienoic acid (20:3; isomer unspecified),nutrition,mae,validation
142,0.1718568643074494,0.0014654636953694,1.0792129420388016e-05,0.0014863932965215,0.2334340773280576,0.1122039391937351,63,Eicosatrienoic acid (20:3n-3),nutrition,mae,validation
143,0.1297608982781169,0.0034541368012456,9.036796174436494e-05,0.0035782311041742,0.1771749509112195,0.053251858801974,230,Eicosatrienoic acid (20:3n-6),nutrition,mae,validation
144,0.2380804391375317,0.0237870805139933,0.0053396191957528,0.0362641431922331,0.2792043733597236,0.1601467218216876,2654,Eicosenoic acid (20:1; isomer unspecified),nutrition,mae,validation
147,0.0163832122555775,0.0467728378317898,0.1223314157598417,0.2621238039061737,0.8132482889132249,5.719605088429446e-05,3138,Ethanol,nutrition,mae,validation
148,0.0818806141641493,0.1493442041121195,0.1084954364593943,1.5179075120268852,0.0840535036317139,0.0269350309277557,4833,"Fat, total",nutrition,mae,validation
149,0.1039740070944616,0.1307969655135998,0.0562619685536152,0.9561980344904302,0.1080625822024657,0.0340520026996567,3886,"Fatty acids, total monounsaturated",nutrition,mae,validation
150,0.1692366496565336,0.1571753606581613,0.0803511553942041,0.7834676435370038,0.1737141967115865,0.0750553423703684,3896,"Fatty acids, total polyunsaturated",nutrition,mae,validation
151,0.1043774664540864,0.122620926270911,0.049796207934262,0.8266286553811552,0.1085965426990353,0.0232217030751146,4023,"Fatty acids, total saturated",nutrition,mae,validation
152,0.1853032756867524,0.0642034474577469,0.0379638769903609,0.1609277327854599,0.2572612706600591,0.0611338983142092,1172,"Fatty acids, total trans",nutrition,mae,validation
153,0.1719634593804225,0.0503274597110178,0.0302573985307316,0.1407229400949276,0.1883890586550657,0.0742858956938773,521,"Fatty acids, total trans-monoenoic",nutrition,mae,validation
154,0.1894277082775655,0.0197940220434324,0.0042961252447966,0.0303070570227165,0.2187480961831046,0.0911345983466155,457,"Fatty acids, total trans-polyenoic",nutrition,mae,validation
155,0.25815578723323,1.4253620524262064e-05,1.8301023785094623e-09,1.4255747222274447e-05,0.271315069818329,0.1142178428508056,3170,"Folate, food",nutrition,mae,validation
156,0.2612572852713524,2.129276445612029e-05,6.0485227488327664e-09,2.1298679464577235e-05,0.2737116209901377,0.1038956609789108,3886,"Folate, total",nutrition,mae,validation
157,0.1472142123225321,1.535589565992266e-05,4.886095614989808e-09,1.5361139539332414e-05,0.2816496257237992,0.0277263184791933,3100,Folic acid,nutrition,mae,validation
158,0.2660386507288728,0.2043541919689689,0.1484961082318064,0.6479279107509868,0.3545130586750404,0.0509933421321342,1959,Fructose,nutrition,mae,validation
159,0.2129018529078734,0.0256507039401506,0.0145582627166985,0.0381411739079263,1.061035901696444,0.0072436637771448,1460,Galactose,nutrition,mae,validation
160,0.3038490388943798,0.2400524554797778,0.1919887935189116,0.7480339843507854,0.3734672945530174,0.075600398014992,2003,Glucose,nutrition,mae,validation
161,0.0487194892555977,0.0735925355422505,0.0180038984237829,0.2489579093832818,0.0492900493119418,0.0,1555,Glutamic acid,nutrition,mae,validation
162,0.079457301388215,0.0563599404204165,0.0122573672878295,0.1168825230467716,0.0796941711493901,0.0736027374047918,1713,Glycine,nutrition,mae,validation
165,0.1394775115095779,0.0115820607767885,0.0007145534990903,0.0131822888409718,0.1597460088013866,0.077261867481103,1138,Heptadecanoic acid (17:0),nutrition,mae,validation
166,0.1616593137632364,0.0074885996713594,0.000334354335657,0.0081717929993791,0.1994837645899732,0.1037283656128557,880,Heptadecenoic acid (17:1; isomer unspecified),nutrition,mae,validation
167,0.1049375171890036,0.1029871528664108,0.0379517993849893,0.4194549819971561,0.1073053425430589,0.0400669300097201,3436,Hexadecanoic acid (16:0),nutrition,mae,validation
168,0.2200161340647286,0.0511925473725197,0.0130124053808507,0.0893827810546409,0.2439812422060212,0.1037054758856553,878,Hexadecenoic acid (16:1; cis/trans unspecified),nutrition,mae,validation
169,0.0818579705406022,0.0091945535199025,0.0012316671469029,0.0111972317628777,0.2281482764725483,0.0188741787825859,2651,Hexanoic acid (6:0),nutrition,mae,validation
170,0.0570581773227766,0.0307225854774838,0.0028696175803545,0.0504543612426544,0.0579373891174488,0.0094711832623806,1562,Histidine,nutrition,mae,validation
171,0.0679598460304077,0.0171321554787712,0.0013023506070468,0.0201409060150011,0.0847848293948323,0.0097002021416542,299,Hydroxyproline,nutrition,mae,validation
172,0.2118971311782976,0.2678060664772473,0.097102956200461,1.7589308111648745,0.2230496117666291,0.0,20,Insoluble dietary fibers,nutrition,mae,validation
173,0.2315463629499761,0.0012329482512449,2.4808248911395405e-05,0.0012521908559215,0.2354406009965585,0.1070238439481415,5716,Iron,nutrition,mae,validation
174,0.0441307008616098,0.0312517463418323,0.0031483104800471,0.0560798155338467,0.0447509108422218,0.0103274072655528,1564,Isoleucine,nutrition,mae,validation
175,0.5497325059955523,0.2395723137934173,0.1123354609067635,0.4869152530136207,0.5497325059955523,,15,Isomeric linoleic acids (18:2),nutrition,mae,validation
176,0.7461911201442286,0.1318173165365908,0.0531445033186208,0.2044422397796503,0.420936724192064,1.210840257218749,17,Isomeric linolenic acids (18:3),nutrition,mae,validation
177,0.0880278468165076,0.0814704019031976,0.0458601729292476,0.2668219325710236,0.2437928402914425,0.0149567854459686,1909,Lactose,nutrition,mae,validation
178,0.0383140736475924,0.0376045658919072,0.0043407594465692,0.0848384647690066,0.0387511101122447,0.0046185622229033,1562,Leucine,nutrition,mae,validation
179,0.3588432666693044,0.2298753575989576,0.1651637164923644,1.819233606746968,0.3878688377853088,0.2645101605422901,17,Lignin,nutrition,mae,validation
180,0.1792652824521373,0.1391786446288363,0.0600063373996322,0.7354793180137618,0.1834840419179726,0.0743642057343473,1345,Linoleic acid (18:2n-6),nutrition,mae,validation
181,0.3014765265433848,0.0001969349572926,1.047489486866751e-06,0.000197885916836,0.381241188475486,0.1051732749460719,1277,Lutein + zeaxanthin,nutrition,mae,validation
182,0.0805251300964437,0.000233012829784,2.3825492932752163e-06,0.0002343649416943,0.7132227919988955,0.0057089311637852,2090,Lycopene,nutrition,mae,validation
183,0.0524861459673045,0.0447047795690035,0.0055408771312109,0.101608047291739,0.0531786303453448,0.0037289504407365,1571,Lysine,nutrition,mae,validation
184,0.1661599079308429,0.0113540065692752,0.0010958277594971,0.0128865659372799,0.1680602004085011,0.0556569389469958,6213,Magnesium,nutrition,mae,validation
185,0.2524304477721096,0.1088609153086816,0.0750187904795075,0.2166702433725156,0.502544481497224,0.0517942052120763,1924,Maltose,nutrition,mae,validation
186,0.2836365625517711,0.000386600605285,7.607049350641637e-06,0.0003910166797634,0.2850260605415722,0.2674979445320306,3266,Manganese,nutrition,mae,validation
188,0.1539333882033489,1.3231126914626097e-06,3.48542123242934e-12,1.32311942275419e-06,0.1710370980037211,0.0,10,Menaquinone-4,nutrition,mae,validation
189,0.0592255316327984,0.0260315203459906,0.0019758474712716,0.0379825744191063,0.0602401683459724,0.0123447835469475,1570,Methionine,nutrition,mae,validation
190,0.2980404801925565,1.958043318763744e-05,7.732105473718723e-09,1.9585552550050795e-05,0.3367026011745692,0.1071462578438689,190,Molybdenum,nutrition,mae,validation
191,0.1965879583083676,0.0009870877666981,6.837150898050469e-06,0.0009943322970466,0.2024255946527945,0.0578281311261334,5427,Niacin,nutrition,mae,validation
192,0.1642943656486834,0.0011858286991436,1.1575771619570383e-05,0.0012001851994194,0.1714908959214241,0.0380695092775966,1168,Nicotinic acid,nutrition,mae,validation
193,0.2634969500103974,0.1940937605559489,0.1321999569111432,0.9852900094902236,0.2637813327910396,0.2553966275811359,914,Octadecadienoic acid (18:2; isomer unspecified),nutrition,mae,validation
194,0.1366246308381423,0.0921738827831625,0.0322448263817956,0.2648458754144773,0.1426804807534917,0.0359831615025771,3429,Octadecanoic acid (18:0),nutrition,mae,validation
195,0.0634656206169188,0.0036068620605719,0.0007097869623169,0.0058784089209116,0.5574986591497813,0.0143644776434692,719,Octadecatetraenoic acid (18:4; isomer unspecified),nutrition,mae,validation
196,0.3420350597863988,0.065355529144612,0.0222971397070675,0.1116232334884676,0.3419422329983844,0.3430699530311536,899,Octadecatrienoic acid (18:3; isomer unspecified),nutrition,mae,validation
197,0.1914196999232209,0.2265190228219882,0.1433694294341991,1.5273807977687195,0.1960677973753256,0.07495165805191,912,Octadecenoic acid (18:1; cis/trans unspecified),nutrition,mae,validation
198,0.1567853181914384,0.020262629087276,0.0106342403679118,0.032809918704873,0.364394212913289,0.0300984745760333,2755,Octanoic acid (8:0),nutrition,mae,validation
199,0.2074565233896415,0.0003095021703193,6.314930914157344e-06,0.0003130540847396,0.213491026959246,0.1210877119183294,2974,Pantothenic acid (vitamin B5),nutrition,mae,validation
200,0.178380628203643,0.0088749225233794,0.0009730041806627,0.0100466506866047,0.2202521736907083,0.0973458529061658,1081,Pentadecanoic acid (15:0),nutrition,mae,validation
201,0.1121373847319696,0.0028755797377962,0.0006651153503629,0.0032612403301919,1.5161758313299962,0.000283798869458,777,Pentadecenoic acid (15:1; isomer unspecified),nutrition,mae,validation
202,0.0398505461452276,0.0286564553466329,0.0025486884724131,0.049686808316993,0.0404158747198587,0.0080981861540383,1573,Phenylalanine,nutrition,mae,validation
203,0.1276898110657118,0.0332551444266813,0.0044519922940557,0.0425932918046493,0.130753090234124,0.0128774330701898,5470,Phosphorus,nutrition,mae,validation
204,0.15098881521757,0.0148634037627642,0.0011309279559555,0.0167392768070395,0.2142662966973971,0.0750558374417773,66,Phytosterols,nutrition,mae,validation
205,0.1591669615153565,0.0644369161539294,0.0157314937765934,0.1017549174895406,0.1612581415273117,0.0429558385272665,5513,Potassium,nutrition,mae,validation
206,0.0613711054906284,0.0523990731123463,0.0084365519755727,0.104239147095301,0.0622491133157633,0.0056907759133238,1546,Proline,nutrition,mae,validation
207,0.0821316531476351,0.1664072099029401,0.0728541786171397,1.6219945962513267,0.0841039519276875,0.0323631606810643,4633,"Protein, total",nutrition,mae,validation
208,0.2287066055122889,6.883871080476854e-05,3.367724395281595e-07,6.918243841395407e-05,0.4015570906688371,0.0474433247322619,5057,Retinol,nutrition,mae,validation
209,0.1992606327415747,8.115544518019905e-05,5.543931773336161e-08,8.121179664682557e-05,0.2060058966764628,0.0564457316251515,4691,Riboflavin (vitamin B2),nutrition,mae,validation
210,0.1992301425648075,5.731875873581285e-06,1.426928158728568e-09,5.732686283684458e-06,0.2067152740363188,0.106806569350258,4249,"Selenium, Se",nutrition,mae,validation
211,0.0407159405390096,0.0302149183727399,0.0028920338406192,0.0539987228576687,0.04123105456385,0.0051262442773124,1542,Serine,nutrition,mae,validation
212,0.2607061518846424,0.0777912438771616,0.0403655458503808,0.1760608040403171,0.2639902053947088,0.12135226716999,4705,Sodium,nutrition,mae,validation
213,0.1127562773444029,0.1127562740812252,0.0334311720047433,0.2161012692761063,0.1931487668628527,0.0055662913198032,14,Sorbitol,nutrition,mae,validation
214,0.1204579080981262,0.3302364261981295,0.4695344390732675,3.5665232187439613,0.1644345812809181,0.0365060700420281,1292,Starch,nutrition,mae,validation
215,0.044301483741221,0.0148947397732166,0.0062842308747249,0.0187374423246841,0.8858565632508615,9.111135450536597e-06,140,Stearidonic acid,nutrition,mae,validation
216,0.1973236104073827,0.0031742792964,6.956876995133872e-05,0.0032377307209162,0.2655993328562531,0.0835307396592654,48,Stigmasterol,nutrition,mae,validation
217,0.3191361682695934,0.3529594424941872,0.3701654248588515,2.2991625736014214,0.3957869433164316,0.1171148752012269,1021,Sucrose,nutrition,mae,validation
218,0.2224943834532617,0.3463443313319003,0.2981827656798421,3.218365825887605,0.2355984091657046,0.1205472197348641,3185,"Sugars, total",nutrition,mae,validation
219,0.4011222491624673,0.0996189168602095,0.0180103757926958,0.1187986508567631,0.4011222491624673,,20,Sulfur,nutrition,mae,validation
220,0.1985462405609233,0.0061411647365806,0.0005237170540719,0.0067977312234351,0.2648600376177399,0.1151431736743389,806,Tetracosanoic acid (24:0),nutrition,mae,validation
221,0.1963340069337165,0.0593340462858956,0.0322626986505364,0.1480883965401969,0.2246006538730365,0.0364876764849496,3308,Tetradecanoic acid (14:0),nutrition,mae,validation
222,0.1560877652052763,0.011383449082412,0.0014236372189907,0.0139533109112779,0.2339920531810845,0.0509314650447134,1002,Tetradecenoic acid (14:1; isomer unspecified),nutrition,mae,validation
223,0.2367288995173686,7.8289214066128e-05,8.597613425697314e-08,7.83550194532483e-05,0.2449915957080601,0.0960894068180317,5049,Thiamin (vitamin B1),nutrition,mae,validation
224,0.04619792274749,0.0309538073148644,0.0027188343736945,0.0544956262033127,0.0467905030179855,0.0047711747464853,1560,Threonine,nutrition,mae,validation
225,0.2720841852423148,4.793814667309274e-05,6.76579631418652e-08,4.7977136581321954e-05,0.3547680735860735,0.1211146423723722,1452,"Tocopherol, beta",nutrition,mae,validation
226,0.2924923620517562,0.0001691442337917,1.0548505654320702e-06,0.0001699876174174,0.4230862345644492,0.1188066079677056,1454,"Tocopherol, delta",nutrition,mae,validation
227,0.4066609515193324,0.0008605500901739,1.180100658154388e-05,0.0008717061949491,0.4491996356487916,0.2285138775895086,1548,"Tocopherol, gamma",nutrition,mae,validation
228,0.4131742680220852,8.323217996302258e-05,2.461759141780778e-07,8.336151522559761e-05,0.5308389586484412,0.1825649603188544,1033,"Tocotrienol, alpha",nutrition,mae,validation
229,0.1180160667817298,4.97206224122126e-05,2.3612977705634843e-08,4.974042431145345e-05,0.4289952988345707,0.0471192470391133,237,"Tocotrienol, beta",nutrition,mae,validation
230,0.0328799600540903,4.552893345417309e-06,7.968038958684341e-10,4.553291792163865e-06,0.5942917608137004,4.494243842922658e-06,235,"Tocotrienol, delta",nutrition,mae,validation
231,0.3798595731842462,8.763250429812826e-05,1.072036552921014e-07,8.769598035967482e-05,0.7395922385323397,0.1451403872833625,233,"Tocotrienol, gamma",nutrition,mae,validation
232,0.0556043832075336,0.0005990845311948,1.3364785935663776e-05,0.0006058237570525,1.2102910218523788,9.06025034545215e-05,109,Tridecanoic acid (13:0),nutrition,mae,validation
233,0.0960946202807913,0.0224513806882121,0.0015958518026008,0.027054296949445,0.0970966190951807,0.0772632416650947,2819,Tryptophan,nutrition,mae,validation
234,0.052121579402906,0.0311764342507341,0.0029549504973428,0.0505859159765092,0.0529240322735762,0.0086797164890307,1553,Tyrosine,nutrition,mae,validation
235,0.0445107876168768,0.034448494897663,0.0037251960350395,0.0652608230748425,0.0451066564582218,0.0045357605649066,1566,Valine,nutrition,mae,validation
236,0.2031432587269446,7.636243180711761e-05,5.3493769917261274e-08,7.641989785490531e-05,0.2105879132925469,0.0793758765738078,282,Vitamin B6 - Pyridoxin,nutrition,mae,validation
237,0.2184576791715759,5.802733375765383e-07,2.9073726404543194e-11,5.802921849156297e-07,0.3837306473641756,0.0881271238782295,4761,Vitamin D (D2 + D3),nutrition,mae,validation
238,0.1809839524424601,1.1012052527490165e-07,8.448254843776578e-13,1.1012094769082373e-07,1.005638047692621,1.3613939280181587e-05,1168,Vitamin D2 (ergocalciferol),nutrition,mae,validation
239,0.0658247712035138,0.2462416434801622,0.2541247843569304,7.291141510380748,0.0659897089843345,0.0473198144870233,5247,Water,nutrition,mae,validation
241,0.1879512347229255,0.000584989134745,5.093700636403162e-06,0.0005890120512932,0.1907338666221651,0.0872440138230241,5536,Zinc,nutrition,mae,validation
242,0.187267775378629,0.0093427297515835,0.0011492988164278,0.0102814181567295,0.323658603408085,0.0418593719422669,250,"cis,cis-Eicosadienoic acid (20:2n-6)",nutrition,mae,validation
243,0.3802693871751761,0.0044021207908786,0.0002737807508741,0.0045618925283485,0.5531429328956484,0.1864414722764648,70,cis-Docosenoic acid (22:1 cis),nutrition,mae,validation
244,0.0979342915045873,0.0201599508620255,0.0007938174084101,0.0238613628728272,0.0948247185227751,0.1624579308771897,87,cis-Hexadecenoic acid (16:1 cis),nutrition,mae,validation
245,0.1548234764438602,0.2219030708563135,0.1142096985242715,1.9628312498695808,0.1548234764438602,,153,cis-Octadecenoic acid (18:1 cis),nutrition,mae,validation
246,0.2449006342022963,0.0032543502082935,0.0001038447901,0.0033585442797766,0.4605141655861435,0.1129580254450167,108,cis-Tetracosenoic acid (24:1 cis),nutrition,mae,validation
247,0.2378398298624861,0.0195373839898415,0.0019984481177007,0.0212588128614283,0.1334004010829118,1.2300144032684424,21,"trans,trans-Linoleic acid (18:2 trans,trans)",nutrition,mae,validation
248,0.0759863481443576,0.0001176491681547,1.5659393844293501e-07,0.0001177275212077,0.7741187636668266,0.0001023899353936,51,trans-Docosenoic acid (22:1 trans),nutrition,mae,validation
249,0.0999476510035534,0.002623337463464,1.9030864030166752e-05,0.0026871821873218,0.145844520614168,0.0015972161236651,66,trans-Hexadecenoic acid (16:1 trans),nutrition,mae,validation
250,0.2252559954461105,0.0257562850173775,0.0046587969252675,0.0309484038730959,0.240926029895852,0.0450505992740832,75,trans-Linoleic acid (18:2; isomer unspecified),nutrition,mae,validation
251,0.2519483236501782,0.1310239792688795,0.1658865673076706,0.5030161205437881,0.2534978399537236,0.2431228177473758,154,trans-Octadecenoic acid (18:1 trans),nutrition,mae,validation
2,0.4609285075564082,0.221631414445241,0.1155119505464331,0.4120996682180298,0.4609285075564082,,18,Acetic acid,food_metabolome,drop25,validation
7,0.270608658704398,0.0015584095749411,6.537642395205205e-05,0.0015987984210928,0.6844603908545057,0.0554057579863419,38,Apigenin,food_metabolome,drop25,validation
9,0.9734379671958084,0.0022859261150676,2.5279232782996976e-05,0.0023006732891981,0.9734379671958084,,13,Benzoic acid,food_metabolome,drop25,validation
11,0.5071036846376415,0.0021006463610564,2.182146557465545e-05,0.0021161455396993,0.537998240232253,0.1672635730969154,12,Cadaverine,food_metabolome,drop25,validation
12,1.2227451529577105,0.0706538045570058,0.053847842772389,0.1120432895108702,1.3302834231038865,0.3265929017395792,28,Caffeic acid,food_metabolome,drop25,validation
13,0.0762194947234823,0.0025878787635574,0.0010939558126484,0.0033413744431176,0.8934354328539198,2.991617590381577e-05,1962,Caffeine,food_metabolome,drop25,validation
15,0.6361760409205801,0.0100717991892897,0.0019232282559647,0.0112526647446304,0.6575938255161972,0.5862012101974736,30,Catechin,food_metabolome,drop25,validation
16,0.1679076648952686,0.0118617453632569,0.000672389787431,0.0130031145901086,0.1707326855531122,0.0285399791083175,755,Choline,food_metabolome,drop25,validation
18,0.3106998039713549,0.1356673446764104,0.0404647089215936,0.1940763559971864,0.3106998039713549,,52,Citric acid,food_metabolome,drop25,validation
21,0.5158269493972772,0.0052654302322004,0.0001283705678323,0.00534193121657,0.6482562006047837,0.3304259977067679,12,Cyanidin,food_metabolome,drop25,validation
22,0.833548307450236,0.004761934464184,3.734268305081434e-05,0.0048042329858766,0.8703160951664102,0.7355008735404382,11,Daidzein,food_metabolome,drop25,validation
24,0.7838006613994297,0.0045447122078838,0.000113976666292,0.0046023972975322,1.7909811094422707,0.0004380906994423,16,Delphinidin,food_metabolome,drop25,validation
25,2.9374629297831767,0.1365654057179079,0.0624004991046971,0.1743050300115118,2.9374629297831767,,5,Ellagic acid,food_metabolome,drop25,validation
26,0.3923565804674225,0.0008819097328601,8.180661391497867e-06,0.0008860170042923,1.3725640077814332,0.0002736095418182,28,Epigallocatechin,food_metabolome,drop25,validation
28,0.5689806674003262,0.0082658511058591,0.0003502300734589,0.0086007949886632,0.6091952947995498,0.0864051386096415,26,Ferulic acid,food_metabolome,drop25,validation
33,1.7267227555302789,0.221260001744931,0.3596271344080106,0.6316792263806527,2.159493064174901,0.1038340981129477,19,Gallic acid,food_metabolome,drop25,validation
35,1.1710150549285931,0.0099493828281486,0.0011957456293654,0.0108433435384128,1.163667420445575,1.36205355148707,27,Genistein,food_metabolome,drop25,validation
43,0.4768814314919756,0.0013763437898824,7.735285091196503e-06,0.0013811117837344,1.0750673146175702,0.1505982225143784,17,Glycitein,food_metabolome,drop25,validation
47,0.6555737164047727,0.0012545494679916,1.6042067179274235e-05,0.0012631473204808,0.6744366395740851,0.0330972518174622,34,Histamine,food_metabolome,drop25,validation
50,0.6418234397662184,0.0050316404055545,0.0002449569530191,0.0051575223932327,1.4867398877710694,0.1348735709633078,16,Isorhamnetin,food_metabolome,drop25,validation
51,0.7244915567685257,0.0027443092922437,3.50406786930949e-05,0.0027656042953297,0.9656075532294622,0.4370070994497168,57,Kaempferol,food_metabolome,drop25,validation
52,0.1997473649262675,0.1654863903454353,0.0486430195199318,0.3080595507829086,0.1997473649262675,,23,Lactic acid,food_metabolome,drop25,validation
53,0.5809402149432172,0.0001579206483213,9.06828138128421e-08,0.0001579764907096,0.5809402149432172,,4,Lariciresinol,food_metabolome,drop25,validation
54,0.4794809566445495,0.0008655068610332,3.072186093452666e-06,0.000867602078356,0.4794809566445495,,14,Lutein,food_metabolome,drop25,validation
55,0.5424973042243112,0.005460353582914,0.000415759235558,0.0056989441471393,1.2034935212692293,0.0848845385778295,44,Luteolin,food_metabolome,drop25,validation
56,0.3009377291480243,0.1205257340466445,0.0354195611678977,0.1785696230676709,0.3009377291480243,,49,Malic acid,food_metabolome,drop25,validation
58,1.4095504814341722,0.0001355919598293,8.926405093947482e-08,0.0001356366033734,1.7619381017927152,0.0,5,Matairesinol,food_metabolome,drop25,validation
61,0.5339119607549044,0.0012577351698355,1.0742754880911288e-05,0.0012637991170504,0.7519287012420155,0.2536047229857617,48,Myricetin,food_metabolome,drop25,validation
62,0.2825594095321094,0.014925766307764,0.003078692676893,0.017734777116998,0.7660756276396595,0.0005082823027051,19,Naringenin,food_metabolome,drop25,validation
65,0.3929510808016779,0.0334922941576083,0.001821923069488,0.03872705183979,0.3929510808016779,,4,Oxalic acid,food_metabolome,drop25,validation
66,0.6950770809808448,0.0006370162816134,3.444068974966728e-06,0.0006388200217875,1.903936963986516,0.2115331277785762,14,Pelargonidin,food_metabolome,drop25,validation
67,0.2905088734913795,0.0008756957282978,7.259072553292239e-06,0.0008795701253314,0.9406704946268536,0.0015481529867243,13,Peonidin,food_metabolome,drop25,validation
72,0.4906392673382017,4.336156559331637e-05,2.839708217777145e-09,4.336478319233508e-05,0.4906392673382017,,4,Pinoresinol,food_metabolome,drop25,validation
77,0.3034975532166144,0.0014052264910729,9.531121414807423e-06,0.0014378683166503,0.3034975532166144,,17,Putrescine,food_metabolome,drop25,validation
79,0.5973776554967779,0.0046640771165244,9.309985018702996e-05,0.0047285431016504,0.662273420031601,0.3912381681508693,71,Quercetin,food_metabolome,drop25,validation
82,0.2434974267372428,0.2129991300067263,0.1298473348249249,0.4591788186086341,0.3646765539146862,0.0011391723823559,6,Rosmarinic acid,food_metabolome,drop25,validation
83,0.8907082352927229,0.0001021795369755,1.834660961851044e-08,0.0001021929051651,0.8907082352927229,,5,Secoisolariciresinol,food_metabolome,drop25,validation
88,0.077654046460665,0.0002372990774759,1.3753600750807193e-07,0.0002374245730775,0.0854194511067315,0.0,11,Spermine,food_metabolome,drop25,validation
90,0.8391429314578972,0.0067666966213501,0.0002716647313431,0.0069176416224258,1.068830744689211,0.0735168873535186,13,Syringic acid,food_metabolome,drop25,validation
91,0.4070361884481667,0.2564497132134539,0.2216221617457502,0.97917790017128,0.4070361884481667,,5,Tartaric acid,food_metabolome,drop25,validation
92,0.38704130737387,0.00079160543726,1.5694899692651276e-06,0.0007957253873218,0.38704130737387,,9,Taurine,food_metabolome,drop25,validation
93,0.0310014760390115,0.0050755444662939,0.0014172714996067,0.006841464019793,0.4061495017618582,0.0076451526744485,1928,Theobromine,food_metabolome,drop25,validation
96,0.139699878557175,0.0007759760608265,2.363619516680798e-06,0.0007801563820103,0.1544487367128575,0.05120672962308,21,Tyramine,food_metabolome,drop25,validation
98,0.4735226293702504,0.0008196510628771,2.783145794874938e-06,0.0008213224913519,0.5333734441560467,0.2041939628341668,11,Vanillic acid,food_metabolome,drop25,validation
103,0.7806813931623698,0.0061086044254192,0.0001917953967315,0.0062303734393613,0.9041169307337944,0.0400681677338228,28,p-Coumaric acid,food_metabolome,drop25,validation
104,0.0557560745820987,0.0435303710330427,0.0056473158046397,0.0886730314601151,0.0564811451568646,0.005495500649461,1547,Alanine,nutrition,drop25,validation
105,0.1625211779694857,0.0153361125571434,0.0011699716196404,0.0169012371021066,0.2542227621135408,0.0521640802848014,1128,Arachidonic acid (20:4n-6),nutrition,drop25,validation
106,0.0782972374973085,0.0647035854551946,0.0123006743789633,0.1400093506695868,0.0780986423551544,0.0809989988080146,1727,Arginine,nutrition,drop25,validation
107,0.381344753640318,0.0090525956535774,0.0003210198258255,0.0094169234006887,0.5176844642242409,0.1517199779200271,102,Ascorbic acid (vitamin C),nutrition,drop25,validation
108,0.1207823363722599,0.1260799637683068,0.0546008538564858,0.48314119610183,0.1221649814386499,0.0257991891971321,3606,Ash,nutrition,drop25,validation
109,0.059674146892921,0.0620881158248234,0.0106061703323274,0.1526512122296341,0.0597385482886295,0.0548472622845698,1519,Aspartic acid,nutrition,drop25,validation
110,0.1299664145739313,0.28216696607131,0.1724757521151523,4.7201063439882525,0.1408170953312557,0.0126434288853606,756,Available carbohydrate,nutrition,drop25,validation
111,0.1048856305245471,0.0189021994358738,0.0016893932021169,0.0226489993420255,0.1394962054622697,0.0208313771043636,48,Beta-sitosterol,nutrition,drop25,validation
112,0.2035517262622183,0.0074963582137099,0.002129984486794,0.0089847671399695,0.19753256797238,0.3545055882053362,498,Betaine,nutrition,drop25,validation
113,0.4278615418949597,9.744837256977456e-05,2.077646439439785e-06,9.85039832950114e-05,0.4469858818118146,0.2608645269772559,1768,Biotin,nutrition,drop25,validation
114,0.1133526851263804,0.0159404555275822,0.0034390357248276,0.0216895087173117,0.2625143947249159,0.0336381857711499,2269,Butyric acid (4:0),nutrition,drop25,validation
115,0.3324512352344296,0.0337067305758098,0.0081772797581256,0.0451132070044422,0.3337053513499877,0.2872029169622998,6878,Calcium,nutrition,drop25,validation
116,0.205535064144055,0.0064633257588676,0.0001724693933624,0.0068887030028307,0.2264628684723459,0.1322877489950369,36,Campesterol,nutrition,drop25,validation
117,0.27295634724975,4.861573959372818e-05,1.2564831044595938e-07,4.867868236604735e-05,1.2066832109269483,0.00334076906867,2524,"Carotene, alpha",nutrition,drop25,validation
118,0.4537071446384412,0.000353652064768,3.3951071870973874e-06,0.0003560168377602,0.6954497985446281,0.0884661364182103,3736,"Carotene, beta",nutrition,drop25,validation
119,0.5456808927319481,0.5057797283471472,0.8129618956951804,5.062662698189417,0.5234187912326219,0.6903845524775682,15,Cellulose,nutrition,drop25,validation
120,0.223392082403343,0.1024056307048658,0.0290865071303907,0.4380201090916084,0.223392082403343,,343,Chloride,nutrition,drop25,validation
121,0.3145310825198437,6.639869112539843e-07,8.605560497389301e-12,6.639935432452373e-07,0.480352038073094,0.0987442098959121,695,Cholecalciferol (vitamin D3),nutrition,drop25,validation
122,0.1282213446652992,0.0299307981541899,0.0563759362210656,0.1642667533901487,0.2103045464369743,0.0091544214954408,3992,Cholesterol,nutrition,drop25,validation
123,0.1433981220410074,0.0089164193542875,0.0004255051360603,0.0097387538387708,0.1459558222624869,0.0577384164416418,1897,"Choline, total",nutrition,drop25,validation
124,0.3886458900868073,4.7461941166349145e-05,6.247631129139353e-08,4.752577798934402e-05,0.4647404241524104,0.1901436296398313,278,Chromium,nutrition,drop25,validation
125,0.1867147360681575,7.394129380514692e-07,1.5759647699034935e-11,7.394258411348151e-07,0.2923436447874808,0.0198701764090859,4402,Cobalamin (vitamin B12),nutrition,drop25,validation
126,0.1743223033646881,0.0223752117574827,0.0023609527868397,0.0326443061365716,0.1934468001683345,0.0372634096052224,98,Conjugated linoleic acids (18:2 CLA isomers),nutrition,drop25,validation
127,0.2676353874213392,0.0001302813031202,1.5871937245325876e-06,0.0001311330216969,0.2689466331814567,0.2316355588679471,5038,Copper,nutrition,drop25,validation
128,0.2607760840827161,1.9562107042859308e-05,4.8996885624531e-08,1.9586644808745923e-05,1.0943074376137196,0.001948973257004,2450,"Cryptoxanthin, beta",nutrition,drop25,validation
129,0.0784423267813484,0.0238704378380389,0.001712366317963,0.0299023915766831,0.0795037964073852,0.0193145372421103,1531,Cystine,nutrition,drop25,validation
130,0.2212055481486958,0.0261733979340185,0.0110277157012355,0.0399675529439683,0.3848502723185589,0.0543760507952003,2996,Decanoic acid (10:0),nutrition,drop25,validation
131,0.1789365457444467,0.2386921671813749,0.1339542768619909,1.1282224872865905,0.2104554730218777,0.0574924347270168,2543,"Dietary fibre, total",nutrition,drop25,validation
132,0.1329581390607593,0.0151808056294279,0.0057902147934428,0.0319794468710249,0.4148024682067456,0.0194489241747852,2886,Docosahexaenoic acid (DHA; 22:6n-3),nutrition,drop25,validation
133,0.3057505101632449,0.0187143584254864,0.0090023162968278,0.0286725130715359,0.40404552208512,0.1768968427665702,1047,Docosanoic acid (22:0),nutrition,drop25,validation
134,0.1430038252238872,0.0059458203008923,0.0011060704136891,0.0075447477433184,0.3701481129874376,0.034322276265925,2934,Docosapentaenoic acid (DPA; 22:5n-3),nutrition,drop25,validation
135,0.1556636501012303,0.001784145285237,2.0427436724548763e-05,0.0018004365066021,0.2697413736308935,0.0320794496107617,75,Docosatetraenoic acid (22:4; isomer unspecified),nutrition,drop25,validation
136,0.1452498110516389,0.013499947798917,0.0112371617233367,0.044859726237548,0.8058183923767496,0.0298620300188872,733,Docosenoic acid (22:1; cis/trans unspecified),nutrition,drop25,validation
137,0.3385391116322181,0.0602045036694753,0.06485890241172,0.1923882950768244,0.4785130770772227,0.1031452932426796,3352,Dodecanoic acid (12:0),nutrition,drop25,validation
138,0.2449483426903561,0.0148477308999219,0.0024309579555697,0.0178291970211318,0.2391496530556365,0.2718450895271062,998,Eicosanoic acid (20:0),nutrition,drop25,validation
139,0.1652440898709409,0.0124957139270441,0.0047235389380742,0.0235105466867563,0.4980582551339251,0.025544438064202,3202,Eicosapentaenoic acid (EPA; 20:5n-3),nutrition,drop25,validation
140,0.1088742036367601,0.0098321551719998,0.0011317817801157,0.0115216016095543,0.1823688378004707,0.0545808702905956,772,Eicosatetraenoic acid (20:4; isomer unspecified),nutrition,drop25,validation
141,0.1760281881201197,0.0042388355485799,0.0004638624637808,0.0045072328753066,0.4322833101227035,0.0193254156724964,224,Eicosatrienoic acid (20:3; isomer unspecified),nutrition,drop25,validation
142,0.183380518681701,0.0020722807323292,3.576817342287192e-05,0.002112875189078,0.2468820381411974,0.1218634217053139,63,Eicosatrienoic acid (20:3n-3),nutrition,drop25,validation
143,0.1439170204197634,0.0037959220582542,0.0001056280638152,0.0039311931111371,0.1986171276819364,0.0556509382467117,230,Eicosatrienoic acid (20:3n-6),nutrition,drop25,validation
144,0.2536897783159055,0.0252089957445889,0.0063300013373143,0.037738871891479,0.2920066134519309,0.1809406347916455,2654,Eicosenoic acid (20:1; isomer unspecified),nutrition,drop25,validation
147,0.0165522920254291,0.0482080710915302,0.1221479691756253,0.2635612418725058,0.8130195466888066,0.0002344263201307,3138,Ethanol,nutrition,drop25,validation
148,0.1040110723066029,0.1842954003141205,0.1260916263817307,1.966845200236604,0.1069933733964849,0.0287094143261696,4833,"Fat, total",nutrition,drop25,validation
149,0.1094873844724581,0.1381403284658797,0.0555424373071818,0.9755591126648044,0.1141255582312646,0.0304231482260378,3886,"Fatty acids, total monounsaturated",nutrition,drop25,validation
150,0.186499155906659,0.1731651880690772,0.0886229921910334,0.8600464528436012,0.1918171102426882,0.0744405579329316,3896,"Fatty acids, total polyunsaturated",nutrition,drop25,validation
151,0.1129190987452513,0.132910810844201,0.0530348340666567,0.8802354822864052,0.1174466523777988,0.0255374297566904,4023,"Fatty acids, total saturated",nutrition,drop25,validation
152,0.2077099602628374,0.0708280238027339,0.0386750176408573,0.1520302538366941,0.273188106217468,0.0947220898015912,1172,"Fatty acids, total trans",nutrition,drop25,validation
153,0.1902526421417797,0.055135681049176,0.0395992203304253,0.1470271221991225,0.2013571222908389,0.1242180001887077,521,"Fatty acids, total trans-monoenoic",nutrition,drop25,validation
154,0.234649795693481,0.0221388239212564,0.004058218654872,0.0310006626445094,0.2386920963852267,0.2210984638506763,457,"Fatty acids, total trans-polyenoic",nutrition,drop25,validation
155,0.2828798129777509,1.5859072075521578e-05,2.5712630908653992e-09,1.586132446062353e-05,0.294626226195885,0.1543587441469668,3170,"Folate, food",nutrition,drop25,validation
156,0.290192894886863,2.376868939012081e-05,7.66160893825625e-09,2.377492664763964e-05,0.3038243805132836,0.1179578782526854,3886,"Folate, total",nutrition,drop25,validation
157,0.1676328074795799,1.7730227680819844e-05,6.1929729483469714e-09,1.7736214009204815e-05,0.3196208825780764,0.03196751040762,3100,Folic acid,nutrition,drop25,validation
158,0.2972629886508947,0.2281538453815342,0.1709867373569225,0.6961792310949245,0.3903975758470168,0.0712277331143526,1959,Fructose,nutrition,drop25,validation
159,0.2029229418974399,0.0241531111635423,0.0127778844795335,0.0364117588381723,0.9742187533081826,0.0158959674031082,1460,Galactose,nutrition,drop25,validation
160,0.3247995284514112,0.2556048751083312,0.1939365588364993,0.762402106426115,0.3956610332724188,0.0929102308521774,2003,Glucose,nutrition,drop25,validation
161,0.0578333016792942,0.0857982665521489,0.0209409089159783,0.3058464999035035,0.0585105947373471,0.0,1555,Glutamic acid,nutrition,drop25,validation
162,0.0868520062698074,0.0617483546715548,0.0124484887653423,0.128330941349837,0.0868866813691608,0.0850250758917347,1713,Glycine,nutrition,drop25,validation
165,0.1609503500566364,0.0135740649009558,0.0009438372269396,0.015438243310144,0.1814587305301136,0.0978586818380191,1138,Heptadecanoic acid (17:0),nutrition,drop25,validation
166,0.1833197753597336,0.0083712157962265,0.0003370163714964,0.0091014852032374,0.2139162229580978,0.136341905718812,880,Heptadecenoic acid (17:1; isomer unspecified),nutrition,drop25,validation
167,0.1186451201375079,0.1164073103022713,0.0445342771686499,0.4640425356786715,0.1214443387189935,0.0419557846199489,3436,Hexadecanoic acid (16:0),nutrition,drop25,validation
168,0.2440876531942772,0.0598766957136569,0.0216312388500158,0.1015465741875909,0.2756551369941974,0.0908801318186641,878,Hexadecenoic acid (16:1; cis/trans unspecified),nutrition,drop25,validation
169,0.0961897005817057,0.0112746455188414,0.0021223960945188,0.0140340524869732,0.2755833601511365,0.0188627240636112,2651,Hexanoic acid (6:0),nutrition,drop25,validation
170,0.0644183003271856,0.0351524833824746,0.0036923242365995,0.0585600128566407,0.0654266361697689,0.0097112068314259,1562,Histidine,nutrition,drop25,validation
171,0.0900972815132875,0.0234685673249898,0.0016242090270396,0.0277984813438801,0.1129792819699409,0.0108640859021893,299,Hydroxyproline,nutrition,drop25,validation
172,0.2044446311535873,0.2552337206849395,0.1029011745608298,1.822209764597912,0.215204874898513,0.0,20,Insoluble dietary fibers,nutrition,drop25,validation
173,0.2586078469064347,0.0013350411624739,2.591056559214377e-05,0.0013549055620499,0.2627252054890247,0.1198486451436653,5716,Iron,nutrition,drop25,validation
174,0.0521635281765434,0.0373678118456389,0.004119337680754,0.0695213595429637,0.0529441791925409,0.0093877284483973,1564,Isoleucine,nutrition,drop25,validation
175,0.5865408676084106,0.2681206791247015,0.1372114887288451,0.5469508872292935,0.5865408676084106,,15,Isomeric linoleic acids (18:2),nutrition,drop25,validation
176,0.9563811094438744,0.1300382043043078,0.053806196309959,0.1935219165247596,0.9570026149160872,0.9554932444835708,17,Isomeric linolenic acids (18:3),nutrition,drop25,validation
177,0.1039406979230654,0.0965699716200889,0.059367070203584,0.3059655255139841,0.2818329153285001,0.0216051175532426,1909,Lactose,nutrition,drop25,validation
178,0.0461147977275799,0.0452912636342096,0.0055151467924851,0.1069745980133822,0.0466407181541497,0.0055663328390459,1562,Leucine,nutrition,drop25,validation
179,0.7952422268392884,0.575695590331727,1.2149617152142582,3.5290857823149246,0.9651731436808167,0.2429667471043208,17,Lignin,nutrition,drop25,validation
180,0.1955050269748517,0.1510500129311643,0.0589015206326919,0.755987727297438,0.201196980996561,0.0539724010119657,1345,Linoleic acid (18:2n-6),nutrition,drop25,validation
181,0.3387209671703401,0.0002255462725948,1.070668696615849e-06,0.0002266291511234,0.4248676657249848,0.1269400297556591,1277,Lutein + zeaxanthin,nutrition,drop25,validation
182,0.1025423570018431,0.0002647161113203,2.7343528840285994e-06,0.0002660941350892,0.9689580638160072,9.320916662517416e-05,2090,Lycopene,nutrition,drop25,validation
183,0.0620291074094581,0.0530338988360871,0.0069249703729871,0.1246736624643144,0.0628424990104231,0.0047589442324217,1571,Lysine,nutrition,drop25,validation
184,0.1796825643806459,0.0121899804645252,0.0011844432235514,0.013794585576421,0.18166681844654,0.0621431054937281,6213,Magnesium,nutrition,drop25,validation
185,0.2616630311824674,0.1108163173766193,0.0739791420004202,0.2176121371723173,0.5043941126803994,0.0679782745037317,1924,Maltose,nutrition,drop25,validation
186,0.3185598182566964,0.0004150666872543,7.622349082152321e-06,0.0004195292134979,0.3196980458300562,0.3083648320906553,3266,Manganese,nutrition,drop25,validation
188,0.1061842989797487,9.120884821818008e-07,1.481727876069259e-12,9.12092775948728e-07,0.1176582310172899,0.0029189106418776,10,Menaquinone-4,nutrition,drop25,validation
189,0.0670674210833096,0.0302117148671789,0.0025220049462389,0.045072109064775,0.0682469171830359,0.0120319837696813,1570,Methionine,nutrition,drop25,validation
190,0.3197431755040164,1.9383335630038292e-05,6.253510846894821e-09,1.938838953569453e-05,0.3480041983025053,0.1802043754364777,190,Molybdenum,nutrition,drop25,validation
191,0.218275313708136,0.0010897822329412,7.689463316701803e-06,0.0010975620887316,0.2250748538111989,0.0553475707037743,5427,Niacin,nutrition,drop25,validation
192,0.1852915621588224,0.0013048833133246,1.370982745254951e-05,0.001320134253281,0.1934392323352992,0.04238401382538,1168,Nicotinic acid,nutrition,drop25,validation
193,0.3183607968171219,0.2354091074339129,0.1736974154096773,1.172494988690219,0.3184789188084989,0.3149962252562878,914,Octadecadienoic acid (18:2; isomer unspecified),nutrition,drop25,validation
194,0.150109494952159,0.1013031051249578,0.0369112008202951,0.2897421324632898,0.1568677817869417,0.0379355160018783,3429,Octadecanoic acid (18:0),nutrition,drop25,validation
195,0.0674283143760759,0.0044296632114137,0.0012636070254113,0.0075830892508237,0.6591439954238291,0.0086186518866204,719,Octadecatetraenoic acid (18:4; isomer unspecified),nutrition,drop25,validation
196,0.3709622314469329,0.0689760763463106,0.0259117020388667,0.1152715363795849,0.3689963063614828,0.3928796394941803,899,Octadecatrienoic acid (18:3; isomer unspecified),nutrition,drop25,validation
197,0.2261768992633419,0.2668430149072719,0.2115210261003939,1.7719894217644458,0.2307492085661888,0.1116078918748649,912,Octadecenoic acid (18:1; cis/trans unspecified),nutrition,drop25,validation
198,0.173367639620925,0.0212957198619169,0.010515855265651,0.0328848934706538,0.4037885690992117,0.0326688438037113,2755,Octanoic acid (8:0),nutrition,drop25,validation
199,0.2164700947107489,0.0003221311083937,6.383411511195174e-06,0.0003257060025204,0.2229317110706475,0.1208499375090456,2974,Pantothenic acid (vitamin B5),nutrition,drop25,validation
200,0.2005023269822435,0.0104058327537041,0.0011413004409076,0.0118349861934692,0.240513341389821,0.1243673215998439,1081,Pentadecanoic acid (15:0),nutrition,drop25,validation
201,0.0758604087400136,0.002218933604675,0.0006181084737227,0.0025887994905737,1.0050124172941854,0.0023093390767558,777,Pentadecenoic acid (15:1; isomer unspecified),nutrition,drop25,validation
202,0.0494316827987702,0.0359803012676517,0.004000621337369,0.0646981937263048,0.0501601158565822,0.0083881922761422,1573,Phenylalanine,nutrition,drop25,validation
203,0.1366719616513756,0.0355400419932345,0.0047155533305787,0.0453192170113002,0.1398859413709404,0.0141573036931835,5470,Phosphorus,nutrition,drop25,validation
204,0.1819936540955699,0.0178429370698644,0.0014752406605343,0.0201812962668535,0.2481808920288881,0.102568968575588,66,Phytosterols,nutrition,drop25,validation
205,0.173359196570955,0.070411685129577,0.0179749710843046,0.1115434395712049,0.1753885923193832,0.0632110892233955,5513,Potassium,nutrition,drop25,validation
206,0.0665296352299352,0.0567774497334608,0.0090102428059193,0.1120887514195284,0.0674944312179643,0.0053454896557542,1546,Proline,nutrition,drop25,validation
207,0.0938246220849102,0.1857737725820329,0.0852613049048372,1.892611911034862,0.0964403364322802,0.0280211422612021,4633,"Protein, total",nutrition,drop25,validation
208,0.2713212996791396,8.932161726073884e-05,7.577401557689407e-07,8.971175771255405e-05,0.4755381015003874,0.0555712412505382,5057,Retinol,nutrition,drop25,validation
209,0.2118857162569191,8.66519003165397e-05,6.035038701174977e-08,8.671264325326503e-05,0.2192301010466724,0.0562408618389297,4691,Riboflavin (vitamin B2),nutrition,drop25,validation
210,0.2201361197636752,6.195380419731712e-06,1.4250392984916534e-09,6.196198734540717e-06,0.2290625501552936,0.1046861912280438,4249,"Selenium, Se",nutrition,drop25,validation
211,0.0487112481879391,0.0364673841972067,0.003776326646725,0.0665940155096969,0.0493321873069063,0.0058099999683914,1542,Serine,nutrition,drop25,validation
212,0.2872486431933305,0.0854722731408514,0.0431502062212707,0.1931221825863064,0.2903574823237472,0.1542711245763066,4705,Sodium,nutrition,drop25,validation
213,0.1773634782963922,0.1773634791816151,0.0640386563852712,0.275230136656893,0.2563639558121064,0.07202950827544,14,Sorbitol,nutrition,drop25,validation
214,0.1485684557120086,0.3874317607388282,0.5537995202039775,4.546290304915525,0.2033476909326027,0.0463370718348533,1292,Starch,nutrition,drop25,validation
215,0.0420155008037638,0.014311557658199,0.0060530738065854,0.0181293646022275,0.8388579598978093,7.642400934039723e-05,140,Stearidonic acid,nutrition,drop25,validation
216,0.1963198773606617,0.0027345869862673,3.427588991496705e-05,0.0027811455125506,0.2834976305096716,0.051023622112312,48,Stigmasterol,nutrition,drop25,validation
217,0.3532570416984514,0.390988777044566,0.4547885161486567,2.5427892710638726,0.4299606862747785,0.1512812047691,1021,Sucrose,nutrition,drop25,validation
218,0.2597759598097995,0.4005695808487334,0.3734831997319999,3.715802328856344,0.2730351973202652,0.1564968388664016,3185,"Sugars, total",nutrition,drop25,validation
219,0.4372855948694247,0.106762340419035,0.0178388383724047,0.1266901987585425,0.4372855948694247,,20,Sulfur,nutrition,drop25,validation
220,0.2179725386557808,0.0061738024450989,0.0005491236352661,0.0067222746149667,0.2677808790442836,0.1553284354780841,806,Tetracosanoic acid (24:0),nutrition,drop25,validation
221,0.2188815474480444,0.0678195469792907,0.0389046177491489,0.1647862590291721,0.2512801882795848,0.0411734230114641,3308,Tetradecanoic acid (14:0),nutrition,drop25,validation
222,0.1703939236102243,0.0118354298017523,0.0014057657833067,0.014385633306616,0.2454183051197399,0.0689004032927256,1002,Tetradecenoic acid (14:1; isomer unspecified),nutrition,drop25,validation
223,0.2548997651676623,8.355809009808836e-05,8.664664102686344e-08,8.362552393366705e-05,0.2628723064483593,0.1199182170262957,5049,Thiamin (vitamin B1),nutrition,drop25,validation
224,0.0529286575555834,0.0359598295381487,0.0033996494343934,0.0657115717332055,0.05360679045551,0.0055210030061683,1560,Threonine,nutrition,drop25,validation
225,0.3055090315635702,5.1307181478569736e-05,6.844090967627649e-08,5.134653252432849e-05,0.403852715924188,0.1261980269037665,1452,"Tocopherol, beta",nutrition,drop25,validation
226,0.3388994586303928,0.0001866949017371,1.1544083529142329e-06,0.0001875623129529,0.4830666591017383,0.1471385330551683,1454,"Tocopherol, delta",nutrition,drop25,validation
227,0.4529694422545222,0.0009963500048086,1.3257568229108535e-05,0.0010102080862247,0.4925908313230859,0.2867068314950409,1548,"Tocopherol, gamma",nutrition,drop25,validation
228,0.4590283501033145,8.655139244130941e-05,2.512673322552156e-07,8.668211448930803e-05,0.5493831590532523,0.2819432804134649,1033,"Tocotrienol, alpha",nutrition,drop25,validation
229,0.1303574780787508,5.053734759905594e-05,2.859773326492432e-08,5.055628327188754e-05,0.6670486806247058,0.0080030070320046,237,"Tocotrienol, beta",nutrition,drop25,validation
230,0.0331258486430266,4.572568397684152e-06,7.966049365513534e-10,4.572966844430708e-06,0.5940379355882803,0.0002796453534397,235,"Tocotrienol, delta",nutrition,drop25,validation
231,0.326257275929408,6.420560824934199e-05,7.478250364954188e-08,6.424424418585725e-05,0.7538426506440715,0.0472654002290603,233,"Tocotrienol, gamma",nutrition,drop25,validation
232,0.0557171972734435,0.0005995358926667,1.3364935786085996e-05,0.0006062751189475,1.2102190047813997,0.0002123026817149,109,Tridecanoic acid (13:0),nutrition,drop25,validation
233,0.1049600167229281,0.0246370374870999,0.001857211090164,0.0297258819037135,0.1054897522210078,0.0952527074419186,2819,Tryptophan,nutrition,drop25,validation
234,0.0596342216876179,0.0361481251444991,0.0033207595873103,0.059870850006857,0.0605805504651277,0.0083264696867465,1553,Tyrosine,nutrition,drop25,validation
235,0.0520525725301187,0.0405445209726014,0.004797295736106,0.0789312576421477,0.052750360630185,0.0052400925995847,1566,Valine,nutrition,drop25,validation
236,0.2124369854787472,7.860020804072652e-05,5.141695041726887e-08,7.865835400342022e-05,0.2209994733643062,0.0700856243813282,282,Vitamin B6 - Pyridoxin,nutrition,drop25,validation
237,0.2639874605015716,6.581540899568474e-07,3.533302829689807e-11,6.581741187304372e-07,0.4893097555633139,0.0854528738464817,4761,Vitamin D (D2 + D3),nutrition,drop25,validation
238,0.152532703946148,1.0160770549012617e-07,8.293690964343462e-13,1.0160812345055097e-07,0.8252611794957498,0.0052425556901785,1168,Vitamin D2 (ergocalciferol),nutrition,drop25,validation
239,0.0731107056463628,0.3461889518036199,0.4633852594604379,7.754999405144363,0.0733892540418024,0.0421298125833746,5247,Water,nutrition,drop25,validation
241,0.2060155105033721,0.0006339605878339,5.4801737938857895e-06,0.000638128662139,0.2088545151461353,0.1030480080836667,5536,Zinc,nutrition,drop25,validation
242,0.214414035196476,0.0102042365826914,0.001227356545039,0.011147738582013,0.3722223215494923,0.0461721431341693,250,"cis,cis-Eicosadienoic acid (20:2n-6)",nutrition,drop25,validation
243,0.4205384922582,0.0053594250451864,0.0003184146248043,0.0055448448383148,0.5400481741242947,0.2865427883477301,70,cis-Docosenoic acid (22:1 cis),nutrition,drop25,validation
244,0.1330110439781832,0.0284982080408214,0.0015542985316006,0.033935019775936,0.1355335234366021,0.0806695952159915,87,cis-Hexadecenoic acid (16:1 cis),nutrition,drop25,validation
245,0.1694183829317235,0.2476691043127294,0.1394167928701135,1.9284185509556064,0.1694183829317235,,153,cis-Octadecenoic acid (18:1 cis),nutrition,drop25,validation
246,0.2250206690429088,0.0031910176367955,0.0001174413549187,0.0032947879043656,0.5188730874790451,0.0452005323879597,108,cis-Tetracosenoic acid (24:1 cis),nutrition,drop25,validation
247,0.2138105386969605,0.0159954681485598,0.0013804877114878,0.0172015557118824,0.1123377268755212,1.177802251000634,21,"trans,trans-Linoleic acid (18:2 trans,trans)",nutrition,drop25,validation
248,0.0763779747795076,0.0001180409388374,1.5648086763808125e-07,0.000118119292034,0.7735916976480721,0.0005938744677071,51,trans-Docosenoic acid (22:1 trans),nutrition,drop25,validation
249,0.127560606428259,0.0034187552603579,3.087609906380124e-05,0.0035146864891002,0.1812164868713799,0.0125837197644284,66,trans-Hexadecenoic acid (16:1 trans),nutrition,drop25,validation
250,0.2811337212834279,0.0335140339294591,0.0071520681063934,0.0426604791646481,0.3010328483311159,0.0522937602350166,75,trans-Linoleic acid (18:2; isomer unspecified),nutrition,drop25,validation
251,0.313672375465407,0.1622183774917208,0.1989014584959548,0.6654265906262762,0.3148966937349084,0.3066990844521598,154,trans-Octadecenoic acid (18:1 trans),nutrition,drop25,validation
