axis_index,scaled_log_mae,log_mae,log_mse,raw_mae,positive_scaled_log_mae,zero_scaled_log_mae,candidate_support,canonical_name,loss_group,method,partition
2,0.03918996159674531,0.021566237376717475,0.0025572697413899035,0.08327005632729399,0.04108233787170255,0.007019564922472343,54,Acetic acid,food_metabolome,mae,train
7,0.24613986337669086,0.01060890924178792,0.013610534774697711,0.023794234981445707,0.7912014381252782,0.0026790266556552247,217,Apigenin,food_metabolome,mae,train
9,0.12272292956976387,0.002349995471582569,0.0001472839518081206,0.0025423306594150917,0.12316052008108624,0.1167716986157794,73,Benzoic acid,food_metabolome,mae,train
11,0.08822767418258934,0.0016800526446309689,3.2700630230002546e-05,0.0017636629408551963,0.08956445712474978,0.0,67,Cadaverine,food_metabolome,mae,train
12,0.28445547166225543,0.013926502745429791,0.00523477936393378,0.021640105529955635,0.32563037456536226,0.05237874620838063,146,Caffeic acid,food_metabolome,mae,train
13,0.08081813694876269,0.003785585086723746,0.0030816194403529055,0.006390017284954029,0.9609464353896895,4.4319195035798965e-06,10892,Caffeine,food_metabolome,mae,train
15,0.08161427126731201,0.005741216567142129,0.002124062974608633,0.00833759746632233,0.12960049776787125,0.002027359022482052,109,Catechin,food_metabolome,mae,train
16,0.1221820518491722,0.008523436940861204,0.0005616796859110671,0.009740984198061005,0.1221992407017285,0.12136792528718746,4256,Choline,food_metabolome,mae,train
18,0.08232302935414541,0.03983876758238304,0.007152808133540292,0.08565592167237461,0.08117440713763015,0.42346382765918206,298,Citric acid,food_metabolome,mae,train
21,0.20764334629188172,0.010628142637959056,0.0019930779486333114,0.013343995313523394,0.32219954183462235,1.0241870664316228e-05,90,Cyanidin,food_metabolome,mae,train
22,0.07902508653511514,0.0012172344258097692,1.0071328976909903e-05,0.0012502664604525447,0.08261713592307492,0.0,46,Daidzein,food_metabolome,mae,train
24,0.13831047843204897,0.0022776453166267418,6.0830502247558876e-05,0.002478802440618222,0.24967355360210164,0.00022026522118365953,56,Delphinidin,food_metabolome,mae,train
25,0.07543808879742793,0.0027646811139342793,5.893041706476448e-05,0.002973684223109602,0.12055431688812293,0.0002443753129362616,32,Ellagic acid,food_metabolome,mae,train
26,0.29892725968529044,0.006050743044359106,0.002741692765019489,0.007724545372820973,0.9937589894176991,7.490281113609962e-05,133,Epigallocatechin,food_metabolome,mae,train
28,0.1168056048017613,0.001585140918935688,2.1588712163807588e-05,0.0016574798010965354,0.1321809979412817,0.03783199458513386,135,Ferulic acid,food_metabolome,mae,train
33,0.17303005838462407,0.009098506815443686,0.005429907503119184,0.014072032052761464,0.2314779970950011,0.04569704905130261,89,Gallic acid,food_metabolome,mae,train
35,0.13394780089067507,0.0019749541404488775,3.811513237732803e-05,0.002061815672792033,0.1365044274517071,0.06065783947442397,89,Genistein,food_metabolome,mae,train
43,0.054809863151865604,0.00022296420722206893,3.980334844739825e-07,0.00022426366869915306,0.09676839048413603,0.0008631851532322,64,Glycitein,food_metabolome,mae,train
47,0.15756908589188165,0.00048321620158582823,2.935680983451178e-06,0.0004863331822968965,0.16147363990867594,0.03913094738245451,188,Histamine,food_metabolome,mae,train
50,0.16194479888330413,0.0036981751492813036,0.000488293175892496,0.004194246374016116,0.373443232080863,0.001362655159231679,95,Isorhamnetin,food_metabolome,mae,train
51,0.1314929297321625,0.001299716430656268,4.8229448746024133e-05,0.0014253454869758556,0.235870848365036,0.00492442997261518,281,Kaempferol,food_metabolome,mae,train
52,0.04013988229030323,0.0334501066430766,0.002856978407972489,0.06557502277251837,0.04183593365468224,0.0,74,Lactic acid,food_metabolome,mae,train
53,0.06357599797422883,0.00016302857978262971,5.901242641464568e-07,0.0001650739455092492,0.07030803252899782,0.00747571001782056,28,Lariciresinol,food_metabolome,mae,train
54,0.07413368838039726,0.0034784042756719614,0.0006542554262322438,0.004167115738360611,0.07413368838039726,,70,Lutein,food_metabolome,mae,train
55,0.18756917246885327,0.00493142170353821,0.0016508244809168495,0.006245756482711047,0.3981998731571305,0.0011092079251324573,230,Luteolin,food_metabolome,mae,train
56,0.081198408802371,0.03396948815735498,0.0050848152951213895,0.05575194659563335,0.081198408802371,,296,Malic acid,food_metabolome,mae,train
58,0.10789051245345259,0.0011719804176731487,1.5749673085754295e-05,0.0012012545307047591,0.18474613972399725,0.0035864468719991128,33,Matairesinol,food_metabolome,mae,train
61,0.16937433260435386,0.0006510591503916407,1.998666151460611e-05,0.0006624910871219488,0.3709848242456277,0.0002816621955435368,228,Myricetin,food_metabolome,mae,train
62,0.10970199247712124,0.019745378391281126,0.026048700994194297,0.04771140277211789,0.5042480991301252,0.0010588616596273817,88,Naringenin,food_metabolome,mae,train
65,0.15409039981772446,0.03740617708564498,0.005077005895991951,0.0570517802945457,0.15409039981772446,,20,Oxalic acid,food_metabolome,mae,train
66,0.19786395263377285,0.001375641603061055,5.126348637081001e-05,0.0014170247055592074,0.3953125612778972,0.0004153439896485016,52,Pelargonidin,food_metabolome,mae,train
67,0.08899216344396736,0.0005587330595350432,3.1993849862641906e-06,0.0005684477601363993,0.1827504242511768,0.002446076545004802,50,Peonidin,food_metabolome,mae,train
72,0.12014261218810493,0.0008508956848926347,1.0336761964859717e-05,0.0008682583976464755,0.13969212752035154,0.0028455201946252593,28,Pinoresinol,food_metabolome,mae,train
77,0.11934448599575166,0.0025518921015985343,5.421194849507227e-05,0.00272843571333577,0.11934448599575166,,84,Putrescine,food_metabolome,mae,train
79,0.16657185978105138,0.014387308936017237,0.02614478002506364,0.05534929625120902,0.21948136693992468,0.020614598653124983,327,Quercetin,food_metabolome,mae,train
82,0.050301376630759065,0.0457416164308426,0.006594221551032798,0.15901420137829067,0.07185910947251295,0.0,30,Rosmarinic acid,food_metabolome,mae,train
83,0.39654561792630927,0.007190816486247449,0.0016348854487975351,0.00807817359339446,0.4834254411370065,0.02006638401328831,32,Secoisolariciresinol,food_metabolome,mae,train
88,0.02454811860809433,0.00012666221728249935,4.369784138519005e-08,0.00012711772289709998,0.024144138155880436,0.04474714121878888,51,Spermine,food_metabolome,mae,train
90,0.1250397912232404,0.0006076046693601989,4.4288527859330595e-06,0.00062022766415708,0.17568100301073428,0.0017394494797770914,79,Syringic acid,food_metabolome,mae,train
91,0.07995976149918234,0.05423185798741786,0.021404621379702626,0.5446482982761288,0.08265375911985315,0.01799781622375374,24,Tartaric acid,food_metabolome,mae,train
92,0.09044917883380997,0.012504891524106911,0.0011282548545597602,0.016005769820828342,0.09044917883380997,,23,Taurine,food_metabolome,mae,train
93,0.046911213415809734,0.0064334723300274056,0.0020952547012369053,0.0077822509066851715,0.809053387192106,0.00012953011887586273,10738,Theobromine,food_metabolome,mae,train
96,0.08568715402778053,0.0013344585342583827,1.7460322259136594e-05,0.0013763204262507637,0.09374910759709036,0.005800523204619465,120,Tyramine,food_metabolome,mae,train
98,0.10891592513487766,0.0006767653470079615,5.790163525498285e-06,0.0006977895445738152,0.1359569356797682,0.012770109864155797,82,Vanillic acid,food_metabolome,mae,train
103,0.13490809512329718,0.0009408417856953718,8.549664271159231e-06,0.0009614893370675818,0.16553404270085476,0.01955035924783035,143,p-Coumaric acid,food_metabolome,mae,train
104,0.046105326159165405,0.0356986834738463,0.00614114749221864,0.07552292486926371,0.046643718385603467,0.006249437925797842,8576,Alanine,nutrition,mae,train
105,0.13502725044542183,0.013796894165577044,0.0015936880694730987,0.01595531885529986,0.2197629891108966,0.03736951488486799,6814,Arachidonic acid (20:4n-6),nutrition,mae,train
106,0.06583848638281302,0.05400399659539232,0.011864720968076298,0.11499641907319333,0.06479855396455558,0.09534068761808252,9593,Arginine,nutrition,mae,train
107,0.11986514570602884,0.004488836567588304,0.00030223707682861526,0.005216648237705517,0.1869640588695068,0.012981921197833873,586,Ascorbic acid (vitamin C),nutrition,mae,train
108,0.10463367028551676,0.1089925884407404,0.044027338490077166,0.4327474318541474,0.10539086136260276,0.05254451285007628,20257,Ash,nutrition,mae,train
109,0.046909114870772685,0.04888423539464088,0.007129623032785254,0.11162218703804141,0.047336095929784494,0.013921605838693089,8432,Aspartic acid,nutrition,mae,train
110,0.07753102531494886,0.19668903815942343,0.13216800981302357,2.532754092941884,0.0837197885306824,0.015691869109694737,4210,Available carbohydrate,nutrition,mae,train
111,0.04022677497483885,0.007656669379211497,0.0004142721072277942,0.00927721183344374,0.056079471173578956,0.0013876692879255957,207,Beta-sitosterol,nutrition,mae,train
112,0.1541599943294235,0.005236922371653271,0.0008676043748257443,0.005864874675659757,0.15442756030077803,0.14672389004219547,2764,Betaine,nutrition,mae,train
113,0.2937283426429021,0.0001031627791036443,5.14653596818419e-06,0.00010594434269669059,0.2981195397635335,0.26598243799106974,9884,Biotin,nutrition,mae,train
114,0.0815808889323822,0.011213854900283248,0.0017065029836632823,0.01602363969467832,0.20339843567861218,0.01758818338778679,12666,Butyric acid (4:0),nutrition,mae,train
115,0.30480372236083014,0.03210959000570267,0.007758511633712503,0.04172419023382824,0.30558375460979603,0.2629543599768225,39116,Calcium,nutrition,mae,train
116,0.05395174421484129,0.0026557392505701916,0.00010505441845207181,0.0030223871710534167,0.0642629461032068,0.001290963142117459,171,Campesterol,nutrition,mae,train
117,0.23521933069374962,3.948507548662867e-05,9.75675116107416e-08,3.953508017358731e-05,1.0867371801671883,0.007844946068465085,13702,"Carotene, alpha",nutrition,mae,train
118,0.3616449460941462,0.00044298164558222646,0.0006404471511580625,0.0020626647512389283,0.5709468516105598,0.05687592323290048,20968,"Carotene, beta",nutrition,mae,train
119,0.07406257439024151,0.06658381313379431,0.013140923140892527,0.5040660430604349,0.07053002575459472,0.3142758816142231,69,Cellulose,nutrition,mae,train
120,0.13695729817374455,0.05700616912995633,0.010396787641439966,0.14188083379407493,0.13574958128902492,0.26148632806483607,1874,Chloride,nutrition,mae,train
121,0.16506428847927715,4.670833749636844e-07,4.057599893565441e-11,4.671234410911334e-07,0.25007230194156155,0.060196551419078766,3865,Cholecalciferol (vitamin D3),nutrition,mae,train
122,0.11584719014337957,0.03015887233447974,0.0633948029481216,0.18395291802703806,0.1880797480186665,0.007294724173992138,22719,Cholesterol,nutrition,mae,train
123,0.11951079521996891,0.007547173553604769,0.0003155058516663379,0.008334252305501057,0.12009081792583706,0.09884547235568791,10549,"Choline, total",nutrition,mae,train
124,0.2117326247871698,1.7028874958315314e-05,1.946393603866101e-08,1.7058586846013592e-05,0.2834648509349328,0.04712375920313837,1560,Chromium,nutrition,mae,train
125,0.16628699840068795,7.338333232229612e-07,3.443796893675091e-11,7.33857354329765e-07,0.2588288152281305,0.01398475229944823,25560,Cobalamin (vitamin B12),nutrition,mae,train
126,0.07789577714600916,0.011509251727953671,0.0007308284564110235,0.016300642442616812,0.08504980226819339,0.02513484186990052,469,Conjugated linoleic acids (18:2 CLA isomers),nutrition,mae,train
127,0.23352792837313738,0.00021731300590497506,0.00022219972446580868,0.0005178873454762266,0.23535422275107543,0.1817710006334567,28684,Copper,nutrition,mae,train
128,0.21856399629888892,1.0773349394162565e-05,1.5244400179631702e-08,1.0780983543912203e-05,0.9443787159915468,0.004720589994185664,13291,"Cryptoxanthin, beta",nutrition,mae,train
129,0.06614045106805222,0.019834480542641544,0.0019348327141518109,0.025535364255112544,0.06523715386388804,0.1156675195814107,8477,Cystine,nutrition,mae,train
130,0.1667108439250036,0.019236479112812985,0.006308940657948534,0.034403465557359465,0.299187597175065,0.031218329953257063,16906,Decanoic acid (10:0),nutrition,mae,train
131,0.1640805441484747,0.21862714849607284,0.12827512464055935,1.079593468735432,0.19811055175645637,0.043291380897302924,14402,"Dietary fibre, total",nutrition,mae,train
132,0.10863673971699155,0.012787932445086513,0.003383903057388732,0.02448078057538326,0.32992860588117023,0.01467591912868657,16450,Docosahexaenoic acid (DHA; 22:6n-3),nutrition,mae,train
133,0.21540744133469547,0.012138206720589576,0.003446824245655513,0.016920957030218932,0.319492461671427,0.07736298043720191,5733,Docosanoic acid (22:0),nutrition,mae,train
134,0.12191226182267437,0.005332441585580242,0.0008010330722580903,0.007206667812330369,0.31359209984365993,0.029780802734709306,16689,Docosapentaenoic acid (DPA; 22:5n-3),nutrition,mae,train
135,0.06717286791241768,0.0012267857530636858,3.7285548175077264e-05,0.0013248448469288798,0.11616481079196239,0.01162786260949436,335,Docosatetraenoic acid (22:4; isomer unspecified),nutrition,mae,train
136,0.10040396806499238,0.009206469310482811,0.008480400092385352,0.02643017004139945,0.722147423145328,0.007764925582468871,3902,Docosenoic acid (22:1; cis/trans unspecified),nutrition,mae,train
137,0.2741207170226723,0.04618654727391049,0.03827165749563738,0.1434469946405443,0.41021848960785323,0.057008728228969525,19138,Dodecanoic acid (12:0),nutrition,mae,train
138,0.191948406743804,0.011987388554945364,0.0017436867464981124,0.015143564554232764,0.19404756200993883,0.18241591710070698,5470,Eicosanoic acid (20:0),nutrition,mae,train
139,0.1349616369857331,0.010177462559400547,0.0028803143154854946,0.018612277292149995,0.4064811417499756,0.020256877692254083,18180,Eicosapentaenoic acid (EPA; 20:5n-3),nutrition,mae,train
140,0.09600409539816866,0.00906076948877381,0.0009119329214081242,0.010614145234403604,0.1637494364244351,0.0411556972488408,4211,Eicosatetraenoic acid (20:4; isomer unspecified),nutrition,mae,train
141,0.09382819368107284,0.00197495258302046,6.128905535091381e-05,0.0020400875221529132,0.24252106053028966,0.012349689608173524,1065,Eicosatrienoic acid (20:3; isomer unspecified),nutrition,mae,train
142,0.07822154696401329,0.0011472281995252604,2.6161172270273647e-05,0.0011904514607333847,0.15120378222285744,0.01627151005825025,318,Eicosatrienoic acid (20:3n-3),nutrition,mae,train
143,0.11083445815394796,0.0026783673235775576,4.573974659465406e-05,0.002743727967050383,0.14033818412128535,0.04992581146720133,1284,Eicosatrienoic acid (20:3n-6),nutrition,mae,train
144,0.22953790174403688,0.023968710408325808,0.006029030762380861,0.036973612225551,0.267172527825265,0.15211605812949588,14951,Eicosenoic acid (20:1; isomer unspecified),nutrition,mae,train
147,0.016327910701165314,0.04744613523369482,0.12122750671738582,0.260120109015281,0.6891495748699106,5.589632521100307e-05,17741,Ethanol,nutrition,mae,train
148,0.07793734037270209,0.14213297549076032,0.09234430687312442,1.4676394924807903,0.08023507485572043,0.0245498138999986,27749,"Fat, total",nutrition,mae,train
149,0.09951370858852698,0.12514936900297222,0.04970785397433114,0.9127666588912285,0.10413951311464846,0.022814176627941198,22471,"Fatty acids, total monounsaturated",nutrition,mae,train
150,0.15574382777610254,0.1446833828395988,0.0633613188188312,0.7480186860501052,0.1612322559829072,0.05156743167736457,22517,"Fatty acids, total polyunsaturated",nutrition,mae,train
151,0.0967421951727264,0.11448723492930847,0.04051526172542989,0.7073659559067824,0.10015572019996268,0.03394013287072133,23183,"Fatty acids, total saturated",nutrition,mae,train
152,0.16016062357657337,0.05495974178186584,0.02641358363387159,0.12788940600989457,0.2316154358120773,0.03979584495422785,6323,"Fatty acids, total trans",nutrition,mae,train
153,0.12817089052711866,0.03580928170043202,0.014114146990729486,0.1193757926230893,0.14609752320785804,0.042322210650000316,2792,"Fatty acids, total trans-monoenoic",nutrition,mae,train
154,0.1452412933980029,0.014510205709163507,0.002882387798525061,0.024355139218497697,0.17437157445680848,0.05359220315651154,2496,"Fatty acids, total trans-polyenoic",nutrition,mae,train
155,0.2507512399457557,1.3780311214160562e-05,2.9937590871286283e-09,1.3782975382997695e-05,0.2616186007376846,0.13269151240729138,17790,"Folate, food",nutrition,mae,train
156,0.2568754609581178,2.4785737642519227e-05,2.361229666480144e-07,2.4908001350943066e-05,0.2671162891749636,0.1185061194336727,21997,"Folate, total",nutrition,mae,train
157,0.14061384812835362,1.3404130980844512e-05,4.942077055987884e-09,1.3408807921235868e-05,0.27121329590606624,0.028724900156044793,17266,Folic acid,nutrition,mae,train
158,0.22021060070915469,0.16873644819176803,0.10721939747949293,0.5652011121179621,0.3044419494528003,0.04262787199242059,10967,Fructose,nutrition,mae,train
159,0.18225458076491347,0.02167857451354683,0.01122713616524416,0.030717584777148584,0.9913926723908564,0.005911750836535658,8120,Galactose,nutrition,mae,train
160,0.2603685288629491,0.20487059613134215,0.14428416970674196,0.6626093935527791,0.3329672208108318,0.05815798996101432,11206,Glucose,nutrition,mae,train
161,0.04802886103955419,0.07217904808075022,0.015605906423146925,0.2483762764676563,0.04840643036583566,0.018779148724930212,8601,Glutamic acid,nutrition,mae,train
162,0.07970405828160192,0.056317716177542235,0.015234590765648849,0.1195123369145702,0.07903116407731788,0.10074052420452484,9525,Glycine,nutrition,mae,train
165,0.11459449036777171,0.009593162664189931,0.00046368248052211953,0.011099052199801616,0.134297799138596,0.05716289233171359,6293,Heptadecanoic acid (17:0),nutrition,mae,train
166,0.1367685112975313,0.006689267689889133,0.0003087881066548819,0.007304996123114148,0.1739294479176633,0.07924040295322966,4818,Heptadecenoic acid (17:1; isomer unspecified),nutrition,mae,train
167,0.09870912372067599,0.09686353400088582,0.031174664303034658,0.38553114646326286,0.10101586216087016,0.04023301334540353,19586,Hexadecanoic acid (16:0),nutrition,mae,train
168,0.17587781542256672,0.0412805976003451,0.010830564445306048,0.07380398805238582,0.20262286446526678,0.06201602798122905,4679,Hexadecenoic acid (16:1; cis/trans unspecified),nutrition,mae,train
169,0.06683507739102147,0.007911218726556256,0.0009053000421575748,0.010170737424183214,0.19424066412819907,0.01222089173208112,14771,Hexanoic acid (6:0),nutrition,mae,train
170,0.0544983392441339,0.029251704805000358,0.003027363861461871,0.04859547423277168,0.055262519758706406,0.00881024604310629,8652,Histidine,nutrition,mae,train
171,0.05830778723140086,0.015412646868487909,0.0009451573454392926,0.01871953384150527,0.0746347253631976,0.004470755340399335,1676,Hydroxyproline,nutrition,mae,train
172,0.05731267561874005,0.07232129507825726,0.011202461912476898,0.5122475453491491,0.06215265272936881,0.003328315538650051,158,Insoluble dietary fibers,nutrition,mae,train
173,0.22944233003028602,0.0012287792757111888,7.337025726255417e-05,0.0012839984857758106,0.23256765797654486,0.12029450337739768,32795,Iron,nutrition,mae,train
174,0.042017043710853824,0.029728606101364866,0.003020207637797691,0.05377843189348094,0.042561102593953744,0.010944291987741958,8660,Isoleucine,nutrition,mae,train
175,0.09477875460072505,0.057839536237119786,0.011971347286024846,0.2035077903802528,0.09698291168446284,0.0,44,Isomeric linoleic acids (18:2),nutrition,mae,train
176,0.11238233225917436,0.021986147574836773,0.0025535359829284045,0.034668208295600536,0.13573750974466392,0.08279910744422093,68,Isomeric linolenic acids (18:3),nutrition,mae,train
177,0.08164111351044769,0.07570547916862529,0.04701207443875498,0.27897769494678143,0.24698234443448006,0.011374345215499423,10711,Lactose,nutrition,mae,train
178,0.03742032083451355,0.0367240185445725,0.005851987868742986,0.08720127333759956,0.03789525590670469,0.002511344808916045,8661,Leucine,nutrition,mae,train
179,0.046065596687832104,0.027755161599848303,0.003353529123154466,0.30201868145665456,0.056101855054457785,0.01055268246746429,59,Lignin,nutrition,mae,train
180,0.16309200054690343,0.12574502243602745,0.05391369297425673,0.6362997411499948,0.16689507603883244,0.08003919881318229,7708,Linoleic acid (18:2n-6),nutrition,mae,train
181,0.2449417966045082,0.00011987444180806025,3.6572907447077235e-07,0.00012036458399064598,0.3288865564458342,0.07039617598388133,7134,Lutein + zeaxanthin,nutrition,mae,train
182,0.06320322306300691,0.0001744825416088226,1.635758163670071e-06,0.0001754612573754087,0.5763007426356866,0.0020858389967549945,11469,Lycopene,nutrition,mae,train
183,0.049330810915053355,0.042013816699994246,0.004758724592842,0.09542256778721284,0.049972142757373016,0.002685999561367783,8681,Lysine,nutrition,mae,train
184,0.15899434613483757,0.010812932062520987,0.0011949739772462561,0.012653057291020751,0.1603516259223693,0.08165548578003581,35492,Magnesium,nutrition,mae,train
185,0.23380853680502373,0.10477434411017018,0.08880014827265195,0.26289279851055103,0.5064326963474188,0.028996959720128966,10771,Maltose,nutrition,mae,train
186,0.2750583720606344,0.0003856953198617218,1.4662503512817365e-05,0.0003939518553967041,0.2787606713861665,0.18940768863353438,18010,Manganese,nutrition,mae,train
188,0.04270960185302457,6.729372938465095e-07,2.4329565416096463e-12,6.729491838243134e-07,0.04950565919397043,0.00036493688251573655,94,Menaquinone-4,nutrition,mae,train
189,0.05777432321787443,0.025112657611226916,0.002081856464322525,0.03656513030087461,0.05837308900532609,0.030643215593968657,8681,Methionine,nutrition,mae,train
190,0.13529020943472986,5.191750325501511e-06,5.858517593945048e-10,5.192630405765826e-06,0.15695789003566848,0.05612984756081394,1011,Molybdenum,nutrition,mae,train
191,0.19443866724938422,0.0011109789056240264,0.0001486177088772052,0.0012321028532877375,0.2003034443334554,0.04405990739912586,30892,Niacin,nutrition,mae,train
192,0.15870868118332956,0.0014496957383156573,0.0008074191193224869,0.0024454204056600344,0.16382896796850077,0.06687877592308614,6362,Nicotinic acid,nutrition,mae,train
193,0.20752468716002867,0.15179856999904184,0.08344741298949222,0.7934687961787866,0.21207382494914015,0.10065389790537965,4923,Octadecadienoic acid (18:2; isomer unspecified),nutrition,mae,train
194,0.12566276713686364,0.08466669748264775,0.026175430701554446,0.24142455641703375,0.13241982088309817,0.023917477863003085,19517,Octadecanoic acid (18:0),nutrition,mae,train
195,0.042407798155361644,0.002046922799865362,0.0002062012506062515,0.002723262046204632,0.4612307430632714,0.0047266055707438845,3901,Octadecatetraenoic acid (18:4; isomer unspecified),nutrition,mae,train
196,0.2738246853480909,0.05383834899219979,0.022452030425154538,0.10831181773969978,0.27834288754993486,0.22453621847132513,4835,Octadecatrienoic acid (18:3; isomer unspecified),nutrition,mae,train
197,0.1581713173197074,0.1885106826291722,0.11122841806286564,1.175382447739341,0.1625528315363738,0.05862416098646066,4910,Octadecenoic acid (18:1; cis/trans unspecified),nutrition,mae,train
198,0.1282028258942577,0.016734250286939846,0.007568544766983124,0.030695426040905187,0.316404106313929,0.012706758887049738,15315,Octanoic acid (8:0),nutrition,mae,train
199,0.20214639343682592,0.00026870303450788225,1.9332080783992035e-06,0.0002699449712218185,0.20742128162373946,0.12272019698955941,16490,Pantothenic acid (vitamin B5),nutrition,mae,train
200,0.1371946648299093,0.006497562172455696,0.0003653030613260112,0.007277392554481914,0.18006557893295802,0.05772751899168984,5999,Pentadecanoic acid (15:0),nutrition,mae,train
201,0.1009742844778799,0.0027838447482762896,0.0014462563507208906,0.004084929499371005,1.3474502033141476,0.0001472210861044725,4236,Pentadecenoic acid (15:1; isomer unspecified),nutrition,mae,train
202,0.03748786987776618,0.027018388226367283,0.0034457138391775625,0.048834183822583484,0.03797511255495548,0.006563843162080082,8673,Phenylalanine,nutrition,mae,train
203,0.13048320855181142,0.03436981139410074,0.005487272812372011,0.04501503939944437,0.13249946419050918,0.044319015828334404,31130,Phosphorus,nutrition,mae,train
204,0.07955679285374632,0.009398351497550096,0.0006604847732682335,0.011713884794572861,0.12123571152547448,0.0027484998729901825,398,Phytosterols,nutrition,mae,train
205,0.15736404231788859,0.06343792212505371,0.01548115227603857,0.10156205185170519,0.15853023035090172,0.07118814150012062,31399,Potassium,nutrition,mae,train
206,0.061786497574731425,0.052647043426935276,0.009320547067578823,0.10598571225084426,0.0625740290464175,0.007208253050510103,8583,Proline,nutrition,mae,train
207,0.08320182024176966,0.16782733732844116,0.07499886224596364,1.6626009140493583,0.08512450309422327,0.02487346206587393,26382,"Protein, total",nutrition,mae,train
208,0.22723428269630352,8.678186063952801e-05,8.014704214210722e-07,8.745133992251082e-05,0.3959491804598584,0.03917012736946013,28747,Retinol,nutrition,mae,train
209,0.19923961625250658,0.00010335606476232326,3.910525611991212e-06,0.00010548926840943902,0.20528261045013177,0.06743785327292075,27092,Riboflavin (vitamin B2),nutrition,mae,train
210,0.19571013526897332,7.0099339397110155e-06,3.34887124847599e-08,7.026897605302509e-06,0.2028372331637226,0.11476193237328194,24283,"Selenium, Se",nutrition,mae,train
211,0.039879131734567246,0.029474693519263673,0.0028814202432654434,0.05228055522917314,0.04010088843644701,0.024305536723342316,8568,Serine,nutrition,mae,train
212,0.2422428339788001,0.07169358701886774,0.026593639365499317,0.13968988571276814,0.24530243243268113,0.11728442076310558,26623,Sodium,nutrition,mae,train
213,0.040096140356323494,0.04009614168477058,0.0076184968944402395,0.9058748536862266,0.06348555556417886,0.0,76,Sorbitol,nutrition,mae,train
214,0.0997939227330939,0.29252329427705037,0.3449497423062895,2.93636618689308,0.14465222701565045,0.02151788446831521,7534,Starch,nutrition,mae,train
215,0.023682495313231244,0.009476554615528297,0.006703395514880982,0.015391379750011189,0.8985282020156532,8.933754248118186e-06,835,Stearidonic acid,nutrition,mae,train
216,0.054131370721508726,0.0016936789746036806,0.00012362899955231538,0.0019066730503640426,0.09670769417351346,0.0063942807904731145,210,Stigmasterol,nutrition,mae,train
217,0.25575911545023755,0.28401755049527205,0.28941827256304065,2.023762596557901,0.33121753599039355,0.07061014656355254,5683,Sucrose,nutrition,mae,train
218,0.20832692217989837,0.3291712546041753,0.2802995559271676,2.870786542267895,0.2242782577058353,0.10110298586153928,18095,"Sugars, total",nutrition,mae,train
219,0.029650375823092226,0.007801555520891833,0.00011458092724597915,0.009807060267034396,0.029650375823092226,,93,Sulfur,nutrition,mae,train
220,0.1699622094154067,0.007010733668310529,0.0017899793234624622,0.009181456774862588,0.23130943232143117,0.08648434122182819,4423,Tetracosanoic acid (24:0),nutrition,mae,train
221,0.16849554698074723,0.04834711620870708,0.017144048636255897,0.1044440087838985,0.19312560478000468,0.03744292482364005,18875,Tetradecanoic acid (14:0),nutrition,mae,train
222,0.12139677295307805,0.008389384006571684,0.0007036987336443383,0.010204945942459732,0.1860103443680597,0.031342118244729274,5438,Tetradecenoic acid (14:1; isomer unspecified),nutrition,mae,train
223,0.23215331193061137,9.072000544850884e-05,2.648300564501367e-06,9.215030490229572e-05,0.23911495424117044,0.10100025327243824,29067,Thiamin (vitamin B1),nutrition,mae,train
224,0.04464778095487956,0.02984900860469464,0.0025529134627150156,0.05230648656281059,0.0452063463432663,0.0027813684664803836,8656,Threonine,nutrition,mae,train
225,0.22161403712027392,3.803095127972938e-05,6.868586302152999e-08,3.806984096079718e-05,0.31208458091913754,0.07034431190688764,7747,"Tocopherol, beta",nutrition,mae,train
226,0.23738852886965517,0.0001256071156585137,7.713849341617703e-07,0.00012616946349421193,0.3606614059347767,0.0778413803005719,7687,"Tocopherol, delta",nutrition,mae,train
227,0.32564472966738717,0.0006750098078384739,7.738112766508658e-06,0.0006836791145740736,0.36966995746448283,0.1465716734770645,8262,"Tocopherol, gamma",nutrition,mae,train
228,0.3454590331728334,7.33329661284043e-05,2.278260131332959e-07,7.345823623826082e-05,0.45195994703987624,0.12289339905003638,5437,"Tocotrienol, alpha",nutrition,mae,train
229,0.06337875048277784,2.5937455664779315e-05,7.615059862313848e-09,2.5950639933014688e-05,0.27876047442507984,0.006433475922339802,1186,"Tocotrienol, beta",nutrition,mae,train
230,0.057884798066942675,1.3039174476913637e-05,8.40252648302251e-09,1.3043377163055877e-05,0.8834477169383819,5.7349371800390954e-05,1161,"Tocotrienol, delta",nutrition,mae,train
231,0.20774363859396813,6.996891559030959e-05,8.676949495289717e-08,7.005860378686327e-05,0.5476000405544603,0.008724468424169008,1167,"Tocotrienol, gamma",nutrition,mae,train
232,0.05774331438362403,0.00073954841263722,3.2654558045155024e-05,0.0007562582427845581,1.1331046422695206,7.409490709329554e-05,668,Tridecanoic acid (13:0),nutrition,mae,train
233,0.09424552555761269,0.02223270300758919,0.0020595332783708087,0.02733486037950434,0.09488583230468231,0.07992461464820125,15731,Tryptophan,nutrition,mae,train
234,0.049317721678119535,0.029277851564706265,0.002648484526639809,0.04723939542052419,0.05001168241667142,0.007484040417782586,8612,Tyrosine,nutrition,mae,train
235,0.04171803525759701,0.032258310212024,0.004726252220308653,0.06680639573498695,0.04225192403546594,0.002633605807161785,8661,Valine,nutrition,mae,train
236,0.17846815165097074,0.00026732389792633195,3.2491945108550995e-05,0.0002847370341474169,0.18533970353623277,0.09436856141343555,1774,Vitamin B6 - Pyridoxin,nutrition,mae,train
237,0.21873199459420606,8.617474770070267e-07,2.907058659978638e-10,8.619018941133778e-07,0.3835016513393739,0.07945717448779886,27304,Vitamin D (D2 + D3),nutrition,mae,train
238,0.23418964094812283,1.6972766622974567e-07,2.5311268599997106e-12,1.6972893181097612e-07,1.186565276646317,1.3848396997759675e-05,6511,Vitamin D2 (ergocalciferol),nutrition,mae,train
239,0.06574978454862229,0.24663206684381767,0.2500884516396827,7.254765663640849,0.06589463459523942,0.049887003642091865,30210,Water,nutrition,mae,train
241,0.1861406082293019,0.0006936462702674082,0.0001138090675652599,0.000782278426527729,0.18877455044924768,0.08297918094285557,31918,Zinc,nutrition,mae,train
242,0.1049317223633898,0.00449265998684399,0.00031151534950221347,0.0049596851479417805,0.2040483181667374,0.0035062541120440783,1216,"cis,cis-Eicosadienoic acid (20:2n-6)",nutrition,mae,train
243,0.07994574576628685,0.0010352387435152732,1.492105060292557e-05,0.0010765963623275004,0.17104130794148956,0.005514005940206576,298,cis-Docosenoic acid (22:1 cis),nutrition,mae,train
244,0.06595495914115931,0.01744559413992615,0.0009300617072450859,0.02283058128562671,0.06706686658096805,0.013556321040172428,385,cis-Hexadecenoic acid (16:1 cis),nutrition,mae,train
245,0.08884389738116605,0.12674905957030552,0.042609797985099354,1.1685265453546057,0.08894247282073098,0.05153309350584251,759,cis-Octadecenoic acid (18:1 cis),nutrition,mae,train
246,0.11537590160688835,0.0026933973797530243,0.00043698177360087213,0.0031105330737594113,0.2418559115857669,0.032869228430702356,461,cis-Tetracosenoic acid (24:1 cis),nutrition,mae,train
247,0.07298200952217992,0.006847442965170454,0.0003315130891320607,0.008950479818031537,0.0689809336988714,0.20661794202068426,172,"trans,trans-Linoleic acid (18:2 trans,trans)",nutrition,mae,train
248,0.13443832860367566,0.0002850986211454301,1.4055340141320692e-06,0.00028580379338005897,0.9705616290065896,0.0001387311296324982,224,trans-Docosenoic acid (22:1 trans),nutrition,mae,train
249,0.06361817894342117,0.0019180716131674816,1.2972379552024723e-05,0.0019877972943009563,0.0938333915295128,0.004433741919117972,287,trans-Hexadecenoic acid (16:1 trans),nutrition,mae,train
250,0.08922901459530082,0.011225356021631624,0.0009753150133837011,0.015343792813017775,0.09657994743848095,0.02622101879661397,335,trans-Linoleic acid (18:2; isomer unspecified),nutrition,mae,train
251,0.11869133874364136,0.055899226152554125,0.024977409576733296,0.271350902452909,0.12298821005643906,0.0843163682412597,774,trans-Octadecenoic acid (18:1 trans),nutrition,mae,train
2,0.0549887111878992,0.03335399980216651,0.006923674931490316,0.14745180609601516,0.058223341257775625,0.0,54,Acetic acid,food_metabolome,lr2e4,train
7,0.4204014202092039,0.011104158039290076,0.01394832360922489,0.024293874664765167,1.3593567371586814,0.001001378638437205,217,Apigenin,food_metabolome,lr2e4,train
9,0.19791392791843154,0.0036344781237875857,0.00032012615321982474,0.003867166735510192,0.20477218733359115,0.10464159987226118,73,Benzoic acid,food_metabolome,lr2e4,train
11,0.13714000426460926,0.001311134619309336,1.0609161562630632e-05,0.0013553547251816192,0.13855469393696335,0.0437704858892393,67,Cadaverine,food_metabolome,lr2e4,train
12,0.20148554175291566,0.013529096297865377,0.005119141084059798,0.021191725346211276,0.23178286121720118,0.030718832045124565,146,Caffeic acid,food_metabolome,lr2e4,train
13,0.0809769664942205,0.0037868618913503025,0.003081590745593095,0.006391294145321872,0.9605080522298169,0.00021809775586782379,10892,Caffeine,food_metabolome,lr2e4,train
15,0.0971998640617471,0.0047615244837189465,0.0017099160182733387,0.007168043473943505,0.15003281520338144,0.009574481680499907,109,Catechin,food_metabolome,lr2e4,train
16,0.11828725487592635,0.008171072287662978,0.0005949338794790038,0.009453732588324182,0.11834018438866593,0.11578032068162462,4256,Choline,food_metabolome,lr2e4,train
18,0.09647204700622775,0.049257600862073016,0.009118679455094893,0.12263534832672784,0.09523033876154009,0.465259395678462,298,Citric acid,food_metabolome,lr2e4,train
21,0.19348432144729963,0.00844073432197963,0.0006946941462327039,0.010340587843698984,0.3002342919009822,0.0,90,Cyanidin,food_metabolome,lr2e4,train
22,0.10328354082304807,0.0014266956937566372,1.0440589700395314e-05,0.0014571802697306013,0.10784096023864183,0.0030203136799856903,46,Daidzein,food_metabolome,lr2e4,train
24,0.15177429631268122,0.0036212109963214487,0.00019933111084361802,0.00397080833218385,0.2729806857852615,0.0014783733666816185,56,Delphinidin,food_metabolome,lr2e4,train
25,0.07238116014821411,0.002798298329471068,7.26084393344047e-05,0.0030918673418253726,0.11580985623714257,0.0,32,Ellagic acid,food_metabolome,lr2e4,train
26,0.24784382036081573,0.005789598590570684,0.0025444234232401765,0.007460052615908863,0.8240186391751321,2.6693989066732944e-05,133,Epigallocatechin,food_metabolome,lr2e4,train
28,0.17166302066128308,0.0019648568752192196,2.9085170225405796e-05,0.0020414164366381066,0.1973631705501562,0.039657705322980435,135,Ferulic acid,food_metabolome,lr2e4,train
33,0.13804205780109222,0.0076034210984223406,0.003315464375731257,0.012209650575700916,0.18462024602472227,0.03656814774246963,89,Gallic acid,food_metabolome,lr2e4,train
35,0.1356474117689638,0.0016520649781247212,1.8099892828875194e-05,0.001693027974513746,0.13838238412170153,0.057244870990482616,89,Genistein,food_metabolome,lr2e4,train
43,0.06174270020647576,0.00029349479039996986,1.3096692167201583e-06,0.00029646427044129726,0.10916835760536076,0.0007668549793379151,64,Glycitein,food_metabolome,lr2e4,train
47,0.1480721300887798,0.0004823723759961,3.1010943764115206e-06,0.00048552178586135455,0.15184488517353634,0.03363189251783238,188,Histamine,food_metabolome,lr2e4,train
50,0.3164214486134855,0.004715176621647177,0.0009080042675119903,0.005221287124373191,0.7327244803150652,0.00033951713636010914,95,Isorhamnetin,food_metabolome,lr2e4,train
51,0.1792589860277657,0.0018850314092859677,8.103281062701914e-05,0.002053110881041969,0.3259733277478937,0.0013534063041457925,281,Kaempferol,food_metabolome,lr2e4,train
52,0.048819109138232626,0.0402655153654022,0.003367864868863614,0.07806449086531443,0.05088188839759457,0.0,74,Lactic acid,food_metabolome,lr2e4,train
53,0.09184027760345546,0.00034887174716173163,1.6113333286612984e-06,0.0003517636124929026,0.10283545106046095,0.00021383212840965493,28,Lariciresinol,food_metabolome,lr2e4,train
54,0.07130161812249493,0.003429541968219216,0.0006615184074206134,0.004114451034001829,0.07130161812249493,,70,Lutein,food_metabolome,lr2e4,train
55,0.16542863155218568,0.004828222110195642,0.0018558691782269688,0.006148408982044612,0.35118892743449104,0.0009850909350628727,230,Luteolin,food_metabolome,lr2e4,train
56,0.07954094845155046,0.034789489259145115,0.005989271298052797,0.05846772297457667,0.07954094845155046,,296,Malic acid,food_metabolome,lr2e4,train
58,0.13560029774041507,0.0010743326726230344,1.8480972205157026e-05,0.0010969805235777814,0.2339688550569992,0.002100112810765155,33,Matairesinol,food_metabolome,lr2e4,train
61,0.1842666444797274,0.0007580879854779392,2.0767217028009926e-05,0.0007706190878937764,0.4033030378119077,0.0005587016849955162,228,Myricetin,food_metabolome,lr2e4,train
62,0.07239650011259967,0.018900586105187328,0.027836645418107132,0.046611077345885994,0.3352967441495963,3.6792908179733104e-06,88,Naringenin,food_metabolome,lr2e4,train
65,0.1549228271745916,0.0358417776259992,0.004911787341177814,0.055639411657974,0.1549228271745916,,20,Oxalic acid,food_metabolome,lr2e4,train
66,0.2801543390645884,0.0014451347223802184,7.300273146592235e-05,0.001484208489297489,0.5587943717530035,0.0015143063761733787,52,Pelargonidin,food_metabolome,lr2e4,train
67,0.137152901207373,0.0010713212161146117,2.1966124259792234e-05,0.0010889682543821248,0.28464596353455957,0.0010054590592007686,50,Peonidin,food_metabolome,lr2e4,train
72,0.19902962539779548,0.001301658447982321,3.2601232125171564e-05,0.0013225402571367055,0.2318808402127661,0.0019223365079718167,28,Pinoresinol,food_metabolome,lr2e4,train
77,0.07527708919755785,0.0021563408883857184,3.859794695899385e-05,0.0023030707912752805,0.07527708919755785,,84,Putrescine,food_metabolome,lr2e4,train
79,0.2159712868086442,0.014661729193189777,0.025735875593740187,0.055524545550079345,0.28567283644176855,0.02369114988968035,327,Quercetin,food_metabolome,lr2e4,train
82,0.04534282868152184,0.04052178160075082,0.004919825058972366,0.12535894070697712,0.06459222397990433,0.00042757298529602053,30,Rosmarinic acid,food_metabolome,lr2e4,train
83,0.3936139306898565,0.0071734836809879046,0.001626628455020906,0.008060826897595168,0.45870442177033033,0.11155513600780313,32,Secoisolariciresinol,food_metabolome,lr2e4,train
88,0.02198157572021767,0.00012205709459722862,4.501830379847473e-08,0.00012253928505301465,0.02163579797538714,0.03927046296174415,51,Spermine,food_metabolome,lr2e4,train
90,0.09866300813450068,0.0008301948083763954,1.0769739051341096e-05,0.0008553242178594671,0.13853882432764567,0.0015740643598868259,79,Syringic acid,food_metabolome,lr2e4,train
91,0.04708101348393066,0.031118918619014644,0.009978784743529012,0.47633798519646753,0.04714161703816329,0.045687131736580254,24,Tartaric acid,food_metabolome,lr2e4,train
92,0.12008095357774566,0.013809730435433864,0.001656906551055734,0.017493569155758913,0.12008095357774566,,23,Taurine,food_metabolome,lr2e4,train
93,0.047788907821732764,0.006501534315663125,0.0021061698623280204,0.007851136709669491,0.8215117224959263,0.0002963835642775693,10738,Theobromine,food_metabolome,lr2e4,train
96,0.1347693692926653,0.002351361477251656,4.827245008835354e-05,0.002457312987153932,0.14701797628186652,0.013396809126943954,120,Tyramine,food_metabolome,lr2e4,train
98,0.12603206941154055,0.0007982569510473717,5.562812516530926e-06,0.0008138162413820411,0.143183806950568,0.06504811371722065,82,Vanillic acid,food_metabolome,lr2e4,train
103,0.14524216794469585,0.0010592982047942841,1.2151252776332717e-05,0.0010862212125754254,0.17607150449074302,0.02911833362125158,143,p-Coumaric acid,food_metabolome,lr2e4,train
104,0.042953877956021826,0.03314549968223108,0.005433260818597426,0.0698103162343631,0.04343143227472715,0.0074990731234114314,8576,Alanine,nutrition,lr2e4,train
105,0.13358198328014556,0.013624222607543642,0.0015153686593553446,0.01562092611826419,0.22072071879001923,0.032791182244300575,6814,Arachidonic acid (20:4n-6),nutrition,lr2e4,train
106,0.06369906992925355,0.052171844129991644,0.011385423566351477,0.10975803750721713,0.0637877298306328,0.06668231148299647,9593,Arginine,nutrition,lr2e4,train
107,0.14099948329526538,0.005606912686425215,0.0006406652283387091,0.006510410703056346,0.2189782918274608,0.016785452005042552,586,Ascorbic acid (vitamin C),nutrition,lr2e4,train
108,0.0997637626526363,0.10396137844268832,0.039880292416838076,0.40367967125178955,0.10044343328586092,0.05437110797712432,20257,Ash,nutrition,lr2e4,train
109,0.04640894972451408,0.04837157539917678,0.0070825213073142925,0.10923137915262902,0.046831722061765085,0.013743732446993619,8432,Aspartic acid,nutrition,lr2e4,train
110,0.07855967831674081,0.19332397333919302,0.11965413112386744,2.6846920052176655,0.08553006839077357,0.008910375932084453,4210,Available carbohydrate,nutrition,lr2e4,train
111,0.05163835162785665,0.011147711763314317,0.0022675474154983236,0.014580521660015234,0.07227011977958933,0.0010905196561115595,207,Beta-sitosterol,nutrition,lr2e4,train
112,0.14070889129813854,0.004859867987578814,0.0007224893658656108,0.00547286201882486,0.141309907137736,0.12400565942265968,2764,Betaine,nutrition,lr2e4,train
113,0.2837979899730502,9.984949628687763e-05,4.995475457968732e-06,0.00010262429897486979,0.2803358429763974,0.32925991236749125,9884,Biotin,nutrition,lr2e4,train
114,0.08025166438466858,0.011264277083893255,0.0017758970894895748,0.01615874710965211,0.20353000963485807,0.015478062746762142,12666,Butyric acid (4:0),nutrition,lr2e4,train
115,0.2987419319812598,0.031644616840164626,0.007377176867368039,0.04114513489139315,0.29981433821903,0.2422945633866589,39116,Calcium,nutrition,lr2e4,train
116,0.04891466791486022,0.0022201921379018164,5.752203598530318e-05,0.002479204686414647,0.05648711118115115,0.010241118376302955,171,Campesterol,nutrition,lr2e4,train
117,0.1909119548661409,3.1270145069678117e-05,6.897889328681966e-08,3.131453003409488e-05,0.8713452827606525,0.009319268384872586,13702,"Carotene, alpha",nutrition,lr2e4,train
118,0.35703477559649655,0.000438017151932657,0.0006405453249003116,0.002057680660509183,0.565498290695034,0.05330383708306231,20968,"Carotene, beta",nutrition,lr2e4,train
119,0.057993372813544886,0.05297830909123687,0.007484479793649234,0.5145334255522577,0.05682031263087831,0.13776146523487182,69,Cellulose,nutrition,lr2e4,train
120,0.13027890771598244,0.05525142710760093,0.009961238214765336,0.14641769403000157,0.12899483277286766,0.26268130185048527,1874,Chloride,nutrition,lr2e4,train
121,0.15372309428165562,5.243095268362101e-07,7.050117255385859e-11,5.243550376968112e-07,0.24254271441156164,0.044647568216929896,3865,Cholecalciferol (vitamin D3),nutrition,lr2e4,train
122,0.11431901238848438,0.030169272949812604,0.06311975796338881,0.18387237086130048,0.1859720574647882,0.006794915763312949,22719,Cholesterol,nutrition,lr2e4,train
123,0.11675461460958109,0.007299742239298581,0.000313961045257396,0.008046327874644585,0.11739263988574944,0.09402274878054069,10549,"Choline, total",nutrition,lr2e4,train
124,0.19726730582246074,1.9160743853274054e-05,2.3076892290339334e-08,1.9197114988208072e-05,0.2663696191500685,0.041003901215177066,1560,Chromium,nutrition,lr2e4,train
125,0.1639867261596446,7.067726314771989e-07,3.078348590723539e-11,7.067954170960407e-07,0.25452625317495714,0.014995440748888051,25560,Cobalamin (vitamin B12),nutrition,lr2e4,train
126,0.09314689553001711,0.014708229405664661,0.001229762535855884,0.021499030691618293,0.10369065314767652,0.015386683099778886,469,Conjugated linoleic acids (18:2 CLA isomers),nutrition,lr2e4,train
127,0.22894755138723355,0.0002157800897895366,0.00022219985951065996,0.0005163538920458138,0.2307201232866585,0.18005016706896415,28684,Copper,nutrition,lr2e4,train
128,0.21759979246751854,1.0765049181822665e-05,1.5241961220282623e-08,1.0772683329407841e-05,0.9344665739615828,0.006395472717653814,13291,"Cryptoxanthin, beta",nutrition,lr2e4,train
129,0.06348758853719158,0.01886454554496555,0.0017875094189119063,0.024170746370469943,0.06324710214921607,0.0764207261659686,8477,Cystine,nutrition,lr2e4,train
130,0.1627201065964447,0.01807216486681254,0.005548570008845551,0.029683870769792037,0.28907175863717477,0.03347084459338123,16906,Decanoic acid (10:0),nutrition,lr2e4,train
131,0.15864100053695618,0.2113634642188648,0.11978255179472626,1.0519425037980967,0.19125286989281473,0.042864204148316834,14402,"Dietary fibre, total",nutrition,lr2e4,train
132,0.11339437245193315,0.013850464395949953,0.004121700710646723,0.0269739036677899,0.3499791475002049,0.012936108912643874,16450,Docosahexaenoic acid (DHA; 22:6n-3),nutrition,lr2e4,train
133,0.21104038733331554,0.011373895160157617,0.00329902754435759,0.015764427455031906,0.3078494611622715,0.08250551116884236,5733,Docosanoic acid (22:0),nutrition,lr2e4,train
134,0.11843052699009016,0.0054248351401668645,0.0009532486845429368,0.007486782031993815,0.306728962464749,0.02811534717473801,16689,Docosapentaenoic acid (DPA; 22:5n-3),nutrition,lr2e4,train
135,0.06960964997960488,0.0013737390005274766,5.113575459814103e-05,0.0014999964411661713,0.12746897964890194,0.0040111743035865415,335,Docosatetraenoic acid (22:4; isomer unspecified),nutrition,lr2e4,train
136,0.09794296611650616,0.008719704608166175,0.007744881236958527,0.025732014802134027,0.706840345496404,0.007217973782516672,3902,Docosenoic acid (22:1; cis/trans unspecified),nutrition,lr2e4,train
137,0.26610122178717655,0.04572479355312348,0.03773025564610014,0.1577086943050536,0.39122916356327364,0.06656528446939855,19138,Dodecanoic acid (12:0),nutrition,lr2e4,train
138,0.18602015552271375,0.012014112920594011,0.0018784333449879,0.015219941308088687,0.18693791482529337,0.18174546731028032,5470,Eicosanoic acid (20:0),nutrition,lr2e4,train
139,0.1343817422193381,0.010702155866613463,0.0030744638187041036,0.019491469911496574,0.4027067355865376,0.02097323687411047,18180,Eicosapentaenoic acid (EPA; 20:5n-3),nutrition,lr2e4,train
140,0.08901107378053258,0.008294693748536565,0.0007558884374874848,0.009406050486293206,0.1663509171774452,0.026394715826177858,4211,Eicosatetraenoic acid (20:4; isomer unspecified),nutrition,lr2e4,train
141,0.0891479425998422,0.0017814730940002384,4.921883564763342e-05,0.0018260115393202569,0.24237515431318563,0.005184775716222306,1065,Eicosatrienoic acid (20:3; isomer unspecified),nutrition,lr2e4,train
142,0.07653116444801565,0.0012467012404574868,2.6449562731507297e-05,0.0012916238219000853,0.1531002686113985,0.011536459751190664,318,Eicosatrienoic acid (20:3n-3),nutrition,lr2e4,train
143,0.12900626505621934,0.003164417601968079,6.090400619752866e-05,0.0032402854098172685,0.1636003013136358,0.05758898256775825,1284,Eicosatrienoic acid (20:3n-6),nutrition,lr2e4,train
144,0.21777411586078302,0.023191494380393023,0.005824699721958039,0.03607630416406438,0.26606406714003716,0.11820771937881544,14951,Eicosenoic acid (20:1; isomer unspecified),nutrition,lr2e4,train
147,0.01647347144978088,0.048625845022231315,0.1210882525897738,0.26137582768902035,0.6889211581618776,0.00021048487024901953,17741,Ethanol,nutrition,lr2e4,train
148,0.07780049531681635,0.14128566933328685,0.0902484506812653,1.4544687105607108,0.08012019907827946,0.024402129753592575,27749,"Fat, total",nutrition,lr2e4,train
149,0.09840629165754734,0.12394525834877208,0.04820346691195239,0.8970416146136966,0.1029942889335323,0.022353885917734986,22471,"Fatty acids, total monounsaturated",nutrition,lr2e4,train
150,0.15757399770057048,0.14625516827326698,0.0647367668699824,0.7569844502386068,0.16325133748195028,0.049823869947781374,22517,"Fatty acids, total polyunsaturated",nutrition,lr2e4,train
151,0.09732166207195211,0.11540865476194878,0.04015905190351745,0.7252048119966212,0.10070152446738251,0.03495002245072357,23183,"Fatty acids, total saturated",nutrition,lr2e4,train
152,0.1479833829499177,0.050831407591200715,0.021688410512595863,0.12072351714420324,0.21323439083456702,0.03806768355915658,6323,"Fatty acids, total trans",nutrition,lr2e4,train
153,0.12980960826878823,0.03664324622917002,0.01740223795358809,0.11940202505256943,0.14900881496900623,0.037874689757597634,2792,"Fatty acids, total trans-monoenoic",nutrition,lr2e4,train
154,0.12119600475966806,0.012840447030160965,0.0028354372141603254,0.02079426174848761,0.15011764874630612,0.030203324177122428,2496,"Fatty acids, total trans-polyenoic",nutrition,lr2e4,train
155,0.24668045505620606,1.346075700461709e-05,2.4692514481124193e-09,1.3463293108805442e-05,0.2564135376281913,0.1412891297014354,17790,"Folate, food",nutrition,lr2e4,train
156,0.25186781209851006,2.4166163038940515e-05,2.35259567363363e-07,2.4288233947348973e-05,0.26200796154722233,0.11482273502335513,21997,"Folate, total",nutrition,lr2e4,train
157,0.13880961208610634,1.3288394717218279e-05,4.7133223277006904e-09,1.3293023323346163e-05,0.26813274169899004,0.028049581702639614,17266,Folic acid,nutrition,lr2e4,train
158,0.21566114642669365,0.16528373650717967,0.10380903313113635,0.5497742220145465,0.3008136921251039,0.03629649856000671,10967,Fructose,nutrition,lr2e4,train
159,0.133662286269224,0.015596118137776348,0.00694220806739974,0.023556982093261247,0.7196944699350136,0.0059429578056883325,8120,Galactose,nutrition,lr2e4,train
160,0.24593829017403776,0.19339258864081524,0.12756805630423315,0.6272790925857631,0.3143762334955202,0.0553246518717295,11206,Glucose,nutrition,lr2e4,train
161,0.04566653399665711,0.06844701273652178,0.01452650221452542,0.23748469261271907,0.04601716909850461,0.018367369577781924,8601,Glutamic acid,nutrition,lr2e4,train
162,0.0764690536114562,0.05403839983283105,0.014275477989262767,0.11513715762824203,0.07678351964979804,0.07581384065870835,9525,Glycine,nutrition,lr2e4,train
165,0.1120663199737869,0.009650160976951797,0.0005072113002156762,0.011227708567686269,0.13281696565597148,0.05171731972902839,6293,Heptadecanoic acid (17:0),nutrition,lr2e4,train
166,0.13619177019375736,0.006612872392169964,0.0002933231383457977,0.007209905428597693,0.17249613991964483,0.0793470293115734,4818,Heptadecenoic acid (17:1; isomer unspecified),nutrition,lr2e4,train
167,0.09863981429225181,0.09676923188888255,0.03098762058535798,0.38141607635031216,0.10096070648299087,0.039744114449496194,19586,Hexadecanoic acid (16:0),nutrition,lr2e4,train
168,0.16394053181040327,0.038917466029640455,0.009698516734818629,0.0683998384878087,0.1899575234351088,0.05317830566881983,4679,Hexadecenoic acid (16:1; cis/trans unspecified),nutrition,lr2e4,train
169,0.06589721941507996,0.007772145354240832,0.0008067238130557865,0.009889026061866547,0.1882773268100162,0.01341874758383206,14771,Hexanoic acid (6:0),nutrition,lr2e4,train
170,0.05151259722880461,0.027479402596055198,0.002708528470289342,0.04515235784803737,0.05222745683254287,0.008822534274594566,8652,Histidine,nutrition,lr2e4,train
171,0.06883880600068035,0.01858432019374544,0.0013598600616077294,0.02267320388933175,0.086482126766809,0.010661086756471542,1676,Hydroxyproline,nutrition,lr2e4,train
172,0.06328575683332743,0.07826125013353599,0.02096140123680322,0.6056225944037149,0.06862828584410673,0.0036960101746353483,158,Insoluble dietary fibers,nutrition,lr2e4,train
173,0.2242452023674559,0.001201512057462178,6.791684032442339e-05,0.0012564570284559072,0.22718805541268502,0.12163276644460859,32795,Iron,nutrition,lr2e4,train
174,0.04140538613928028,0.02924138297404488,0.0028909970389600225,0.052760405056649,0.04191718222643292,0.011956303860158722,8660,Isoleucine,nutrition,lr2e4,train
175,0.09078391645681888,0.05861051031452569,0.014437527446043085,0.21544598594379866,0.09289517032790769,0.0,44,Isomeric linoleic acids (18:2),nutrition,lr2e4,train
176,0.1271443683943788,0.025824673976412204,0.003558566904636586,0.04080477046379767,0.1740553146488825,0.06772383647200746,68,Isomeric linolenic acids (18:3),nutrition,lr2e4,train
177,0.0825385138343644,0.07653286187973113,0.05148944556236156,0.2687196360282847,0.24779796739710253,0.012368880013478514,10711,Lactose,nutrition,lr2e4,train
178,0.03585032410971263,0.03517662990964654,0.005286668470709445,0.08250004618228408,0.0362844372038607,0.0037808365531044733,8661,Leucine,nutrition,lr2e4,train
179,0.04837174655021012,0.03100316065948787,0.004566357947418407,0.3526090021887636,0.05859198674363032,0.012207819711954004,59,Lignin,nutrition,lr2e4,train
180,0.16389359687989452,0.1264116985141227,0.052432266847490805,0.6311596884469423,0.1680164811316213,0.07410549954583286,7708,Linoleic acid (18:2n-6),nutrition,lr2e4,train
181,0.23152296126163144,0.00012201608532254786,4.109355392429109e-07,0.00012257445990563663,0.3125316869379458,0.06308445686542384,7134,Lutein + zeaxanthin,nutrition,lr2e4,train
182,0.09191450709598957,0.00021681896235394572,2.015291077755795e-06,0.00021783460727794237,0.8615769515645592,0.00023043639225105682,11469,Lycopene,nutrition,lr2e4,train
183,0.04768624170330818,0.04050802034410781,0.004503319938779877,0.08978394878964123,0.048290746337649335,0.0034217775741669583,8681,Lysine,nutrition,lr2e4,train
184,0.15654468658042753,0.010588059078504403,0.0011620137592283464,0.01239996073278783,0.15793098156059704,0.07746701659465349,35492,Magnesium,nutrition,lr2e4,train
185,0.21693927398566462,0.09672603436636855,0.07667662475487533,0.24621529499305148,0.46733958939723064,0.028731913417281516,10771,Maltose,nutrition,lr2e4,train
186,0.26967161757953295,0.0003834654004599821,1.4679567658821409e-05,0.00039172333634698815,0.27315839206574355,0.1886831655983539,18010,Manganese,nutrition,lr2e4,train
188,0.044841573206309646,9.115595341638189e-07,9.311795108825536e-12,9.115855577431138e-07,0.052038368906087734,0.0,94,Menaquinone-4,nutrition,lr2e4,train
189,0.054316767205819745,0.023664949213507397,0.001895244812560175,0.034517236549761444,0.05485585671465384,0.029959650994000202,8681,Methionine,nutrition,lr2e4,train
190,0.11878353384571935,4.744282723041848e-06,5.861820594186027e-10,4.7451170522201025e-06,0.14676533161861202,0.015355801776194418,1011,Molybdenum,nutrition,lr2e4,train
191,0.1867045863518114,0.0010542637572292176,0.00012684513024097788,0.0011741020358777112,0.19227950837698352,0.04452332490060401,30892,Niacin,nutrition,lr2e4,train
192,0.1555436655203745,0.0014197501966721096,0.0008076766179658598,0.0024151318950324592,0.16059648404184834,0.06492377144179862,6362,Nicotinic acid,nutrition,lr2e4,train
193,0.20727222196680276,0.15176223686516863,0.08274221849389178,0.8051195451185491,0.21183694086892899,0.10003539283327001,4923,Octadecadienoic acid (18:2; isomer unspecified),nutrition,lr2e4,train
194,0.12371000933570103,0.08331465147405043,0.025308712380547837,0.2373648180334359,0.13028452726148676,0.024508630694004805,19517,Octadecanoic acid (18:0),nutrition,lr2e4,train
195,0.04102852291579536,0.002025887157215508,0.000282375190698303,0.0028139630370403405,0.43353710761849484,0.005714813981939759,3901,Octadecatetraenoic acid (18:4; isomer unspecified),nutrition,lr2e4,train
196,0.265652612072547,0.053278704432807376,0.022494176313480548,0.11034740688229464,0.2713399950226968,0.2036097079193114,4835,Octadecatrienoic acid (18:3; isomer unspecified),nutrition,lr2e4,train
197,0.15658734361489754,0.18678937235314585,0.10528715377342718,1.1365838555631962,0.16104100712213937,0.05540096934166898,4910,Octadecenoic acid (18:1; cis/trans unspecified),nutrition,lr2e4,train
198,0.12488630597604101,0.016594702605125484,0.008061015301626069,0.030703537847915054,0.3065313526333193,0.013405458408158759,15315,Octanoic acid (8:0),nutrition,lr2e4,train
199,0.19491374406472167,0.0002580292217947832,1.8941123166367951e-06,0.0002592502909812447,0.20034628997122741,0.11337104857987527,16490,Pantothenic acid (vitamin B5),nutrition,lr2e4,train
200,0.1347779438760603,0.006465457540719477,0.0003664898178560698,0.007273364348515114,0.18032813396690603,0.05010806611322782,5999,Pentadecanoic acid (15:0),nutrition,lr2e4,train
201,0.09770613712285439,0.0027441837348842683,0.0013711755598888186,0.004050274553253913,1.2981109256351944,0.0006424148827367518,4236,Pentadecenoic acid (15:1; isomer unspecified),nutrition,lr2e4,train
202,0.036083991340051684,0.02596520126321974,0.003279587319508871,0.04707379980475747,0.03655040390240871,0.006441906655231676,8673,Phenylalanine,nutrition,lr2e4,train
203,0.1280888701151296,0.03357338452683482,0.005286564632055504,0.04386998785024934,0.1301025993044988,0.042308651200386516,31130,Phosphorus,nutrition,lr2e4,train
204,0.06367313339262136,0.00816959350205971,0.0005689452105132326,0.010481360836504484,0.09390042806712887,0.007968547492457545,398,Phytosterols,nutrition,lr2e4,train
205,0.15563936479133572,0.06271020282823014,0.015261305294125036,0.10038646613481435,0.15668500706176502,0.07900483836880927,31399,Potassium,nutrition,lr2e4,train
206,0.05894246314040378,0.05022175475981017,0.008741874729001533,0.10146985123854056,0.059684172837482834,0.007698370961848802,8583,Proline,nutrition,lr2e4,train
207,0.07993685967492975,0.16155731548216634,0.07020278497952151,1.5927971326447543,0.08197286415656067,0.01819811678583747,26382,"Protein, total",nutrition,lr2e4,train
208,0.22811714293987867,9.59669713474592e-05,1.0975879185430346e-06,9.665677628442898e-05,0.39403329465375875,0.04314606218960783,28747,Retinol,nutrition,lr2e4,train
209,0.19376853918520473,0.00010135929334636913,3.90885605162186e-06,0.00010349196757765206,0.1995956144392084,0.06678225227043769,27092,Riboflavin (vitamin B2),nutrition,lr2e4,train
210,0.19334244485155805,6.971102178912638e-06,3.349196243106897e-08,6.988065837286944e-06,0.2006731526584076,0.11049985985291594,24283,"Selenium, Se",nutrition,lr2e4,train
211,0.03812263368285157,0.028123147186642782,0.0026972017640647444,0.04973521260720689,0.038319569884609744,0.024094592041774124,8568,Serine,nutrition,lr2e4,train
212,0.2449356182969213,0.07283008233341064,0.026954104088079783,0.1427992008105033,0.24733676489121553,0.15571709872766534,26623,Sodium,nutrition,lr2e4,train
213,0.09944182084803845,0.0994418167489072,0.2847316612653324,1.5120515989361127,0.15744954967606087,0.0,76,Sorbitol,nutrition,lr2e4,train
214,0.09721210753783562,0.2863816221758408,0.34995402945732146,2.874413396162688,0.13943364295167848,0.026351895691469385,7534,Starch,nutrition,lr2e4,train
215,0.01759389980032952,0.006753954995626675,0.003476762245847816,0.011852849514643297,0.650313843228465,0.00047232691543532625,835,Stearidonic acid,nutrition,lr2e4,train
216,0.05084187869813365,0.0015186280572331908,8.067176789327247e-05,0.0017044989482757425,0.0947915121892661,0.0015650169050457445,210,Stigmasterol,nutrition,lr2e4,train
217,0.24116671029110895,0.2676519305763152,0.25438268997620994,1.8885062783699693,0.3169053597467018,0.053726511852849074,5683,Sucrose,nutrition,lr2e4,train
218,0.2049170684429706,0.3229650068804125,0.27370847850385605,2.8109960926977617,0.2217484179261128,0.09185097821493288,18095,"Sugars, total",nutrition,lr2e4,train
219,0.03803210438322438,0.010449155437779944,0.0002752091100714201,0.013271866587897144,0.03803210438322438,,93,Sulfur,nutrition,lr2e4,train
220,0.15621469733213572,0.006338537497267011,0.001782106899032007,0.008493319693837657,0.2154594251430475,0.07534727938290108,4423,Tetracosanoic acid (24:0),nutrition,lr2e4,train
221,0.16575085783783816,0.04811778129992642,0.016608517535244262,0.10243844189808346,0.19006285243349685,0.036213290372011556,18875,Tetradecanoic acid (14:0),nutrition,lr2e4,train
222,0.11276813751918444,0.007798751929514704,0.000635621181620264,0.009570477591107192,0.17305381903967698,0.02869359606943407,5438,Tetradecenoic acid (14:1; isomer unspecified),nutrition,lr2e4,train
223,0.23028344836393466,9.053442889031347e-05,2.645699301060488e-06,9.19654564499629e-05,0.2369106573674353,0.10617779290173722,29067,Thiamin (vitamin B1),nutrition,lr2e4,train
224,0.043148321219560457,0.02867411468749295,0.002393329027496458,0.049517727213817614,0.04367050943909341,0.003827005978675672,8656,Threonine,nutrition,lr2e4,train
225,0.21160293580223372,3.720073338653484e-05,6.886093749234656e-08,3.723961665751151e-05,0.3068317735601005,0.052338152141740577,7747,"Tocopherol, beta",nutrition,lr2e4,train
226,0.2278975937825042,0.00011998526936849165,6.422981013066602e-07,0.00012051472336790818,0.3512485751685389,0.06782550252754063,7687,"Tocopherol, delta",nutrition,lr2e4,train
227,0.3121768571205636,0.0006793419385806957,8.059355251251834e-06,0.0006884350857922405,0.3556426100253489,0.13491204584374758,8262,"Tocopherol, gamma",nutrition,lr2e4,train
228,0.3287840430988887,7.189263322323705e-05,2.274642684210466e-07,7.201814557287045e-05,0.428424905300246,0.12058361429269679,5437,"Tocotrienol, alpha",nutrition,lr2e4,train
229,0.07338687778165504,3.23563031603979e-05,2.0797763518576234e-08,3.2374610479479074e-05,0.34428530940362595,0.0017634118517522663,1186,"Tocotrienol, beta",nutrition,lr2e4,train
230,0.057421235117390154,1.2998387044316012e-05,8.333901323681774e-09,1.3002589396533766e-05,0.8756824231957253,0.00010524406305516108,1161,"Tocotrienol, delta",nutrition,lr2e4,train
231,0.21300407592206588,6.917515541394165e-05,9.22828207596004e-08,6.92722752885542e-05,0.5540634796098398,0.013280430555991748,1167,"Tocotrienol, gamma",nutrition,lr2e4,train
232,0.03282165003180809,0.0004574881887810903,1.8823766483324197e-05,0.000476547460155414,0.6433500600166167,8.037883388460157e-05,668,Tridecanoic acid (13:0),nutrition,lr2e4,train
233,0.0898412615889779,0.021064246370955747,0.0019012509445868785,0.02585470795381874,0.09080183473956588,0.06847004679933316,15731,Tryptophan,nutrition,lr2e4,train
234,0.04782469715893592,0.028217013639005074,0.002199577340366419,0.044888673835851274,0.04849344551147319,0.006951945837627558,8612,Tyrosine,nutrition,lr2e4,train
235,0.04050509661090931,0.03125098670567798,0.004330950012633417,0.06452936979935883,0.041007259366968134,0.0036383624919191894,8661,Valine,nutrition,lr2e4,train
236,0.16211421747131088,0.00024490353805685594,2.7134660102155392e-05,0.00026216216740406503,0.1675634574338305,0.09542202688524988,1774,Vitamin B6 - Pyridoxin,nutrition,lr2e4,train
237,0.21789225920842561,8.946574486941651e-07,2.992418711144095e-10,8.948135299321033e-07,0.38524568302907297,0.07662322549953965,27304,Vitamin D (D2 + D3),nutrition,lr2e4,train
238,0.17447610149133663,1.5098560681087293e-07,2.4873325787548264e-12,1.509868626076631e-07,0.8591170180440494,0.006132516001433065,6511,Vitamin D2 (ergocalciferol),nutrition,lr2e4,train
239,0.0639173481700587,0.24715866477078524,0.2523988192171908,7.013956285445667,0.06403370326822401,0.051896053573572354,30210,Water,nutrition,lr2e4,train
241,0.18273489342530475,0.0006817794189083706,0.00011379730988253224,0.0007703700846089505,0.185112563286611,0.08872333363357122,31918,Zinc,nutrition,lr2e4,train
242,0.09594524234880114,0.0038906228282481877,0.00027798381679141866,0.004272439052608683,0.1865128741204792,0.0032678820499957846,1216,"cis,cis-Eicosadienoic acid (20:2n-6)",nutrition,lr2e4,train
243,0.08813671440244127,0.0010632828735471845,1.0782081216882238e-05,0.0010883450224065938,0.18216894194451488,0.011305504093673792,298,cis-Docosenoic acid (22:1 cis),nutrition,lr2e4,train
244,0.07528980418050848,0.019770409053549015,0.0016506180910200424,0.02583363900535873,0.07645353092401183,0.02044918139291396,385,cis-Hexadecenoic acid (16:1 cis),nutrition,lr2e4,train
245,0.08321456142339691,0.12008793050755207,0.0334123148646859,1.0231774928931623,0.08271764639260488,0.2712969005781803,759,cis-Octadecenoic acid (18:1 cis),nutrition,lr2e4,train
246,0.13007644645525554,0.0028809073702404193,0.0005213420552545162,0.0033002602429857654,0.31577504921808597,0.008939723506025635,461,cis-Tetracosenoic acid (24:1 cis),nutrition,lr2e4,train
247,0.06435885854843525,0.007685876307642761,0.0004554413866362732,0.0102809623821671,0.06397773396308357,0.07708841969918163,172,"trans,trans-Linoleic acid (18:2 trans,trans)",nutrition,lr2e4,train
248,0.11341945731048618,0.00025504892373274,1.3321957054182229e-06,0.00025573841623505357,0.8133686035698062,0.0009923923672793314,224,trans-Docosenoic acid (22:1 trans),nutrition,lr2e4,train
249,0.06310620587078455,0.001866104474547239,1.3332414846500383e-05,0.0019303853506030067,0.09422081716949277,0.002160060027954049,287,trans-Hexadecenoic acid (16:1 trans),nutrition,lr2e4,train
250,0.09057805739054453,0.010600786374193507,0.0008704407899304213,0.01347581444191451,0.09864809071185651,0.02140634320787042,335,trans-Linoleic acid (18:2; isomer unspecified),nutrition,lr2e4,train
251,0.1121260517744306,0.05484333382503926,0.023592359332751354,0.3113598898060322,0.11882073137487947,0.0585686149708394,774,trans-Octadecenoic acid (18:1 trans),nutrition,lr2e4,train
2,0.4349334055678706,0.2121820333746751,0.1334997586715236,0.406494536375006,0.4349334055678706,,18,Acetic acid,food_metabolome,mae,validation
7,0.3027266598639402,0.001559152372854,5.3060432244793096e-05,0.0015988723802063,0.8277281015658068,0.0297259101789696,38,Apigenin,food_metabolome,mae,validation
9,0.905983089756493,0.0010875007608709,7.579022289449668e-06,0.001092071360763,0.905983089756493,,13,Benzoic acid,food_metabolome,mae,validation
11,0.6542259732108686,0.0030057730157898,3.205441900839091e-05,0.0030268392802443,0.7103199305005127,0.0371924430247839,12,Cadaverine,food_metabolome,mae,validation
12,1.2178365133846805,0.0703860604954479,0.0571680691920905,0.1116698808722172,1.3512227562595984,0.1062844894270295,28,Caffeic acid,food_metabolome,mae,validation
13,0.0761999365168131,0.0025877222864538,0.0010939592342532,0.0033412179659241,0.8934670946889929,5.571699386496932e-06,1962,Caffeine,food_metabolome,mae,validation
15,0.7273084467859562,0.0106693168323504,0.0020018962980253,0.0118587757588024,0.8185423327834556,0.5144293794584577,30,Catechin,food_metabolome,mae,validation
16,0.1404966627184999,0.0097906582070062,0.0005037697911937,0.0107509778342313,0.1429243740853621,0.0207295686199614,755,Choline,food_metabolome,mae,validation
18,0.2548163595724733,0.1142641584108121,0.0342712961575372,0.1709235457479953,0.2548163595724733,,52,Citric acid,food_metabolome,mae,validation
21,0.5974627171964739,0.0099004624443958,0.0004549721249773,0.0102520564754488,0.6352861555680466,0.5445099034762723,12,Cyanidin,food_metabolome,mae,validation
22,0.4070994362175973,0.0024085655430724,1.4982234172668712e-05,0.0024340492915104,0.4572557602253049,0.2733492388637105,11,Daidzein,food_metabolome,mae,validation
24,0.6210191684090841,0.0041408467820263,9.495972070569484e-05,0.0041979362964607,1.4194723849350497,0.0,16,Delphinidin,food_metabolome,mae,validation
25,2.2878459426669147,0.1210571450832383,0.0597607390512566,0.1580424699618578,2.2878459426669147,,5,Ellagic acid,food_metabolome,mae,validation
26,0.4344471859247583,0.000908360301141,8.190550339226022e-06,0.0009124725190738,1.3725640077814332,0.0592004571820883,28,Epigallocatechin,food_metabolome,mae,validation
28,0.6080944972898653,0.0105980765362602,0.0005387744821975,0.0110174386329673,0.6571827589343915,0.0190353575555505,26,Ferulic acid,food_metabolome,mae,validation
33,1.6981812648402257,0.2240946983772754,0.3585284264774529,0.6346894687086899,2.143733852684981,0.0273590604223932,19,Gallic acid,food_metabolome,mae,validation
35,1.1467280331276433,0.0126453327241981,0.0017679763728137,0.0136443344769776,1.1082702794587165,2.1466296285197446,27,Genistein,food_metabolome,mae,validation
43,0.334421887904103,0.0012275874632895,7.447531737423351e-06,0.0012324749207062,0.8914668404429413,0.0305791865192821,17,Glycitein,food_metabolome,mae,validation
47,0.5749575810653903,0.0012867577197493,1.603625453723628e-05,0.0012954880871038,0.5912160008110964,0.0384297294570881,34,Histamine,food_metabolome,mae,validation
50,0.8372879327544502,0.0051611954077186,0.0002458306596718,0.0052867435187067,1.8773784624332197,0.2132336149471887,16,Isorhamnetin,food_metabolome,mae,validation
51,0.5961670734604321,0.0027970306616612,6.092611370226891e-05,0.0028320010131043,0.9566309242079356,0.1663832514153316,57,Kaempferol,food_metabolome,mae,validation
52,0.1541542209054107,0.1274146363303295,0.0309159645523946,0.2378551688790321,0.1541542209054107,,23,Lactic acid,food_metabolome,mae,validation
53,0.9744295065778974,0.0001838749457173,1.1253550793329049e-07,0.0001839315508634,0.9744295065778974,,4,Lariciresinol,food_metabolome,mae,validation
54,0.4619689200830745,0.0008668835530112,3.242355038406311e-06,0.0008689861493016,0.4619689200830745,,14,Lutein,food_metabolome,mae,validation
55,0.519095022264411,0.0053129612870122,0.0004174021318652,0.0055468534670523,1.2398089082725263,0.0201392550280235,44,Luteolin,food_metabolome,mae,validation
56,0.2549015220166228,0.1023390913903854,0.0276569457759549,0.1516936279681264,0.2549015220166228,,49,Malic acid,food_metabolome,mae,validation
58,1.2890975729862415,0.000134674624631,8.92549026326305e-08,0.000134719263764,1.6106373198885886,0.0029385853768537,5,Matairesinol,food_metabolome,mae,validation
61,0.3815590938074704,0.0009263806259248,5.649777113321705e-06,0.0009314332029482,0.57391938896631,0.1342387143175337,48,Myricetin,food_metabolome,mae,validation
62,0.317756542871844,0.003583284124611,9.237835788570392e-05,0.003660325830341,0.5849267216919342,0.1619072718934581,19,Naringenin,food_metabolome,mae,validation
65,1.087549917405509,0.0487754725147029,0.003491568995609,0.054317791900151,1.087549917405509,,4,Oxalic acid,food_metabolome,mae,validation
66,0.2931492165665867,8.555307903781478e-05,5.760478769456632e-08,8.57420551409645e-05,0.8244735788399958,0.080619471657223,14,Pelargonidin,food_metabolome,mae,validation
67,0.2246576265109379,0.000812312501993,6.838572078555552e-06,0.0008161765278915,0.7263548184915033,0.0016810967417978,13,Peonidin,food_metabolome,mae,validation
72,0.5971076441746824,5.106968475221155e-05,6.876575315716684e-09,5.1073342178691445e-05,0.5971076441746824,,4,Pinoresinol,food_metabolome,mae,validation
77,0.2964625975249628,0.0022033475833479,3.839325877541344e-05,0.00229225257401,0.2964625975249628,,17,Putrescine,food_metabolome,mae,validation
79,0.5278309678453172,0.00459491634916,0.00011786621158,0.0046741518055038,0.6207627484838796,0.2326358999345897,71,Quercetin,food_metabolome,mae,validation
82,0.2992656002858631,0.258750681732205,0.1436959905391097,0.5229818666974704,0.4488984004287947,0.0,6,Rosmarinic acid,food_metabolome,mae,validation
83,1.084936547290475,0.0001147140048969,2.2349913216306347e-08,0.0001147278776967,1.084936547290475,,5,Secoisolariciresinol,food_metabolome,mae,validation
88,0.1904455175901999,0.0007876449921044,2.5517068939259506e-06,0.0007890963436366,0.201358879464835,0.0813118988438484,11,Spermine,food_metabolome,mae,validation
90,1.25024956659772,0.0074932583293795,0.0003001496196918,0.0076458649970777,1.3402512799752335,0.950243855339342,13,Syringic acid,food_metabolome,mae,validation
91,0.4930692143929594,0.2123549843597152,0.1452465588723282,0.3390377334594726,0.4930692143929594,,5,Tartaric acid,food_metabolome,mae,validation
92,0.1362641695445036,0.0005101123041175,1.6028947894281927e-06,0.0005148454028258,0.1362641695445036,,9,Taurine,food_metabolome,mae,validation
93,0.0487838284252405,0.0070262415978291,0.0028096252374308,0.0089435029940176,0.8259456561096828,0.0003985465914433,1928,Theobromine,food_metabolome,mae,validation
96,0.2005852723250183,0.0019234951192574,3.0753475960743225e-05,0.0019583576524454,0.2297063458114045,0.0258588314067011,21,Tyramine,food_metabolome,mae,validation
98,0.3602649017267783,0.0006150648012614,1.20727145591977e-06,0.0006167561521388,0.2819449750093851,0.7127045719550473,11,Vanillic acid,food_metabolome,mae,validation
103,0.6091671708005465,0.0056310444253006,0.0001517618535326,0.0057595076901259,0.7050211083679404,0.0340435453961829,28,p-Coumaric acid,food_metabolome,mae,validation
104,0.0478821284430622,0.0371353985190255,0.0046409883747829,0.0736591359281662,0.0484951791951838,0.0053865649437296,1547,Alanine,nutrition,mae,validation
105,0.1457768699229536,0.0145093508817333,0.0018216723442142,0.0169560797502672,0.228506308241266,0.0462479481290513,1128,Arachidonic acid (20:4n-6),nutrition,mae,validation
106,0.0676402468050922,0.0556813117158581,0.0100812311924408,0.1204144268346793,0.0674969244209254,0.0737525998222993,1727,Arginine,nutrition,mae,validation
107,0.3154799211416216,0.0078511982396139,0.0002528733843641,0.0081627857953714,0.4521183553044039,0.0853520320253569,102,Ascorbic acid (vitamin C),nutrition,mae,validation
108,0.1043238776078683,0.1087033160964787,0.0429927481148425,0.4591968025524374,0.1055582116728036,0.021716371741968,3606,Ash,nutrition,mae,validation
109,0.050700602507356,0.0527824133364986,0.0091056385805601,0.1261290067756035,0.0506798100420018,0.0522589977856554,1519,Aspartic acid,nutrition,mae,validation
110,0.0816178746909077,0.199247405940942,0.1291233145748665,2.566525830076621,0.0883130730350535,0.0092260425948309,756,Available carbohydrate,nutrition,mae,validation
111,0.108161286980056,0.0180175118311564,0.0017302682991876,0.021282726905244,0.1524245331105505,0.0006648320917121,48,Beta-sitosterol,nutrition,mae,validation
112,0.1804782588899432,0.0066649247586676,0.0019716435698263,0.0080783349593384,0.1742901855859641,0.3372637698747833,498,Betaine,nutrition,mae,validation
113,0.334327168552848,8.822361666800027e-05,1.9059089071793557e-06,8.928738933544423e-05,0.3358479957354561,0.3208429795309095,1768,Biotin,nutrition,mae,validation
114,0.1006439307459229,0.0136632862000125,0.0021082372610015,0.0184359881063964,0.2375978798356236,0.0274146078292237,2269,Butyric acid (4:0),nutrition,mae,validation
115,0.3073949109878908,0.031853432130749,0.0080734352095022,0.0436133906597855,0.3083957261804667,0.2712951713320253,6878,Calcium,nutrition,mae,validation
116,0.2097987502237953,0.0055572076160126,0.0001137177626064,0.0058703491837168,0.2433996377600023,0.0921956438470706,36,Campesterol,nutrition,mae,validation
117,0.2558378335761108,4.844153933575312e-05,1.241854605430932e-07,4.850451267011676e-05,1.114232284022839,0.0080813409862381,2524,"Carotene, alpha",nutrition,mae,validation
118,0.4077336933153287,0.0003329997935633,3.2273450468566465e-06,0.0003353174426244,0.6294746647908949,0.0728020280087874,3736,"Carotene, beta",nutrition,mae,validation
119,0.482925232840749,0.4460811009781934,0.7629059431666677,3.842569276372592,0.4498912919436989,0.6976458486715742,15,Cellulose,nutrition,mae,validation
120,0.1816546229173644,0.0815404476045898,0.019644080989251,0.2320611900024175,0.1816546229173644,,343,Chloride,nutrition,mae,validation
121,0.232782760231851,6.977830129142933e-07,2.196214801182441e-11,6.977969736580995e-07,0.3279470882075158,0.1089430883959693,695,Cholecalciferol (vitamin D3),nutrition,mae,validation
122,0.1162121341490202,0.028636917816625,0.0566199483191707,0.1632141688106148,0.1910879123007745,0.0076942056425454,3992,Cholesterol,nutrition,mae,validation
123,0.1250507247316577,0.0076201781646789,0.0003373425517509,0.0083497408518401,0.1270713999906149,0.0573764733316728,1897,"Choline, total",nutrition,mae,validation
124,0.375880458348235,4.17431315598921e-05,5.617605820088196e-08,4.179003513774428e-05,0.4715914255321087,0.1182767577212612,278,Chromium,nutrition,mae,validation
125,0.166542222580499,6.801857939652334e-07,1.3433277584960072e-11,6.801980711754546e-07,0.2628696298335194,0.0143669751463183,4402,Cobalamin (vitamin B12),nutrition,mae,validation
126,0.1115666795559481,0.0125518887776006,0.0007043488393608,0.0176956635542613,0.1214825520159271,0.0405029269260985,98,Conjugated linoleic acids (18:2 CLA isomers),nutrition,mae,validation
127,0.2430702575204741,0.0001227108868623,1.5707659180480243e-06,0.000123559693908,0.245657520590333,0.1719509664625734,5038,Copper,nutrition,mae,validation
128,0.25387311599839,1.950793662711649e-05,4.898834695655285e-08,1.9532474255101572e-05,1.058753664867313,0.0040033378869125,2450,"Cryptoxanthin, beta",nutrition,mae,validation
129,0.0708024360324476,0.0213084973015225,0.0013586773415687,0.0265959436879433,0.0717375905641839,0.01871086507943,1531,Cystine,nutrition,mae,validation
130,0.1975305017305338,0.0237465812781717,0.0104109275312327,0.0399505142147635,0.3423015366473294,0.0500917099286552,2996,Decanoic acid (10:0),nutrition,mae,validation
131,0.1659683157794404,0.2208352221031917,0.1175137334845351,1.060503980532142,0.1995068180171137,0.0367426745239777,2543,"Dietary fibre, total",nutrition,mae,validation
132,0.1136849268025825,0.0134869512700781,0.0053056174020286,0.0294769535649378,0.3511191406693837,0.0180062144206493,2886,Docosahexaenoic acid (DHA; 22:6n-3),nutrition,mae,validation
133,0.2629689543689376,0.0169039475559906,0.0082922442098268,0.0265312280271939,0.3840292414720747,0.1049887947642628,1047,Docosanoic acid (22:0),nutrition,mae,validation
134,0.1305253207655619,0.0056307669020783,0.001104344049851,0.0074225340252761,0.3364019043108671,0.0322603649765874,2934,Docosapentaenoic acid (DPA; 22:5n-3),nutrition,mae,validation
135,0.1507800220514596,0.0016177683866222,1.7944823093521058e-05,0.0016310731945366,0.2789493577831019,0.0119299083421804,75,Docosatetraenoic acid (22:4; isomer unspecified),nutrition,mae,validation
136,0.1372454086568249,0.0122856521204937,0.0095396601164873,0.0421510050751584,0.7423214174991729,0.0315510417276327,733,Docosenoic acid (22:1; cis/trans unspecified),nutrition,mae,validation
137,0.3076849583404808,0.0561029740632165,0.063682545879722,0.1811233013391641,0.4427637013127275,0.080933714058206,3352,Dodecanoic acid (12:0),nutrition,mae,validation
138,0.2336098833324622,0.0143053273891372,0.0023874171730432,0.0170372696503026,0.2406520127919625,0.2009455427321815,998,Eicosanoic acid (20:0),nutrition,mae,validation
139,0.151068870250627,0.0120024190327301,0.0050342641250001,0.0230497011164795,0.4534956022836208,0.0242463863147603,3202,Eicosapentaenoic acid (EPA; 20:5n-3),nutrition,mae,validation
140,0.0994949853583987,0.0091359674456943,0.001071448826633,0.0108572865191226,0.1567968890375259,0.0571638493071516,772,Eicosatetraenoic acid (20:4; isomer unspecified),nutrition,mae,validation
141,0.1771555345946263,0.0043321614401055,0.0004638764240323,0.0046044745551488,0.3746459222632719,0.0563880313440158,224,Eicosatrienoic acid (20:3; isomer unspecified),nutrition,mae,validation
142,0.1718568643074494,0.0014654636953694,1.0792129420388016e-05,0.0014863932965215,0.2334340773280576,0.1122039391937351,63,Eicosatrienoic acid (20:3n-3),nutrition,mae,validation
143,0.1297608982781169,0.0034541368012456,9.036796174436494e-05,0.0035782311041742,0.1771749509112195,0.053251858801974,230,Eicosatrienoic acid (20:3n-6),nutrition,mae,validation
144,0.2380804391375317,0.0237870805139933,0.0053396191957528,0.0362641431922331,0.2792043733597236,0.1601467218216876,2654,Eicosenoic acid (20:1; isomer unspecified),nutrition,mae,validation
147,0.0163832122555775,0.0467728378317898,0.1223314157598417,0.2621238039061737,0.8132482889132249,5.719605088429446e-05,3138,Ethanol,nutrition,mae,validation
148,0.0818806141641493,0.1493442041121195,0.1084954364593943,1.5179075120268852,0.0840535036317139,0.0269350309277557,4833,"Fat, total",nutrition,mae,validation
149,0.1039740070944616,0.1307969655135998,0.0562619685536152,0.9561980344904302,0.1080625822024657,0.0340520026996567,3886,"Fatty acids, total monounsaturated",nutrition,mae,validation
150,0.1692366496565336,0.1571753606581613,0.0803511553942041,0.7834676435370038,0.1737141967115865,0.0750553423703684,3896,"Fatty acids, total polyunsaturated",nutrition,mae,validation
151,0.1043774664540864,0.122620926270911,0.049796207934262,0.8266286553811552,0.1085965426990353,0.0232217030751146,4023,"Fatty acids, total saturated",nutrition,mae,validation
152,0.1853032756867524,0.0642034474577469,0.0379638769903609,0.1609277327854599,0.2572612706600591,0.0611338983142092,1172,"Fatty acids, total trans",nutrition,mae,validation
153,0.1719634593804225,0.0503274597110178,0.0302573985307316,0.1407229400949276,0.1883890586550657,0.0742858956938773,521,"Fatty acids, total trans-monoenoic",nutrition,mae,validation
154,0.1894277082775655,0.0197940220434324,0.0042961252447966,0.0303070570227165,0.2187480961831046,0.0911345983466155,457,"Fatty acids, total trans-polyenoic",nutrition,mae,validation
155,0.25815578723323,1.4253620524262064e-05,1.8301023785094623e-09,1.4255747222274447e-05,0.271315069818329,0.1142178428508056,3170,"Folate, food",nutrition,mae,validation
156,0.2612572852713524,2.129276445612029e-05,6.0485227488327664e-09,2.1298679464577235e-05,0.2737116209901377,0.1038956609789108,3886,"Folate, total",nutrition,mae,validation
157,0.1472142123225321,1.535589565992266e-05,4.886095614989808e-09,1.5361139539332414e-05,0.2816496257237992,0.0277263184791933,3100,Folic acid,nutrition,mae,validation
158,0.2660386507288728,0.2043541919689689,0.1484961082318064,0.6479279107509868,0.3545130586750404,0.0509933421321342,1959,Fructose,nutrition,mae,validation
159,0.2129018529078734,0.0256507039401506,0.0145582627166985,0.0381411739079263,1.061035901696444,0.0072436637771448,1460,Galactose,nutrition,mae,validation
160,0.3038490388943798,0.2400524554797778,0.1919887935189116,0.7480339843507854,0.3734672945530174,0.075600398014992,2003,Glucose,nutrition,mae,validation
161,0.0487194892555977,0.0735925355422505,0.0180038984237829,0.2489579093832818,0.0492900493119418,0.0,1555,Glutamic acid,nutrition,mae,validation
162,0.079457301388215,0.0563599404204165,0.0122573672878295,0.1168825230467716,0.0796941711493901,0.0736027374047918,1713,Glycine,nutrition,mae,validation
165,0.1394775115095779,0.0115820607767885,0.0007145534990903,0.0131822888409718,0.1597460088013866,0.077261867481103,1138,Heptadecanoic acid (17:0),nutrition,mae,validation
166,0.1616593137632364,0.0074885996713594,0.000334354335657,0.0081717929993791,0.1994837645899732,0.1037283656128557,880,Heptadecenoic acid (17:1; isomer unspecified),nutrition,mae,validation
167,0.1049375171890036,0.1029871528664108,0.0379517993849893,0.4194549819971561,0.1073053425430589,0.0400669300097201,3436,Hexadecanoic acid (16:0),nutrition,mae,validation
168,0.2200161340647286,0.0511925473725197,0.0130124053808507,0.0893827810546409,0.2439812422060212,0.1037054758856553,878,Hexadecenoic acid (16:1; cis/trans unspecified),nutrition,mae,validation
169,0.0818579705406022,0.0091945535199025,0.0012316671469029,0.0111972317628777,0.2281482764725483,0.0188741787825859,2651,Hexanoic acid (6:0),nutrition,mae,validation
170,0.0570581773227766,0.0307225854774838,0.0028696175803545,0.0504543612426544,0.0579373891174488,0.0094711832623806,1562,Histidine,nutrition,mae,validation
171,0.0679598460304077,0.0171321554787712,0.0013023506070468,0.0201409060150011,0.0847848293948323,0.0097002021416542,299,Hydroxyproline,nutrition,mae,validation
172,0.2118971311782976,0.2678060664772473,0.097102956200461,1.7589308111648745,0.2230496117666291,0.0,20,Insoluble dietary fibers,nutrition,mae,validation
173,0.2315463629499761,0.0012329482512449,2.4808248911395405e-05,0.0012521908559215,0.2354406009965585,0.1070238439481415,5716,Iron,nutrition,mae,validation
174,0.0441307008616098,0.0312517463418323,0.0031483104800471,0.0560798155338467,0.0447509108422218,0.0103274072655528,1564,Isoleucine,nutrition,mae,validation
175,0.5497325059955523,0.2395723137934173,0.1123354609067635,0.4869152530136207,0.5497325059955523,,15,Isomeric linoleic acids (18:2),nutrition,mae,validation
176,0.7461911201442286,0.1318173165365908,0.0531445033186208,0.2044422397796503,0.420936724192064,1.210840257218749,17,Isomeric linolenic acids (18:3),nutrition,mae,validation
177,0.0880278468165076,0.0814704019031976,0.0458601729292476,0.2668219325710236,0.2437928402914425,0.0149567854459686,1909,Lactose,nutrition,mae,validation
178,0.0383140736475924,0.0376045658919072,0.0043407594465692,0.0848384647690066,0.0387511101122447,0.0046185622229033,1562,Leucine,nutrition,mae,validation
179,0.3588432666693044,0.2298753575989576,0.1651637164923644,1.819233606746968,0.3878688377853088,0.2645101605422901,17,Lignin,nutrition,mae,validation
180,0.1792652824521373,0.1391786446288363,0.0600063373996322,0.7354793180137618,0.1834840419179726,0.0743642057343473,1345,Linoleic acid (18:2n-6),nutrition,mae,validation
181,0.3014765265433848,0.0001969349572926,1.047489486866751e-06,0.000197885916836,0.381241188475486,0.1051732749460719,1277,Lutein + zeaxanthin,nutrition,mae,validation
182,0.0805251300964437,0.000233012829784,2.3825492932752163e-06,0.0002343649416943,0.7132227919988955,0.0057089311637852,2090,Lycopene,nutrition,mae,validation
183,0.0524861459673045,0.0447047795690035,0.0055408771312109,0.101608047291739,0.0531786303453448,0.0037289504407365,1571,Lysine,nutrition,mae,validation
184,0.1661599079308429,0.0113540065692752,0.0010958277594971,0.0128865659372799,0.1680602004085011,0.0556569389469958,6213,Magnesium,nutrition,mae,validation
185,0.2524304477721096,0.1088609153086816,0.0750187904795075,0.2166702433725156,0.502544481497224,0.0517942052120763,1924,Maltose,nutrition,mae,validation
186,0.2836365625517711,0.000386600605285,7.607049350641637e-06,0.0003910166797634,0.2850260605415722,0.2674979445320306,3266,Manganese,nutrition,mae,validation
188,0.1539333882033489,1.3231126914626097e-06,3.48542123242934e-12,1.32311942275419e-06,0.1710370980037211,0.0,10,Menaquinone-4,nutrition,mae,validation
189,0.0592255316327984,0.0260315203459906,0.0019758474712716,0.0379825744191063,0.0602401683459724,0.0123447835469475,1570,Methionine,nutrition,mae,validation
190,0.2980404801925565,1.958043318763744e-05,7.732105473718723e-09,1.9585552550050795e-05,0.3367026011745692,0.1071462578438689,190,Molybdenum,nutrition,mae,validation
191,0.1965879583083676,0.0009870877666981,6.837150898050469e-06,0.0009943322970466,0.2024255946527945,0.0578281311261334,5427,Niacin,nutrition,mae,validation
192,0.1642943656486834,0.0011858286991436,1.1575771619570383e-05,0.0012001851994194,0.1714908959214241,0.0380695092775966,1168,Nicotinic acid,nutrition,mae,validation
193,0.2634969500103974,0.1940937605559489,0.1321999569111432,0.9852900094902236,0.2637813327910396,0.2553966275811359,914,Octadecadienoic acid (18:2; isomer unspecified),nutrition,mae,validation
194,0.1366246308381423,0.0921738827831625,0.0322448263817956,0.2648458754144773,0.1426804807534917,0.0359831615025771,3429,Octadecanoic acid (18:0),nutrition,mae,validation
195,0.0634656206169188,0.0036068620605719,0.0007097869623169,0.0058784089209116,0.5574986591497813,0.0143644776434692,719,Octadecatetraenoic acid (18:4; isomer unspecified),nutrition,mae,validation
196,0.3420350597863988,0.065355529144612,0.0222971397070675,0.1116232334884676,0.3419422329983844,0.3430699530311536,899,Octadecatrienoic acid (18:3; isomer unspecified),nutrition,mae,validation
197,0.1914196999232209,0.2265190228219882,0.1433694294341991,1.5273807977687195,0.1960677973753256,0.07495165805191,912,Octadecenoic acid (18:1; cis/trans unspecified),nutrition,mae,validation
198,0.1567853181914384,0.020262629087276,0.0106342403679118,0.032809918704873,0.364394212913289,0.0300984745760333,2755,Octanoic acid (8:0),nutrition,mae,validation
199,0.2074565233896415,0.0003095021703193,6.314930914157344e-06,0.0003130540847396,0.213491026959246,0.1210877119183294,2974,Pantothenic acid (vitamin B5),nutrition,mae,validation
200,0.178380628203643,0.0088749225233794,0.0009730041806627,0.0100466506866047,0.2202521736907083,0.0973458529061658,1081,Pentadecanoic acid (15:0),nutrition,mae,validation
201,0.1121373847319696,0.0028755797377962,0.0006651153503629,0.0032612403301919,1.5161758313299962,0.000283798869458,777,Pentadecenoic acid (15:1; isomer unspecified),nutrition,mae,validation
202,0.0398505461452276,0.0286564553466329,0.0025486884724131,0.049686808316993,0.0404158747198587,0.0080981861540383,1573,Phenylalanine,nutrition,mae,validation
203,0.1276898110657118,0.0332551444266813,0.0044519922940557,0.0425932918046493,0.130753090234124,0.0128774330701898,5470,Phosphorus,nutrition,mae,validation
204,0.15098881521757,0.0148634037627642,0.0011309279559555,0.0167392768070395,0.2142662966973971,0.0750558374417773,66,Phytosterols,nutrition,mae,validation
205,0.1591669615153565,0.0644369161539294,0.0157314937765934,0.1017549174895406,0.1612581415273117,0.0429558385272665,5513,Potassium,nutrition,mae,validation
206,0.0613711054906284,0.0523990731123463,0.0084365519755727,0.104239147095301,0.0622491133157633,0.0056907759133238,1546,Proline,nutrition,mae,validation
207,0.0821316531476351,0.1664072099029401,0.0728541786171397,1.6219945962513267,0.0841039519276875,0.0323631606810643,4633,"Protein, total",nutrition,mae,validation
208,0.2287066055122889,6.883871080476854e-05,3.367724395281595e-07,6.918243841395407e-05,0.4015570906688371,0.0474433247322619,5057,Retinol,nutrition,mae,validation
209,0.1992606327415747,8.115544518019905e-05,5.543931773336161e-08,8.121179664682557e-05,0.2060058966764628,0.0564457316251515,4691,Riboflavin (vitamin B2),nutrition,mae,validation
210,0.1992301425648075,5.731875873581285e-06,1.426928158728568e-09,5.732686283684458e-06,0.2067152740363188,0.106806569350258,4249,"Selenium, Se",nutrition,mae,validation
211,0.0407159405390096,0.0302149183727399,0.0028920338406192,0.0539987228576687,0.04123105456385,0.0051262442773124,1542,Serine,nutrition,mae,validation
212,0.2607061518846424,0.0777912438771616,0.0403655458503808,0.1760608040403171,0.2639902053947088,0.12135226716999,4705,Sodium,nutrition,mae,validation
213,0.1127562773444029,0.1127562740812252,0.0334311720047433,0.2161012692761063,0.1931487668628527,0.0055662913198032,14,Sorbitol,nutrition,mae,validation
214,0.1204579080981262,0.3302364261981295,0.4695344390732675,3.5665232187439613,0.1644345812809181,0.0365060700420281,1292,Starch,nutrition,mae,validation
215,0.044301483741221,0.0148947397732166,0.0062842308747249,0.0187374423246841,0.8858565632508615,9.111135450536597e-06,140,Stearidonic acid,nutrition,mae,validation
216,0.1973236104073827,0.0031742792964,6.956876995133872e-05,0.0032377307209162,0.2655993328562531,0.0835307396592654,48,Stigmasterol,nutrition,mae,validation
217,0.3191361682695934,0.3529594424941872,0.3701654248588515,2.2991625736014214,0.3957869433164316,0.1171148752012269,1021,Sucrose,nutrition,mae,validation
218,0.2224943834532617,0.3463443313319003,0.2981827656798421,3.218365825887605,0.2355984091657046,0.1205472197348641,3185,"Sugars, total",nutrition,mae,validation
219,0.4011222491624673,0.0996189168602095,0.0180103757926958,0.1187986508567631,0.4011222491624673,,20,Sulfur,nutrition,mae,validation
220,0.1985462405609233,0.0061411647365806,0.0005237170540719,0.0067977312234351,0.2648600376177399,0.1151431736743389,806,Tetracosanoic acid (24:0),nutrition,mae,validation
221,0.1963340069337165,0.0593340462858956,0.0322626986505364,0.1480883965401969,0.2246006538730365,0.0364876764849496,3308,Tetradecanoic acid (14:0),nutrition,mae,validation
222,0.1560877652052763,0.011383449082412,0.0014236372189907,0.0139533109112779,0.2339920531810845,0.0509314650447134,1002,Tetradecenoic acid (14:1; isomer unspecified),nutrition,mae,validation
223,0.2367288995173686,7.8289214066128e-05,8.597613425697314e-08,7.83550194532483e-05,0.2449915957080601,0.0960894068180317,5049,Thiamin (vitamin B1),nutrition,mae,validation
224,0.04619792274749,0.0309538073148644,0.0027188343736945,0.0544956262033127,0.0467905030179855,0.0047711747464853,1560,Threonine,nutrition,mae,validation
225,0.2720841852423148,4.793814667309274e-05,6.76579631418652e-08,4.7977136581321954e-05,0.3547680735860735,0.1211146423723722,1452,"Tocopherol, beta",nutrition,mae,validation
226,0.2924923620517562,0.0001691442337917,1.0548505654320702e-06,0.0001699876174174,0.4230862345644492,0.1188066079677056,1454,"Tocopherol, delta",nutrition,mae,validation
227,0.4066609515193324,0.0008605500901739,1.180100658154388e-05,0.0008717061949491,0.4491996356487916,0.2285138775895086,1548,"Tocopherol, gamma",nutrition,mae,validation
228,0.4131742680220852,8.323217996302258e-05,2.461759141780778e-07,8.336151522559761e-05,0.5308389586484412,0.1825649603188544,1033,"Tocotrienol, alpha",nutrition,mae,validation
229,0.1180160667817298,4.97206224122126e-05,2.3612977705634843e-08,4.974042431145345e-05,0.4289952988345707,0.0471192470391133,237,"Tocotrienol, beta",nutrition,mae,validation
230,0.0328799600540903,4.552893345417309e-06,7.968038958684341e-10,4.553291792163865e-06,0.5942917608137004,4.494243842922658e-06,235,"Tocotrienol, delta",nutrition,mae,validation
231,0.3798595731842462,8.763250429812826e-05,1.072036552921014e-07,8.769598035967482e-05,0.7395922385323397,0.1451403872833625,233,"Tocotrienol, gamma",nutrition,mae,validation
232,0.0556043832075336,0.0005990845311948,1.3364785935663776e-05,0.0006058237570525,1.2102910218523788,9.06025034545215e-05,109,Tridecanoic acid (13:0),nutrition,mae,validation
233,0.0960946202807913,0.0224513806882121,0.0015958518026008,0.027054296949445,0.0970966190951807,0.0772632416650947,2819,Tryptophan,nutrition,mae,validation
234,0.052121579402906,0.0311764342507341,0.0029549504973428,0.0505859159765092,0.0529240322735762,0.0086797164890307,1553,Tyrosine,nutrition,mae,validation
235,0.0445107876168768,0.034448494897663,0.0037251960350395,0.0652608230748425,0.0451066564582218,0.0045357605649066,1566,Valine,nutrition,mae,validation
236,0.2031432587269446,7.636243180711761e-05,5.3493769917261274e-08,7.641989785490531e-05,0.2105879132925469,0.0793758765738078,282,Vitamin B6 - Pyridoxin,nutrition,mae,validation
237,0.2184576791715759,5.802733375765383e-07,2.9073726404543194e-11,5.802921849156297e-07,0.3837306473641756,0.0881271238782295,4761,Vitamin D (D2 + D3),nutrition,mae,validation
238,0.1809839524424601,1.1012052527490165e-07,8.448254843776578e-13,1.1012094769082373e-07,1.005638047692621,1.3613939280181587e-05,1168,Vitamin D2 (ergocalciferol),nutrition,mae,validation
239,0.0658247712035138,0.2462416434801622,0.2541247843569304,7.291141510380748,0.0659897089843345,0.0473198144870233,5247,Water,nutrition,mae,validation
241,0.1879512347229255,0.000584989134745,5.093700636403162e-06,0.0005890120512932,0.1907338666221651,0.0872440138230241,5536,Zinc,nutrition,mae,validation
242,0.187267775378629,0.0093427297515835,0.0011492988164278,0.0102814181567295,0.323658603408085,0.0418593719422669,250,"cis,cis-Eicosadienoic acid (20:2n-6)",nutrition,mae,validation
243,0.3802693871751761,0.0044021207908786,0.0002737807508741,0.0045618925283485,0.5531429328956484,0.1864414722764648,70,cis-Docosenoic acid (22:1 cis),nutrition,mae,validation
244,0.0979342915045873,0.0201599508620255,0.0007938174084101,0.0238613628728272,0.0948247185227751,0.1624579308771897,87,cis-Hexadecenoic acid (16:1 cis),nutrition,mae,validation
245,0.1548234764438602,0.2219030708563135,0.1142096985242715,1.9628312498695808,0.1548234764438602,,153,cis-Octadecenoic acid (18:1 cis),nutrition,mae,validation
246,0.2449006342022963,0.0032543502082935,0.0001038447901,0.0033585442797766,0.4605141655861435,0.1129580254450167,108,cis-Tetracosenoic acid (24:1 cis),nutrition,mae,validation
247,0.2378398298624861,0.0195373839898415,0.0019984481177007,0.0212588128614283,0.1334004010829118,1.2300144032684424,21,"trans,trans-Linoleic acid (18:2 trans,trans)",nutrition,mae,validation
248,0.0759863481443576,0.0001176491681547,1.5659393844293501e-07,0.0001177275212077,0.7741187636668266,0.0001023899353936,51,trans-Docosenoic acid (22:1 trans),nutrition,mae,validation
249,0.0999476510035534,0.002623337463464,1.9030864030166752e-05,0.0026871821873218,0.145844520614168,0.0015972161236651,66,trans-Hexadecenoic acid (16:1 trans),nutrition,mae,validation
250,0.2252559954461105,0.0257562850173775,0.0046587969252675,0.0309484038730959,0.240926029895852,0.0450505992740832,75,trans-Linoleic acid (18:2; isomer unspecified),nutrition,mae,validation
251,0.2519483236501782,0.1310239792688795,0.1658865673076706,0.5030161205437881,0.2534978399537236,0.2431228177473758,154,trans-Octadecenoic acid (18:1 trans),nutrition,mae,validation
2,0.3585289680118035,0.1719505867777702,0.0614241327238855,0.3277407486405637,0.3585289680118035,,18,Acetic acid,food_metabolome,lr2e4,validation
7,0.3253560040995009,0.0016833947706789,8.006475144978195e-05,0.0017241571490621,0.93965344878157,0.005921332864825,38,Apigenin,food_metabolome,lr2e4,validation
9,1.2825964480465646,0.0024724457252203,2.7286568944882064e-05,0.0024873666364857,1.2825964480465646,,13,Benzoic acid,food_metabolome,lr2e4,validation
11,0.544015000834251,0.0020784595213481,2.1863578293942783e-05,0.0020921529063048,0.5819872276473554,0.1263205058901028,12,Cadaverine,food_metabolome,lr2e4,validation
12,1.4570198533336305,0.0739504804300981,0.0584407352974424,0.1155468388095911,1.519378481676358,0.9373646171442336,28,Caffeic acid,food_metabolome,lr2e4,validation
13,0.0763542095933511,0.0025889567152767,0.0010939433529932,0.0033424523967115,0.893060566332797,0.0002121779480718,1962,Caffeine,food_metabolome,lr2e4,validation
15,0.5617990548312601,0.0097988833089942,0.0021018544640819,0.010977419594977,0.6687088135910028,0.3123429510585273,30,Catechin,food_metabolome,lr2e4,validation
16,0.1363355299290334,0.0095341466157879,0.0005564717125727,0.0105235889993896,0.1385461634273925,0.0272776106766516,755,Choline,food_metabolome,lr2e4,validation
18,0.2382152019607417,0.104852740047053,0.0326272740448852,0.1545684227782946,0.2382152019607417,,52,Citric acid,food_metabolome,lr2e4,validation
21,0.4564359509845774,0.0028023975424205,2.3573366675408247e-05,0.002820901535715,0.4415403673240033,0.4772897681093811,12,Cyanidin,food_metabolome,lr2e4,validation
22,0.4384416203250913,0.0030656927742201,3.179904061547399e-05,0.0030995447402252,0.5512534841953453,0.1376099833377474,11,Daidzein,food_metabolome,lr2e4,validation
24,0.7727517665248478,0.004590437921542,0.0001076751703675,0.0046497978647945,1.7662897520567948,0.0,16,Delphinidin,food_metabolome,lr2e4,validation
25,1.104970649813953,0.1005699759933655,0.0451329849232616,0.1368691971533312,1.104970649813953,,5,Ellagic acid,food_metabolome,lr2e4,validation
26,0.4338757654036488,0.0009770650337718,8.480860640728147e-06,0.000981356603977,1.2655858107947455,0.1011917472472101,28,Epigallocatechin,food_metabolome,lr2e4,validation
28,0.5100851597666365,0.0083412871322507,0.0003669687593872,0.0086934796799418,0.551460934770387,0.0135758597216296,26,Ferulic acid,food_metabolome,lr2e4,validation
33,1.8361168709537845,0.2295702338289346,0.3609836228905302,0.640859244273779,2.29048576439814,0.1322335205374492,19,Gallic acid,food_metabolome,lr2e4,validation
35,0.919548454467462,0.0091866287693668,0.0015972070151283,0.0100516311044985,0.9154084718966056,1.0271880013097316,27,Genistein,food_metabolome,lr2e4,validation
43,0.291778825579823,0.0010405002041299,6.362381746706393e-06,0.0010447636003186,0.8088534952311269,0.0097380966791117,17,Glycitein,food_metabolome,lr2e4,validation
47,0.5195489389281088,0.0011260500169343,1.5530950392801386e-05,0.0011342898954176,0.5343717334693249,0.0303967190679816,34,Histamine,food_metabolome,lr2e4,validation
50,0.6527965221805392,0.0049841260651594,0.0002445188423623,0.0051099681087606,1.7407907258147712,0.0,16,Isorhamnetin,food_metabolome,lr2e4,validation
51,0.6337896391436519,0.0022623732523951,2.6872881967082872e-05,0.0022785221582816,0.8577046697355368,0.3668140257456352,57,Kaempferol,food_metabolome,lr2e4,validation
52,0.1913267673901752,0.1571841538524052,0.0481097093065398,0.284208595033573,0.1913267673901752,,23,Lactic acid,food_metabolome,lr2e4,validation
53,1.107186390142178,0.0001972910876931,1.1355001843143214e-07,0.0001973483957292,1.107186390142178,,4,Lariciresinol,food_metabolome,lr2e4,validation
54,0.404332994720165,0.0007485838847387,2.504478453485557e-06,0.0007505310755639,0.404332994720165,,14,Lutein,food_metabolome,lr2e4,validation
55,0.8043869328273672,0.0064690771793052,0.0004610231175557,0.0067166385497439,1.4041978320159696,0.3891332333891039,44,Luteolin,food_metabolome,lr2e4,validation
56,0.2750683825055703,0.1121452344633741,0.0292880833684187,0.1687016641607089,0.2750683825055703,,49,Malic acid,food_metabolome,lr2e4,validation
58,1.2241182682404017,0.0001340237495671,8.680643828353778e-08,0.0001340683836937,1.5301478353005018,0.0,5,Matairesinol,food_metabolome,lr2e4,validation
61,0.4872182206859139,0.0012151308046581,1.0993465028483595e-05,0.0012211255250019,0.7472033582691504,0.1529516152217528,48,Myricetin,food_metabolome,lr2e4,validation
62,0.3029919690753244,0.0079795158682549,0.0005786557318896,0.00959913287008,0.8224067732044519,0.0,19,Naringenin,food_metabolome,lr2e4,validation
65,0.4382564108607301,0.0224688042168025,0.0008394363613722,0.025282936425113,0.4382564108607301,,4,Oxalic acid,food_metabolome,lr2e4,validation
66,0.1342811472984786,0.000143439136778,2.710112609909028e-07,0.000143943806996,0.4108674937520302,0.023646608717058,14,Pelargonidin,food_metabolome,lr2e4,validation
67,0.253637459584962,0.0007251493662593,2.5367730581863857e-06,0.0007283368209571,0.8234958175054821,0.0003670782869531,13,Peonidin,food_metabolome,lr2e4,validation
72,0.9418529703023524,7.613785835136358e-05,8.641349768420087e-09,7.614250827814764e-05,0.9418529703023524,,4,Pinoresinol,food_metabolome,lr2e4,validation
77,0.4381944327414516,0.0021362146212432,1.7060482211397246e-05,0.002175959881858,0.4381944327414516,,17,Putrescine,food_metabolome,lr2e4,validation
79,0.575040529073365,0.0053606607557232,0.0001694577623731,0.0054852567731359,0.6780629965058839,0.24779269134654,71,Quercetin,food_metabolome,lr2e4,validation
82,0.4621507966814759,0.3991605450566878,0.2859539642931674,0.7841589792569478,0.6932261950222138,0.0,6,Rosmarinic acid,food_metabolome,lr2e4,validation
83,0.8860467517233959,0.0001043518664778,1.9580274318084425e-08,0.0001043654416194,0.8860467517233959,,5,Secoisolariciresinol,food_metabolome,lr2e4,validation
88,0.1848472085914726,0.0007468897020138,2.320949809287288e-06,0.0007481960187727,0.18134963729323,0.2198229215738988,11,Spermine,food_metabolome,lr2e4,validation
90,0.8090184864930315,0.0063948870709613,0.0002119764133551,0.0065434360825065,0.7285989963312345,1.0770834536990217,13,Syringic acid,food_metabolome,lr2e4,validation
91,0.4303805941818897,0.2560849703929154,0.2002911630477057,0.9113370054125788,0.4303805941818897,,5,Tartaric acid,food_metabolome,lr2e4,validation
92,0.1608303231645335,0.0007270314416453,3.5938868314945607e-06,0.0007347392058457,0.1608303231645335,,9,Taurine,food_metabolome,lr2e4,validation
93,0.0493500722383065,0.007068951377507,0.0028145416485048,0.0089866124040791,0.8369235059276726,0.0003165747138446,1928,Theobromine,food_metabolome,lr2e4,validation
96,0.1925171581195289,0.0016410491238981,1.688677279781309e-05,0.0016624530612916,0.2187315266846453,0.0352309467288301,21,Tyramine,food_metabolome,lr2e4,validation
98,0.4249405322434713,0.0004531112970643,3.134644784752366e-07,0.0004535249736064,0.3316956782308994,0.8445423753000445,11,Vanillic acid,food_metabolome,lr2e4,validation
103,0.5075654303004667,0.0040630042701338,0.0001205693617282,0.0041654458363907,0.5880100251370234,0.0248978612811264,28,p-Coumaric acid,food_metabolome,lr2e4,validation
104,0.0462191001048413,0.0356690232463493,0.0047551206058027,0.0693353336104068,0.0468128854121066,0.0050589822148607,1547,Alanine,nutrition,lr2e4,validation
105,0.1456774228460717,0.0141748485622195,0.0011724239464159,0.0158226018692033,0.2334358567920653,0.0393192447567329,1128,Arachidonic acid (20:4n-6),nutrition,lr2e4,validation
106,0.0659532838389219,0.0541602271599427,0.0098943685326404,0.1141898122826171,0.0663410876496957,0.0562139336553364,1727,Arginine,nutrition,lr2e4,validation
107,0.3422967813345545,0.0094407063137848,0.0005011632130663,0.009941153632269,0.4709526496316933,0.1256132136762153,102,Ascorbic acid (vitamin C),nutrition,lr2e4,validation
108,0.1009130386486161,0.1052095419678271,0.036785300325185,0.4097719111072965,0.1019810554989397,0.0290581159139843,3606,Ash,nutrition,lr2e4,validation
109,0.0509715119202626,0.0530746749195336,0.0089686206577365,0.125366796091394,0.0509605854957405,0.0517904474381946,1519,Aspartic acid,nutrition,lr2e4,validation
110,0.0900312783365148,0.2134998072527376,0.145969451806469,2.9540476152791366,0.0976793406371118,0.0073366047113088,756,Available carbohydrate,nutrition,lr2e4,validation
111,0.1003049628144564,0.0178720030425434,0.0023356863444878,0.021501508976239,0.1370072344313204,0.0111708746020724,48,Beta-sitosterol,nutrition,lr2e4,validation
112,0.1760742197874015,0.0066566453539948,0.0021087662590601,0.0080951724335063,0.1713810127906929,0.2939480553607284,498,Betaine,nutrition,lr2e4,validation
113,0.337560862667124,9.007938888275486e-05,1.8337191688791132e-06,9.114726315443811e-05,0.3217162551263519,0.4784394394392702,1768,Biotin,nutrition,lr2e4,validation
114,0.095548531136985,0.0132477989223185,0.0021631894406227,0.0179712802012476,0.2292265898607776,0.0240347313198462,2269,Butyric acid (4:0),nutrition,lr2e4,validation
115,0.3038992827776162,0.0313148163525701,0.0075837199102976,0.0425898640281407,0.3054477444252044,0.237036988664635,6878,Calcium,nutrition,lr2e4,validation
116,0.1798580264155974,0.0068060923182921,0.0003596364672929,0.0073302158000841,0.2045994847715471,0.0932629221697736,36,Campesterol,nutrition,lr2e4,validation
117,0.2220562117939284,4.08351934158498e-05,9.00118862847687e-08,4.089267774048268e-05,0.94130194729553,0.0146548118630464,2524,"Carotene, alpha",nutrition,lr2e4,validation
118,0.4032551303986744,0.0003230702004632,3.422538455210197e-06,0.0003253680512496,0.6203475275987139,0.0752582457722193,3736,"Carotene, beta",nutrition,lr2e4,validation
119,0.5444060069387614,0.5033889495868078,0.9792159892940852,4.448050738374392,0.5090872816686434,0.7739777211945288,15,Cellulose,nutrition,lr2e4,validation
120,0.1791065924282045,0.0810175771644737,0.0209927783776115,0.2371731916412661,0.1791065924282045,,343,Chloride,nutrition,lr2e4,validation
121,0.2143734738216327,5.928033876222993e-07,7.821432118698248e-12,5.928101401601586e-07,0.3040820235290269,0.0976335399308846,695,Cholecalciferol (vitamin D3),nutrition,lr2e4,validation
122,0.112360102657547,0.0280697749170869,0.0563553740938768,0.1621796867939869,0.1859436690845619,0.0058066226084152,3992,Cholesterol,nutrition,lr2e4,validation
123,0.1190224789240905,0.0071290718324442,0.0002875990419794,0.0077732680943596,0.121057478500618,0.0508684931065709,1897,"Choline, total",nutrition,lr2e4,validation
124,0.3663117271209858,4.935973479260023e-05,8.418363794816598e-08,4.942886475413911e-05,0.4508140095334358,0.1464476464977431,278,Chromium,nutrition,lr2e4,validation
125,0.164240357432144,6.503623942606508e-07,1.1975266647256082e-11,6.503735047651771e-07,0.2568280004675448,0.0180191763346405,4402,Cobalamin (vitamin B12),nutrition,lr2e4,validation
126,0.1157511742228546,0.0142101102772426,0.0010066054079617,0.0201257309315664,0.1250560108140027,0.0490665119862933,98,Conjugated linoleic acids (18:2 CLA isomers),nutrition,lr2e4,validation
127,0.2372451665704903,0.0001198531622381,1.564252846150066e-06,0.0001206997184291,0.2395199839364673,0.1750122280303184,5038,Copper,nutrition,lr2e4,validation
128,0.2546696203852545,1.9515004928469703e-05,4.898217292294144e-08,1.9539542599051275e-05,1.054181836693303,0.0064619287455761,2450,"Cryptoxanthin, beta",nutrition,lr2e4,validation
129,0.068839112827405,0.020599179362566,0.0013627106153422,0.0256819845649621,0.0697136476321539,0.0201242851850923,1531,Cystine,nutrition,lr2e4,validation
130,0.1941082598364679,0.0231978341246312,0.0102534492628,0.0368839145411983,0.3378830936757222,0.0475914982435257,2996,Decanoic acid (10:0),nutrition,lr2e4,validation
131,0.158965997694032,0.2112718295002862,0.1112864358862745,1.0084948256969877,0.1903974022122812,0.0378591165445184,2543,"Dietary fibre, total",nutrition,lr2e4,validation
132,0.119301678253495,0.014147681001936,0.0055626115198855,0.0316739118448164,0.3741496385249031,0.016598773128312,2886,Docosahexaenoic acid (DHA; 22:6n-3),nutrition,lr2e4,validation
133,0.263937005640304,0.0161311469541059,0.0077085636302862,0.025179025996946,0.3814371242129205,0.1100561985590679,1047,Docosanoic acid (22:0),nutrition,lr2e4,validation
134,0.1287635652775813,0.0055738937988281,0.001183027035127,0.007353955799579,0.3183783180903829,0.0385515494073324,2934,Docosapentaenoic acid (DPA; 22:5n-3),nutrition,lr2e4,validation
135,0.1999004558292677,0.0036280341994944,0.000287706920162,0.0037972637983459,0.3741517063497452,0.011128267765417,75,Docosatetraenoic acid (22:4; isomer unspecified),nutrition,lr2e4,validation
136,0.1345466847008638,0.0141566208452953,0.0120655731005309,0.0474274386271868,0.7293968221131047,0.0306385677490461,733,Docosenoic acid (22:1; cis/trans unspecified),nutrition,lr2e4,validation
137,0.3068972815685056,0.0567517380467395,0.0618877103794511,0.1850678988818311,0.4350079092609173,0.0919176511633647,3352,Dodecanoic acid (12:0),nutrition,lr2e4,validation
138,0.2344232409437216,0.0148389963436609,0.0025397816055907,0.0179414795942582,0.24059314383841,0.2058046518107318,998,Eicosanoic acid (20:0),nutrition,lr2e4,validation
139,0.1486526343945641,0.0119041816379723,0.0047449318175604,0.0232328644273228,0.4392259239931504,0.0266763507539343,3202,Eicosapentaenoic acid (EPA; 20:5n-3),nutrition,lr2e4,validation
140,0.0925789378073749,0.0087853536401021,0.0011220611777963,0.0103096294710922,0.1680933659932023,0.0367935043727997,772,Eicosatetraenoic acid (20:4; isomer unspecified),nutrition,lr2e4,validation
141,0.169550982519377,0.0041577838482284,0.0004547077280286,0.0044260571099507,0.3826010607520618,0.0392685605785265,224,Eicosatrienoic acid (20:3; isomer unspecified),nutrition,lr2e4,validation
142,0.1476341697799787,0.0014896430152743,1.4514741828093166e-05,0.0015147143995454,0.1990860883750048,0.0977901236410472,63,Eicosatrienoic acid (20:3n-3),nutrition,lr2e4,validation
143,0.1350914301536467,0.0036551607850453,9.55930729676222e-05,0.0037884108019676,0.1822079769098967,0.0590624569787887,230,Eicosatrienoic acid (20:3n-6),nutrition,lr2e4,validation
144,0.228189922353603,0.0226797749140854,0.0051587151639594,0.0343583685740236,0.2734998196151598,0.1433358291803719,2654,Eicosenoic acid (20:1; isomer unspecified),nutrition,lr2e4,validation
147,0.0165063349779575,0.0478170651859295,0.1220345809751822,0.2631706571477685,0.8129098892165709,0.0001897743545323,3138,Ethanol,nutrition,lr2e4,validation
148,0.0797794799282097,0.1446061443106719,0.0963110355418719,1.449784815472697,0.0814494259452435,0.0369328153836831,4833,"Fat, total",nutrition,lr2e4,validation
149,0.1020167152351202,0.1286503214012906,0.052644440674435,0.9296222494119596,0.1060154421029577,0.0336083101548181,3886,"Fatty acids, total monounsaturated",nutrition,lr2e4,validation
150,0.1723552521601578,0.1600349699779157,0.0816084363428077,0.8075710652147781,0.1772200752332538,0.0699416268331175,3896,"Fatty acids, total polyunsaturated",nutrition,lr2e4,validation
151,0.1062331991704974,0.1250407755242733,0.0485777788967597,0.8449152628678708,0.1105476700328951,0.0230727562660157,4023,"Fatty acids, total saturated",nutrition,lr2e4,validation
152,0.1817232534508562,0.0620215951575927,0.0310043515763155,0.1465830676585857,0.2512536684755818,0.0617428628733063,1172,"Fatty acids, total trans",nutrition,lr2e4,validation
153,0.1674411612980314,0.0466299977683212,0.0239126444905523,0.1296710843504999,0.1824631033838916,0.0781106790274496,521,"Fatty acids, total trans-monoenoic",nutrition,lr2e4,validation
154,0.1804528764302214,0.022214188873959,0.0068401365610129,0.0365967317329031,0.2044176663604268,0.1001137711403897,457,"Fatty acids, total trans-polyenoic",nutrition,lr2e4,validation
155,0.2572434031374013,1.458127904091778e-05,2.003919707346693e-09,1.4583481764097647e-05,0.2694898684690122,0.1242530287654926,3170,"Folate, food",nutrition,lr2e4,validation
156,0.2564378506598913,2.1059282062341385e-05,5.694322790219738e-09,2.1065076683492105e-05,0.2688230041752097,0.0999503495768675,3886,"Folate, total",nutrition,lr2e4,validation
157,0.1433048362744831,1.5154844530067416e-05,4.649351018250262e-09,1.5160086035460812e-05,0.2739280659760986,0.0261523663003097,3100,Folic acid,nutrition,lr2e4,validation
158,0.2562649718989296,0.1970721935878425,0.1381697576420853,0.6153788162424009,0.3429229378447766,0.0457077861551156,1959,Fructose,nutrition,lr2e4,validation
159,0.1543524948677772,0.0184162569207341,0.0093582232499061,0.0298802658656249,0.7423540444341004,0.0129081248701834,1460,Galactose,nutrition,lr2e4,validation
160,0.2880889048376102,0.2272566306045854,0.1677728040232221,0.6962057488498504,0.3556954007033585,0.0663883873363388,2003,Glucose,nutrition,lr2e4,validation
161,0.0472540837592956,0.0711924229090938,0.0184084437399946,0.2419618897588826,0.0478055330248963,0.000166443691054,1555,Glutamic acid,nutrition,lr2e4,validation
162,0.0766570276946636,0.0544079338824009,0.0113371753144326,0.1130377039668106,0.0772238250794454,0.0601000042619145,1713,Glycine,nutrition,lr2e4,validation
165,0.1310866042139528,0.0111699335304325,0.0006648447097106,0.0128356347391525,0.1519099821062495,0.0672148549150758,1138,Heptadecanoic acid (17:0),nutrition,lr2e4,validation
166,0.1580107142849429,0.0074877658818823,0.0003197340074881,0.0081815145322599,0.1965371407645539,0.0984378259087434,880,Heptadecenoic acid (17:1; isomer unspecified),nutrition,lr2e4,validation
167,0.1059249137975099,0.1039103244634212,0.0363940425812931,0.4116252745680064,0.1083766280139263,0.0387560491080854,3436,Hexadecanoic acid (16:0),nutrition,lr2e4,validation
168,0.2019379064459296,0.0451380347741732,0.0090256162436346,0.0676641515151224,0.2220145424053706,0.1044992999227755,878,Hexadecenoic acid (16:1; cis/trans unspecified),nutrition,lr2e4,validation
169,0.0809627518201239,0.0090969109697132,0.0010765725791845,0.0110956063783482,0.2205057111403426,0.0208522936780084,2651,Hexanoic acid (6:0),nutrition,lr2e4,validation
170,0.0544951974581528,0.0291235769857445,0.0027180652748721,0.0471488182924013,0.0553200721615812,0.0094460287212778,1562,Histidine,nutrition,lr2e4,validation
171,0.0759352184099639,0.0196592424152757,0.0013993585640986,0.0233683087649812,0.0953384921212881,0.0087477631707516,299,Hydroxyproline,nutrition,lr2e4,validation
172,0.1648558579684736,0.2167049804073935,0.0720165331377301,1.0875865733774912,0.1735324820720775,0.0,20,Insoluble dietary fibers,nutrition,lr2e4,validation
173,0.2308572324818614,0.0012424186680115,2.5883964932542617e-05,0.0012619673082363,0.2348742120946009,0.0946614539376969,5716,Iron,nutrition,lr2e4,validation
174,0.0452070585407631,0.0320418075471115,0.0032906916074708,0.0578431948691796,0.0458164026356632,0.0117175947048568,1564,Isoleucine,nutrition,lr2e4,validation
175,0.5845070451879129,0.2618667574315587,0.1630353925604427,0.5503714672644934,0.5845070451879129,,15,Isomeric linoleic acids (18:2),nutrition,lr2e4,validation
176,0.8918446213065254,0.1617426917501506,0.0841173689158985,0.2440606847622924,0.646136507591278,1.2428562123283076,17,Isomeric linolenic acids (18:3),nutrition,lr2e4,validation
177,0.0877733264808202,0.0812653503168559,0.04528691752563,0.2583970611905208,0.2421420932440895,0.0161039148753873,1909,Lactose,nutrition,lr2e4,validation
178,0.039361228720862,0.0386241543652183,0.0051143173682558,0.0856608657851137,0.0398044880557107,0.0051859340040265,1562,Leucine,nutrition,lr2e4,validation
179,0.677017729136478,0.4892665772314484,0.9396940993914832,3.2623812641718373,0.7902835727187495,0.3089037374940955,17,Lignin,nutrition,lr2e4,validation
180,0.1846874321918498,0.1433002535991713,0.0605865154581355,0.7632267930942807,0.1897562833885694,0.0586484976272658,1345,Linoleic acid (18:2n-6),nutrition,lr2e4,validation
181,0.3084066063984288,0.0002253754236051,1.2936510001715016e-06,0.0002265721897082,0.3924922943632133,0.101860493306981,1277,Lutein + zeaxanthin,nutrition,lr2e4,validation
182,0.1024481666307367,0.00026463346695,2.7335493718281024e-06,0.0002660114841556,0.9669123178884724,0.0002297699960532,2090,Lycopene,nutrition,lr2e4,validation
183,0.0522668497685929,0.0444410813735557,0.0053650727410302,0.099224689091046,0.0529414809488279,0.0047666816693145,1571,Lysine,nutrition,lr2e4,validation
184,0.1654997062168377,0.0112271678822284,0.0010700758088417,0.012733918329248,0.1676036807926104,0.0448706580904232,6213,Magnesium,nutrition,lr2e4,validation
185,0.243748321189723,0.1044606267746558,0.0700294451425105,0.2076781068080501,0.4809809542823799,0.053272381935032,1924,Maltose,nutrition,lr2e4,validation
186,0.2840310342508345,0.0003899262127377,7.566851016338033e-06,0.0003943549210078,0.2848677897406081,0.2837427420802488,3266,Manganese,nutrition,lr2e4,validation
188,0.33464843075782,5.45705519953314e-06,2.031852724710697e-10,5.457162831540983e-06,0.3718315897309112,0.0,10,Menaquinone-4,nutrition,lr2e4,validation
189,0.0574206415811116,0.0254322238719333,0.0019065223167019,0.0373895832659666,0.0583834996595707,0.0123718272679366,1570,Methionine,nutrition,lr2e4,validation
190,0.2773620032532501,1.8886455251701495e-05,7.0479347025170506e-09,1.8891562005170933e-05,0.324431488230961,0.0449564211758029,190,Molybdenum,nutrition,lr2e4,validation
191,0.1905949651722016,0.0009483179606288,6.606960596513021e-06,0.000955330444697,0.1961858392827771,0.0574950195418843,5427,Niacin,nutrition,lr2e4,validation
192,0.1621571389191652,0.0011577296900077,1.0652617897739086e-05,0.0011716051526162,0.1687016390863993,0.0473686836049809,1168,Nicotinic acid,nutrition,lr2e4,validation
193,0.2799057753750859,0.2072107263410082,0.1478187870992633,1.0451020444176145,0.2822716490483857,0.2125165349388366,914,Octadecadienoic acid (18:2; isomer unspecified),nutrition,lr2e4,validation
194,0.1337941959017343,0.0896898751187988,0.0285508597495669,0.2518084843916355,0.1396353826904905,0.0367249121426423,3429,Octadecanoic acid (18:0),nutrition,lr2e4,validation
195,0.0626403905882993,0.0042377504491888,0.0010594207828866,0.0072152639655134,0.5602769827473391,0.013181096260566,719,Octadecatetraenoic acid (18:4; isomer unspecified),nutrition,lr2e4,validation
196,0.3505114679504356,0.0681225673163041,0.0263252687404655,0.1178305429845742,0.347983498660522,0.3786949093582566,899,Octadecatrienoic acid (18:3; isomer unspecified),nutrition,lr2e4,validation
197,0.1937294189685126,0.2293832655561931,0.1423110321120495,1.4817283470823972,0.1992928100034401,0.0543267350361873,912,Octadecenoic acid (18:1; cis/trans unspecified),nutrition,lr2e4,validation
198,0.157895846167873,0.0210111434084207,0.0117889660745463,0.034553583549314,0.3586189009023106,0.0353799418051496,2755,Octanoic acid (8:0),nutrition,lr2e4,validation
199,0.2057768259500478,0.0003055645852199,6.389542725561244e-06,0.000309101427635,0.2122935271640771,0.1096036156786004,2974,Pantothenic acid (vitamin B5),nutrition,lr2e4,validation
200,0.1713519279444035,0.0085240891691806,0.0009120043730155,0.0096648078836431,0.2155442709206153,0.0866529940638951,1081,Pentadecanoic acid (15:0),nutrition,lr2e4,validation
201,0.1122456658515061,0.0028759680947383,0.0006650862976817,0.0032616284936626,1.5148113818654565,0.0005102620757738,777,Pentadecenoic acid (15:1; isomer unspecified),nutrition,lr2e4,validation
202,0.0413451955369833,0.0297515596652401,0.0030774063301744,0.0520677143042838,0.0419266512497594,0.0083876902802908,1573,Phenylalanine,nutrition,lr2e4,validation
203,0.1253890435284708,0.0324685267830963,0.0042903310912823,0.0413999307034231,0.1283883967256124,0.0104497737301751,5470,Phosphorus,nutrition,lr2e4,validation
204,0.1686354902688176,0.0150566724729373,0.0009851518520992,0.0167226722782335,0.23340800944515,0.0909084672572188,66,Phytosterols,nutrition,lr2e4,validation
205,0.1565355487114652,0.0631966849944698,0.0143516155703922,0.0996210965579806,0.1584606895072028,0.049869596711539,5513,Potassium,nutrition,lr2e4,validation
206,0.0608322193975401,0.0518635102153659,0.008288890924188,0.1020293451963212,0.061715032084404,0.0048471815055931,1546,Proline,nutrition,lr2e4,validation
207,0.0791945019489136,0.1614584364107334,0.0721239371599334,1.5550747572092936,0.0811491378768177,0.029973145971324,4633,"Protein, total",nutrition,lr2e4,validation
208,0.2331945788979854,8.076753925262073e-05,5.744857930280047e-07,8.114658507037493e-05,0.3980692456782071,0.0598641123918561,5057,Retinol,nutrition,lr2e4,validation
209,0.1927691455974199,7.868709090309653e-05,5.3692119985287045e-08,7.874158841723464e-05,0.1991010546947751,0.0587330693,4691,Riboflavin (vitamin B2),nutrition,lr2e4,validation
210,0.1965627119085415,5.677978360884668e-06,1.4187525539877762e-09,5.678788531822632e-06,0.204360157832888,0.0998284224175074,4249,"Selenium, Se",nutrition,lr2e4,validation
211,0.041083730712313,0.0304837774798413,0.0030594831718096,0.0546770647224144,0.0415864228591823,0.0063522732922529,1542,Serine,nutrition,lr2e4,validation
212,0.2588826275809359,0.0773585759531517,0.0400082171049096,0.1762177567890718,0.2617031997585876,0.1425382482376273,4705,Sodium,nutrition,lr2e4,validation
213,0.0755923307692853,0.0755923327458095,0.0169922008455978,0.1245256519952843,0.1308647701591309,0.0018957449161578,14,Sorbitol,nutrition,lr2e4,validation
214,0.1151552089502465,0.3167579178210622,0.4276128060356597,3.4844916090658,0.1575440937083423,0.0348881007980108,1292,Starch,nutrition,lr2e4,validation
215,0.046929757210238,0.0155495003029831,0.0063248212256485,0.0194149293070427,0.8853425981194193,0.002802765583439,140,Stearidonic acid,nutrition,lr2e4,validation
216,0.1429640181311045,0.0024238268202713,2.6091535777660862e-05,0.0024774803993852,0.1981514676105959,0.0509849356652856,48,Stigmasterol,nutrition,lr2e4,validation
217,0.3098624552260519,0.3434985835856088,0.3864257873980763,2.209648914071011,0.3714077769795377,0.1484167421988431,1021,Sucrose,nutrition,lr2e4,validation
218,0.2205736776751121,0.3397905708027353,0.2981643010727898,3.2656207831637176,0.2337701550310577,0.1177123230688364,3185,"Sugars, total",nutrition,lr2e4,validation
219,0.3982807040195285,0.1013707188583633,0.0204866536033873,0.1215914249704033,0.3982807040195285,,20,Sulfur,nutrition,lr2e4,validation
220,0.1901250308177856,0.0053368970678604,0.000291903233822,0.0057084764874683,0.2635919395223107,0.0977254733714781,806,Tetracosanoic acid (24:0),nutrition,lr2e4,validation
221,0.1982793017255127,0.0615423998749623,0.0361538460769261,0.1533074480988762,0.2260541387209971,0.049528139678807,3308,Tetradecanoic acid (14:0),nutrition,lr2e4,validation
222,0.1534162102841471,0.0105840974819943,0.0010844847067008,0.0126309346778313,0.2242071581936166,0.0577786211715061,1002,Tetradecenoic acid (14:1; isomer unspecified),nutrition,lr2e4,validation
223,0.2310829679290569,7.743902899816379e-05,8.462871622686328e-08,7.750547761373198e-05,0.2386124950697477,0.1037053523131415,5049,Thiamin (vitamin B1),nutrition,lr2e4,validation
224,0.0462223370426279,0.0309430853803957,0.0028268245397775,0.0541925219637309,0.0468127559612336,0.0049466871873757,1560,Threonine,nutrition,lr2e4,validation
225,0.2659563928467077,4.7530367616332605e-05,6.849544727034557e-08,4.756933373445057e-05,0.3583599040732092,0.0974133161505869,1452,"Tocopherol, beta",nutrition,lr2e4,validation
226,0.2897491363089492,0.0001565876675664,1.0032229359422897e-06,0.0001573316771258,0.4251716148198037,0.1097562044701467,1454,"Tocopherol, delta",nutrition,lr2e4,validation
227,0.3999638791554519,0.0008779957031931,1.3255530426153772e-05,0.0008898446833149,0.4429252334881596,0.2199738030584831,1548,"Tocopherol, gamma",nutrition,lr2e4,validation
228,0.3781932449323337,7.834753739753005e-05,2.2283172067824677e-07,7.847484975208727e-05,0.4858149497462463,0.1672670383629465,1033,"Tocotrienol, alpha",nutrition,lr2e4,validation
229,0.1155089820732406,5.065618093319068e-05,3.190343774694744e-08,5.067743692910686e-05,0.4824913173641135,0.0318446154784301,237,"Tocotrienol, beta",nutrition,lr2e4,validation
230,0.0329588686113964,4.559205877544173e-06,7.961233839054029e-10,4.559604324109314e-06,0.5938958616101132,0.0001112068592192,235,"Tocotrienol, delta",nutrition,lr2e4,validation
231,0.3731716899139971,7.641907517854533e-05,8.595938929675298e-08,7.646231377458028e-05,0.754591825581736,0.1243018141591604,233,"Tocotrienol, gamma",nutrition,lr2e4,validation
232,0.0374353256253617,0.0003734595756503,7.33196848616057e-06,0.00037741426301,0.8146902685850825,6.729952152897161e-05,109,Tridecanoic acid (13:0),nutrition,lr2e4,validation
233,0.0937847775210188,0.0218428996012151,0.0015132312312115,0.0262817488584172,0.094692970147001,0.0760003920302868,2819,Tryptophan,nutrition,lr2e4,validation
234,0.0525923096386935,0.0314021035409639,0.0027442566924473,0.0506265462811327,0.0534082013633335,0.0083582352274232,1553,Tyrosine,nutrition,lr2e4,validation
235,0.0455463712714407,0.0351901670284279,0.0040900788811122,0.0665597025226613,0.0461397106704736,0.0057410368058863,1566,Valine,nutrition,lr2e4,validation
236,0.2071769480948147,7.896778874040067e-05,6.513187418420426e-08,7.902805153851991e-05,0.2131990859852941,0.107058905665594,282,Vitamin B6 - Pyridoxin,nutrition,lr2e4,validation
237,0.2232787949793124,6.080801857931373e-07,3.2692160956592113e-11,6.080998127494723e-07,0.3911025297821646,0.0913510533386369,4761,Vitamin D (D2 + D3),nutrition,lr2e4,validation
238,0.1452561720357655,9.968588524909324e-08,8.25715033699483e-13,9.968630279744788e-08,0.7827318672634542,0.0057883624126263,1168,Vitamin D2 (ergocalciferol),nutrition,lr2e4,validation
239,0.0653266411687386,0.2512814787734975,0.260429676248088,7.1804923074766345,0.0655763568603194,0.0375896799413044,5247,Water,nutrition,lr2e4,validation
241,0.1851376637467061,0.0005726444700879,5.142851217386982e-06,0.0005766202286142,0.1879651160825594,0.0834442452743635,5536,Zinc,nutrition,lr2e4,validation
242,0.2027107064128963,0.0104151117625477,0.0011968505064757,0.0114829516711272,0.3363792511362466,0.0602045719557708,250,"cis,cis-Eicosadienoic acid (20:2n-6)",nutrition,lr2e4,validation
243,0.4670491790790259,0.006159713165241,0.0003618706394007,0.0063632801687693,0.5483531250007342,0.3758902094092319,70,cis-Docosenoic acid (22:1 cis),nutrition,lr2e4,validation
244,0.1064657409021946,0.0236478514577744,0.0010394461138718,0.0286916622386485,0.1020827654612309,0.1974124813021919,87,cis-Hexadecenoic acid (16:1 cis),nutrition,lr2e4,validation
245,0.1452944539768923,0.2078270062377046,0.0866630462703456,1.7929751412854864,0.1452944539768923,,153,cis-Octadecenoic acid (18:1 cis),nutrition,lr2e4,validation
246,0.2504693916845053,0.0034070491064599,0.000131644851124,0.0035140649037235,0.5528328272872532,0.0654410206440177,108,cis-Tetracosenoic acid (24:1 cis),nutrition,lr2e4,validation
247,0.1974890464205026,0.0156003936877955,0.0009569392832955,0.0167911234090902,0.1291432531408834,0.8467740825768849,21,"trans,trans-Linoleic acid (18:2 trans,trans)",nutrition,lr2e4,validation
248,0.0711655291395141,0.0001050132201936,1.0250851897143304e-07,0.0001050724656049,0.5696715595324141,0.0169800910533293,51,trans-Docosenoic acid (22:1 trans),nutrition,lr2e4,validation
249,0.1025904150962876,0.0026619310555311,1.9753137806565217e-05,0.0027305949018671,0.1472040004758836,0.0069898749971531,66,trans-Hexadecenoic acid (16:1 trans),nutrition,lr2e4,validation
250,0.2390233800037157,0.0279415188767714,0.00467058268557,0.0344449010600397,0.2573311406406793,0.0284841326786333,75,trans-Linoleic acid (18:2; isomer unspecified),nutrition,lr2e4,validation
251,0.2828353292478499,0.1560097891268874,0.2096578995277836,0.7694091661767505,0.2812544566360176,0.2918394297761116,154,trans-Octadecenoic acid (18:1 trans),nutrition,lr2e4,validation
