axis_index,scaled_log_mae,log_mae,log_mse,raw_mae,positive_scaled_log_mae,zero_scaled_log_mae,candidate_support,canonical_name,loss_group,positive_candidate_support,zero_candidate_support,method,seed,task
2,0.43493340556787063,0.21218203337467512,0.1334997586715236,0.40649453637500604,0.43493340556787063,,18,Acetic acid,food_metabolome,18,0,transformer,20260922,completion
7,0.3027266598639402,0.001559152372854065,5.3060432244793096e-05,0.0015988723802063498,0.8277281015658068,0.029725910178969625,38,Apigenin,food_metabolome,13,25,transformer,20260922,completion
9,0.905983089756493,0.001087500760870916,7.579022289449668e-06,0.001092071360763001,0.905983089756493,,13,Benzoic acid,food_metabolome,13,0,transformer,20260922,completion
11,0.6542259732108686,0.003005773015789819,3.205441900839091e-05,0.003026839280244312,0.7103199305005127,0.03719244302478392,12,Cadaverine,food_metabolome,11,1,transformer,20260922,completion
12,1.2178365133846805,0.07038606049544793,0.05716806919209054,0.11166988087221723,1.3512227562595984,0.10628448942702952,28,Caffeic acid,food_metabolome,25,3,transformer,20260922,completion
13,0.0761999365168131,0.0025877222864538903,0.0010939592342532987,0.0033412179659241064,0.8934670946889929,5.571699386496932e-06,1962,Caffeine,food_metabolome,168,1795,transformer,20260922,completion
15,0.7273084467859562,0.010669316832350426,0.002001896298025335,0.011858775758802474,0.8185423327834556,0.5144293794584577,30,Catechin,food_metabolome,21,9,transformer,20260922,completion
16,0.14049666271849992,0.009790658207006229,0.000503769791193787,0.010750977834231342,0.14292437408536218,0.020729568619961433,755,Choline,food_metabolome,740,15,transformer,20260922,completion
18,0.25481635957247334,0.1142641584108121,0.0342712961575372,0.17092354574799537,0.25481635957247334,,52,Citric acid,food_metabolome,52,0,transformer,20260922,completion
21,0.5974627171964739,0.009900462444395889,0.0004549721249773469,0.0102520564754488,0.6352861555680466,0.5445099034762723,12,Cyanidin,food_metabolome,7,5,transformer,20260922,completion
22,0.40709943621759737,0.002408565543072463,1.4982234172668713e-05,0.0024340492915104497,0.4572557602253049,0.2733492388637105,11,Daidzein,food_metabolome,8,3,transformer,20260922,completion
24,0.6210191684090841,0.004140846782026303,9.495972070569484e-05,0.004197936296460728,1.4194723849350495,0.0,16,Delphinidin,food_metabolome,7,9,transformer,20260922,completion
25,2.2878459426669147,0.12105714508323835,0.05976073905125663,0.15804246996185783,2.2878459426669147,,5,Ellagic acid,food_metabolome,5,0,transformer,20260922,completion
26,0.43444718592475834,0.0009083603011410715,8.190550339226022e-06,0.00091247251907387,1.3725640077814332,0.05920045718208836,28,Epigallocatechin,food_metabolome,8,20,transformer,20260922,completion
28,0.6080944972898653,0.010598076536260295,0.0005387744821975031,0.011017438632967318,0.6571827589343915,0.01903535755555055,26,Ferulic acid,food_metabolome,24,2,transformer,20260922,completion
33,1.6981812648402255,0.22409469837727541,0.3585284264774529,0.6346894687086899,2.143733852684981,0.027359060422393243,19,Gallic acid,food_metabolome,15,4,transformer,20260922,completion
35,1.1467280331276433,0.012645332724198167,0.0017679763728137875,0.013644334476977656,1.1082702794587165,2.1466296285197446,27,Genistein,food_metabolome,26,1,transformer,20260922,completion
43,0.33442188790410304,0.0012275874632895823,7.447531737423351e-06,0.0012324749207062123,0.8914668404429413,0.030579186519282164,17,Glycitein,food_metabolome,6,11,transformer,20260922,completion
47,0.5749575810653903,0.001286757719749351,1.603625453723628e-05,0.0012954880871038394,0.5912160008110964,0.03842972945708812,34,Histamine,food_metabolome,33,1,transformer,20260922,completion
50,0.8372879327544502,0.005161195407718631,0.0002458306596718156,0.005286743518706753,1.8773784624332193,0.21323361494718873,16,Isorhamnetin,food_metabolome,6,10,transformer,20260922,completion
51,0.5961670734604321,0.0027970306616612447,6.092611370226891e-05,0.0028320010131043373,0.9566309242079357,0.16638325141533167,57,Kaempferol,food_metabolome,31,26,transformer,20260922,completion
52,0.15415422090541073,0.12741463633032957,0.0309159645523946,0.23785516887903213,0.15415422090541073,,23,Lactic acid,food_metabolome,23,0,transformer,20260922,completion
53,0.9744295065778974,0.00018387494571734975,1.1253550793329048e-07,0.00018393155086342817,0.9744295065778974,,4,Lariciresinol,food_metabolome,4,0,transformer,20260922,completion
54,0.4619689200830745,0.0008668835530112007,3.242355038406311e-06,0.0008689861493016086,0.4619689200830745,,14,Lutein,food_metabolome,14,0,transformer,20260922,completion
55,0.519095022264411,0.005312961287012249,0.00041740213186529466,0.0055468534670523794,1.2398089082725263,0.0201392550280235,44,Luteolin,food_metabolome,18,26,transformer,20260922,completion
56,0.25490152201662286,0.10233909139038548,0.027656945775954952,0.15169362796812644,0.25490152201662286,,49,Malic acid,food_metabolome,49,0,transformer,20260922,completion
58,1.2890975729862417,0.00013467462463108835,8.925490263263049e-08,0.00013471926376408682,1.6106373198885886,0.0029385853768537844,5,Matairesinol,food_metabolome,4,1,transformer,20260922,completion
61,0.3815590938074704,0.0009263806259248464,5.649777113321705e-06,0.0009314332029482806,0.57391938896631,0.13423871431753379,48,Myricetin,food_metabolome,27,21,transformer,20260922,completion
62,0.317756542871844,0.0035832841246110467,9.237835788570393e-05,0.0036603258303410176,0.5849267216919342,0.16190727189345813,19,Naringenin,food_metabolome,7,12,transformer,20260922,completion
65,1.087549917405509,0.048775472514702926,0.003491568995609001,0.05431779190015107,1.087549917405509,,4,Oxalic acid,food_metabolome,4,0,transformer,20260922,completion
66,0.2931492165665867,8.555307903781478e-05,5.760478769456632e-08,8.57420551409645e-05,0.8244735788399958,0.08061947165722307,14,Pelargonidin,food_metabolome,4,10,transformer,20260922,completion
67,0.22465762651093796,0.0008123125019930118,6.838572078555552e-06,0.0008161765278915985,0.7263548184915033,0.0016810967417978488,13,Peonidin,food_metabolome,4,9,transformer,20260922,completion
72,0.5971076441746824,5.106968475221155e-05,6.876575315716684e-09,5.1073342178691445e-05,0.5971076441746824,,4,Pinoresinol,food_metabolome,4,0,transformer,20260922,completion
77,0.29646259752496285,0.002203347583347968,3.8393258775413434e-05,0.002292252574010017,0.29646259752496285,,17,Putrescine,food_metabolome,17,0,transformer,20260922,completion
79,0.5278309678453172,0.0045949163491600335,0.00011786621158008607,0.004674151805503815,0.6207627484838796,0.23263589993458972,71,Quercetin,food_metabolome,54,17,transformer,20260922,completion
82,0.29926560028586313,0.258750681732205,0.1436959905391097,0.5229818666974704,0.4488984004287947,0.0,6,Rosmarinic acid,food_metabolome,4,2,transformer,20260922,completion
83,1.084936547290475,0.00011471400489696979,2.2349913216306347e-08,0.00011472787769674661,1.084936547290475,,5,Secoisolariciresinol,food_metabolome,5,0,transformer,20260922,completion
88,0.19044551759019993,0.0007876449921044339,2.5517068939259506e-06,0.0007890963436366821,0.20135887946483505,0.0813118988438484,11,Spermine,food_metabolome,10,1,transformer,20260922,completion
90,1.25024956659772,0.007493258329379552,0.0003001496196918628,0.007645864997077722,1.3402512799752335,0.9502438553393421,13,Syringic acid,food_metabolome,10,3,transformer,20260922,completion
91,0.4930692143929594,0.21235498435971528,0.1452465588723282,0.33903773345947263,0.4930692143929594,,5,Tartaric acid,food_metabolome,5,0,transformer,20260922,completion
92,0.13626416954450368,0.0005101123041175447,1.6028947894281927e-06,0.0005148454028258862,0.13626416954450368,,9,Taurine,food_metabolome,9,0,transformer,20260922,completion
93,0.04878382842524057,0.007026241597829183,0.0028096252374308285,0.008943502994017662,0.8259456561096828,0.0003985465914433373,1928,Theobromine,food_metabolome,113,1815,transformer,20260922,completion
96,0.20058527232501835,0.0019234951192574788,3.0753475960743225e-05,0.0019583576524454306,0.22970634581140453,0.025858831406701147,21,Tyramine,food_metabolome,18,3,transformer,20260922,completion
98,0.3602649017267783,0.0006150648012614375,1.20727145591977e-06,0.0006167561521388002,0.28194497500938515,0.7127045719550473,11,Vanillic acid,food_metabolome,9,2,transformer,20260922,completion
103,0.6091671708005465,0.005631044425300683,0.0001517618535326274,0.005759507690125993,0.7050211083679404,0.03404354539618299,28,p-Coumaric acid,food_metabolome,24,4,transformer,20260922,completion
104,0.04788212844306228,0.037135398519025524,0.004640988374782992,0.07365913592816628,0.0484951791951838,0.005386564943729687,1547,Alanine,nutrition,1525,22,transformer,20260922,completion
105,0.1457768699229536,0.014509350881733392,0.0018216723442142468,0.01695607975026723,0.22850630824126608,0.04624794812905136,1128,Arachidonic acid (20:4n-6),nutrition,620,510,transformer,20260922,completion
106,0.06764024680509227,0.05568131171585819,0.010081231192440834,0.12041442683467934,0.06749692442092546,0.07375259982229938,1727,Arginine,nutrition,1665,68,transformer,20260922,completion
107,0.31547992114162166,0.00785119823961393,0.0002528733843641614,0.00816278579537142,0.4521183553044039,0.0853520320253569,102,Ascorbic acid (vitamin C),nutrition,64,38,transformer,20260922,completion
108,0.1043238776078683,0.10870331609647871,0.04299274811484251,0.45919680255243744,0.10555821167280367,0.021716371741968086,3606,Ash,nutrition,3554,54,transformer,20260922,completion
109,0.050700602507356037,0.0527824133364986,0.009105638580560108,0.12612900677560354,0.050679810042001804,0.05225899778565542,1519,Aspartic acid,nutrition,1499,20,transformer,20260922,completion
110,0.08161787469090774,0.199247405940942,0.12912331457486656,2.566525830076621,0.08831307303505358,0.00922604259483091,756,Available carbohydrate,nutrition,692,64,transformer,20260922,completion
111,0.108161286980056,0.01801751183115649,0.0017302682991876411,0.021282726905244024,0.15242453311055051,0.0006648320917121683,48,Beta-sitosterol,nutrition,34,14,transformer,20260922,completion
112,0.1804782588899432,0.006664924758667636,0.0019716435698263995,0.008078334959338459,0.17429018558596418,0.3372637698747833,498,Betaine,nutrition,481,18,transformer,20260922,completion
113,0.33432716855284805,8.822361666800027e-05,1.9059089071793553e-06,8.928738933544423e-05,0.3358479957354561,0.3208429795309095,1768,Biotin,nutrition,1594,182,transformer,20260922,completion
114,0.10064393074592295,0.013663286200012593,0.002108237261001595,0.01843598810639644,0.23759787983562364,0.027414607829223742,2269,Butyric acid (4:0),nutrition,791,1479,transformer,20260922,completion
115,0.30739491098789085,0.03185343213074901,0.00807343520950228,0.043613390659785554,0.30839572618046673,0.27129517133202535,6878,Calcium,nutrition,6755,133,transformer,20260922,completion
116,0.2097987502237953,0.005557207616012683,0.00011371776260640849,0.005870349183716882,0.2433996377600023,0.09219564384707069,36,Campesterol,nutrition,28,8,transformer,20260922,completion
117,0.2558378335761108,4.844153933575312e-05,1.241854605430932e-07,4.850451267011676e-05,1.114232284022839,0.008081340986238127,2524,"Carotene, alpha",nutrition,568,1961,transformer,20260922,completion
118,0.40773369331532877,0.00033299979356332806,3.2273450468566465e-06,0.0003353174426244416,0.6294746647908949,0.07280202800878748,3736,"Carotene, beta",nutrition,2264,1494,transformer,20260922,completion
119,0.482925232840749,0.4460811009781934,0.7629059431666677,3.8425692763725916,0.4498912919436989,0.6976458486715742,15,Cellulose,nutrition,13,2,transformer,20260922,completion
120,0.18165462291736448,0.08154044760458987,0.01964408098925104,0.2320611900024175,0.18165462291736448,,343,Chloride,nutrition,343,0,transformer,20260922,completion
121,0.23278276023185107,6.977830129142933e-07,2.1962148011824415e-11,6.977969736580995e-07,0.32794708820751584,0.10894308839596938,695,Cholecalciferol (vitamin D3),nutrition,393,302,transformer,20260922,completion
122,0.11621213414902026,0.02863691781662509,0.05661994831917073,0.16321416881061482,0.1910879123007745,0.007694205642545499,3992,Cholesterol,nutrition,2364,1634,transformer,20260922,completion
123,0.12505072473165776,0.00762017816467892,0.0003373425517509169,0.008349740851840108,0.12707139999061498,0.05737647333167287,1897,"Choline, total",nutrition,1842,55,transformer,20260922,completion
124,0.375880458348235,4.17431315598921e-05,5.6176058200881955e-08,4.179003513774428e-05,0.4715914255321087,0.11827675772126128,278,Chromium,nutrition,204,75,transformer,20260922,completion
125,0.16654222258049903,6.801857939652334e-07,1.3433277584960072e-11,6.801980711754546e-07,0.26286962983351947,0.01436697514631831,4402,Cobalamin (vitamin B12),nutrition,2696,1710,transformer,20260922,completion
126,0.11156667955594814,0.012551888777600608,0.0007043488393608609,0.017695663554261304,0.12148255201592716,0.040502926926098574,98,Conjugated linoleic acids (18:2 CLA isomers),nutrition,86,12,transformer,20260922,completion
127,0.2430702575204741,0.00012271088686231134,1.5707659180480245e-06,0.00012355969390804257,0.24565752059033302,0.17195096646257346,5038,Copper,nutrition,4898,151,transformer,20260922,completion
128,0.25387311599839,1.950793662711649e-05,4.8988346956552844e-08,1.9532474255101575e-05,1.058753664867313,0.004003337886912527,2450,"Cryptoxanthin, beta",nutrition,584,1874,transformer,20260922,completion
129,0.0708024360324476,0.021308497301522514,0.0013586773415687706,0.02659594368794334,0.07173759056418395,0.01871086507943002,1531,Cystine,nutrition,1504,27,transformer,20260922,completion
130,0.19753050173053383,0.023746581278171756,0.0104109275312327,0.0399505142147635,0.34230153664732943,0.05009170992865521,2996,Decanoic acid (10:0),nutrition,1519,1487,transformer,20260922,completion
131,0.1659683157794404,0.22083522210319173,0.11751373348453514,1.060503980532142,0.19950681801711373,0.036742674523977704,2543,"Dietary fibre, total",nutrition,2019,524,transformer,20260922,completion
132,0.1136849268025825,0.01348695127007812,0.0053056174020286884,0.029476953564937864,0.3511191406693837,0.018006214420649303,2886,Docosahexaenoic acid (DHA; 22:6n-3),nutrition,829,2058,transformer,20260922,completion
133,0.2629689543689376,0.016903947555990614,0.008292244209826872,0.026531228027193977,0.3840292414720747,0.10498879476426282,1047,Docosanoic acid (22:0),nutrition,594,457,transformer,20260922,completion
134,0.13052532076556198,0.005630766902078309,0.0011043440498510072,0.007422534025276168,0.33640190431086714,0.032260364976587456,2934,Docosapentaenoic acid (DPA; 22:5n-3),nutrition,960,1984,transformer,20260922,completion
135,0.15078002205145963,0.0016177683866222417,1.7944823093521058e-05,0.0016310731945366813,0.2789493577831019,0.011929908342180424,75,Docosatetraenoic acid (22:4; isomer unspecified),nutrition,39,36,transformer,20260922,completion
136,0.13724540865682497,0.012285652120493719,0.009539660116487303,0.04215100507515846,0.7423214174991729,0.03155104172763279,733,Docosenoic acid (22:1; cis/trans unspecified),nutrition,109,624,transformer,20260922,completion
137,0.3076849583404808,0.05610297406321657,0.06368254587972208,0.18112330133916416,0.4427637013127275,0.08093371405820608,3352,Dodecanoic acid (12:0),nutrition,2114,1259,transformer,20260922,completion
138,0.23360988333246227,0.01430532738913728,0.0023874171730432115,0.01703726965030266,0.24065201279196252,0.20094554273218154,998,Eicosanoic acid (20:0),nutrition,821,177,transformer,20260922,completion
139,0.15106887025062707,0.012002419032730142,0.005034264125000102,0.023049701116479592,0.4534956022836208,0.024246386314760317,3202,Eicosapentaenoic acid (EPA; 20:5n-3),nutrition,952,2261,transformer,20260922,completion
140,0.09949498535839876,0.009135967445694388,0.001071448826633063,0.010857286519122647,0.15679688903752595,0.05716384930715168,772,Eicosatetraenoic acid (20:4; isomer unspecified),nutrition,328,444,transformer,20260922,completion
141,0.17715553459462638,0.004332161440105596,0.0004638764240323109,0.004604474555148873,0.3746459222632719,0.056388031344015814,224,Eicosatrienoic acid (20:3; isomer unspecified),nutrition,85,139,transformer,20260922,completion
142,0.1718568643074494,0.0014654636953694287,1.0792129420388016e-05,0.0014863932965215227,0.23343407732805768,0.11220393919373516,63,Eicosatrienoic acid (20:3n-3),nutrition,31,32,transformer,20260922,completion
143,0.1297608982781169,0.0034541368012456536,9.036796174436494e-05,0.0035782311041742025,0.17717495091121954,0.05325185880197405,230,Eicosatrienoic acid (20:3n-6),nutrition,142,88,transformer,20260922,completion
144,0.2380804391375317,0.02378708051399339,0.005339619195752895,0.03626414319223318,0.27920437335972365,0.16014672182168768,2654,Eicosenoic acid (20:1; isomer unspecified),nutrition,1766,897,transformer,20260922,completion
147,0.016383212255577557,0.04677283783178982,0.1223314157598417,0.26212380390617374,0.8132482889132249,5.719605088429446e-05,3138,Ethanol,nutrition,63,3075,transformer,20260922,completion
148,0.08188061416414931,0.14934420411211952,0.10849543645939431,1.5179075120268852,0.08405350363171396,0.026935030927755798,4833,"Fat, total",nutrition,4648,196,transformer,20260922,completion
149,0.10397400709446167,0.13079696551359984,0.056261968553615246,0.9561980344904302,0.10806258220246576,0.034052002699656705,3886,"Fatty acids, total monounsaturated",nutrition,3669,225,transformer,20260922,completion
150,0.16923664965653365,0.15717536065816132,0.08035115539420419,0.7834676435370038,0.17371419671158653,0.07505534237036847,3896,"Fatty acids, total polyunsaturated",nutrition,3719,181,transformer,20260922,completion
151,0.10437746645408645,0.12262092627091108,0.049796207934262045,0.8266286553811552,0.10859654269903536,0.023221703075114692,4023,"Fatty acids, total saturated",nutrition,3826,205,transformer,20260922,completion
152,0.18530327568675245,0.0642034474577469,0.03796387699036094,0.16092773278545994,0.25726127066005916,0.061133898314209296,1172,"Fatty acids, total trans",nutrition,742,430,transformer,20260922,completion
153,0.17196345938042254,0.05032745971101788,0.03025739853073169,0.14072294009492767,0.18838905865506578,0.07428589569387738,521,"Fatty acids, total trans-monoenoic",nutrition,446,75,transformer,20260922,completion
154,0.18942770827756555,0.019794022043432415,0.004296125244796655,0.03030705702271658,0.2187480961831046,0.09113459834661555,457,"Fatty acids, total trans-polyenoic",nutrition,352,105,transformer,20260922,completion
155,0.25815578723323,1.4253620524262064e-05,1.8301023785094625e-09,1.4255747222274447e-05,0.271315069818329,0.11421784285080565,3170,"Folate, food",nutrition,2907,264,transformer,20260922,completion
156,0.26125728527135245,2.1292764456120292e-05,6.048522748832766e-09,2.1298679464577235e-05,0.27371162099013774,0.10389566097891088,3886,"Folate, total",nutrition,3601,285,transformer,20260922,completion
157,0.1472142123225321,1.535589565992266e-05,4.886095614989808e-09,1.5361139539332414e-05,0.28164962572379926,0.027726318479193317,3100,Folic acid,nutrition,1538,1776,transformer,20260922,completion
158,0.2660386507288728,0.2043541919689689,0.14849610823180642,0.6479279107509868,0.3545130586750404,0.05099334213213426,1959,Fructose,nutrition,1388,572,transformer,20260922,completion
159,0.21290185290787345,0.025650703940150628,0.014558262716698552,0.038141173907926394,1.061035901696444,0.007243663777144825,1460,Galactose,nutrition,285,1176,transformer,20260922,completion
160,0.3038490388943798,0.2400524554797778,0.1919887935189116,0.7480339843507854,0.3734672945530174,0.07560039801499203,2003,Glucose,nutrition,1535,469,transformer,20260922,completion
161,0.048719489255597784,0.0735925355422505,0.01800389842378298,0.2489579093832818,0.0492900493119418,0.0,1555,Glutamic acid,nutrition,1537,18,transformer,20260922,completion
162,0.07945730138821507,0.05635994042041652,0.012257367287829592,0.11688252304677169,0.0796941711493901,0.07360273740479188,1713,Glycine,nutrition,1650,71,transformer,20260922,completion
165,0.13947751150957796,0.011582060776788545,0.0007145534990903372,0.013182288840971865,0.15974600880138662,0.07726186748110307,1138,Heptadecanoic acid (17:0),nutrition,858,282,transformer,20260922,completion
166,0.1616593137632364,0.007488599671359484,0.000334354335657072,0.008171792999379113,0.1994837645899732,0.10372836561285571,880,Heptadecenoic acid (17:1; isomer unspecified),nutrition,538,347,transformer,20260922,completion
167,0.10493751718900367,0.10298715286641087,0.03795179938498937,0.4194549819971561,0.10730534254305896,0.04006693000972018,3436,Hexadecanoic acid (16:0),nutrition,3315,121,transformer,20260922,completion
168,0.22001613406472864,0.051192547372519735,0.01301240538085074,0.08938278105464097,0.24398124220602124,0.10370547588565533,878,Hexadecenoic acid (16:1; cis/trans unspecified),nutrition,728,150,transformer,20260922,completion
169,0.08185797054060226,0.009194553519902561,0.0012316671469029734,0.011197231762877709,0.2281482764725483,0.018874178782585953,2651,Hexanoic acid (6:0),nutrition,802,1855,transformer,20260922,completion
170,0.05705817732277668,0.030722585477483882,0.0028696175803545557,0.05045436124265445,0.05793738911744883,0.00947118326238064,1562,Histidine,nutrition,1534,30,transformer,20260922,completion
171,0.06795984603040778,0.017132155478771248,0.0013023506070468126,0.020140906015001136,0.0847848293948323,0.00970020214165423,299,Hydroxyproline,nutrition,232,67,transformer,20260922,completion
172,0.21189713117829764,0.26780606647724736,0.09710295620046101,1.7589308111648745,0.2230496117666291,0.0,20,Insoluble dietary fibers,nutrition,19,1,transformer,20260922,completion
173,0.2315463629499761,0.001232948251244912,2.4808248911395405e-05,0.0012521908559215483,0.2354406009965585,0.10702384394814159,5716,Iron,nutrition,5552,171,transformer,20260922,completion
174,0.044130700861609896,0.031251746341832386,0.0031483104800471566,0.05607981553384679,0.044750910842221804,0.010327407265552802,1564,Isoleucine,nutrition,1536,30,transformer,20260922,completion
175,0.5497325059955523,0.23957231379341737,0.11233546090676357,0.48691525301362076,0.5497325059955523,,15,Isomeric linoleic acids (18:2),nutrition,15,0,transformer,20260922,completion
176,0.7461911201442286,0.13181731653659087,0.053144503318620896,0.2044422397796503,0.420936724192064,1.2108402572187493,17,Isomeric linolenic acids (18:3),nutrition,10,7,transformer,20260922,completion
177,0.08802784681650766,0.08147040190319763,0.04586017292924768,0.2668219325710236,0.2437928402914425,0.014956785445968603,1909,Lactose,nutrition,610,1302,transformer,20260922,completion
178,0.03831407364759244,0.037604565891907235,0.004340759446569247,0.08483846476900667,0.038751110112244705,0.0046185622229033595,1562,Leucine,nutrition,1542,20,transformer,20260922,completion
179,0.3588432666693044,0.2298753575989576,0.16516371649236447,1.8192336067469679,0.3878688377853088,0.2645101605422901,17,Lignin,nutrition,13,4,transformer,20260922,completion
180,0.17926528245213733,0.1391786446288363,0.0600063373996322,0.7354793180137618,0.18348404191797266,0.07436420573434734,1345,Linoleic acid (18:2n-6),nutrition,1293,52,transformer,20260922,completion
181,0.30147652654338486,0.00019693495729263596,1.047489486866751e-06,0.0001978859168360824,0.381241188475486,0.10517327494607198,1277,Lutein + zeaxanthin,nutrition,908,370,transformer,20260922,completion
182,0.08052513009644376,0.0002330128297840408,2.3825492932752163e-06,0.00023436494169433604,0.7132227919988955,0.005708931163785222,2090,Lycopene,nutrition,221,1870,transformer,20260922,completion
183,0.05248614596730452,0.04470477956900353,0.005540877131210913,0.10160804729173908,0.05317863034534487,0.0037289504407365015,1571,Lysine,nutrition,1549,22,transformer,20260922,completion
184,0.16615990793084295,0.011354006569275255,0.0010958277594971446,0.012886565937279921,0.1680602004085011,0.05565693894699584,6213,Magnesium,nutrition,6111,107,transformer,20260922,completion
185,0.25243044777210966,0.10886091530868168,0.07501879047950757,0.21667024337251564,0.502544481497224,0.05179420521207637,1924,Maltose,nutrition,862,1069,transformer,20260922,completion
186,0.28363656255177117,0.00038660060528507203,7.607049350641637e-06,0.0003910166797634175,0.2850260605415722,0.2674979445320306,3266,Manganese,nutrition,3135,142,transformer,20260922,completion
188,0.15393338820334898,1.3231126914626097e-06,3.4854212324293394e-12,1.3231194227541901e-06,0.1710370980037211,0.0,10,Menaquinone-4,nutrition,9,1,transformer,20260922,completion
189,0.05922553163279842,0.026031520345990655,0.0019758474712716157,0.03798257441910636,0.06024016834597244,0.012344783546947522,1570,Methionine,nutrition,1537,35,transformer,20260922,completion
190,0.2980404801925565,1.958043318763744e-05,7.732105473718723e-09,1.9585552550050795e-05,0.33670260117456924,0.10714625784386891,190,Molybdenum,nutrition,158,32,transformer,20260922,completion
191,0.1965879583083676,0.0009870877666981132,6.837150898050469e-06,0.0009943322970466949,0.20242559465279453,0.05782813112613348,5427,Niacin,nutrition,5212,218,transformer,20260922,completion
192,0.16429436564868347,0.0011858286991436192,1.1575771619570383e-05,0.0012001851994194147,0.17149089592142416,0.03806950927759668,1168,Nicotinic acid,nutrition,1105,63,transformer,20260922,completion
193,0.2634969500103974,0.19409376055594899,0.1321999569111432,0.9852900094902235,0.26378133279103966,0.2553966275811359,914,Octadecadienoic acid (18:2; isomer unspecified),nutrition,883,31,transformer,20260922,completion
194,0.13662463083814239,0.0921738827831625,0.03224482638179561,0.26484587541447735,0.14268048075349174,0.03598316150257715,3429,Octadecanoic acid (18:0),nutrition,3233,203,transformer,20260922,completion
195,0.06346562061691888,0.0036068620605719,0.000709786962316964,0.005878408920911692,0.5574986591497813,0.014364477643469249,719,Octadecatetraenoic acid (18:4; isomer unspecified),nutrition,65,654,transformer,20260922,completion
196,0.3420350597863988,0.06535552914461204,0.022297139707067575,0.11162323348846766,0.34194223299838444,0.3430699530311536,899,Octadecatrienoic acid (18:3; isomer unspecified),nutrition,825,74,transformer,20260922,completion
197,0.1914196999232209,0.22651902282198824,0.14336942943419914,1.5273807977687195,0.19606779737532568,0.07495165805191008,912,Octadecenoic acid (18:1; cis/trans unspecified),nutrition,877,35,transformer,20260922,completion
198,0.15678531819143843,0.02026262908727602,0.010634240367911859,0.03280991870487301,0.36439421291328905,0.030098474576033308,2755,Octanoic acid (8:0),nutrition,1049,1716,transformer,20260922,completion
199,0.20745652338964157,0.0003095021703193945,6.314930914157344e-06,0.0003130540847396746,0.21349102695924602,0.12108771191832945,2974,Pantothenic acid (vitamin B5),nutrition,2796,184,transformer,20260922,completion
200,0.17838062820364306,0.008874922523379429,0.0009730041806627937,0.010046650686604727,0.22025217369070832,0.09734585290616589,1081,Pentadecanoic acid (15:0),nutrition,712,374,transformer,20260922,completion
201,0.11213738473196966,0.002875579737796274,0.0006651153503629332,0.003261240330191933,1.5161758313299962,0.0002837988694580039,777,Pentadecenoic acid (15:1; isomer unspecified),nutrition,58,721,transformer,20260922,completion
202,0.039850546145227685,0.028656455346632952,0.0025486884724131727,0.049686808316993014,0.040415874719858726,0.00809818615403834,1573,Phenylalanine,nutrition,1546,29,transformer,20260922,completion
203,0.1276898110657118,0.03325514442668134,0.004451992294055701,0.04259329180464939,0.130753090234124,0.01287743307018981,5470,Phosphorus,nutrition,5336,140,transformer,20260922,completion
204,0.15098881521757,0.014863403762764203,0.0011309279559555284,0.01673927680703954,0.21426629669739716,0.07505583744177739,66,Phytosterols,nutrition,36,30,transformer,20260922,completion
205,0.1591669615153565,0.06443691615392941,0.015731493776593462,0.1017549174895406,0.1612581415273117,0.042955838527266546,5513,Potassium,nutrition,5424,95,transformer,20260922,completion
206,0.06137110549062849,0.05239907311234631,0.008436551975572713,0.10423914709530108,0.062249113315763396,0.005690775913323862,1546,Proline,nutrition,1522,24,transformer,20260922,completion
207,0.08213165314763513,0.16640720990294014,0.07285417861713973,1.6219945962513267,0.08410395192768752,0.03236316068106437,4633,"Protein, total",nutrition,4456,179,transformer,20260922,completion
208,0.22870660551228897,6.883871080476854e-05,3.367724395281595e-07,6.918243841395407e-05,0.40155709066883716,0.0474433247322619,5057,Retinol,nutrition,2616,2474,transformer,20260922,completion
209,0.1992606327415747,8.115544518019905e-05,5.5439317733361605e-08,8.121179664682557e-05,0.20600589667646285,0.0564457316251515,4691,Riboflavin (vitamin B2),nutrition,4480,212,transformer,20260922,completion
210,0.1992301425648075,5.731875873581285e-06,1.426928158728568e-09,5.732686283684458e-06,0.20671527403631884,0.10680656935025801,4249,"Selenium, Se",nutrition,3964,318,transformer,20260922,completion
211,0.04071594053900968,0.03021491837273997,0.002892033840619204,0.05399872285766872,0.04123105456385004,0.005126244277312406,1542,Serine,nutrition,1520,22,transformer,20260922,completion
212,0.26070615188464247,0.07779124387716163,0.040365545850380866,0.17606080404031715,0.26399020539470885,0.12135226716999006,4705,Sodium,nutrition,4592,127,transformer,20260922,completion
213,0.11275627734440295,0.11275627408122522,0.03343117200474333,0.21610126927610634,0.1931487668628527,0.0055662913198032465,14,Sorbitol,nutrition,8,6,transformer,20260922,completion
214,0.12045790809812625,0.3302364261981295,0.4695344390732675,3.5665232187439613,0.16443458128091812,0.036506070042028174,1292,Starch,nutrition,865,458,transformer,20260922,completion
215,0.04430148374122109,0.014894739773216606,0.0062842308747249566,0.01873744232468416,0.8858565632508615,9.111135450536597e-06,140,Stearidonic acid,nutrition,7,133,transformer,20260922,completion
216,0.19732361040738275,0.003174279296400032,6.956876995133872e-05,0.0032377307209162944,0.2655993328562531,0.08353073965926547,48,Stigmasterol,nutrition,30,18,transformer,20260922,completion
217,0.31913616826959346,0.35295944249418726,0.37016542485885157,2.2991625736014214,0.3957869433164316,0.11711487520122696,1021,Sucrose,nutrition,742,296,transformer,20260922,completion
218,0.22249438345326178,0.3463443313319003,0.2981827656798421,3.218365825887605,0.23559840916570463,0.12054721973486411,3185,"Sugars, total",nutrition,2821,368,transformer,20260922,completion
219,0.40112224916246736,0.09961891686020959,0.01801037579269583,0.11879865085676314,0.40112224916246736,,20,Sulfur,nutrition,20,0,transformer,20260922,completion
220,0.19854624056092335,0.0061411647365806465,0.000523717054071928,0.006797731223435165,0.2648600376177399,0.11514317367433893,806,Tetracosanoic acid (24:0),nutrition,449,357,transformer,20260922,completion
221,0.19633400693371653,0.05933404628589561,0.03226269865053646,0.14808839654019695,0.22460065387303657,0.03648767648494964,3308,Tetradecanoic acid (14:0),nutrition,2814,501,transformer,20260922,completion
222,0.1560877652052763,0.011383449082412072,0.001423637218990717,0.013953310911277966,0.23399205318108457,0.05093146504471342,1002,Tetradecenoic acid (14:1; isomer unspecified),nutrition,577,430,transformer,20260922,completion
223,0.23672889951736867,7.8289214066128e-05,8.597613425697314e-08,7.83550194532483e-05,0.24499159570806017,0.09608940681803174,5049,Thiamin (vitamin B1),nutrition,4783,272,transformer,20260922,completion
224,0.04619792274749002,0.03095380731486446,0.002718834373694509,0.05449562620331279,0.046790503017985534,0.004771174746485371,1560,Threonine,nutrition,1538,22,transformer,20260922,completion
225,0.27208418524231487,4.793814667309274e-05,6.76579631418652e-08,4.7977136581321954e-05,0.35476807358607354,0.12111464237237227,1452,"Tocopherol, beta",nutrition,938,515,transformer,20260922,completion
226,0.29249236205175627,0.00016914423379174563,1.0548505654320702e-06,0.00016998761741741485,0.4230862345644492,0.11880660796770567,1454,"Tocopherol, delta",nutrition,830,625,transformer,20260922,completion
227,0.40666095151933246,0.0008605500901739287,1.180100658154388e-05,0.0008717061949491579,0.4491996356487916,0.22851387758950864,1548,"Tocopherol, gamma",nutrition,1249,300,transformer,20260922,completion
228,0.4131742680220852,8.323217996302258e-05,2.461759141780778e-07,8.336151522559761e-05,0.5308389586484412,0.1825649603188544,1033,"Tocotrienol, alpha",nutrition,684,349,transformer,20260922,completion
229,0.11801606678172988,4.9720622412212595e-05,2.361297770563484e-08,4.974042431145345e-05,0.4289952988345707,0.04711924703911333,237,"Tocotrienol, beta",nutrition,44,193,transformer,20260922,completion
230,0.03287996005409036,4.552893345417309e-06,7.968038958684342e-10,4.553291792163865e-06,0.5942917608137004,4.494243842922658e-06,235,"Tocotrienol, delta",nutrition,13,222,transformer,20260922,completion
231,0.37985957318424624,8.763250429812826e-05,1.072036552921014e-07,8.769598035967482e-05,0.7395922385323397,0.14514038728336254,233,"Tocotrienol, gamma",nutrition,92,141,transformer,20260922,completion
232,0.055604383207533616,0.0005990845311948988,1.3364785935663776e-05,0.0006058237570525022,1.2102910218523788,9.06025034545215e-05,109,Tridecanoic acid (13:0),nutrition,5,104,transformer,20260922,completion
233,0.09609462028079137,0.022451380688212123,0.0015958518026008615,0.027054296949445094,0.09709661909518072,0.07726324166509471,2819,Tryptophan,nutrition,2687,138,transformer,20260922,completion
234,0.052121579402906,0.031176434250734103,0.00295495049734285,0.05058591597650926,0.052924032273576276,0.008679716489030757,1553,Tyrosine,nutrition,1525,30,transformer,20260922,completion
235,0.04451078761687689,0.03444849489766301,0.00372519603503951,0.06526082307484256,0.045106656458221886,0.004535760564906695,1566,Valine,nutrition,1543,23,transformer,20260922,completion
236,0.20314325872694466,7.636243180711761e-05,5.349376991726127e-08,7.641989785490531e-05,0.2105879132925469,0.0793758765738078,282,Vitamin B6 - Pyridoxin,nutrition,266,16,transformer,20260922,completion
237,0.2184576791715759,5.802733375765383e-07,2.9073726404543194e-11,5.802921849156297e-07,0.3837306473641756,0.08812712387822959,4761,Vitamin D (D2 + D3),nutrition,2118,2658,transformer,20260922,completion
238,0.18098395244246018,1.1012052527490165e-07,8.448254843776578e-13,1.1012094769082372e-07,1.005638047692621,1.3613939280181587e-05,1168,Vitamin D2 (ergocalciferol),nutrition,212,957,transformer,20260922,completion
239,0.0658247712035138,0.2462416434801622,0.2541247843569304,7.291141510380748,0.06598970898433457,0.047319814487023326,5247,Water,nutrition,5198,51,transformer,20260922,completion
241,0.18795123472292552,0.0005849891347450094,5.093700636403162e-06,0.0005890120512932826,0.19073386662216515,0.08724401382302416,5536,Zinc,nutrition,5410,148,transformer,20260922,completion
242,0.18726777537862907,0.009342729751583578,0.0011492988164278205,0.010281418156729505,0.323658603408085,0.04185937194226694,250,"cis,cis-Eicosadienoic acid (20:2n-6)",nutrition,129,121,transformer,20260922,completion
243,0.38026938717517617,0.004402120790878631,0.00027378075087412676,0.004561892528348529,0.5531429328956484,0.18644147227646482,70,cis-Docosenoic acid (22:1 cis),nutrition,37,33,transformer,20260922,completion
244,0.0979342915045873,0.02015995086202551,0.0007938174084101027,0.023861362872827238,0.09482471852277512,0.1624579308771897,87,cis-Hexadecenoic acid (16:1 cis),nutrition,83,4,transformer,20260922,completion
245,0.1548234764438602,0.22190307085631353,0.11420969852427156,1.9628312498695808,0.1548234764438602,,153,cis-Octadecenoic acid (18:1 cis),nutrition,153,0,transformer,20260922,completion
246,0.24490063420229632,0.0032543502082935656,0.00010384479010004635,0.0033585442797766756,0.4605141655861435,0.11295802544501672,108,cis-Tetracosenoic acid (24:1 cis),nutrition,41,67,transformer,20260922,completion
247,0.2378398298624861,0.019537383989841596,0.0019984481177007345,0.02125881286142837,0.13340040108291182,1.2300144032684424,21,"trans,trans-Linoleic acid (18:2 trans,trans)",nutrition,19,2,transformer,20260922,completion
248,0.07598634814435766,0.0001176491681547115,1.5659393844293501e-07,0.00011772752120771843,0.7741187636668266,0.00010238993539363094,51,trans-Docosenoic acid (22:1 trans),nutrition,5,46,transformer,20260922,completion
249,0.09994765100355349,0.0026233374634640006,1.9030864030166752e-05,0.0026871821873218956,0.14584452061416806,0.0015972161236651415,66,trans-Hexadecenoic acid (16:1 trans),nutrition,45,21,transformer,20260922,completion
250,0.22525599544611055,0.0257562850173775,0.004658796925267585,0.030948403873095907,0.24092602989585205,0.04505059927408323,75,trans-Linoleic acid (18:2; isomer unspecified),nutrition,69,6,transformer,20260922,completion
251,0.2519483236501782,0.1310239792688795,0.1658865673076706,0.5030161205437881,0.25349783995372366,0.2431228177473758,154,trans-Octadecenoic acid (18:1 trans),nutrition,131,23,transformer,20260922,completion
2,0.49780074777395494,0.24400251565813835,0.15819845737755853,0.45428974753659634,0.49780074777395494,,18,Acetic acid,food_metabolome,18,0,transformer,20260922,name_only
7,0.31429210577677447,0.0015624792869140499,5.306089431617401e-05,0.0016021995014473206,0.8282248512681274,0.04704707812127089,38,Apigenin,food_metabolome,13,25,transformer,20260922,name_only
9,1.736651092503814,0.002369323843475871,2.029908603991738e-05,0.002379958842856827,1.736651092503814,,13,Benzoic acid,food_metabolome,13,0,transformer,20260922,name_only
11,0.6874591828164028,0.002807971850954777,2.4551106256976853e-05,0.0028343393835933723,0.7313039525614694,0.20516671562066968,12,Cadaverine,food_metabolome,11,1,transformer,20260922,name_only
12,1.5875950473432001,0.07294167343211393,0.05800778650385623,0.11435673041080183,1.562057005042754,1.8004120665135839,28,Caffeic acid,food_metabolome,25,3,transformer,20260922,name_only
13,0.07620914958045849,0.0025877959923849042,0.0010939597885780492,0.003341291671865067,0.8934717000793944,1.5210877818152223e-05,1962,Caffeine,food_metabolome,168,1795,transformer,20260922,name_only
15,0.751924426166176,0.010725224823725505,0.0020669927199506804,0.011910570893095029,0.7731032882956438,0.7025070811974177,30,Catechin,food_metabolome,21,9,transformer,20260922,name_only
16,0.33836134951448515,0.021545691286011935,0.0015713827807032174,0.023116889838556087,0.3412197789996525,0.19734549491289685,755,Choline,food_metabolome,740,15,transformer,20260922,name_only
18,0.47918705764997693,0.22784623607838453,0.1092323547384802,0.3920726940964277,0.47918705764997693,,52,Citric acid,food_metabolome,52,0,transformer,20260922,name_only
21,0.5490246394876014,0.01289628123129038,0.0012101336349605247,0.013730328319044832,0.4924625035446254,0.6282116298077679,12,Cyanidin,food_metabolome,7,5,transformer,20260922,name_only
22,0.3542443604768407,0.002010433188309134,9.9754519621672e-06,0.0020316647743478123,0.394086212273795,0.24799942235162942,11,Daidzein,food_metabolome,8,3,transformer,20260922,name_only
24,0.8249769909586128,0.003661776703437552,3.326147074005897e-05,0.003716129189828116,0.9958238035369185,0.6920961367310416,16,Delphinidin,food_metabolome,7,9,transformer,20260922,name_only
25,2.471101075089133,0.12189180902677144,0.06074039261978862,0.158880144364868,2.471101075089133,,5,Ellagic acid,food_metabolome,5,0,transformer,20260922,name_only
26,0.3921721876400501,0.0008818246666330677,8.180661164681138e-06,0.000885931937952081,1.3725640077814332,1.545958349679466e-05,28,Epigallocatechin,food_metabolome,8,20,transformer,20260922,name_only
28,0.740370991332723,0.011607724632503634,0.0005720084073593616,0.012044396002591624,0.7855218021044331,0.19856126207220057,26,Ferulic acid,food_metabolome,24,2,transformer,20260922,name_only
33,1.688731298102436,0.2210625549876874,0.35816893279894396,0.6314833973362876,1.9702683014078153,0.6329675357072647,19,Gallic acid,food_metabolome,15,4,transformer,20260922,name_only
35,1.187754256971155,0.012426525840480073,0.001509115786043927,0.013422395310912546,1.15007813428313,2.167333446859803,27,Genistein,food_metabolome,26,1,transformer,20260922,name_only
43,0.35700830446493603,0.0012603723469414082,6.834479716574888e-06,0.001265339915305167,0.9328030409099034,0.04293844822222657,17,Glycitein,food_metabolome,6,11,transformer,20260922,name_only
47,0.6701506610565067,0.0017416557248742894,1.7445535086066188e-05,0.001752139369181033,0.6765532684218716,0.45886461799946276,34,Histamine,food_metabolome,33,1,transformer,20260922,name_only
50,0.8340563373849985,0.005156145754649837,0.00024584315501766704,0.005281691010208289,1.908348248766658,0.1894811905560027,16,Isorhamnetin,food_metabolome,6,10,transformer,20260922,name_only
51,0.6654363367202659,0.003001862995232467,6.352677645098002e-05,0.0030377306355216698,1.0078397480399637,0.2571861155313954,57,Kaempferol,food_metabolome,31,26,transformer,20260922,name_only
52,0.3296945970137975,0.2685889042530233,0.09587255508188225,0.46108683042228227,0.3296945970137975,,23,Lactic acid,food_metabolome,23,0,transformer,20260922,name_only
53,0.8924267746170311,0.000178136378482073,1.1110391911695361e-07,0.00017819280596872563,0.8924267746170311,,4,Lariciresinol,food_metabolome,4,0,transformer,20260922,name_only
54,0.537437740042771,0.0006911475613764693,1.4997395241151984e-06,0.0006922189542530093,0.537437740042771,,14,Lutein,food_metabolome,14,0,transformer,20260922,name_only
55,0.6126820646656311,0.005424713997886987,0.0004178945333605936,0.005658757357737243,1.4558639423160264,0.028940764753818956,44,Luteolin,food_metabolome,18,26,transformer,20260922,name_only
56,0.39874865714574476,0.1662939477492376,0.063254611999009,0.25232118009304516,0.39874865714574476,,49,Malic acid,food_metabolome,49,0,transformer,20260922,name_only
58,1.565559419578775,0.00013614988423108065,8.902998906590456e-08,0.0001361945275122276,1.8170408412305303,0.5596337329717539,5,Matairesinol,food_metabolome,4,1,transformer,20260922,name_only
61,0.45308362940763786,0.0010519581580315726,6.429569699765227e-06,0.001057304014039512,0.6711336978407083,0.17273354142226152,48,Myricetin,food_metabolome,27,21,transformer,20260922,name_only
62,0.4304030772993483,0.0041209942036386105,8.84553392314265e-05,0.004198971818866786,0.530491753766632,0.37201801602676615,19,Naringenin,food_metabolome,7,12,transformer,20260922,name_only
65,2.8349595617234025,0.11152673725894527,0.017657947923887585,0.12152747680071742,2.8349595617234025,,4,Oxalic acid,food_metabolome,4,0,transformer,20260922,name_only
66,0.6155696377902411,0.0015484567201020714,3.280017066466174e-05,0.0015690745037215746,0.9362100237614626,0.48731348340175246,14,Pelargonidin,food_metabolome,4,10,transformer,20260922,name_only
67,0.27456194359115654,0.0008424781836235061,6.307400305365005e-06,0.0008463229460999943,0.5275675284847541,0.16211501697177982,13,Peonidin,food_metabolome,4,9,transformer,20260922,name_only
72,0.37349535180562043,3.802241270110682e-05,4.425802327155953e-09,3.802578480810105e-05,0.37349535180562043,,4,Pinoresinol,food_metabolome,4,0,transformer,20260922,name_only
77,0.4352564569505323,0.0025192181402620612,3.581090075300782e-05,0.0026068943425660985,0.4352564569505323,,17,Putrescine,food_metabolome,17,0,transformer,20260922,name_only
79,0.6005955077143835,0.005643878905833145,0.0001762285711828793,0.005755630291176937,0.6231837580345527,0.5288445949326701,71,Quercetin,food_metabolome,54,17,transformer,20260922,name_only
82,0.48558048475473997,0.4131501525497705,0.1966159408820519,0.7766152862707774,0.5386089590577775,0.3795235361486648,6,Rosmarinic acid,food_metabolome,4,2,transformer,20260922,name_only
83,1.4144708863702227,0.00012541910370596085,2.7491205962810265e-08,0.0001254330660537501,1.4144708863702227,,5,Secoisolariciresinol,food_metabolome,5,0,transformer,20260922,name_only
88,0.20348613085381428,0.000803504745999674,2.3095761231446865e-06,0.0008048530683909035,0.20882400332996137,0.15010740609234377,11,Spermine,food_metabolome,10,1,transformer,20260922,name_only
90,1.4124008817859068,0.007694419022544524,0.0003008174122214488,0.007847209516119193,1.3793818543926448,1.5224643064301144,13,Syringic acid,food_metabolome,10,3,transformer,20260922,name_only
91,0.6548265146732368,0.2513113606000375,0.15231118508368577,0.3798556804001331,0.6548265146732368,,5,Tartaric acid,food_metabolome,5,0,transformer,20260922,name_only
92,0.32861004440726105,0.0010034247690705268,3.6908989109674922e-06,0.0010099785675519288,0.32861004440726105,,9,Taurine,food_metabolome,9,0,transformer,20260922,name_only
93,0.0502958990248477,0.007159650447966333,0.0028159501413205306,0.009080673175967542,0.8089981608800364,0.003059890435516395,1928,Theobromine,food_metabolome,113,1815,transformer,20260922,name_only
96,0.42134083603817807,0.002478836689725039,1.7196666288774702e-05,0.0024916117985892285,0.39430220993061105,0.5835725926835803,21,Tyramine,food_metabolome,18,3,transformer,20260922,name_only
98,0.6135782249484406,0.0014311502162636393,8.091841444562554e-06,0.0014368503907327681,0.4935997034663162,1.1534815716180002,11,Vanillic acid,food_metabolome,9,2,transformer,20260922,name_only
103,0.593625870243771,0.004738309845421785,0.00020458657088833076,0.004847166843989836,0.6140713888524033,0.4709527585919773,28,p-Coumaric acid,food_metabolome,24,4,transformer,20260922,name_only
104,0.2389728956230181,0.1816629432333375,0.06244731367965038,0.323111015268149,0.23737907435300576,0.34945368820341993,1547,Alanine,nutrition,1525,22,transformer,20260922,name_only
105,0.3557614960249496,0.029496773279960656,0.0026910751209392567,0.0318083268487324,0.398647423747421,0.30642513324400067,1128,Arachidonic acid (20:4n-6),nutrition,620,510,transformer,20260922,name_only
106,0.2452480115257178,0.19951756084231273,0.0836766900286468,0.3822640209378221,0.23392881984233901,0.5356307220360368,1727,Arginine,nutrition,1665,68,transformer,20260922,name_only
107,0.49555000417325024,0.014191998516871382,0.0012837252664457273,0.015066981532220377,0.6266252863834507,0.274791634135018,102,Ascorbic acid (vitamin C),nutrition,64,38,transformer,20260922,name_only
108,0.7226369779270176,0.7665080211548105,0.9034233752365736,1.7249419575123877,0.7332950594389102,0.001015371778638743,3606,Ash,nutrition,3554,54,transformer,20260922,name_only
109,0.23089799020178284,0.24013354036927897,0.11124669260899088,0.5521477478336367,0.22681664925727532,0.5367944939926234,1519,Aspartic acid,nutrition,1499,20,transformer,20260922,name_only
110,0.40918250183275234,0.9020337307915057,1.422197294632619,12.136899762791678,0.4322068488398962,0.16023174981801003,756,Available carbohydrate,nutrition,692,64,transformer,20260922,name_only
111,0.1971716385240606,0.02946657677496323,0.00351798484549842,0.03371175854927872,0.2690648975556811,0.0225737237329822,48,Beta-sitosterol,nutrition,34,14,transformer,20260922,name_only
112,0.32852635660145163,0.009482025799621896,0.0021962951538826384,0.010958001753231425,0.3241568765664246,0.4459483173580919,498,Betaine,nutrition,481,18,transformer,20260922,name_only
113,0.733823429058966,0.0001049514305476428,2.0822891262828024e-06,0.00010600902824104438,0.7586680470909838,0.5406728555486374,1768,Biotin,nutrition,1594,182,transformer,20260922,name_only
114,0.4338752743396719,0.07444564022611228,0.04505225031663346,0.11501397511018566,0.7474474936708594,0.26607199031121553,2269,Butyric acid (4:0),nutrition,791,1479,transformer,20260922,name_only
115,0.4623973892744194,0.04502066831010848,0.011276853263954183,0.057909597541256505,0.4585158754463834,0.6708586055033509,6878,Calcium,nutrition,6755,133,transformer,20260922,name_only
116,0.3971783029419585,0.013641963811940726,0.0010813408094846953,0.014655219564086469,0.4482882278251978,0.21829356585062076,36,Campesterol,nutrition,28,8,transformer,20260922,name_only
117,0.27221040757480597,4.9017703128140965e-05,1.245968197225775e-07,4.908070223985287e-05,1.1798076632057248,0.01016711770929977,2524,"Carotene, alpha",nutrition,568,1961,transformer,20260922,name_only
118,0.9390389800040553,0.0006610070535868229,5.2023380082185895e-06,0.0006639572271409543,1.1781596479901741,0.5819281211350184,3736,"Carotene, beta",nutrition,2264,1494,transformer,20260922,name_only
119,0.9350646371055392,0.8564467959614828,1.253593241511268,5.518625421206156,0.9225874209167604,1.016166542332602,15,Cellulose,nutrition,13,2,transformer,20260922,name_only
120,0.505779830318176,0.23507182056037262,0.2607090325950094,0.9314434160460875,0.505779830318176,,343,Chloride,nutrition,343,0,transformer,20260922,name_only
121,0.4616379921503042,9.377607810333486e-07,2.5195783613092014e-11,9.377760048836729e-07,0.5668230315283914,0.32475812302583973,695,Cholecalciferol (vitamin D3),nutrition,393,302,transformer,20260922,name_only
122,0.22875630141019646,0.03919989478726658,0.057948210172841075,0.17404486780916884,0.3174955915765531,0.10052151821763514,3992,Cholesterol,nutrition,2364,1634,transformer,20260922,name_only
123,0.33247727561420165,0.019420672994568927,0.0013610956767805171,0.020768488123513635,0.334435143359983,0.2669065049282144,1897,"Choline, total",nutrition,1842,55,transformer,20260922,name_only
124,2.86280208324982,0.0008194647145449843,1.9973031235914665e-06,0.0008204985086130547,2.6769919359786805,3.414406228963712,278,Chromium,nutrition,204,75,transformer,20260922,name_only
125,0.3316991941982368,1.039294440124839e-06,2.2182617426830553e-11,1.0393077205605865e-06,0.45804162076192195,0.13267236803292967,4402,Cobalamin (vitamin B12),nutrition,2696,1710,transformer,20260922,name_only
126,0.28811873771048857,0.034427186522362686,0.006960542219145985,0.043896511670475834,0.30579825484912854,0.16141553155023544,98,Conjugated linoleic acids (18:2 CLA isomers),nutrition,86,12,transformer,20260922,name_only
127,0.4541832647692058,0.00018962885549488187,1.6328071190244561e-06,0.0001905064406812106,0.44710416275326603,0.7093667363313116,5038,Copper,nutrition,4898,151,transformer,20260922,name_only
128,0.2897462955428245,2.0020747218928948e-05,4.897394242196907e-08,2.004529804807942e-05,1.048364913156422,0.05552405051953798,2450,"Cryptoxanthin, beta",nutrition,584,1874,transformer,20260922,name_only
129,0.23795566973447563,0.06649157734827336,0.008540330054917614,0.07956879966127979,0.2332624166847748,0.4993872470215153,1531,Cystine,nutrition,1504,27,transformer,20260922,name_only
130,0.5838966440643281,0.07677111985355604,0.04241553836627702,0.11835813202994053,0.7867939091538554,0.37554177253661586,2996,Decanoic acid (10:0),nutrition,1519,1487,transformer,20260922,name_only
131,0.36635804294990437,0.48945600101269254,0.5272924394943248,2.447875422508039,0.4240772274552685,0.14396294081950325,2543,"Dietary fibre, total",nutrition,2019,524,transformer,20260922,name_only
132,0.37098298590439244,0.047074883183064735,0.03256743314979929,0.09296933231776563,0.756673817868167,0.21566573440688455,2886,Docosahexaenoic acid (DHA; 22:6n-3),nutrition,829,2058,transformer,20260922,name_only
133,0.5598390216310443,0.02727934178244539,0.00967971487125815,0.03758639406159813,0.6790510694099514,0.4046939404866452,1047,Docosanoic acid (22:0),nutrition,594,457,transformer,20260922,name_only
134,0.33097431239041114,0.017295824987550487,0.005228640648987039,0.021764216677847434,0.6380345743887365,0.18307590285452333,2934,Docosapentaenoic acid (DPA; 22:5n-3),nutrition,960,1984,transformer,20260922,name_only
135,0.3279165409605279,0.0034880129871098496,3.0315158916949977e-05,0.0035143714331122705,0.39725705104495723,0.25279765503572954,75,Docosatetraenoic acid (22:4; isomer unspecified),nutrition,39,36,transformer,20260922,name_only
136,0.2700322971326628,0.03039260330800912,0.02671764173938815,0.0748215741515351,0.9256749534489288,0.1555049741543407,733,Docosenoic acid (22:1; cis/trans unspecified),nutrition,109,624,transformer,20260922,name_only
137,0.8698944466805695,0.1681653013704261,0.19966039808378508,0.46654413645034526,0.9286359137585147,0.7762165804911538,3352,Dodecanoic acid (12:0),nutrition,2114,1259,transformer,20260922,name_only
138,0.702198692344666,0.04280114889084094,0.0075294874954068055,0.04943380285249155,0.6568197865221537,0.9126850295214043,998,Eicosanoic acid (20:0),nutrition,821,177,transformer,20260922,name_only
139,0.39265851003913727,0.03416861471739095,0.01952251284631287,0.05950774396588721,0.7666672511744712,0.23483451707367795,3202,Eicosapentaenoic acid (EPA; 20:5n-3),nutrition,952,2261,transformer,20260922,name_only
140,0.2417487910971011,0.022841783665182934,0.0034157053603759307,0.02601537450597921,0.3467456222552206,0.16418356447578755,772,Eicosatetraenoic acid (20:4; isomer unspecified),nutrition,328,444,transformer,20260922,name_only
141,0.29096383416402893,0.006527861341071248,0.000505758126965224,0.006832354059189255,0.41667079116807965,0.2140926734061561,224,Eicosatrienoic acid (20:3; isomer unspecified),nutrition,85,139,transformer,20260922,name_only
142,0.3721784287205308,0.0037132115263624507,8.978945758753736e-05,0.003769474252029954,0.6528014750125265,0.10032485262516003,63,Eicosatrienoic acid (20:3n-3),nutrition,31,32,transformer,20260922,name_only
143,0.41865980260466057,0.009077654856734556,0.00028087006710947126,0.00928343845120351,0.38434828619441697,0.47402611317573556,230,Eicosatrienoic acid (20:3n-6),nutrition,142,88,transformer,20260922,name_only
144,0.4958748941381376,0.05381781615969006,0.02232110925959807,0.07969021930532158,0.5863229848932004,0.32216716967002024,2654,Eicosenoic acid (20:1; isomer unspecified),nutrition,1766,897,transformer,20260922,name_only
147,0.016401590097148453,0.046928969919915145,0.12233011263707527,0.26228002614622986,0.8132483243922367,7.594968720030107e-05,3138,Ethanol,nutrition,63,3075,transformer,20260922,name_only
148,0.48498660010326555,0.817909380403243,1.2180498853736539,8.526734809666216,0.4828666065508103,0.5183828065386845,4833,"Fat, total",nutrition,4648,196,transformer,20260922,name_only
149,0.47947849375784085,0.6218323636933426,0.707343822885966,3.23685788052044,0.4759830430172127,0.5290655683933917,3886,"Fatty acids, total monounsaturated",nutrition,3669,225,transformer,20260922,name_only
150,0.49776325404487154,0.46002352206670594,0.4297870528583165,1.8879243879461711,0.49764720552201236,0.496772299728063,3896,"Fatty acids, total polyunsaturated",nutrition,3719,181,transformer,20260922,name_only
151,0.5270328773902583,0.6269942552775698,0.753812440261183,3.426966159350742,0.5200519470929752,0.6473106375125846,4023,"Fatty acids, total saturated",nutrition,3826,205,transformer,20260922,name_only
152,0.5395623077766434,0.1829092320582115,0.11878312874925198,0.3499454050028116,0.6020334737520113,0.4317632260237991,1172,"Fatty acids, total trans",nutrition,742,430,transformer,20260922,name_only
153,0.5107672515296303,0.1446533086364928,0.09551227246463427,0.3000925162535916,0.5503002310676709,0.2756777998767499,521,"Fatty acids, total trans-monoenoic",nutrition,446,75,transformer,20260922,name_only
154,0.6429405190778062,0.06359959035521509,0.01756749693249455,0.082964014134815,0.673482661113267,0.5405516238732138,457,"Fatty acids, total trans-polyenoic",nutrition,352,105,transformer,20260922,name_only
155,0.42771042693301436,2.3647306581097415e-05,4.713825090207743e-09,2.3650646533559145e-05,0.4385564645459077,0.31044808798182655,3170,"Folate, food",nutrition,2907,264,transformer,20260922,name_only
156,0.5154853713525334,3.6935421220860036e-05,1.2134147895656947e-08,3.6942727461432747e-05,0.5162644907576892,0.5056411293245814,3886,"Folate, total",nutrition,3601,285,transformer,20260922,name_only
157,0.5330418833590058,3.9252836658515726e-05,1.6412829794425555e-08,3.9261955904776994e-05,0.4890560758331812,0.5532776365991459,3100,Folic acid,nutrition,1538,1776,transformer,20260922,name_only
158,0.4253513725392181,0.32367212063809647,0.307024652392302,0.9814898686957242,0.550763667574636,0.1205291669106994,1959,Fructose,nutrition,1388,572,transformer,20260922,name_only
159,0.228588254015542,0.02654272703273557,0.014889983739503126,0.03906479654529124,1.1712839515880875,0.0,1460,Galactose,nutrition,285,1176,transformer,20260922,name_only
160,0.46066713658513325,0.361770763265938,0.3484752801382979,1.1061146886318427,0.5564725023258484,0.14651670888588958,2003,Glucose,nutrition,1535,469,transformer,20260922,name_only
161,0.2319680383801729,0.3552432682964715,0.2164149330297633,1.0940087496502726,0.22998815647836365,0.4010279541068853,1555,Glutamic acid,nutrition,1537,18,transformer,20260922,name_only
162,0.25249827994010127,0.17061138248368077,0.060751486888152885,0.29952527306982196,0.24157252799610945,0.5112555705867025,1713,Glycine,nutrition,1650,71,transformer,20260922,name_only
165,0.43766289565766503,0.036318021304729525,0.004909876222733532,0.04064564064122061,0.5305830308714385,0.1521759043335238,1138,Heptadecanoic acid (17:0),nutrition,858,282,transformer,20260922,name_only
166,0.34831312817939164,0.01754289831589068,0.0018179988532302895,0.01918574954598432,0.42326503913104313,0.23238551345770012,880,Heptadecenoic acid (17:1; isomer unspecified),nutrition,538,347,transformer,20260922,name_only
167,0.4639400357115282,0.4546277906243545,0.40411636305881965,1.5491341989236913,0.4637922975751906,0.4679875722566465,3436,Hexadecanoic acid (16:0),nutrition,3315,121,transformer,20260922,name_only
168,0.5239152664777805,0.12814823090088512,0.057456480601040125,0.20417350515594643,0.5210337158424315,0.5379003922280077,878,Hexadecenoic acid (16:1; cis/trans unspecified),nutrition,728,150,transformer,20260922,name_only
169,0.33133788370512895,0.04133634231828915,0.01208089998659627,0.05142309897017607,0.6770079357937208,0.18233171542023693,2651,Hexanoic acid (6:0),nutrition,802,1855,transformer,20260922,name_only
170,0.266528233147256,0.13252498879048466,0.03441226020435642,0.1964955735412848,0.2659746453746992,0.2835999517683304,1562,Histidine,nutrition,1534,30,transformer,20260922,name_only
171,0.18181900154948688,0.046927664047160145,0.005322176368699575,0.05534106931872045,0.20366507039636464,0.10617291240805939,299,Hydroxyproline,nutrition,232,67,transformer,20260922,name_only
172,0.4890779320028721,0.6272620059339705,0.7647975956596125,7.444718149368725,0.496701223978487,0.3442353844661906,20,Insoluble dietary fibers,nutrition,19,1,transformer,20260922,name_only
173,0.4637160285651247,0.00212839559453449,3.669927915209865e-05,0.002152391578759836,0.4608140469754727,0.5655861925824092,5716,Iron,nutrition,5552,171,transformer,20260922,name_only
174,0.24084311988594245,0.16559666340492626,0.04833838071768261,0.27304062653080197,0.23737384670105413,0.41121218206385746,1564,Isoleucine,nutrition,1536,30,transformer,20260922,name_only
175,0.8581563701497745,0.3518219281203008,0.25202575867715005,0.64625060811763,0.8581563701497745,,15,Isomeric linoleic acids (18:2),nutrition,15,0,transformer,20260922,name_only
176,0.9683424965652182,0.16137953908123562,0.09287410038214866,0.24372933574193087,0.7444374846186996,1.2882067993459587,17,Isomeric linolenic acids (18:3),nutrition,10,7,transformer,20260922,name_only
177,0.30640972892574697,0.28322788484138095,0.2803920323050769,0.7894381006716809,0.47930590201666473,0.2254196794692976,1909,Lactose,nutrition,610,1302,transformer,20260922,name_only
178,0.24848442917391328,0.2436045711179812,0.1004523880464566,0.5016976152627325,0.2470758282996665,0.3570875565783379,1562,Leucine,nutrition,1542,20,transformer,20260922,name_only
179,2.032322565809132,1.4882044980684084,3.864176720221736,10.768867651907836,2.023732065778471,2.0602416909087813,17,Lignin,nutrition,13,4,transformer,20260922,name_only
180,0.4858411794070548,0.3743147659584502,0.3299399001486083,1.6789359228139213,0.48792331931947036,0.4340679696617981,1345,Linoleic acid (18:2n-6),nutrition,1293,52,transformer,20260922,name_only
181,0.580197651292361,0.0003807266159487973,2.631345183822322e-06,0.00038228194063815346,0.7125219744150187,0.2582230006137897,1277,Lutein + zeaxanthin,nutrition,908,370,transformer,20260922,name_only
182,0.08907242103184802,0.00024670195113567873,2.6227762956532324e-06,0.0002480682259024054,0.8224511930913352,0.0023529747004513795,2090,Lycopene,nutrition,221,1870,transformer,20260922,name_only
183,0.27283463449660933,0.23088578737232318,0.09504681403051658,0.479823015894857,0.2707764406873417,0.4177501895218606,1571,Lysine,nutrition,1549,22,transformer,20260922,name_only
184,0.3288445545231127,0.0215746834270505,0.002554502722165729,0.023948954680856137,0.3250331673770733,0.5620612618280862,6213,Magnesium,nutrition,6111,107,transformer,20260922,name_only
185,0.43295787593593543,0.17883198005729065,0.12313412913665177,0.3262025231953249,0.700496920022007,0.21932660130018747,1924,Maltose,nutrition,862,1069,transformer,20260922,name_only
186,0.5416421893235341,0.0005500102833781771,8.22336479645038e-06,0.000554623751341388,0.5285514632776475,0.8803693189028018,3266,Manganese,nutrition,3135,142,transformer,20260922,name_only
188,0.34761617785279075,3.7251437619176212e-06,4.366182206012189e-11,3.7251729817334633e-06,0.38406000045153604,0.01962177446408353,10,Menaquinone-4,nutrition,9,1,transformer,20260922,name_only
189,0.25499769126033933,0.10598230126851244,0.020819163765411385,0.14654033935305621,0.25244973448463826,0.3586080127534281,1570,Methionine,nutrition,1537,35,transformer,20260922,name_only
190,0.6814442089828464,3.759581572081337e-05,1.1689842569634587e-08,3.760310890194452e-05,0.722965616008624,0.4764322617930694,190,Molybdenum,nutrition,158,32,transformer,20260922,name_only
191,0.3824697278245823,0.001675086974301414,1.329046619636877e-05,0.0016846973171282128,0.38754523129655677,0.2577137248360187,5427,Niacin,nutrition,5212,218,transformer,20260922,name_only
192,0.39497181794741454,0.002428386961306093,3.251662809753363e-05,0.002449128053807387,0.39732415412202726,0.35371258821809654,1168,Nicotinic acid,nutrition,1105,63,transformer,20260922,name_only
193,0.4493479249803081,0.328627145412734,0.29168436289085864,1.5268856585879058,0.44808553181524946,0.4853057690043971,914,Octadecadienoic acid (18:2; isomer unspecified),nutrition,883,31,transformer,20260922,name_only
194,0.4621139906864489,0.30372791446515823,0.21848485853067792,0.7523673854674194,0.46939233992559687,0.33340041075473187,3429,Octadecanoic acid (18:0),nutrition,3233,203,transformer,20260922,name_only
195,0.1548038561349185,0.011056905468904761,0.005162664203422243,0.016138565807850856,0.8693594336795132,0.08378533543094505,719,Octadecatetraenoic acid (18:4; isomer unspecified),nutrition,65,654,transformer,20260922,name_only
196,0.4885447484621965,0.09118105831275518,0.03871839123659057,0.1452511614965094,0.4898326540997122,0.4741863410169195,899,Octadecatrienoic acid (18:3; isomer unspecified),nutrition,825,74,transformer,20260922,name_only
197,0.3968180206479024,0.4709464345028497,0.47871461115451625,2.78838748414899,0.39853623265443366,0.3537645369413902,912,Octadecenoic acid (18:1; cis/trans unspecified),nutrition,877,35,transformer,20260922,name_only
198,0.5163923603555101,0.07078762110997366,0.04003739819252146,0.1074010097382982,0.8154037471544096,0.3332578261313188,2755,Octanoic acid (8:0),nutrition,1049,1716,transformer,20260922,name_only
199,0.3590970758470572,0.0004628577826107565,6.8087694929998375e-06,0.00046659167047201355,0.35677267229873494,0.4033521089604297,2974,Pantothenic acid (vitamin B5),nutrition,2796,184,transformer,20260922,name_only
200,0.5085000674962998,0.027810194121325897,0.004160699838176819,0.031059825826624546,0.6282374706067294,0.28399269441803965,1081,Pentadecanoic acid (15:0),nutrition,712,374,transformer,20260922,name_only
201,0.11357161253439584,0.002882837205327384,0.0006651304272672307,0.003268506456464009,1.5161359951509097,0.0018326676031034264,777,Pentadecenoic acid (15:1; isomer unspecified),nutrition,58,721,transformer,20260922,name_only
202,0.23487843161751068,0.16542702009003019,0.049855988754124725,0.26650719003299445,0.2329835841391512,0.3297955061070663,1573,Phenylalanine,nutrition,1546,29,transformer,20260922,name_only
203,0.30120445456998823,0.07136753832732715,0.012730891100691907,0.08659690034971504,0.30048407453066145,0.3391591427861336,5470,Phosphorus,nutrition,5336,140,transformer,20260922,name_only
204,0.32871056593612863,0.029041743659136608,0.0031473374529015496,0.03193375934540756,0.5305612197316848,0.08648978138146125,66,Phytosterols,nutrition,36,30,transformer,20260922,name_only
205,0.300566108576705,0.11991873845604313,0.042124484583194434,0.18136769350821857,0.2985518946410114,0.4460872714095581,5513,Potassium,nutrition,5424,95,transformer,20260922,name_only
206,0.2504171239410619,0.21023367819394398,0.07243908037742305,0.36641064922653926,0.24674527246364736,0.48327370513376894,1546,Proline,nutrition,1522,24,transformer,20260922,name_only
207,0.2607807099786736,0.5408128047261339,0.569854647278126,4.6717191619554335,0.25609248966171533,0.378070574711885,4633,"Protein, total",nutrition,4456,179,transformer,20260922,name_only
208,0.4821170967832982,9.375153281475983e-05,3.9649755489157063e-07,9.408586576816669e-05,0.6438404856677893,0.31024203740973544,5057,Retinol,nutrition,2616,2474,transformer,20260922,name_only
209,0.36778269017533943,0.00013140793670619871,1.088761307786356e-07,0.00013148008141473038,0.3675680486971767,0.3711356333365992,4691,Riboflavin (vitamin B2),nutrition,4480,212,transformer,20260922,name_only
210,0.41691049176499356,9.5249829922657e-06,1.564638691014709e-09,9.525843655365741e-06,0.427712431898776,0.2751380838093531,4249,"Selenium, Se",nutrition,3964,318,transformer,20260922,name_only
211,0.2288330188366883,0.16551481435106832,0.052305137093626664,0.2685362532494649,0.22544526701170117,0.4628958721994356,1542,Serine,nutrition,1520,22,transformer,20260922,name_only
212,0.4556920263621103,0.13576110031291794,0.09028412888787114,0.28466098083173685,0.45700532751753437,0.3708401789326382,4705,Sodium,nutrition,4592,127,transformer,20260922,name_only
213,0.4610537546679054,0.46105376444116836,1.1435777025107947,3.289862773451181,0.12592127293046596,0.9078970636511582,14,Sorbitol,nutrition,8,6,transformer,20260922,name_only
214,0.4047666085401434,0.995568775029077,2.205527837506134,12.90069637729666,0.44084837364733265,0.36096276569859526,1292,Starch,nutrition,865,458,transformer,20260922,name_only
215,0.16306544757528907,0.05177337405953262,0.019591301046243313,0.06408825340050854,0.8671867072709036,0.1260064339070988,140,Stearidonic acid,nutrition,7,133,transformer,20260922,name_only
216,0.46770415506824564,0.0071516143026525815,0.00012987181368266453,0.0072825268749865425,0.5040473652092259,0.407132138166612,48,Stigmasterol,nutrition,30,18,transformer,20260922,name_only
217,0.4829282563198815,0.5347544633964935,0.7605803770310657,3.5556540769549017,0.5614189781555943,0.284084279854407,1021,Sucrose,nutrition,742,296,transformer,20260922,name_only
218,0.4244210907498509,0.6428010162781408,0.8425990126353087,6.431118131337085,0.45147081170675557,0.21378796318039733,3185,"Sugars, total",nutrition,2821,368,transformer,20260922,name_only
219,0.4748123144162012,0.11729637147273234,0.022072601249438856,0.13903641482785345,0.4748123144162012,,20,Sulfur,nutrition,20,0,transformer,20260922,name_only
220,0.5130502994621755,0.012946151956174042,0.0010737550237767347,0.013807037385172444,0.5750179897158118,0.4351133444933166,806,Tetracosanoic acid (24:0),nutrition,449,357,transformer,20260922,name_only
221,0.6906506966668309,0.21404270008406107,0.16763469702936107,0.46058962206335285,0.6999275884731235,0.645998787385114,3308,Tetradecanoic acid (14:0),nutrition,2814,501,transformer,20260922,name_only
222,0.3931869315103344,0.028791344854617658,0.005688861672607229,0.033559318214578436,0.5200405047255073,0.2205502947797418,1002,Tetradecenoic acid (14:1; isomer unspecified),nutrition,577,430,transformer,20260922,name_only
223,0.4311577477831696,0.00012766054387961654,1.211520651411095e-07,0.00012773959148448826,0.42714835598408396,0.5045545015410724,5049,Thiamin (vitamin B1),nutrition,4783,272,transformer,20260922,name_only
224,0.24027236023031368,0.15527348697046117,0.04410185350631338,0.24923455347139895,0.238337420801276,0.3755422166784923,1560,Threonine,nutrition,1538,22,transformer,20260922,name_only
225,0.4488970236350199,6.699403341553846e-05,6.879765443509258e-08,6.703552833622999e-05,0.5415964925905649,0.28125999303237864,1452,"Tocopherol, beta",nutrition,938,515,transformer,20260922,name_only
226,0.5068989716719534,0.0002344705404525182,1.6639548145335103e-06,0.00023537737135040425,0.7141982691226502,0.2316854658502258,1454,"Tocopherol, delta",nutrition,830,625,transformer,20260922,name_only
227,0.7096443533509714,0.0015260643703040087,2.413418031654464e-05,0.0015434296168587477,0.7654436118725241,0.47822676030607597,1548,"Tocopherol, gamma",nutrition,1249,300,transformer,20260922,name_only
228,0.5905595489568652,0.00010592543186209384,2.732466044353153e-07,0.00010607162493810147,0.6687716257018596,0.4372728426715467,1033,"Tocotrienol, alpha",nutrition,684,349,transformer,20260922,name_only
229,0.27312607518701315,0.00011587184823048072,8.28814553465754e-08,0.00011591830244061354,0.706095639241666,0.1744179880450198,237,"Tocotrienol, beta",nutrition,44,193,transformer,20260922,name_only
230,0.032893772288687666,4.553998374661777e-06,7.96787377411226e-10,4.554396821408333e-06,0.5942806577291978,1.9765483612751318e-05,235,"Tocotrienol, delta",nutrition,13,222,transformer,20260922,name_only
231,0.36249931019345427,7.040650476504281e-05,8.082873424144215e-08,7.044698870059099e-05,0.8658291087009907,0.0340855409544943,233,"Tocotrienol, gamma",nutrition,92,141,transformer,20260922,name_only
232,0.055476077349239594,0.0005985684729345291,1.3341524574337829e-05,0.0006053076873141296,1.2079408638335463,6.911646057100463e-05,109,Tridecanoic acid (13:0),nutrition,5,104,transformer,20260922,name_only
233,0.2519886754216651,0.05498494347014076,0.006300237102393582,0.06445463561357859,0.24570652710172122,0.3778432505532762,2819,Tryptophan,nutrition,2687,138,transformer,20260922,name_only
234,0.2371003588932149,0.13638061760658568,0.033914676994504074,0.20536671962679282,0.2324912925217467,0.46796308263684666,1553,Tyrosine,nutrition,1525,30,transformer,20260922,name_only
235,0.2424335541272175,0.18268333658368094,0.05931568751571931,0.31120440474638494,0.23939294873921987,0.44641851559158147,1566,Valine,nutrition,1543,23,transformer,20260922,name_only
236,0.3443795112056605,0.00011535519878512434,1.0307903471175494e-07,0.00011542464866583689,0.34694903435261043,0.30166118888761745,282,Vitamin B6 - Pyridoxin,nutrition,266,16,transformer,20260922,name_only
237,0.42303260120317343,8.729676338987685e-07,3.5473177817714597e-11,8.729884358629884e-07,0.5778267824711077,0.3006679237859244,4761,Vitamin D (D2 + D3),nutrition,2118,2658,transformer,20260922,name_only
238,0.1809937797774253,1.1012131680761612e-07,8.448260009576765e-13,1.101217392235382e-07,1.0056365692784754,2.5935518212401262e-05,1168,Vitamin D2 (ergocalciferol),nutrition,212,957,transformer,20260922,name_only
239,0.21402676748034555,0.6913275809621566,1.045773826391301,23.266205346586677,0.21158744622812475,0.4718928200171318,5247,Water,nutrition,5198,51,transformer,20260922,name_only
241,0.3834203423070394,0.001016199539488546,6.5744226555091005e-06,0.001021094398459137,0.3798631809133986,0.5536773455282255,5536,Zinc,nutrition,5410,148,transformer,20260922,name_only
242,0.3122928204075924,0.013205849134573993,0.001328679839189238,0.014283002248660474,0.43887530410508724,0.17734124687885824,250,"cis,cis-Eicosadienoic acid (20:2n-6)",nutrition,129,121,transformer,20260922,name_only
243,0.5944149008458859,0.008959481509920502,0.0005188941575902726,0.009259968173407872,0.6260908421988146,0.5588994514501779,70,cis-Docosenoic acid (22:1 cis),nutrition,37,33,transformer,20260922,name_only
244,0.26969610422669466,0.06586945778325,0.01201201034564142,0.08171078998259343,0.25677772588352066,0.5377524548475545,87,cis-Hexadecenoic acid (16:1 cis),nutrition,83,4,transformer,20260922,name_only
245,0.26584843093473365,0.3749726764929493,0.2611242951641095,2.7517755790499643,0.26584843093473365,,153,cis-Octadecenoic acid (18:1 cis),nutrition,153,0,transformer,20260922,name_only
246,0.2816608254573034,0.003677287497870389,0.00010128461023448365,0.0037865051099944575,0.49992056661674306,0.14809889430003434,108,cis-Tetracosenoic acid (24:1 cis),nutrition,41,67,transformer,20260922,name_only
247,0.547937374116494,0.04463230966660132,0.0038553216362141795,0.048596114780931246,0.4774027659874324,1.21801615134258,21,"trans,trans-Linoleic acid (18:2 trans,trans)",nutrition,19,2,transformer,20260922,name_only
248,0.07611200510922989,0.00011777484692909683,1.56562341046243e-07,0.00011785320000537055,0.7739634056535927,0.0002585920065817675,51,trans-Docosenoic acid (22:1 trans),nutrition,5,46,transformer,20260922,name_only
249,0.21548634314230075,0.005949697978834719,8.953375142170438e-05,0.006086113866067591,0.27638266028159525,0.08499423498666966,66,trans-Hexadecenoic acid (16:1 trans),nutrition,45,21,transformer,20260922,name_only
250,0.35260310835778286,0.03428541943080793,0.004843468184329675,0.04000015612089385,0.3619110986915679,0.24556121951925472,75,trans-Linoleic acid (18:2; isomer unspecified),nutrition,69,6,transformer,20260922,name_only
251,0.4399583118302362,0.2149780387883692,0.19028137649399696,0.6712316581154489,0.4180672428519664,0.5646422264455991,154,trans-Octadecenoic acid (18:1 trans),nutrition,131,23,transformer,20260922,name_only
2,0.43110485552238365,0.20230576572726158,0.08091984660476181,0.3721057716757059,0.43110485552238365,,18,Acetic acid,food_metabolome,18,0,transformer,20260923,completion
7,0.1913126807034943,0.0009637039080237812,2.1085907184648066e-05,0.0009945898035961086,0.5591607070763409,3.170698961405685e-05,38,Apigenin,food_metabolome,13,25,transformer,20260923,completion
9,0.9129537770810033,0.001038817115984088,5.952105215302651e-06,0.0010426441474965273,0.9129537770810033,,13,Benzoic acid,food_metabolome,13,0,transformer,20260923,completion
11,0.4697232503486258,0.0018293346416644277,1.152719650626202e-05,0.00184179646760235,0.5067535270688509,0.06239020642614977,12,Cadaverine,food_metabolome,11,1,transformer,20260923,completion
12,1.0344390449885474,0.05851400726961354,0.0348133387942683,0.09755600641735204,1.0099955730615837,1.2381346443799128,28,Caffeic acid,food_metabolome,25,3,transformer,20260923,completion
13,0.07621656553441833,0.002587855326892026,0.0010939593764476853,0.00334135100642787,0.8934477824579581,2.5555313511996107e-05,1962,Caffeine,food_metabolome,168,1795,transformer,20260923,completion
15,0.6980206464229286,0.010144023926208149,0.0021441338230546616,0.011323286339424645,0.8435664534236859,0.3584137634211616,30,Catechin,food_metabolome,21,9,transformer,20260923,completion
16,0.1469369922921375,0.009919391485465013,0.0004497202613700359,0.01076574963195174,0.14945464348801152,0.022732866629018675,755,Choline,food_metabolome,740,15,transformer,20260923,completion
18,0.27621976998897646,0.12002597276780375,0.0381763997737099,0.17381876431176296,0.27621976998897646,,52,Citric acid,food_metabolome,52,0,transformer,20260923,completion
21,0.5228912561072211,0.00702353632345257,0.00024305273138558185,0.00718377614364222,0.762482537760504,0.18746346179262494,12,Cyanidin,food_metabolome,7,5,transformer,20260923,completion
22,0.6734945467937935,0.006822408742792974,0.00018962739525791732,0.006962204568940037,0.7671784402494436,0.42367083091206004,11,Daidzein,food_metabolome,8,3,transformer,20260923,completion
24,0.4468626792037749,0.0018998349312608993,2.3667534299642773e-05,0.0019191707692416818,0.9366624738351454,0.06590728337937564,16,Delphinidin,food_metabolome,7,9,transformer,20260923,completion
25,2.557153080580098,0.14225030472333564,0.06372143672829762,0.1808510746907831,2.557153080580098,,5,Ellagic acid,food_metabolome,5,0,transformer,20260923,completion
26,0.4472902263450283,0.0010384169740056983,8.346187002587668e-06,0.001042960761099519,1.2801446302460848,0.11414846478460572,28,Epigallocatechin,food_metabolome,8,20,transformer,20260923,completion
28,0.5441689761026868,0.00858186913720981,0.00039185547317622903,0.008923567186110199,0.5870915285022282,0.029098347308189224,26,Ferulic acid,food_metabolome,24,2,transformer,20260923,completion
33,1.8061141524865636,0.22798379826129692,0.3603595061700651,0.639010553160399,2.280133167623703,0.028542845722289673,19,Gallic acid,food_metabolome,15,4,transformer,20260923,completion
35,1.1179247686727392,0.00978246562537352,0.0016224020422008322,0.010661958781312564,1.073112465477116,2.2830446517589413,27,Genistein,food_metabolome,26,1,transformer,20260923,completion
43,0.3564203677608133,0.001184485627102329,6.538422345498888e-06,0.001188992859216759,0.8999477488907806,0.05995088714446761,17,Glycitein,food_metabolome,6,11,transformer,20260923,completion
47,0.6604776934223016,0.0013917198086296847,1.706891434066472e-05,0.0014013499307207113,0.6793222172304089,0.03860840775475637,34,Histamine,food_metabolome,33,1,transformer,20260923,completion
50,0.7288369697487699,0.004998256924504612,0.00024547850242516683,0.005123631960597873,1.9331922579447858,0.006223796831160398,16,Isorhamnetin,food_metabolome,6,10,transformer,20260923,completion
51,0.5766204163689067,0.0021745247531013657,2.8017623070184303e-05,0.002190161446927204,0.9337847441917094,0.15077064088787245,57,Kaempferol,food_metabolome,31,26,transformer,20260923,completion
52,0.171905403822498,0.1406648023903649,0.03989674369713644,0.2498967159960581,0.171905403822498,,23,Lactic acid,food_metabolome,23,0,transformer,20260923,completion
53,1.132489016688739,0.00020175451783774256,1.1378935658946366e-07,0.00020181227307520643,1.132489016688739,,4,Lariciresinol,food_metabolome,4,0,transformer,20260923,completion
54,0.47154963791883736,0.0008884717919685752,3.556476053629931e-06,0.0008906016035617997,0.47154963791883736,,14,Lutein,food_metabolome,14,0,transformer,20260923,completion
55,0.5786756027476124,0.00580561637070875,0.0004677733794308268,0.006047777414549004,1.4065303706717658,0.005545378800121578,44,Luteolin,food_metabolome,18,26,transformer,20260923,completion
56,0.24666925760779318,0.0987627616719911,0.022313934837190602,0.14866685882514838,0.24666925760779318,,49,Malic acid,food_metabolome,49,0,transformer,20260923,completion
58,1.4388924699234684,0.00013566018871683224,8.926403293761335e-08,0.00013570483151881138,1.7986155874043355,0.0,5,Matairesinol,food_metabolome,4,1,transformer,20260923,completion
61,0.47114774795317355,0.00105901879937402,1.0068224903561138e-05,0.0010643658080356044,0.7394625615812698,0.1261715590027641,48,Myricetin,food_metabolome,27,21,transformer,20260923,completion
62,0.5337238801315589,0.01694883170420998,0.0020192889045187006,0.018614272834024205,1.0152505374603942,0.25283333002307173,19,Naringenin,food_metabolome,7,12,transformer,20260923,completion
65,0.39924450200869555,0.027441648677810744,0.001968128192890518,0.031556705260057355,0.39924450200869555,,4,Oxalic acid,food_metabolome,4,0,transformer,20260923,completion
66,0.23834949431314087,1.3278254558428717e-05,5.612853201565442e-10,1.3287635441226615e-05,0.40879724576752996,0.17017039373138526,14,Pelargonidin,food_metabolome,4,10,transformer,20260923,completion
67,0.22614344328085748,0.0008100504805424608,4.83946722045618e-06,0.000813915389894078,0.7349661906627868,0.0,13,Peonidin,food_metabolome,4,9,transformer,20260923,completion
72,0.6190137277662608,5.270318349032375e-05,6.992526058930591e-09,5.270690034509032e-05,0.6190137277662608,,4,Pinoresinol,food_metabolome,4,0,transformer,20260923,completion
77,0.2593632792688064,0.0012093598177607698,6.065514380257242e-06,0.0012334621632530598,0.2593632792688064,,17,Putrescine,food_metabolome,17,0,transformer,20260923,completion
79,0.4119903879609582,0.003146726446091546,5.369252962815283e-05,0.003190713852041796,0.5020689757757373,0.1258584031375423,71,Quercetin,food_metabolome,54,17,transformer,20260923,completion
82,0.28857861982684313,0.25091160435043475,0.12661598027220058,0.502781157096227,0.43286792974026467,0.0,6,Rosmarinic acid,food_metabolome,4,2,transformer,20260923,completion
83,1.1660235832662091,0.00011801304213165285,2.2709125029175304e-08,0.00011802697741371568,1.1660235832662091,,5,Secoisolariciresinol,food_metabolome,5,0,transformer,20260923,completion
88,0.1922119232062144,0.0008221986273843321,3.0962157686219785e-06,0.0008238885862060653,0.20770097423636283,0.03732141290473034,11,Spermine,food_metabolome,10,1,transformer,20260923,completion
90,0.9351077491714921,0.007660431717909585,0.00026070281874895093,0.007821493130343655,0.8478635068101685,1.2259218903759042,13,Syringic acid,food_metabolome,10,3,transformer,20260923,completion
91,0.4194362635201615,0.1903833935867951,0.07735236180193264,0.31388883390426636,0.4194362635201615,,5,Tartaric acid,food_metabolome,5,0,transformer,20260923,completion
92,0.1700022226571042,0.0008622261502653107,5.2486744721900445e-06,0.0008719981595976834,0.1700022226571042,,9,Taurine,food_metabolome,9,0,transformer,20260923,completion
93,0.04921639874034215,0.007059845508334087,0.002814720273015444,0.008977505343550369,0.8371473703490496,0.00016064127930415852,1928,Theobromine,food_metabolome,113,1815,transformer,20260923,completion
96,0.20235017184147205,0.0017616440811361075,2.2455810439641477e-05,0.001785290064400073,0.2287042342058182,0.04422579765539525,21,Tyramine,food_metabolome,18,3,transformer,20260923,completion
98,0.27216849950098787,0.00041662811891434115,4.2510083830997063e-07,0.0004174484106672857,0.3259542820689856,0.030132477944998334,11,Vanillic acid,food_metabolome,9,2,transformer,20260923,completion
103,0.6036343122562232,0.004871341133273206,0.0001586450559782986,0.004981915451574802,0.7023361694544352,0.011423169066951898,28,p-Coumaric acid,food_metabolome,24,4,transformer,20260923,completion
104,0.04928663282688662,0.03812886454999438,0.004748405988124409,0.07487761360085314,0.049924514359814647,0.005069844748921016,1547,Alanine,nutrition,1525,22,transformer,20260923,completion
105,0.14585743407309934,0.013685517594263149,0.0009547155306613897,0.015051274315487995,0.23274358904903508,0.04113514853251368,1128,Arachidonic acid (20:4n-6),nutrition,620,510,transformer,20260923,completion
106,0.07146938728485641,0.058721752299002304,0.010633352047338743,0.12425884959526577,0.07189942456075261,0.05965388900032805,1727,Arginine,nutrition,1665,68,transformer,20260923,completion
107,0.3128380024623862,0.006748442196156805,0.00017402056473741733,0.0069620641883230165,0.41631191163478376,0.1385661554351903,102,Ascorbic acid (vitamin C),nutrition,64,38,transformer,20260923,completion
108,0.10700886102251662,0.11164572506844997,0.04413742109095142,0.4172193226945741,0.10818726558255601,0.02702166985873055,3606,Ash,nutrition,3554,54,transformer,20260923,completion
109,0.05311554693290244,0.055319393875098,0.009120378715874325,0.12906579318019243,0.05313149736227613,0.05192006225134471,1519,Aspartic acid,nutrition,1499,20,transformer,20260923,completion
110,0.08608800575000058,0.20580286897684294,0.12064991934042046,2.870905118249579,0.09276623427961919,0.013879659773499505,756,Available carbohydrate,nutrition,692,64,transformer,20260923,completion
111,0.09756199208229877,0.01680089209645477,0.0014871639215637874,0.020085141409943955,0.13627436559248984,0.003546227843263295,48,Beta-sitosterol,nutrition,34,14,transformer,20260923,completion
112,0.1884981117509885,0.006985022966185852,0.00205616083051425,0.008415678412136265,0.18509436026094103,0.2694803753231498,498,Betaine,nutrition,481,18,transformer,20260923,completion
113,0.3669979095896862,9.164218886965839e-05,1.933702475575262e-06,9.270395117706441e-05,0.3535204707032269,0.4906168777694684,1768,Biotin,nutrition,1594,182,transformer,20260923,completion
114,0.0971147436456336,0.013864583712673798,0.002284573116217296,0.0189995201399415,0.2388517930334059,0.0213805264461066,2269,Butyric acid (4:0),nutrition,791,1479,transformer,20260923,completion
115,0.31105296419942075,0.031973447679367016,0.007895755913636783,0.04338620289122129,0.3110316562732255,0.33074908733659125,6878,Calcium,nutrition,6755,133,transformer,20260923,completion
116,0.20107180947552072,0.0060208969228558035,0.0002359460126842862,0.006441205781792588,0.23984100228976454,0.0653796346256674,36,Campesterol,nutrition,28,8,transformer,20260923,completion
117,0.2257482781861705,4.172244768907699e-05,8.866527866510222e-08,4.17807287358144e-05,0.9738674165684427,0.010048161433781209,2524,"Carotene, alpha",nutrition,568,1961,transformer,20260923,completion
118,0.41649461971400453,0.0003272001155990551,3.447746137278432e-06,0.0003295131469207445,0.6351992074454824,0.0866888740142533,3736,"Carotene, beta",nutrition,2264,1494,transformer,20260923,completion
119,0.5790711286994586,0.5309629990814602,1.3276164342091403,4.0770907111167904,0.5482522849068391,0.7793936133514849,15,Cellulose,nutrition,13,2,transformer,20260923,completion
120,0.18835767321556487,0.08422223815827765,0.02262521921248725,0.24076763181831043,0.18835767321556487,,343,Chloride,nutrition,343,0,transformer,20260923,completion
121,0.2617679088449424,6.308737288131874e-07,1.0104480181432875e-11,6.308814097491013e-07,0.39716921161395913,0.08556687577135437,695,Cholecalciferol (vitamin D3),nutrition,393,302,transformer,20260923,completion
122,0.11754454623324212,0.02838616929368466,0.056523171931868364,0.16241917840091621,0.1930921214352786,0.008016186184837144,3992,Cholesterol,nutrition,2364,1634,transformer,20260923,completion
123,0.1279355497449348,0.0076976436292052605,0.0003360435179028733,0.00837866792238282,0.1302609841875263,0.05005463623123354,1897,"Choline, total",nutrition,1842,55,transformer,20260923,completion
124,0.37682507602791854,4.744936000159394e-05,6.406380164295319e-08,4.7507412949778116e-05,0.46475476397871884,0.14413675041750693,278,Chromium,nutrition,204,75,transformer,20260923,completion
125,0.17003382273234482,7.222330334955066e-07,1.4789019280900358e-11,7.222460254655156e-07,0.2657325198618264,0.01887884894205532,4402,Cobalamin (vitamin B12),nutrition,2696,1710,transformer,20260923,completion
126,0.11238450121980363,0.011549571378432117,0.0014793174497262638,0.014655262288390371,0.12424778033072019,0.027364334258234937,98,Conjugated linoleic acids (18:2 CLA isomers),nutrition,86,12,transformer,20260923,completion
127,0.24592346434538068,0.00012262526924921574,1.5683312698568133e-06,0.00012347272186974943,0.2485656690846397,0.1706590672241526,5038,Copper,nutrition,4898,151,transformer,20260923,completion
128,0.256957608385354,1.953421019543231e-05,4.8994673513544126e-08,1.955874791167171e-05,1.067793178163012,0.005218174964313026,2450,"Cryptoxanthin, beta",nutrition,584,1874,transformer,20260923,completion
129,0.0720583621367688,0.021769089314338064,0.0015226737888458229,0.027338190831568295,0.07297841989267151,0.020807737511670237,1531,Cystine,nutrition,1504,27,transformer,20260923,completion
130,0.20116849500701856,0.02375734026983402,0.009402025193197201,0.03778525753906036,0.3486230110837159,0.05084143228903026,2996,Decanoic acid (10:0),nutrition,1519,1487,transformer,20260923,completion
131,0.16549286494684223,0.21941783699280454,0.11572145729137719,1.0755965780405035,0.19683992452543622,0.04471096935680161,2543,"Dietary fibre, total",nutrition,2019,524,transformer,20260923,completion
132,0.1226134921072991,0.01406939251407978,0.005279197421085537,0.029609910038060207,0.3896543882075311,0.015011397286635407,2886,Docosahexaenoic acid (DHA; 22:6n-3),nutrition,829,2058,transformer,20260923,completion
133,0.2764702118176036,0.016999135063152936,0.008177508531619944,0.02640434031322808,0.3973278496488679,0.11829106170400043,1047,Docosanoic acid (22:0),nutrition,594,457,transformer,20260923,completion
134,0.13010940504892216,0.005663489960548673,0.0011940017339490637,0.007518340704721355,0.3471809149678396,0.026813416095626225,2934,Docosapentaenoic acid (DPA; 22:5n-3),nutrition,960,1984,transformer,20260923,completion
135,0.16376446994446728,0.001815988346268404,1.777796467376803e-05,0.001833233918415687,0.2926466610548936,0.024142096241505442,75,Docosatetraenoic acid (22:4; isomer unspecified),nutrition,39,36,transformer,20260923,completion
136,0.150046342117746,0.015277105491523684,0.012304935722238683,0.04861006931351298,0.8034675807823684,0.035907055235624465,733,Docosenoic acid (22:1; cis/trans unspecified),nutrition,109,624,transformer,20260923,completion
137,0.3217455608903999,0.05770762397401075,0.06317011114657872,0.18560823831537757,0.45610441146415776,0.09590414466348084,3352,Dodecanoic acid (12:0),nutrition,2114,1259,transformer,20260923,completion
138,0.22914186943103843,0.014214170375006111,0.002357822371684741,0.01695560315619667,0.23374581528492788,0.2077868437471782,998,Eicosanoic acid (20:0),nutrition,821,177,transformer,20260923,completion
139,0.15283282535416523,0.012048626321600068,0.004761233026804043,0.023365232937294395,0.45241076734812424,0.027266183828255984,3202,Eicosapentaenoic acid (EPA; 20:5n-3),nutrition,952,2261,transformer,20260923,completion
140,0.10776056927303453,0.010020354358238026,0.0012007322762604816,0.01183389241276622,0.18974710048132637,0.04719394261465676,772,Eicosatetraenoic acid (20:4; isomer unspecified),nutrition,328,444,transformer,20260923,completion
141,0.18320877668715782,0.004295887395147844,0.0004640203644753005,0.0045641172057730205,0.4175927230229141,0.03988046417968096,224,Eicosatrienoic acid (20:3; isomer unspecified),nutrition,85,139,transformer,20260923,completion
142,0.19124393790043415,0.001726307934129619,1.641666036919478e-05,0.0017509058650307236,0.280752100904478,0.10453290499026663,63,Eicosatrienoic acid (20:3n-3),nutrition,31,32,transformer,20260923,completion
143,0.139171836926709,0.003598904508548206,9.049531846175213e-05,0.0037227855084833545,0.18752219041663634,0.061151948340689884,230,Eicosatrienoic acid (20:3n-6),nutrition,142,88,transformer,20260923,completion
144,0.23728613282318353,0.02332352415002396,0.0052899464229791944,0.03400756573315841,0.28596566285480646,0.14467992370335434,2654,Eicosenoic acid (20:1; isomer unspecified),nutrition,1766,897,transformer,20260923,completion
147,0.016341584701647933,0.046419240350513646,0.12230861549898786,0.2617699380658372,0.8132256915387951,1.5178610350283079e-05,3138,Ethanol,nutrition,63,3075,transformer,20260923,completion
148,0.08171526062409258,0.1500217429598812,0.09281658249668838,1.485774009420416,0.08391114377869269,0.026030030836606793,4833,"Fat, total",nutrition,4648,196,transformer,20260923,completion
149,0.10450273684277844,0.13202381077113579,0.053717934286685885,0.9376905697848391,0.10896484004654626,0.02848176004662923,3886,"Fatty acids, total monounsaturated",nutrition,3669,225,transformer,20260923,completion
150,0.17375902964964904,0.1613777029747822,0.08310697867258658,0.8074364844199609,0.17874165281154783,0.0692108439717933,3896,"Fatty acids, total polyunsaturated",nutrition,3719,181,transformer,20260923,completion
151,0.10872568448666829,0.12794620547920074,0.051286629697411074,0.8636886637590664,0.11311048996497454,0.02421408213973262,4023,"Fatty acids, total saturated",nutrition,3826,205,transformer,20260923,completion
152,0.19663968128643164,0.06715752636335297,0.03925205661625684,0.15576149015574972,0.2664337511681163,0.07620433279292002,1172,"Fatty acids, total trans",nutrition,742,430,transformer,20260923,completion
153,0.180159028866662,0.05280947395594133,0.04015840538075053,0.16372215537871584,0.19682847272679388,0.08103140271174436,521,"Fatty acids, total trans-monoenoic",nutrition,446,75,transformer,20260923,completion
154,0.19375422233189293,0.019901771032004974,0.005472675953580316,0.031456744919782405,0.21956096847707018,0.10724017811187021,457,"Fatty acids, total trans-polyenoic",nutrition,352,105,transformer,20260923,completion
155,0.2638670400290312,1.4613066951912155e-05,2.0059060217848657e-09,1.461515982269434e-05,0.27641068029577387,0.12695006584923224,3170,"Folate, food",nutrition,2907,264,transformer,20260923,completion
156,0.2701577989565019,2.170093449735695e-05,5.813522700776095e-09,2.1706669316370487e-05,0.28253714936912305,0.11374362058510194,3886,"Folate, total",nutrition,3601,285,transformer,20260923,completion
157,0.15134113595693344,1.602513280191806e-05,5.172804671544316e-09,1.603067358695675e-05,0.289298983776386,0.028790980876169332,3100,Folic acid,nutrition,1538,1776,transformer,20260923,completion
158,0.2639696209233942,0.20271679691009942,0.15106858988938346,0.6333395762291743,0.3455497556595584,0.06568563976583999,1959,Fructose,nutrition,1388,572,transformer,20260923,completion
159,0.16620738893327122,0.020121697212580877,0.010181555103477874,0.032069069828427985,0.7724253291843606,0.019828145851837158,1460,Galactose,nutrition,285,1176,transformer,20260923,completion
160,0.29512756294110204,0.23261547471925695,0.17543726206235755,0.6975299782039999,0.35967434888808114,0.08357463115303196,2003,Glucose,nutrition,1535,469,transformer,20260923,completion
161,0.05073095260158813,0.0764672008176888,0.020580375691380867,0.260307640686207,0.051324481913106804,5.014416802162611e-05,1555,Glutamic acid,nutrition,1537,18,transformer,20260923,completion
162,0.08146772201056746,0.05770386873931273,0.011858721600018685,0.11910641777091324,0.0821041074178362,0.06394525539226252,1713,Glycine,nutrition,1650,71,transformer,20260923,completion
165,0.14294907451613195,0.012126558182982763,0.0007972868122933656,0.013933838840215927,0.16528459656576372,0.07430662072570259,1138,Heptadecanoic acid (17:0),nutrition,858,282,transformer,20260923,completion
166,0.17339190178764916,0.00834831518192404,0.0006317744989148831,0.009154048440191081,0.20852949558645537,0.11976249358350893,880,Heptadecenoic acid (17:1; isomer unspecified),nutrition,538,347,transformer,20260923,completion
167,0.10895812393477555,0.10690014380918042,0.03772500382270175,0.42774821281037356,0.1116407914936933,0.03546190114293821,3436,Hexadecanoic acid (16:0),nutrition,3315,121,transformer,20260923,completion
168,0.21063925223463026,0.04860671982481516,0.01120846244240861,0.07706503253654828,0.23402673960946474,0.09713198017543354,878,Hexadecenoic acid (16:1; cis/trans unspecified),nutrition,728,150,transformer,20260923,completion
169,0.08294055140937591,0.009255740166345625,0.0010907513622628652,0.011314093756171536,0.2490242499828647,0.011403952094384339,2651,Hexanoic acid (6:0),nutrition,802,1855,transformer,20260923,completion
170,0.05779751365097877,0.030965295450487134,0.003047770741791012,0.05077416222457815,0.05872861465443422,0.007197522433738782,1562,Histidine,nutrition,1534,30,transformer,20260923,completion
171,0.08493441536222343,0.021676344213742715,0.0014779560319241555,0.025582689407942123,0.1061008605368849,0.011641649981306098,299,Hydroxyproline,nutrition,232,67,transformer,20260923,completion
172,0.1942889947416467,0.2507269720374099,0.1046445119301247,1.475153433168074,0.20418260795900606,0.006310343611818722,20,Insoluble dietary fibers,nutrition,19,1,transformer,20260923,completion
173,0.24328032758681772,0.0012928813800287594,2.7523661616521813e-05,0.0013127538555970262,0.247649778559492,0.09761810469744878,5716,Iron,nutrition,5552,171,transformer,20260923,completion
174,0.04717697924166571,0.03354548598504193,0.0035209561276061175,0.06095152617785008,0.047882283650402535,0.008724209133699144,1564,Isoleucine,nutrition,1536,30,transformer,20260923,completion
175,0.4942294012340539,0.2139578568619525,0.11781852906021804,0.4096364538729191,0.4942294012340539,,15,Isomeric linoleic acids (18:2),nutrition,15,0,transformer,20260923,completion
176,0.5801418992948282,0.1313364496234425,0.050889275744165775,0.21249771214486443,0.528037276143418,0.6545770752254141,17,Isomeric linolenic acids (18:3),nutrition,10,7,transformer,20260923,completion
177,0.09010748276828434,0.08343576393890878,0.047906403199211606,0.24765209789885576,0.24672856392042114,0.01736805299955087,1909,Lactose,nutrition,610,1302,transformer,20260923,completion
178,0.04087646774883346,0.040117274886638396,0.004864771835723712,0.09032598658834264,0.041356268467988365,0.00388383230199047,1562,Leucine,nutrition,1542,20,transformer,20260923,completion
179,0.6112892031539222,0.44180640595183424,0.5544850312523257,3.158730578369954,0.7000624025504122,0.3227763051153297,17,Lignin,nutrition,13,4,transformer,20260923,completion
180,0.18877619724457861,0.146683218376835,0.06450204662803893,0.7703376069815037,0.19451471152652527,0.04608583250309716,1345,Linoleic acid (18:2n-6),nutrition,1293,52,transformer,20260923,completion
181,0.3182299457095271,0.00021641835039290847,1.2268679993900863e-06,0.00021753923454713217,0.41385630287753167,0.08295685743865958,1277,Lutein + zeaxanthin,nutrition,908,370,transformer,20260923,completion
182,0.1025141218544039,0.0002646942417835517,2.734503532705715e-06,0.0002660722661606762,0.9693778996542403,1.1986769296187247e-05,2090,Lycopene,nutrition,221,1870,transformer,20260923,completion
183,0.056322581334588236,0.04794867918917144,0.005962401926287475,0.10857260946314726,0.057064165170897026,0.004108337587210944,1571,Lysine,nutrition,1549,22,transformer,20260923,completion
184,0.16842509061672578,0.011394155728131216,0.0010973037246407326,0.012913241394694172,0.1704123771765305,0.05078962608023796,6213,Magnesium,nutrition,6111,107,transformer,20260923,completion
185,0.25457343824942447,0.10926364513582043,0.07305292248869365,0.21619044849165373,0.4962750253747986,0.06114528308952725,1924,Maltose,nutrition,862,1069,transformer,20260923,completion
186,0.2857470589552226,0.0003887135804847601,7.671672431628938e-06,0.00039313515825288196,0.285562519197588,0.3030801385043512,3266,Manganese,nutrition,3135,142,transformer,20260923,completion
188,0.16246309040980209,1.2934864903797205e-06,3.4461516405994784e-12,1.2934914485041054e-06,0.1802617889178357,0.002274803837499633,10,Menaquinone-4,nutrition,9,1,transformer,20260923,completion
189,0.059128781301216175,0.025809421515685552,0.002004032666110219,0.03759822263270506,0.06018177548975031,0.010158495400453733,1570,Methionine,nutrition,1537,35,transformer,20260923,completion
190,0.30427349877359716,1.9801764205728544e-05,7.135263617792369e-09,1.980692292466552e-05,0.3448426203792576,0.10396346084564874,190,Molybdenum,nutrition,158,32,transformer,20260923,completion
191,0.19962413978508073,0.0009941407972761018,6.958151259096494e-06,0.0010013779548303766,0.2057833094919018,0.05245881266721708,5427,Niacin,nutrition,5212,218,transformer,20260923,completion
192,0.1677464046138684,0.0011757337635836403,1.1985008195233149e-05,0.0011896750265800423,0.17569043601590556,0.028410615736867536,1168,Nicotinic acid,nutrition,1105,63,transformer,20260923,completion
193,0.27059194288807625,0.19859237524602003,0.1310364217307464,0.9539217862347318,0.2727566172080435,0.20893363887094502,914,Octadecadienoic acid (18:2; isomer unspecified),nutrition,883,31,transformer,20260923,completion
194,0.1424272904170929,0.09678450653757932,0.03367915093046005,0.2856538780600101,0.1488896958338238,0.03515789608861022,3429,Octadecanoic acid (18:0),nutrition,3233,203,transformer,20260923,completion
195,0.0723514207603507,0.00447000407472468,0.0010153408700912963,0.007273175598078322,0.6426425355295062,0.015671111188492737,719,Octadecatetraenoic acid (18:4; isomer unspecified),nutrition,65,654,transformer,20260923,completion
196,0.34664336953673464,0.06419143294818795,0.02225272270073532,0.106564681767682,0.3436734997428602,0.3797534044008748,899,Octadecatrienoic acid (18:3; isomer unspecified),nutrition,825,74,transformer,20260923,completion
197,0.19888511441089374,0.23633789991174392,0.14183187527252786,1.5703309923646982,0.20384936913487428,0.0744950746128667,912,Octadecenoic acid (18:1; cis/trans unspecified),nutrition,877,35,transformer,20260923,completion
198,0.1587936009509591,0.020164522783347953,0.010275711439272034,0.032720827257467874,0.37046753575111874,0.02961639007906231,2755,Octanoic acid (8:0),nutrition,1049,1716,transformer,20260923,completion
199,0.2081046811423282,0.00030980131144311214,6.355415927064454e-06,0.00031335190796489334,0.213525901612498,0.12833690426978403,2974,Pantothenic acid (vitamin B5),nutrition,2796,184,transformer,20260923,completion
200,0.18105403093231456,0.009346414402451606,0.0010598560438935002,0.010617502556403332,0.2257783772476422,0.0949589378464225,1081,Pentadecanoic acid (15:0),nutrition,712,374,transformer,20260923,completion
201,0.07358195872220438,0.0022302688227087055,0.0006188070717913722,0.002601584095403764,0.9678206304010134,0.002845771775738067,777,Pentadecenoic acid (15:1; isomer unspecified),nutrition,58,721,transformer,20260923,completion
202,0.04310091017828762,0.03104211783406431,0.0031791861266131775,0.05432571178337627,0.04374713641955812,0.006840123096433693,1573,Phenylalanine,nutrition,1546,29,transformer,20260923,completion
203,0.13002148853148796,0.033710970916898106,0.004488321274791314,0.043011525456816656,0.13312339410674967,0.010665660857736297,5470,Phosphorus,nutrition,5336,140,transformer,20260923,completion
204,0.15674742532977906,0.015337646952555767,0.0010961867563866207,0.017194650800899113,0.23195887431156795,0.06649368655163237,66,Phytosterols,nutrition,36,30,transformer,20260923,completion
205,0.16046515226952615,0.06488842463551146,0.015735121846622815,0.10207236457086802,0.16240823668403498,0.05159707605333904,5513,Potassium,nutrition,5424,95,transformer,20260923,completion
206,0.06432924897630153,0.05487603218695052,0.00894514442811202,0.10812703558393852,0.0652864521853286,0.003626612137168085,1546,Proline,nutrition,1522,24,transformer,20260923,completion
207,0.08285007620653524,0.16908168425448314,0.07708162452858851,1.6284884727885856,0.08532563155475555,0.02062635121608941,4633,"Protein, total",nutrition,4456,179,transformer,20260923,completion
208,0.25401475401268786,8.82607470389647e-05,7.639223351022815e-07,8.865126422456345e-05,0.44711152327499726,0.050246930398557405,5057,Retinol,nutrition,2616,2474,transformer,20260923,completion
209,0.1993057029617439,8.254593341183851e-05,6.102875230799681e-08,8.26047276546139e-05,0.20606823579200909,0.05607011649412876,4691,Riboflavin (vitamin B2),nutrition,4480,212,transformer,20260923,completion
210,0.2026607603000827,5.808088502119425e-06,1.4314973840963963e-09,5.808898492431448e-06,0.21145865223647792,0.09035033234114305,4249,"Selenium, Se",nutrition,3964,318,transformer,20260923,completion
211,0.04227077928060338,0.03134412551697538,0.003184170158760554,0.05598533504111337,0.04281443753726424,0.004708936093126341,1542,Serine,nutrition,1520,22,transformer,20260923,completion
212,0.26807574802214373,0.07871065110236572,0.03771632836511126,0.163912036373579,0.27083477617439233,0.14747197908963716,4705,Sodium,nutrition,4592,127,transformer,20260923,completion
213,0.08623000907980614,0.08623001783334686,0.017744303487870657,0.15738928629699972,0.14170267584133991,0.01226645339776111,14,Sorbitol,nutrition,8,6,transformer,20260923,completion
214,0.11518035265580562,0.31606195485471644,0.3962358382868274,3.5207835957091045,0.16336204664765921,0.02470698269483715,1292,Starch,nutrition,865,458,transformer,20260923,completion
215,0.04444495118228877,0.014927023104037564,0.006283215571470189,0.018769726572097127,0.8857141685730091,0.00016762395119822475,140,Stearidonic acid,nutrition,7,133,transformer,20260923,completion
216,0.17509882427781642,0.003993072766824912,0.00022339780870281073,0.00414677430355874,0.26575196761509035,0.024010252049026584,48,Stigmasterol,nutrition,30,18,transformer,20260923,completion
217,0.34174392359293865,0.3779888800165895,0.4546184451250436,2.4706649237528393,0.41345988971964026,0.15276195972233453,1021,Sucrose,nutrition,742,296,transformer,20260923,completion
218,0.22372130335908197,0.34693348381449757,0.301211443653985,3.310403395322005,0.23573279624293614,0.13014345208240208,3185,"Sugars, total",nutrition,2821,368,transformer,20260923,completion
219,0.3954253347956083,0.09730702085832574,0.01704698328844325,0.11607552132263779,0.3954253347956083,,20,Sulfur,nutrition,20,0,transformer,20260923,completion
220,0.19709909444947937,0.006217839787824927,0.000500141423832216,0.006808879051630394,0.27016063905999516,0.10520936467322839,806,Tetracosanoic acid (24:0),nutrition,449,357,transformer,20260923,completion
221,0.20508362031984803,0.062445828703686125,0.034394089008131484,0.15082734044492815,0.23316464408587717,0.049112069299652755,3308,Tetradecanoic acid (14:0),nutrition,2814,501,transformer,20260923,completion
222,0.15512907808791498,0.011308074964426623,0.0014092578062666877,0.013729069377972162,0.2363731082320661,0.045659497059781284,1002,Tetradecenoic acid (14:1; isomer unspecified),nutrition,577,430,transformer,20260923,completion
223,0.24229531391336306,8.164900675419742e-05,8.998663843260349e-08,8.171832049870573e-05,0.2505226551379218,0.10383329726191674,5049,Thiamin (vitamin B1),nutrition,4783,272,transformer,20260923,completion
224,0.04724617673079412,0.03164773924042386,0.0029638041319553143,0.05545665693761231,0.04785411278871335,0.0047459195908050224,1560,Threonine,nutrition,1538,22,transformer,20260923,completion
225,0.2750255907354882,4.789592777189169e-05,6.686627876315693e-08,4.793483021521291e-05,0.36261269119302536,0.11513610680087294,1452,"Tocopherol, beta",nutrition,938,515,transformer,20260923,completion
226,0.3126771727449288,0.00017687072272877335,1.1464428679302865e-06,0.00017772025131862116,0.4463976110513511,0.13471099638713746,1454,"Tocopherol, delta",nutrition,830,625,transformer,20260923,completion
227,0.42380205422706996,0.0009034099185535108,1.2493252255158106e-05,0.0009151209503919304,0.46249518985835775,0.26148970262297766,1548,"Tocopherol, gamma",nutrition,1249,300,transformer,20260923,completion
228,0.41488103266587134,8.405400590313947e-05,2.491267253906277e-07,8.418478816185501e-05,0.5347411986986639,0.17996884479644415,1033,"Tocotrienol, alpha",nutrition,684,349,transformer,20260923,completion
229,0.10356000076945006,4.5860912528867395e-05,2.0612148563589588e-08,4.588175952277756e-05,0.3670364134298571,0.043492839333916844,237,"Tocotrienol, beta",nutrition,44,193,transformer,20260923,completion
230,0.03307711268311546,4.568667752017521e-06,7.966458610959684e-10,4.569066198764077e-06,0.5940828740464142,0.0002254239546339955,235,"Tocotrienol, delta",nutrition,13,222,transformer,20260923,completion
231,0.32823427125337085,6.717057654007069e-05,7.867820289564381e-08,6.721035908649372e-05,0.7449020028233345,0.05636596412970663,233,"Tocotrienol, gamma",nutrition,92,141,transformer,20260923,completion
232,0.055638757636281455,0.000599222074485379,1.336542012157895e-05,0.0006059613005312002,1.2102627896086713,0.00012798686837809848,109,Tridecanoic acid (13:0),nutrition,5,104,transformer,20260923,completion
233,0.09292903333260728,0.02171602006421319,0.0015709953908268001,0.026192929323170584,0.09388914557823899,0.07263334923932319,2819,Tryptophan,nutrition,2687,138,transformer,20260923,completion
234,0.05311962512814505,0.03168230104400814,0.0028731951194594305,0.050859808322778775,0.05397925430515078,0.006720086322482976,1553,Tyrosine,nutrition,1525,30,transformer,20260923,completion
235,0.04744058262618054,0.03674143288214255,0.004245242825090557,0.07020108451944505,0.04807553848122554,0.004843326785553033,1566,Valine,nutrition,1543,23,transformer,20260923,completion
236,0.21077457941786973,8.034981347650339e-05,5.994546988454619e-08,8.041038899473464e-05,0.21067221733428523,0.21247634905746202,282,Vitamin B6 - Pyridoxin,nutrition,266,16,transformer,20260923,completion
237,0.22940865121881573,6.354817979535151e-07,3.326043954851084e-11,6.355022949059264e-07,0.41521312389023046,0.08249668570014847,4761,Vitamin D (D2 + D3),nutrition,2118,2658,transformer,20260923,completion
238,0.15150085111938077,1.0364339458035306e-07,8.364909381859181e-13,1.0364381732344891e-07,0.7917284952480713,0.011415211268100951,1168,Vitamin D2 (ergocalciferol),nutrition,212,957,transformer,20260923,completion
239,0.06989104915873671,0.297763248777514,0.36802382039755244,7.519014936387411,0.0701712929954363,0.0401342877983071,5247,Water,nutrition,5198,51,transformer,20260923,completion
241,0.18831113468469202,0.0005804457908160067,5.007546695604985e-06,0.0005844229409740934,0.19128940797398702,0.07586508792669819,5536,Zinc,nutrition,5410,148,transformer,20260923,completion
242,0.21184519627409243,0.010722543634289818,0.0013295610964249856,0.011740857287763225,0.3501004021480887,0.0644491503423113,250,"cis,cis-Eicosadienoic acid (20:2n-6)",nutrition,129,121,transformer,20260923,completion
243,0.415625638255474,0.005369993682125342,0.00032456842238210424,0.005549582084949777,0.5196237288337219,0.2990217185162264,70,cis-Docosenoic acid (22:1 cis),nutrition,37,33,transformer,20260923,completion
244,0.12110181663133679,0.026628483330776484,0.0015657036400643519,0.03195002839911258,0.11645498165391809,0.217523642412775,87,cis-Hexadecenoic acid (16:1 cis),nutrition,83,4,transformer,20260923,completion
245,0.16061113052143638,0.23704015233503417,0.19657344072753238,1.7626514054381661,0.16061113052143638,,153,cis-Octadecenoic acid (18:1 cis),nutrition,153,0,transformer,20260923,completion
246,0.2694563058720473,0.0035857430182363727,0.0001484837697605679,0.0036943996804091055,0.5722580737367319,0.08415970165634483,108,cis-Tetracosenoic acid (24:1 cis),nutrition,41,67,transformer,20260923,completion
247,0.24762537091896442,0.019304263119760523,0.0012928060369975763,0.02075249308897626,0.17072257820221584,0.9782019017280755,21,"trans,trans-Linoleic acid (18:2 trans,trans)",nutrition,19,2,transformer,20260923,completion
248,0.07590590217466453,0.0001175687057844547,1.5662780987029407e-07,0.00011764705882352942,0.7742402021815782,0.0,51,trans-Docosenoic acid (22:1 trans),nutrition,5,46,transformer,20260923,completion
249,0.08839488479851353,0.002232066558751835,1.389455492537806e-05,0.0022867280301870777,0.12855835978206667,0.0023302955480425003,66,trans-Hexadecenoic acid (16:1 trans),nutrition,45,21,transformer,20260923,completion
250,0.22882234614228858,0.025137012568570042,0.0038396098504539667,0.02984470750268393,0.2472983883243802,0.016347861048234952,75,trans-Linoleic acid (18:2; isomer unspecified),nutrition,69,6,transformer,20260923,completion
251,0.23078771159067238,0.11571651286062297,0.13164177940258015,0.5131164617036567,0.21806255137423874,0.3032657980407946,154,trans-Octadecenoic acid (18:1 trans),nutrition,131,23,transformer,20260923,completion
2,0.5693689848501587,0.2686838032519846,0.14677960447111274,0.4684520471427176,0.5693689848501587,,18,Acetic acid,food_metabolome,18,0,transformer,20260923,name_only
7,0.1912645774022399,0.000963692831799399,2.1085906925544184e-05,0.0009945787273691086,0.5589912946202312,4.668444888440303e-05,38,Apigenin,food_metabolome,13,25,transformer,20260923,name_only
9,2.01468755444435,0.006234473893010665,0.00015777458336156257,0.006314693884369744,2.01468755444435,,13,Benzoic acid,food_metabolome,13,0,transformer,20260923,name_only
11,0.7348486961703977,0.0038719705461945785,6.292874152023941e-05,0.0039074918011960105,0.7558669828686266,0.5036475424898796,12,Cadaverine,food_metabolome,11,1,transformer,20260923,name_only
12,1.1758292319308004,0.07197835075498538,0.0571795186261672,0.11345719896847263,1.1568856338003606,1.3336925496844658,28,Caffeic acid,food_metabolome,25,3,transformer,20260923,name_only
13,0.07626562471352717,0.0025882472697377357,0.0010939421646658952,0.0033417429448520373,0.8928672926317301,0.00013350873981721016,1962,Caffeine,food_metabolome,168,1795,transformer,20260923,name_only
15,0.5699747436502063,0.009667402389673589,0.0019870126726794345,0.010844660143954464,0.6394768850844121,0.40780308030372564,30,Catechin,food_metabolome,21,9,transformer,20260923,name_only
16,0.35742106960954256,0.022503265283443714,0.0016770001521561845,0.024114326580377255,0.35671419446244185,0.3922935768665141,755,Choline,food_metabolome,740,15,transformer,20260923,name_only
18,0.35487012302343524,0.15456404740693158,0.05560113420140912,0.2273238288164139,0.35487012302343524,,52,Citric acid,food_metabolome,52,0,transformer,20260923,name_only
21,0.6164814253643268,0.006937148953507979,0.00014153705143685736,0.007079196825694817,0.8598786624611502,0.2757252934287739,12,Cyanidin,food_metabolome,7,5,transformer,20260923,name_only
22,0.6334869532049937,0.006831827092112167,0.00019958899618178992,0.006973937624566746,0.7412056309800588,0.3462371458048204,11,Daidzein,food_metabolome,8,3,transformer,20260923,name_only
24,1.267756278088357,0.018127187816834058,0.0017359839434647664,0.01904718519777707,1.1885390614216766,1.3293696688291081,16,Delphinidin,food_metabolome,7,9,transformer,20260923,name_only
25,2.508141391527304,0.1407926006027872,0.06379018188757006,0.17937133074583642,2.508141391527304,,5,Ellagic acid,food_metabolome,5,0,transformer,20260923,name_only
26,0.46006509727449174,0.0010486589517702562,8.355645952192159e-06,0.0010532062334919024,1.282157128928996,0.13122828461269012,28,Epigallocatechin,food_metabolome,8,20,transformer,20260923,name_only
28,0.6208294776823577,0.008896514194700507,0.0003950369063873273,0.009238802076167925,0.6704625814055224,0.025232233004383525,26,Ferulic acid,food_metabolome,24,2,transformer,20260923,name_only
33,1.538746380150736,0.21969121375770606,0.3583312672882402,0.6300927573549755,1.7101661737103735,0.8959221543020948,19,Gallic acid,food_metabolome,15,4,transformer,20260923,name_only
35,1.1361305957681787,0.00968337023133836,0.001616360777153297,0.010564991995529313,1.0644170197244096,3.0006835729061776,27,Genistein,food_metabolome,26,1,transformer,20260923,name_only
43,0.34628247473483587,0.0011474828238115795,5.809755457191457e-06,0.0011519287743970343,0.8380810507157506,0.07802870601797336,17,Glycitein,food_metabolome,6,11,transformer,20260923,name_only
47,0.8287440017331766,0.002258371874902373,2.3024106966379224e-05,0.002272770577916501,0.8418331404558616,0.39680242388457654,34,Histamine,food_metabolome,33,1,transformer,20260923,name_only
50,0.6518300756436255,0.004889015462504507,0.00023375197673913538,0.0050143065329781595,1.7088179059939,0.01763737743346076,16,Isorhamnetin,food_metabolome,6,10,transformer,20260923,name_only
51,0.6460964150294067,0.0028683624684353887,5.3029309432902576e-05,0.00289858020006343,1.0443191398424372,0.17129239698310111,57,Kaempferol,food_metabolome,31,26,transformer,20260923,name_only
52,0.4740701306503761,0.37743088344633086,0.19503874532553955,0.5898280231265918,0.4740701306503761,,23,Lactic acid,food_metabolome,23,0,transformer,20260923,name_only
53,0.9724632584646604,0.00019002596527948923,1.0984389879392953e-07,0.00019008329142749248,0.9724632584646604,,4,Lariciresinol,food_metabolome,4,0,transformer,20260923,name_only
54,1.2585764308470946,0.0038689965582247984,6.705145613687754e-05,0.0039040281571378734,1.2585764308470946,,14,Lutein,food_metabolome,14,0,transformer,20260923,name_only
55,0.6222129478159053,0.0058423826782496,0.00046794099456864356,0.0060845646429333105,1.509094670395615,0.00821790910687548,44,Luteolin,food_metabolome,18,26,transformer,20260923,name_only
56,0.4311496835723148,0.1793324011909881,0.06592329960648502,0.2718285338915124,0.4311496835723148,,49,Malic acid,food_metabolome,49,0,transformer,20260923,name_only
58,1.4735849432162444,0.00013557262315844887,8.756859868788033e-08,0.00013561726419996511,1.6034909787652694,0.9539608010201448,5,Matairesinol,food_metabolome,4,1,transformer,20260923,name_only
61,0.482499060585809,0.0010721788341489743,1.0156785479501128e-05,0.0010775201672033152,0.7649398245698351,0.11936093546348958,48,Myricetin,food_metabolome,27,21,transformer,20260923,name_only
62,0.7830885064364947,0.021156712894861308,0.002255135440247132,0.022949400972791606,0.9160894895299371,0.7055045996319866,19,Naringenin,food_metabolome,7,12,transformer,20260923,name_only
65,1.1601515246438212,0.20529678798083384,0.10401591234771239,0.29397528179094196,1.1601515246438212,,4,Oxalic acid,food_metabolome,4,0,transformer,20260923,name_only
66,1.940331875239216,0.0010348136886620567,5.106938367274933e-06,0.0010373958250869224,0.5495150026581389,2.496658624271647,14,Pelargonidin,food_metabolome,4,10,transformer,20260923,name_only
67,0.679833738590631,0.0024924852052285135,2.2880972020195634e-05,0.002505358581804324,0.5799063204289571,0.7242459244402639,13,Peonidin,food_metabolome,4,9,transformer,20260923,name_only
72,0.8553725082200792,7.151427095908635e-05,8.214653255210714e-09,7.151898544698769e-05,0.8553725082200792,,4,Pinoresinol,food_metabolome,4,0,transformer,20260923,name_only
77,0.7376248612505428,0.0032309864019715666,3.715099938379636e-05,0.0032730071181490284,0.7376248612505428,,17,Putrescine,food_metabolome,17,0,transformer,20260923,name_only
79,0.37798108944651115,0.0028926118596899098,4.356945881208059e-05,0.0029342853746221493,0.44934723726591663,0.15128861990251732,71,Quercetin,food_metabolome,54,17,transformer,20260923,name_only
82,0.6013926043548177,0.5089769869900018,0.3427585505371811,0.8971691224972407,0.42565699058651374,0.9528638318914254,6,Rosmarinic acid,food_metabolome,4,2,transformer,20260923,name_only
83,1.3263588126289343,0.00012297088744157733,2.650226771206968e-08,0.00012298484325237342,1.3263588126289343,,5,Secoisolariciresinol,food_metabolome,5,0,transformer,20260923,name_only
88,0.10898734495609913,0.00037491818298696425,2.362624217412541e-07,0.0003753201696136119,0.09314391086082485,0.26742168590884186,11,Spermine,food_metabolome,10,1,transformer,20260923,name_only
90,1.4344241862268832,0.008782313561613379,0.00031499248713156886,0.008946022617524897,1.4373243428489482,1.424756997486666,13,Syringic acid,food_metabolome,10,3,transformer,20260923,name_only
91,0.7630701488646736,0.30818817112507346,0.1322702115472643,0.46939372585117817,0.7630701488646736,,5,Tartaric acid,food_metabolome,5,0,transformer,20260923,name_only
92,1.160700774095439,0.015771884940947625,0.0009305280862989825,0.01627489967692535,1.160700774095439,,9,Taurine,food_metabolome,9,0,transformer,20260923,name_only
93,0.05250071349584934,0.007327394280605335,0.0028247551958455316,0.009250399761243443,0.8367141665362845,0.0036764048492547497,1928,Theobromine,food_metabolome,113,1815,transformer,20260923,name_only
96,0.28842435562037155,0.0015410474144610645,1.0425504935379532e-05,0.0015488259502325118,0.3197434016728513,0.10051007930549317,21,Tyramine,food_metabolome,18,3,transformer,20260923,name_only
98,0.4592138438927755,0.0010642768468984104,3.906498766699098e-06,0.001067665172963535,0.5303675785747216,0.13902203782401795,11,Vanillic acid,food_metabolome,9,2,transformer,20260923,name_only
103,0.5841249000639566,0.00470441714231691,0.00019476544628122154,0.004813166137311336,0.6460999423755668,0.21227464619429526,28,p-Coumaric acid,food_metabolome,24,4,transformer,20260923,name_only
104,0.21999995585484033,0.16643365852807748,0.057774330410381464,0.2929548401997933,0.2170471326082453,0.42468429453926587,1547,Alanine,nutrition,1525,22,transformer,20260923,name_only
105,0.31142463509146867,0.026227026001770345,0.002694194901904784,0.028383759304399094,0.47284595629460663,0.11942007800631663,1128,Arachidonic acid (20:4n-6),nutrition,620,510,transformer,20260923,name_only
106,0.2365121160972575,0.19220271152213264,0.08085927432103265,0.36748098114074024,0.22709066437440806,0.49453534603380367,1727,Arginine,nutrition,1665,68,transformer,20260923,name_only
107,0.47829781720318865,0.013452769348385062,0.0012014843315076805,0.014238859146833368,0.6549054917651397,0.18085331267779736,102,Ascorbic acid (vitamin C),nutrition,64,38,transformer,20260923,name_only
108,0.7240153481768659,0.7680230329499093,0.9061107154862302,1.7264703224393925,0.7347022652842716,0.0004448818997107687,3606,Ash,nutrition,3554,54,transformer,20260923,name_only
109,0.23165543983390324,0.24108148174011376,0.11714258713667464,0.547846971509221,0.22723251087717514,0.563153965140674,1519,Aspartic acid,nutrition,1499,20,transformer,20260923,name_only
110,0.37814058425578206,0.8505552959474962,1.328396872009496,10.795949981734772,0.3962086756338731,0.1827793462301736,756,Available carbohydrate,nutrition,692,64,transformer,20260923,name_only
111,0.24649229329701092,0.03925801320302138,0.005004417989855355,0.04523052545125065,0.31517665427966984,0.07968741662483929,48,Beta-sitosterol,nutrition,34,14,transformer,20260923,name_only
112,0.2894757550103999,0.008721276755108103,0.0021287184096642634,0.010192607308772625,0.27834940510990025,0.5778101584294664,498,Betaine,nutrition,481,18,transformer,20260923,name_only
113,0.6008798176746287,9.992487900468122e-05,2.079676661868366e-06,0.00010098086153809802,0.6101736084074086,0.5355588968638304,1768,Biotin,nutrition,1594,182,transformer,20260923,name_only
114,0.3270373949657592,0.03890289393754529,0.011105874961235471,0.05095286854511653,0.5765364764318729,0.1935739959478824,2269,Butyric acid (4:0),nutrition,791,1479,transformer,20260923,name_only
115,0.4874015643185612,0.04612579363811436,0.011925233004051971,0.05898897407848927,0.4835067332136894,0.688613296240614,6878,Calcium,nutrition,6755,133,transformer,20260923,name_only
116,0.6894142440832112,0.024463310274467964,0.001961344508692659,0.02593128617621415,0.8254622813899769,0.21324611350953135,36,Campesterol,nutrition,28,8,transformer,20260923,name_only
117,0.28447970808270495,5.186036748917421e-05,1.123756768078992e-07,5.193264929195164e-05,0.9743203278034178,0.08547732155341037,2524,"Carotene, alpha",nutrition,568,1961,transformer,20260923,name_only
118,0.8415689576466928,0.0006278606525914435,4.841233099509689e-06,0.0006308646306480534,1.0738603506955369,0.4940319402381068,3736,"Carotene, beta",nutrition,2264,1494,transformer,20260923,name_only
119,0.7120290319006949,0.6473183332641657,1.3885974033832484,4.606429662863413,0.7255243424830587,0.6243095131153293,15,Cellulose,nutrition,13,2,transformer,20260923,name_only
120,0.5436986494140351,0.2525377368785364,0.2678016156136853,0.958712961685755,0.5436986494140351,,343,Chloride,nutrition,343,0,transformer,20260923,name_only
121,0.4397906834837067,7.482671747954975e-07,8.057953713554935e-12,7.482733121509893e-07,0.6258922267012327,0.19761218519070103,695,Cholecalciferol (vitamin D3),nutrition,393,302,transformer,20260923,name_only
122,0.23255014931808163,0.039426094347704145,0.05864236786154699,0.17428886995362228,0.3201086817259702,0.10635268502889976,3992,Cholesterol,nutrition,2364,1634,transformer,20260923,name_only
123,0.31540452660808194,0.018231812954205288,0.001270626830315614,0.019512952109526503,0.31087006597060485,0.46726773559413326,1897,"Choline, total",nutrition,1842,55,transformer,20260923,name_only
124,3.45786168760073,0.0009860495289584824,1.9254167090403723e-06,0.0009870536341106645,2.8611206761180332,5.109150201082925,278,Chromium,nutrition,204,75,transformer,20260923,name_only
125,0.358379852896808,1.0897951898531735e-06,2.6697584651825034e-11,1.0898096188303516e-06,0.4497774868079627,0.21375522333096353,4402,Cobalamin (vitamin B12),nutrition,2696,1710,transformer,20260923,name_only
126,0.35549534806466365,0.05031623202748587,0.01834981072765645,0.06375302297848463,0.3811652017028899,0.1715280636573755,98,Conjugated linoleic acids (18:2 CLA isomers),nutrition,86,12,transformer,20260923,name_only
127,0.414771912928787,0.00017187766012819036,1.6443562401039593e-06,0.00017274155548747415,0.41147488083337347,0.5373207911422143,5038,Copper,nutrition,4898,151,transformer,20260923,name_only
128,0.28336992538402755,1.9799992463945622e-05,4.8856937575650184e-08,1.9824532694904658e-05,1.0960244170863631,0.030951939376419442,2450,"Cryptoxanthin, beta",nutrition,584,1874,transformer,20260923,name_only
129,0.24192160574948218,0.06760890552542315,0.009022713132706046,0.08099365266359093,0.2376112933628265,0.4820219698061538,1531,Cystine,nutrition,1504,27,transformer,20260923,name_only
130,0.5775089609423579,0.0683420388703314,0.028483982499495304,0.0977487642699444,0.7246621586095119,0.4263783381277891,2996,Decanoic acid (10:0),nutrition,1519,1487,transformer,20260923,name_only
131,0.37751215391163007,0.507581183376415,0.5413758395040726,2.3245953705679496,0.4213147797366645,0.2087382960094459,2543,"Dietary fibre, total",nutrition,2019,524,transformer,20260923,name_only
132,0.24725128110268793,0.032634188151655585,0.019532512252389632,0.06161161098559481,0.7720815229283348,0.03594625551835287,2886,Docosahexaenoic acid (DHA; 22:6n-3),nutrition,829,2058,transformer,20260923,name_only
133,0.577423893417471,0.027846552496591404,0.010589415168763433,0.03868130501307195,0.6513976079356065,0.47914400339689334,1047,Docosanoic acid (22:0),nutrition,594,457,transformer,20260923,name_only
134,0.2717235324513609,0.011229137323514072,0.002499926867284231,0.013523429851074586,0.536571009590126,0.14443595483971408,2934,Docosapentaenoic acid (DPA; 22:5n-3),nutrition,960,1984,transformer,20260923,name_only
135,0.23164053652586242,0.002399064703541003,1.939998719575892e-05,0.002417361362592419,0.3373002258655501,0.11717587307453413,75,Docosatetraenoic acid (22:4; isomer unspecified),nutrition,39,36,transformer,20260923,name_only
136,0.20004792776633024,0.02326268518827274,0.01978397190927368,0.06113788036001417,0.9113841858417612,0.07579207499353857,733,Docosenoic acid (22:1; cis/trans unspecified),nutrition,109,624,transformer,20260923,name_only
137,0.817777122061599,0.14101028744829874,0.1234095812762635,0.343562762619888,0.8582147297287566,0.74989100198984,3352,Dodecanoic acid (12:0),nutrition,2114,1259,transformer,20260923,name_only
138,0.5786799457856602,0.033450753527872384,0.006063707906574537,0.03905996065270758,0.5580168268437573,0.6745241302562945,998,Eicosanoic acid (20:0),nutrition,821,177,transformer,20260923,name_only
139,0.28618523708483307,0.02511811403701678,0.012659969581651196,0.042840166736573856,0.793631081223426,0.07226692548422381,3202,Eicosapentaenoic acid (EPA; 20:5n-3),nutrition,952,2261,transformer,20260923,name_only
140,0.20123272414530016,0.018188769313624474,0.00266924257351155,0.020714807926746952,0.3512099846467687,0.09043871188295402,772,Eicosatetraenoic acid (20:4; isomer unspecified),nutrition,328,444,transformer,20260923,name_only
141,0.22036818794663218,0.005000754698544316,0.00046766009901322736,0.005277709243790395,0.5360449431763812,0.027328445539951177,224,Eicosatrienoic acid (20:3; isomer unspecified),nutrition,85,139,transformer,20260923,name_only
142,0.38879373238485765,0.0038978746351669845,0.00010333755646107624,0.00395456467142888,0.7472069261282545,0.04158095094594201,63,Eicosatrienoic acid (20:3n-3),nutrition,31,32,transformer,20260923,name_only
143,0.3787486628103022,0.008233976163258978,0.00033290331941110434,0.008426795046420485,0.5488333100513701,0.10429389112585148,230,Eicosatrienoic acid (20:3n-6),nutrition,142,88,transformer,20260923,name_only
144,0.4810565673174076,0.048441633271668706,0.018854954450961612,0.07049740344268288,0.5518709434895082,0.3464619327851903,2654,Eicosenoic acid (20:1; isomer unspecified),nutrition,1766,897,transformer,20260923,name_only
147,0.016369867300973284,0.04665934166756773,0.12232687000461599,0.26201038069031585,0.8132387855205554,4.3772391108675706e-05,3138,Ethanol,nutrition,63,3075,transformer,20260923,name_only
148,0.41985667845335095,0.7291074628119164,0.932443745831915,7.2048573973218355,0.4180857690017148,0.44548675864851717,4833,"Fat, total",nutrition,4648,196,transformer,20260923,name_only
149,0.43075637632990144,0.5620696893186568,0.5730106946063404,2.9137494513998066,0.43114437568049135,0.41604053111908584,3886,"Fatty acids, total monounsaturated",nutrition,3669,225,transformer,20260923,name_only
150,0.4698873499443727,0.43144081087422664,0.3762921655773832,1.570902869865503,0.4764192847111655,0.3316892936824663,3896,"Fatty acids, total polyunsaturated",nutrition,3719,181,transformer,20260923,name_only
151,0.46977524022987777,0.5624139168491,0.5941585704868843,2.9916789729227613,0.4622441329773656,0.6021072616167518,4023,"Fatty acids, total saturated",nutrition,3826,205,transformer,20260923,name_only
152,0.39545619609269483,0.1231494690708457,0.06272122792578674,0.2245491121550726,0.49027646722182516,0.2318361003303351,1172,"Fatty acids, total trans",nutrition,742,430,transformer,20260923,name_only
153,0.4716385827952906,0.1232182706497729,0.06743392378226219,0.2301443004357784,0.5098986133227955,0.24411893459172745,521,"Fatty acids, total trans-monoenoic",nutrition,446,75,transformer,20260923,name_only
154,0.4378801259977725,0.038653507842830274,0.011810208537409482,0.05310708997256205,0.4623577435450827,0.35582182717250377,457,"Fatty acids, total trans-polyenoic",nutrition,352,105,transformer,20260923,name_only
155,0.4753803451487993,2.9192854578736055e-05,6.6843371353978365e-09,2.9197451962989487e-05,0.4859161591980853,0.36102130491723194,3170,"Folate, food",nutrition,2907,264,transformer,20260923,name_only
156,0.5360672462825925,4.132233920896389e-05,1.436436535473711e-08,4.133111570571647e-05,0.5364857904195286,0.5307789043980063,3886,"Folate, total",nutrition,3601,285,transformer,20260923,name_only
157,0.4301998488826587,3.223965725935575e-05,1.3214387045569311e-08,3.22475885158464e-05,0.5707184745945302,0.2962200010517585,3100,Folic acid,nutrition,1538,1776,transformer,20260923,name_only
158,0.407783477349712,0.31010151627915394,0.2682613851988301,0.9076183584619741,0.5166160373886668,0.14327312857690355,1959,Fructose,nutrition,1388,572,transformer,20260923,name_only
159,0.21526226852193325,0.02760525348802489,0.014061398126524467,0.043098205798256316,0.9002306964583364,0.04927784651001511,1460,Galactose,nutrition,285,1176,transformer,20260923,name_only
160,0.42685702608867465,0.33326294459452716,0.291260938645903,0.9533201407585659,0.5190018920430699,0.12475338304569752,2003,Glucose,nutrition,1535,469,transformer,20260923,name_only
161,0.22788362007754565,0.35210708285936904,0.2208010743075358,1.0637012307894587,0.22443907828642531,0.5220092163526507,1555,Glutamic acid,nutrition,1537,18,transformer,20260923,name_only
162,0.2485835965477426,0.16780204167998375,0.06171162692522621,0.2942633820452961,0.23801274095803174,0.5200167226376767,1713,Glycine,nutrition,1650,71,transformer,20260923,name_only
165,0.43030607492007295,0.036312150782102794,0.005315139928918899,0.040871880149763146,0.4496220390708237,0.36965820536103966,1138,Heptadecanoic acid (17:0),nutrition,858,282,transformer,20260923,name_only
166,0.40307648595487156,0.021162860846342953,0.002987257306930322,0.02327216877499557,0.4780872208003681,0.287357180527259,880,Heptadecenoic acid (17:1; isomer unspecified),nutrition,538,347,transformer,20260923,name_only
167,0.41841558347462254,0.4098035559862016,0.32418653240741546,1.386326507537984,0.417427602680861,0.4454829911714792,3436,Hexadecanoic acid (16:0),nutrition,3315,121,transformer,20260923,name_only
168,0.417327248876263,0.09606099322850553,0.03972765315653412,0.15372364400075736,0.4173992832887354,0.416977641861064,878,Hexadecenoic acid (16:1; cis/trans unspecified),nutrition,728,150,transformer,20260923,name_only
169,0.2933426742606279,0.030591648011351183,0.00645526608598195,0.0371637322500198,0.54768814335945,0.1830610868837962,2651,Hexanoic acid (6:0),nutrition,802,1855,transformer,20260923,name_only
170,0.2548729431912932,0.12587010027818057,0.031243934491666504,0.18561107266482496,0.2521211292635562,0.3865063244904949,1562,Histidine,nutrition,1534,30,transformer,20260923,name_only
171,0.18867947369855234,0.04891241495546719,0.0066093752556690595,0.05858131339946045,0.21437683082591388,0.09969758036201677,299,Hydroxyproline,nutrition,232,67,transformer,20260923,name_only
172,0.38749424463714444,0.5341225805004896,0.4403952413571843,2.3242144634224564,0.3986895727257583,0.17478301095348087,20,Insoluble dietary fibers,nutrition,19,1,transformer,20260923,name_only
173,0.4365061958908414,0.0019219539160112967,3.614175732506401e-05,0.0019440312134016014,0.43486539917971145,0.495071985826593,5716,Iron,nutrition,5552,171,transformer,20260923,name_only
174,0.23023530762574096,0.15745928895691821,0.046527046852509024,0.25766706210292595,0.22568310494331947,0.46178456143557634,1564,Isoleucine,nutrition,1536,30,transformer,20260923,name_only
175,0.6316687695370287,0.2419838351246322,0.13596660892143209,0.46320582969586055,0.6316687695370287,,15,Isomeric linoleic acids (18:2),nutrition,15,0,transformer,20260923,name_only
176,0.9825111924598351,0.14181286380158162,0.07513529125885876,0.21060153899769135,1.238208578555162,0.6172292123236539,17,Isomeric linolenic acids (18:3),nutrition,10,7,transformer,20260923,name_only
177,0.2245283307423235,0.2075018229428986,0.1737916743002462,0.5287867050239807,0.5326251040848434,0.08089053432225088,1909,Lactose,nutrition,610,1302,transformer,20260923,name_only
178,0.224765569173611,0.2202402473314202,0.08987638117463359,0.4449253471939803,0.22169706335517297,0.46134736777518554,1562,Leucine,nutrition,1542,20,transformer,20260923,name_only
179,1.9904165672996763,1.3991256845092253,2.903205319779191,8.520787643825306,1.7626358912506856,2.7307037644588945,17,Lignin,nutrition,13,4,transformer,20260923,name_only
180,0.45786706217836665,0.3485175713726302,0.27716118260533373,1.439407421593198,0.46170273550658186,0.36249156961332396,1345,Linoleic acid (18:2n-6),nutrition,1293,52,transformer,20260923,name_only
181,0.5880401659681784,0.0003327553003137401,1.7020831510769232e-06,0.0003339335125772935,0.6691278192071011,0.38922099947892025,1277,Lutein + zeaxanthin,nutrition,908,370,transformer,20260923,name_only
182,0.10259972201139651,0.0002647628527233675,2.7344478251008064e-06,0.0002661408772071953,0.9692982406136764,0.00011707178324224541,2090,Lycopene,nutrition,221,1870,transformer,20260923,name_only
183,0.26652410266566734,0.22410873224336966,0.08932893962165898,0.4530115217726728,0.2628204004701266,0.5272984072516949,1571,Lysine,nutrition,1549,22,transformer,20260923,name_only
184,0.33155180478237395,0.02121892819779304,0.002622710065135324,0.023437107655829507,0.3278679389211703,0.5577375540930819,6213,Magnesium,nutrition,6111,107,transformer,20260923,name_only
185,0.4147152076933756,0.1666355706172432,0.10599548381782896,0.2952261272376463,0.6894854664398959,0.195309686173434,1924,Maltose,nutrition,862,1069,transformer,20260923,name_only
186,0.5096879009538806,0.0005139689258894254,8.325827039025513e-06,0.0005184960681548407,0.49734221486429114,0.8026602580733705,3266,Manganese,nutrition,3135,142,transformer,20260923,name_only
188,0.34143913770228623,2.907015981973339e-06,1.396515100922906e-11,2.9070278529142803e-06,0.37937681966920694,0.0,10,Menaquinone-4,nutrition,9,1,transformer,20260923,name_only
189,0.2485921404633195,0.10026667822199468,0.019412946896720146,0.13598414171980894,0.24370240553108008,0.4589137223551776,1570,Methionine,nutrition,1537,35,transformer,20260923,name_only
190,0.5903991484185821,3.0430793370129228e-05,1.0436429042914879e-08,3.0436960371907828e-05,0.6188357560349425,0.44999339831280294,190,Molybdenum,nutrition,158,32,transformer,20260923,name_only
191,0.40216944552414946,0.001746055870595379,1.2720381649368763e-05,0.0017556630516862338,0.40382398892688237,0.36042068512629827,5427,Niacin,nutrition,5212,218,transformer,20260923,name_only
192,0.3918473599237827,0.0024039237737920435,2.7782868762367122e-05,0.0024247117607698824,0.3864050078622102,0.4873044873529515,1168,Nicotinic acid,nutrition,1105,63,transformer,20260923,name_only
193,0.43901468539687727,0.3169308639376668,0.25873183037900516,1.3841244402815152,0.4337202851619129,0.5898196985411835,914,Octadecadienoic acid (18:2; isomer unspecified),nutrition,883,31,transformer,20260923,name_only
194,0.43642685072184256,0.2840331288854701,0.18212798888573725,0.6923352286258041,0.43847520997577544,0.39160867226978346,3429,Octadecanoic acid (18:0),nutrition,3233,203,transformer,20260923,name_only
195,0.10625631341157071,0.007574017936032115,0.0035720685280199675,0.011680803764226172,0.836834841748402,0.03364529759827708,719,Octadecatetraenoic acid (18:4; isomer unspecified),nutrition,65,654,transformer,20260923,name_only
196,0.5179413756992116,0.09378891922693501,0.036200472099733025,0.14775971308600577,0.5052508032914331,0.6594241086237689,899,Octadecatrienoic acid (18:3; isomer unspecified),nutrition,825,74,transformer,20260923,name_only
197,0.3784385370623462,0.45512025315287363,0.3976365174950725,2.5639806630465207,0.37753125726428416,0.4011723765737877,912,Octadecenoic acid (18:1; cis/trans unspecified),nutrition,877,35,transformer,20260923,name_only
198,0.4771039722074924,0.05128406481858521,0.01892037036082827,0.07080928928513862,0.7224774919365947,0.32683360034182174,2755,Octanoic acid (8:0),nutrition,1049,1716,transformer,20260923,name_only
199,0.5183990846762573,0.000752661071662673,7.647889943832426e-06,0.0007569936802404695,0.4952942953064705,0.8932510095754469,2974,Pantothenic acid (vitamin B5),nutrition,2796,184,transformer,20260923,name_only
200,0.49861167033159876,0.025714128444993736,0.004436557682356253,0.029087926820093854,0.5116644121782495,0.47313514559286135,1081,Pentadecanoic acid (15:0),nutrition,712,374,transformer,20260923,name_only
201,0.07562543566211077,0.0022904163685814657,0.0006231972131001744,0.0026645959933751383,0.970946797136347,0.004796484551962641,777,Pentadecenoic acid (15:1; isomer unspecified),nutrition,58,721,transformer,20260923,name_only
202,0.22079503105003898,0.15525594723213185,0.046279097364469494,0.24986689713276689,0.21659775747967328,0.44060841155703123,1573,Phenylalanine,nutrition,1546,29,transformer,20260923,name_only
203,0.3024409033807039,0.07142034570544506,0.012726818831333687,0.08644942884788222,0.2993577116875744,0.42485146446811245,5470,Phosphorus,nutrition,5336,140,transformer,20260923,name_only
204,0.2792822281337723,0.02519021706134133,0.0024400911166259026,0.028214282964353597,0.35920175264437154,0.18337879872105312,66,Phytosterols,nutrition,36,30,transformer,20260923,name_only
205,0.30348060806893096,0.12076686436257524,0.040605520409506976,0.1803042762140942,0.2985469524677644,0.6085364394372724,5513,Potassium,nutrition,5424,95,transformer,20260923,name_only
206,0.23495292227793613,0.19750358915415156,0.06720310854617836,0.3472673324825002,0.2320573230875432,0.41858217093535405,1546,Proline,nutrition,1522,24,transformer,20260923,name_only
207,0.28233467438561777,0.5854865505929282,0.6562842648045014,4.995561086085688,0.2784993986190838,0.375861602503421,4633,"Protein, total",nutrition,4456,179,transformer,20260923,name_only
208,0.44868342198873695,9.981444990035666e-05,7.716108123919155e-07,0.0001002053528120339,0.6369793630186253,0.24854279280957034,5057,Retinol,nutrition,2616,2474,transformer,20260923,name_only
209,0.3995983190242854,0.00013850891463401942,1.2282014198893894e-07,0.000138581176938547,0.40406667761673287,0.3036952686820048,4691,Riboflavin (vitamin B2),nutrition,4480,212,transformer,20260923,name_only
210,0.4263008631783175,9.596251492164934e-06,1.5814324339137383e-09,9.597111405212754e-06,0.43953540419187515,0.25200232052078064,4249,"Selenium, Se",nutrition,3964,318,transformer,20260923,name_only
211,0.22170656572830136,0.16035993964979048,0.04858367222420093,0.260344990676147,0.21714544736990588,0.5368383795810812,1542,Serine,nutrition,1520,22,transformer,20260923,name_only
212,0.4647992485021965,0.13864795808827188,0.08754613781740625,0.28884303086195773,0.4654071088410864,0.429253914331787,4705,Sodium,nutrition,4592,127,transformer,20260923,name_only
213,0.28276416551935546,0.282764163000871,0.1853111124274112,0.5038157231294785,0.22672168983088442,0.3574874664373168,14,Sorbitol,nutrition,8,6,transformer,20260923,name_only
214,0.38903093219414964,1.0051583092005567,2.0464020080098337,10.940719922845506,0.42939484729627664,0.3233806979884729,1292,Starch,nutrition,865,458,transformer,20260923,name_only
215,0.04572332699747421,0.015216112643145752,0.006282141950131275,0.019059244234065957,0.8854289565173484,0.001528293864849248,140,Stearidonic acid,nutrition,7,133,transformer,20260923,name_only
216,0.5182073421990073,0.008212483463274009,0.00013946794768794678,0.008361984879719968,0.5601445541471218,0.4483119889521501,48,Stigmasterol,nutrition,30,18,transformer,20260923,name_only
217,0.5468759595308397,0.6040674649360401,0.9589093260612752,4.4344867141844375,0.6568368127540476,0.2694613061746889,1021,Sucrose,nutrition,742,296,transformer,20260923,name_only
218,0.4623471689222508,0.6869854844909521,0.9144960527772938,7.545536888491138,0.46927754297373075,0.4087792395947206,3185,"Sugars, total",nutrition,2821,368,transformer,20260923,name_only
219,0.39711669075064376,0.0992018990429281,0.01608890001429582,0.11893843525528909,0.39711669075064376,,20,Sulfur,nutrition,20,0,transformer,20260923,name_only
220,0.5511456089813506,0.017518969559961874,0.0031712444734059504,0.019854411159656565,0.5585389551525164,0.5418469747212566,806,Tetracosanoic acid (24:0),nutrition,449,357,transformer,20260923,name_only
221,0.6129525611756909,0.18512867821258,0.12127457975991225,0.3790880965293822,0.6288727940720119,0.5240529808286325,3308,Tetradecanoic acid (14:0),nutrition,2814,501,transformer,20260923,name_only
222,0.3563188778794667,0.023425563397828093,0.005115231357542511,0.027306852649084085,0.4750713131424316,0.19696906035721806,1002,Tetradecenoic acid (14:1; isomer unspecified),nutrition,577,430,transformer,20260923,name_only
223,0.4253850036163336,0.000122479022126451,1.213502495368551e-07,0.0001225552829290237,0.4234031479143894,0.46373447217588837,5049,Thiamin (vitamin B1),nutrition,4783,272,transformer,20260923,name_only
224,0.23059296458884332,0.1481992577555817,0.04265916041538732,0.23630048430893633,0.22732378440189377,0.4591383794764971,1560,Threonine,nutrition,1538,22,transformer,20260923,name_only
225,0.42476252467117037,6.250843328710416e-05,6.838511632798213e-08,6.25492490442374e-05,0.5182719075372046,0.25490682421870386,1452,"Tocopherol, beta",nutrition,938,515,transformer,20260923,name_only
226,0.49527069110519856,0.00023114664163620497,1.699805170965752e-06,0.00023205420982011214,0.7016061843770132,0.22089592029247337,1454,"Tocopherol, delta",nutrition,830,625,transformer,20260923,name_only
227,0.6520013739457003,0.0013199313444881293,1.952581825486738e-05,0.0013338759865499385,0.6994272120228388,0.4525828007082155,1548,"Tocopherol, gamma",nutrition,1249,300,transformer,20260923,name_only
228,0.5828065718309107,0.00010122159769681545,2.5935988597589664e-07,0.00010135816721120113,0.6883608374566272,0.37593230911460646,1033,"Tocotrienol, alpha",nutrition,684,349,transformer,20260923,name_only
229,0.27489727370606787,0.00010973410251251318,6.661671870289239e-08,0.00010977384743078659,0.6632177933184725,0.1863682433281103,237,"Tocotrienol, beta",nutrition,44,193,transformer,20260923,name_only
230,0.033173746268682996,4.576400638756974e-06,7.965737484690722e-10,4.576799085503529e-06,0.5939866515212949,0.000333350916052573,235,"Tocotrienol, delta",nutrition,13,222,transformer,20260923,name_only
231,0.3495867308561221,6.704816805756107e-05,7.602817156505493e-08,6.708712121212721e-05,0.8103853462927659,0.04892380447192891,233,"Tocotrienol, gamma",nutrition,92,141,transformer,20260923,name_only
232,0.05585929763587344,0.0006001053356484073,1.3365089045484013e-05,0.000606844566142791,1.2101474426955179,0.00036467527723668686,109,Tridecanoic acid (13:0),nutrition,5,104,transformer,20260923,name_only
233,0.25916442846846904,0.05660888223396336,0.007048698889959546,0.06633598830033595,0.2543359156532645,0.3535380991736742,2819,Tryptophan,nutrition,2687,138,transformer,20260923,name_only
234,0.23425666959166622,0.13433087598450177,0.034698169357903215,0.20134564495523447,0.22991013838326207,0.45160941476078265,1553,Tyrosine,nutrition,1525,30,transformer,20260923,name_only
235,0.22428993671020694,0.16864067226782334,0.053975063917069584,0.2865179226935252,0.22028983062118257,0.49264487998692913,1566,Valine,nutrition,1543,23,transformer,20260923,name_only
236,0.38191565019764584,0.00013194649277742181,1.1504505889431448e-07,0.00013202407019853655,0.3834725563914151,0.3560320847262322,282,Vitamin B6 - Pyridoxin,nutrition,266,16,transformer,20260923,name_only
237,0.38338854544598316,7.790702371890409e-07,3.544612606454798e-11,7.790901174066307e-07,0.5550312409702487,0.24703406880222403,4761,Vitamin D (D2 + D3),nutrition,2118,2658,transformer,20260923,name_only
238,0.17728551192689926,1.100872365153564e-07,8.384274988777571e-13,1.100876606665363e-07,0.8327154072222578,0.033806530613827615,1168,Vitamin D2 (ergocalciferol),nutrition,212,957,transformer,20260923,name_only
239,0.33642205325656926,1.0309112571231784,1.458369540500988,36.16719382622585,0.3378088452993337,0.1888987147787598,5247,Water,nutrition,5198,51,transformer,20260923,name_only
241,0.40827731089423297,0.0010311667322405855,6.821159236901595e-06,0.0010359433445372727,0.40513563407746866,0.5500396207801246,5536,Zinc,nutrition,5410,148,transformer,20260923,name_only
242,0.35727303131902566,0.015192635937094435,0.001537059328923617,0.016335837242102,0.509488102291916,0.19499415400082037,250,"cis,cis-Eicosadienoic acid (20:2n-6)",nutrition,129,121,transformer,20260923,name_only
243,0.5382578255370484,0.007577042732713089,0.0004576251419702758,0.007840734789331704,0.525341764992996,0.5527394691773494,70,cis-Docosenoic acid (22:1 cis),nutrition,37,33,transformer,20260923,name_only
244,0.20575354540632254,0.04761369734443984,0.005051745253643028,0.057902954482880215,0.20001631815628543,0.3248010108445929,87,cis-Hexadecenoic acid (16:1 cis),nutrition,83,4,transformer,20260923,name_only
245,0.28863527985251447,0.4142729034455131,0.36587733677554657,2.8868341372576025,0.28863527985251447,,153,cis-Octadecenoic acid (18:1 cis),nutrition,153,0,transformer,20260923,name_only
246,0.3005930061566208,0.0037455805410626457,0.00011727505578050775,0.0038655348611145606,0.4405238879046145,0.21496366060934108,108,cis-Tetracosenoic acid (24:1 cis),nutrition,41,67,transformer,20260923,name_only
247,0.5315256428644313,0.041207361132189535,0.004702315382641658,0.044453024135813826,0.44831975768361837,1.321981552082154,21,"trans,trans-Linoleic acid (18:2 trans,trans)",nutrition,19,2,transformer,20260923,name_only
248,0.08091477780200214,0.00012286997210056007,1.5727229992652723e-07,0.00012294864763408422,0.7742402021815782,0.005553318630309073,51,trans-Docosenoic acid (22:1 trans),nutrition,5,46,transformer,20260923,name_only
249,0.24034683688198136,0.006840654274206464,0.00015354806875039537,0.007009785113623365,0.3309058754848548,0.04629175416153826,66,trans-Hexadecenoic acid (16:1 trans),nutrition,45,21,transformer,20260923,name_only
250,0.3111246455622709,0.029146692288382497,0.002997637141696135,0.033384569102558305,0.3278572158837024,0.11870008686580806,75,trans-Linoleic acid (18:2; isomer unspecified),nutrition,69,6,transformer,20260923,name_only
251,0.3901723083701051,0.1748582638144119,0.13950495077864355,0.47397066312176234,0.37467850875766057,0.47841960181489773,154,trans-Octadecenoic acid (18:1 trans),nutrition,131,23,transformer,20260923,name_only
2,0.3626819854217385,0.17187138028136578,0.05525258503841462,0.3406005949195888,0.3626819854217385,,18,Acetic acid,food_metabolome,18,0,transformer,20260924,completion
7,0.4482762625245889,0.0019718287211039115,8.300564170985098e-05,0.002014070674811305,1.2127487536044823,0.0507505671630444,38,Apigenin,food_metabolome,13,25,transformer,20260924,completion
9,0.8622812649135398,0.00103740453596171,4.134589196355434e-06,0.001042541088625769,0.8622812649135398,,13,Benzoic acid,food_metabolome,13,0,transformer,20260924,completion
11,0.612452170476877,0.0022721875995002443,2.062355423659188e-05,0.0022876457158136567,0.649636636284645,0.2034230465914281,12,Cadaverine,food_metabolome,11,1,transformer,20260924,completion
12,0.9714196463284865,0.06457076613362797,0.043401847991674854,0.10588771515781747,0.9179659509164542,1.4168671080954234,28,Caffeic acid,food_metabolome,25,3,transformer,20260924,completion
13,0.07410235960662441,0.0025637304917530256,0.0010931658028897132,0.003317105793533081,0.8684641335622383,5.295419047539116e-05,1962,Caffeine,food_metabolome,168,1795,transformer,20260924,completion
15,0.6185989206657238,0.009924084905893209,0.0021380457019666657,0.011102815579208983,0.741179457266018,0.3325776685983704,30,Catechin,food_metabolome,21,9,transformer,20260924,completion
16,0.14725276138251597,0.010154165436197017,0.0005277874963276089,0.011130575191284922,0.1495287417332119,0.03497106408151644,755,Choline,food_metabolome,740,15,transformer,20260924,completion
18,0.26450383875227346,0.11824401118346055,0.0390971530024726,0.17595792234287813,0.26450383875227346,,52,Citric acid,food_metabolome,52,0,transformer,20260924,completion
21,0.6237785734589405,0.005450804746848542,7.311031334403377e-05,0.0055259589520405645,0.685798696852286,0.536950400708257,12,Cyanidin,food_metabolome,7,5,transformer,20260924,completion
22,0.6487320759430506,0.005601503233720086,8.790340437153439e-05,0.005676956116411398,0.6595669610440539,0.6198390490070418,11,Daidzein,food_metabolome,8,3,transformer,20260924,completion
24,0.5374648030052844,0.0033001143572226836,5.717814573174025e-05,0.0033494470530481294,1.2262707592051922,0.0017268370720228436,16,Delphinidin,food_metabolome,7,9,transformer,20260924,completion
25,2.7411871710489084,0.1247082086494509,0.061127687778699556,0.1617469205301876,2.7411871710489084,,5,Ellagic acid,food_metabolome,5,0,transformer,20260924,completion
26,0.3827409763209825,0.0008804246406464736,8.156637013902833e-06,0.0008845541596093838,1.26516728457061,0.029770453021131564,28,Epigallocatechin,food_metabolome,8,20,transformer,20260924,completion
28,0.6246463842192449,0.010003255679659349,0.0004616867465081209,0.010400566198183617,0.6712343178047638,0.0655911811930175,26,Ferulic acid,food_metabolome,24,2,transformer,20260924,completion
33,1.5886025348631,0.2203311325587559,0.3592031194709486,0.6307413125045715,1.9973584739331292,0.055767763350491315,19,Gallic acid,food_metabolome,15,4,transformer,20260924,completion
35,1.0063999050474652,0.010530050696246629,0.0014658645010031186,0.011416312398111682,1.0042612832514817,1.0620040717430395,27,Genistein,food_metabolome,26,1,transformer,20260924,completion
43,0.486840097654028,0.0015600478893174829,9.185494122977111e-06,0.00156554231667856,1.08390128087859,0.16117036134972157,17,Glycitein,food_metabolome,6,11,transformer,20260924,completion
47,0.698587938513028,0.001231325256007755,1.6115900949370522e-05,0.0012396345097876078,0.7186437227469532,0.03674705879349424,34,Histamine,food_metabolome,33,1,transformer,20260924,completion
50,0.8186834193222164,0.0069851730023677856,0.000315270234407633,0.007148692033104185,2.05903430500526,0.07447288791239023,16,Isorhamnetin,food_metabolome,6,10,transformer,20260924,completion
51,0.7729031708145412,0.002718590405057255,3.476308729985521e-05,0.002737179790615401,1.1652068155940511,0.305156517423587,57,Kaempferol,food_metabolome,31,26,transformer,20260924,completion
52,0.152887596844961,0.12387571688560894,0.0306393617462876,0.21346600900525636,0.152887596844961,,23,Lactic acid,food_metabolome,23,0,transformer,20260924,completion
53,0.8488797609762783,0.00017555977746820138,1.1249052747407623e-07,0.00017561616519114252,0.8488797609762783,,4,Lariciresinol,food_metabolome,4,0,transformer,20260924,completion
54,0.5037840357604713,0.0008833364924849088,3.3673765553193923e-06,0.0008854378787206987,0.5037840357604713,,14,Lutein,food_metabolome,14,0,transformer,20260924,completion
55,0.5859822261336981,0.005777554705939703,0.00045957271696514377,0.006019651545598764,1.3628242418791687,0.048168522925295304,44,Luteolin,food_metabolome,18,26,transformer,20260924,completion
56,0.2462924073348919,0.09955822763364483,0.026346415405943877,0.15050858973848577,0.2462924073348919,,49,Malic acid,food_metabolome,49,0,transformer,20260924,completion
58,1.3707607061390292,0.00013537254196769759,8.922717152220396e-08,0.00013541718459521133,1.7134508826737866,0.0,5,Matairesinol,food_metabolome,4,1,transformer,20260924,completion
61,0.5353108887935839,0.001166606403457156,1.0478526857473478e-05,0.0011722211804079746,0.7864896541788449,0.2123667618696767,48,Myricetin,food_metabolome,27,21,transformer,20260924,completion
62,0.43543959334666554,0.016355613698696824,0.0031443353208959676,0.019183371136234747,1.000250848276681,0.10596636130415661,19,Naringenin,food_metabolome,7,12,transformer,20260924,completion
65,0.3834838924954991,0.033710023766123934,0.003251361095492172,0.041883594399162685,0.3834838924954991,,4,Oxalic acid,food_metabolome,4,0,transformer,20260924,completion
66,0.43945649949714977,0.0004849068722124831,3.074809481658162e-06,0.00048769353941481705,0.5183795313942366,0.407887286738315,14,Pelargonidin,food_metabolome,4,10,transformer,20260924,completion
67,0.29162901767929467,0.0009940311831539152,6.5608370199373805e-06,0.0009983110697169635,0.9458721545537547,0.0008542901795346503,13,Peonidin,food_metabolome,4,9,transformer,20260924,completion
72,0.7743769124812199,6.222820072654148e-05,7.72709706147409e-09,6.223218676482581e-05,0.7743769124812199,,4,Pinoresinol,food_metabolome,4,0,transformer,20260924,completion
77,0.2978152378764878,0.0016081167527987174,1.1835918664850555e-05,0.00164043733398444,0.2978152378764878,,17,Putrescine,food_metabolome,17,0,transformer,20260924,completion
79,0.5333472377388261,0.004361165531374806,8.952315849612245e-05,0.0044420149401678205,0.5963437790462782,0.3332405771151548,71,Quercetin,food_metabolome,54,17,transformer,20260924,completion
82,0.39675905339892586,0.3384172044517919,0.27122125208275744,0.6446576214007412,0.5938272275463565,0.002622705104064753,6,Rosmarinic acid,food_metabolome,4,2,transformer,20260924,completion
83,1.0465314474217595,0.00011308624348473249,2.334601638737265e-08,0.00011310009027296083,1.0465314474217595,,5,Secoisolariciresinol,food_metabolome,5,0,transformer,20260924,completion
88,0.11884388491734268,0.00038820599133516497,3.578665929354995e-07,0.00038851750778977557,0.12325054528296556,0.07477728126111423,11,Spermine,food_metabolome,10,1,transformer,20260924,completion
90,1.0511704594377727,0.0076583591870536755,0.0002822824161403734,0.00781469848666253,1.1727381454415398,0.6459448394252157,13,Syringic acid,food_metabolome,10,3,transformer,20260924,completion
91,0.27895758060808723,0.14756143615457698,0.053194350132100464,0.38138742229938505,0.27895758060808723,,5,Tartaric acid,food_metabolome,5,0,transformer,20260924,completion
92,0.19462399116584306,0.0011722873682021206,1.0326139120339901e-05,0.0011874965656056727,0.19462399116584306,,9,Taurine,food_metabolome,9,0,transformer,20260924,completion
93,0.029001201312896387,0.004415173699868767,0.0007690371527356295,0.005873480327177525,0.3477275370496172,0.009157633302841596,1928,Theobromine,food_metabolome,113,1815,transformer,20260924,completion
96,0.12075152173236729,0.0005752821027151719,8.865912722624084e-07,0.0005780683605689444,0.127994497966726,0.0772936643262151,21,Tyramine,food_metabolome,18,3,transformer,20260924,completion
98,0.24365650959327215,0.0005748085695524923,1.0714689684161192e-06,0.0005770930163816382,0.27493032723978167,0.10292433018397915,11,Vanillic acid,food_metabolome,9,2,transformer,20260924,completion
103,0.6545383336599075,0.0057340893396979455,0.00020828337116884834,0.005858012137430197,0.7439747816541021,0.1179196456947406,28,p-Coumaric acid,food_metabolome,24,4,transformer,20260924,completion
104,0.0520211507272966,0.04041259226728803,0.005212647155168584,0.08058060086772537,0.05270328937567582,0.004736539873737178,1547,Alanine,nutrition,1525,22,transformer,20260924,completion
105,0.15453839625155297,0.014767760332333412,0.0012779025415411993,0.016513350558695194,0.2411796860325739,0.05001913080897625,1128,Arachidonic acid (20:4n-6),nutrition,620,510,transformer,20260924,completion
106,0.0715619779049261,0.05885789146687944,0.011060674407545051,0.12576267185421008,0.07186153196338434,0.06260926410907182,1727,Arginine,nutrition,1665,68,transformer,20260924,completion
107,0.2945923621465651,0.0062211124422057095,0.00016058818748137906,0.006407357753142426,0.4247861994760577,0.07531853085478797,102,Ascorbic acid (vitamin C),nutrition,64,38,transformer,20260924,completion
108,0.10928614112423107,0.11389237161655895,0.048313808653218264,0.49507073633019344,0.11044290638646585,0.03267566144967724,3606,Ash,nutrition,3554,54,transformer,20260924,completion
109,0.05493500297527679,0.05717024366682363,0.009585903950553212,0.13690215857976726,0.054996191669023864,0.050348910378933874,1519,Aspartic acid,nutrition,1499,20,transformer,20260924,completion
110,0.10057660481863355,0.23271050762926254,0.17069846660126733,3.2329003645120493,0.10905213272494113,0.008934959331682724,756,Available carbohydrate,nutrition,692,64,transformer,20260924,completion
111,0.1447949162985371,0.02392271753237286,0.005107515477632239,0.028010767381120516,0.19733267748168748,0.017203210568029065,48,Beta-sitosterol,nutrition,34,14,transformer,20260924,completion
112,0.19592100528204767,0.006839500801680977,0.0020445339238823594,0.00825288962316576,0.1913237703955341,0.3093901656011908,498,Betaine,nutrition,481,18,transformer,20260924,completion
113,0.4012491319554918,9.553102221089186e-05,2.063148477998228e-06,9.658618832539122e-05,0.4124476681336497,0.29998258063614824,1768,Biotin,nutrition,1594,182,transformer,20260924,completion
114,0.10168958700602881,0.014262020985859408,0.002511535382520627,0.01960515073791127,0.2500708380641614,0.022384400132076127,2269,Butyric acid (4:0),nutrition,791,1479,transformer,20260924,completion
115,0.3246602304594602,0.032846828416096686,0.008334941199037568,0.044189369109633364,0.32571212817076595,0.2876645550071774,6878,Calcium,nutrition,6755,133,transformer,20260924,completion
116,0.29623254546605376,0.00899257933402744,0.0006540117086801749,0.009531516783869397,0.35034853336680966,0.1068265878134083,36,Campesterol,nutrition,28,8,transformer,20260924,completion
117,0.27536415722511254,4.8655808144785725e-05,1.2571490724973064e-07,4.8718751030052266e-05,1.22825353692254,0.00019246182367544314,2524,"Carotene, alpha",nutrition,568,1961,transformer,20260924,completion
118,0.4371856874059002,0.00034027542806642,3.686913130516414e-06,0.000342595711131934,0.6712401718399055,0.08469939181172008,3736,"Carotene, beta",nutrition,2264,1494,transformer,20260924,completion
119,0.5249615898626032,0.48711203642461476,0.9494799152536826,4.711370078404744,0.5105776315787176,0.6184573187078601,15,Cellulose,nutrition,13,2,transformer,20260924,completion
120,0.19135765197440394,0.0848671521153492,0.020703357476386422,0.3612359797803417,0.19135765197440394,,343,Chloride,nutrition,343,0,transformer,20260924,completion
121,0.2810527166215542,6.299350043194297e-07,9.62551340706031e-12,6.299423026282112e-07,0.4324092649186129,0.08408873158597774,695,Cholecalciferol (vitamin D3),nutrition,393,302,transformer,20260924,completion
122,0.12463352256727311,0.029437357817950472,0.05661687472028241,0.16374701665361505,0.2039713419119299,0.009606674816989407,3992,Cholesterol,nutrition,2364,1634,transformer,20260924,completion
123,0.13365373374551742,0.008153079384720034,0.00037718491249481655,0.008914971227043864,0.1359090184414887,0.058122199018624636,1897,"Choline, total",nutrition,1842,55,transformer,20260924,completion
124,0.38323430884879656,4.878761104549187e-05,8.229091666218511e-08,4.884363986144271e-05,0.47032932073905803,0.15166034302328674,278,Chromium,nutrition,204,75,transformer,20260924,completion
125,0.1759117579695726,6.856415845576383e-07,1.346416559306287e-11,6.856534878851999e-07,0.2782483957566078,0.014230452264484508,4402,Cobalamin (vitamin B12),nutrition,2696,1710,transformer,20260924,completion
126,0.12919874356149105,0.015192308532929506,0.0011612052782572057,0.021072542987093656,0.13824656235919722,0.06435604217793033,98,Conjugated linoleic acids (18:2 CLA isomers),nutrition,86,12,transformer,20260924,completion
127,0.2562853694412651,0.00012663922427433468,1.582401252926545e-06,0.0001274888521561828,0.25867377234886124,0.1885498390451677,5038,Copper,nutrition,4898,151,transformer,20260924,completion
128,0.25872418750969894,1.9545886161351977e-05,4.899125755585194e-08,1.9570423884407254e-05,1.074043009337368,0.005571911384524351,2450,"Cryptoxanthin, beta",nutrition,584,1874,transformer,20260924,completion
129,0.07593238367991607,0.022964932722358337,0.001639973558923557,0.028832294478608467,0.07690642153884077,0.021674867390185495,1531,Cystine,nutrition,1504,27,transformer,20260924,completion
130,0.20702688780384626,0.02373358807315215,0.009735274622254313,0.037105539051608336,0.36721086031632894,0.04370456808262742,2996,Decanoic acid (10:0),nutrition,1519,1487,transformer,20260924,completion
131,0.1735305483527304,0.2303163551016058,0.12171381704859077,1.123953689699284,0.20796956569304506,0.04083517428766303,2543,"Dietary fibre, total",nutrition,2019,524,transformer,20260924,completion
132,0.12420099411551083,0.014279763191974848,0.005556802201000634,0.031084197912844273,0.3913796096063132,0.01670833662361176,2886,Docosahexaenoic acid (DHA; 22:6n-3),nutrition,829,2058,transformer,20260924,completion
133,0.29445210356421286,0.01925216058261222,0.009478429125964031,0.02949724956005161,0.4144272820787206,0.13720384504625513,1047,Docosanoic acid (22:0),nutrition,594,457,transformer,20260924,completion
134,0.13859140608889584,0.00596328265508629,0.0013163256455400879,0.007961930269213283,0.3518866739554707,0.036685619534339214,2934,Docosapentaenoic acid (DPA; 22:5n-3),nutrition,960,1984,transformer,20260924,completion
135,0.15812486275175386,0.0016805802151188328,1.817970340666875e-05,0.0016942665309422045,0.26876745817970904,0.03826205103813573,75,Docosatetraenoic acid (22:4; isomer unspecified),nutrition,39,36,transformer,20260924,completion
136,0.1451561728985177,0.014014123895438796,0.013433690408968423,0.04779833694788354,0.809082039377391,0.029181943016791435,733,Docosenoic acid (22:1; cis/trans unspecified),nutrition,109,624,transformer,20260924,completion
137,0.31975042896441236,0.056541889747605656,0.061255903681419914,0.17878101555694537,0.4635008264546467,0.07824090517210922,3352,Dodecanoic acid (12:0),nutrition,2114,1259,transformer,20260924,completion
138,0.23413725042008102,0.014230814705229779,0.0022917145113129636,0.016936392970123604,0.23481759388181142,0.23098153300719587,998,Eicosanoic acid (20:0),nutrition,821,177,transformer,20260924,completion
139,0.15777082927532857,0.012228353514466534,0.004874962405962961,0.023601067891327702,0.46781038037821077,0.027670994930672797,3202,Eicosapentaenoic acid (EPA; 20:5n-3),nutrition,952,2261,transformer,20260924,completion
140,0.10628812156107835,0.009929661282535786,0.0011830494645809616,0.01182348415661195,0.1775251471375014,0.053662571135252295,772,Eicosatetraenoic acid (20:4; isomer unspecified),nutrition,328,444,transformer,20260924,completion
141,0.17288732307830929,0.0042068261892135046,0.0004580968616877839,0.004475136637266205,0.4010586962085832,0.03335806612814183,224,Eicosatrienoic acid (20:3; isomer unspecified),nutrition,85,139,transformer,20260924,completion
142,0.1507292464878113,0.001401486583408247,1.276642790887032e-05,0.0014252241121462754,0.1912907547317982,0.11143528537644896,63,Eicosatrienoic acid (20:3n-3),nutrition,31,32,transformer,20260924,completion
143,0.1454683318729814,0.00376575166974949,9.123607383188304e-05,0.0038955537034663984,0.19810603794570988,0.06053021525562405,230,Eicosatrienoic acid (20:3n-6),nutrition,142,88,transformer,20260924,completion
144,0.24362135779301736,0.02517774015848347,0.007250122897769281,0.03908658349275194,0.28732631142599524,0.16073117427887215,2654,Eicosenoic acid (20:1; isomer unspecified),nutrition,1766,897,transformer,20260924,completion
147,0.016492649033477066,0.0477015783181984,0.12226523165561601,0.2630542135338933,0.8131640696205796,0.00017060041657057664,3138,Ethanol,nutrition,63,3075,transformer,20260924,completion
148,0.09408418618226942,0.16712779439248054,0.12388308114595166,1.750207839508701,0.09614785399084115,0.0409262208993453,4833,"Fat, total",nutrition,4648,196,transformer,20260924,completion
149,0.1064487488677804,0.1338056951306156,0.05630402262573309,0.9800660207859673,0.11097351709403681,0.029331554321450518,3886,"Fatty acids, total monounsaturated",nutrition,3669,225,transformer,20260924,completion
150,0.17806289121270352,0.16541879169548585,0.08792837530054724,0.829655378179783,0.18273525853659997,0.07963135456379374,3896,"Fatty acids, total polyunsaturated",nutrition,3719,181,transformer,20260924,completion
151,0.11056451729455356,0.1298453581491504,0.0543763896666492,0.8901328236971991,0.11503650386291697,0.024357002693313055,4023,"Fatty acids, total saturated",nutrition,3826,205,transformer,20260924,completion
152,0.20047226107662744,0.06758424480067744,0.03755539952871766,0.1420252818747148,0.2688567207115682,0.08246930979959013,1172,"Fatty acids, total trans",nutrition,742,430,transformer,20260924,completion
153,0.18366419017003519,0.050116989923078,0.027707487848835914,0.12504001804924175,0.19085854580228284,0.14088175534360245,521,"Fatty acids, total trans-monoenoic",nutrition,446,75,transformer,20260924,completion
154,0.22585183423019153,0.022026999207299256,0.004707400448117894,0.03189965310939467,0.23771663011106356,0.18607651851526827,457,"Fatty acids, total trans-polyenoic",nutrition,352,105,transformer,20260924,completion
155,0.2745554707303002,1.5559952439112724e-05,2.4551324379321743e-09,1.556224092814863e-05,0.2872207185847102,0.1364137416207714,3170,"Folate, food",nutrition,2907,264,transformer,20260924,completion
156,0.28037956988362867,2.3303270788685973e-05,7.2670284901799945e-09,2.3309458076779735e-05,0.29311356022711504,0.1194844848769812,3886,"Folate, total",nutrition,3601,285,transformer,20260924,completion
157,0.16860572897022552,1.7889879343105002e-05,6.870021463321318e-09,1.789594477141919e-05,0.32586928865170717,0.02948565096442368,3100,Folic acid,nutrition,1538,1776,transformer,20260924,completion
158,0.2896265454126731,0.22247574309144708,0.16572950012877818,0.687183746624976,0.3794099451016924,0.07181452670318016,1959,Fructose,nutrition,1388,572,transformer,20260924,completion
159,0.1900473495243693,0.022452520787554095,0.012345251508066979,0.03430736129736707,0.8979916625056794,0.01839616799617685,1460,Galactose,nutrition,285,1176,transformer,20260924,completion
160,0.31589736413865466,0.24904507870382253,0.19253264933513695,0.7382997979200249,0.38466957583766576,0.09070724757050141,2003,Glucose,nutrition,1535,469,transformer,20260924,completion
161,0.051196432308489484,0.07675857299782529,0.01899628597685536,0.26430984003362396,0.051771364993310684,0.0021035691657014595,1555,Glutamic acid,nutrition,1537,18,transformer,20260924,completion
162,0.08649752562864657,0.06144097335074976,0.013058307432806516,0.12700436769151094,0.08746937924958509,0.05871342289241777,1713,Glycine,nutrition,1650,71,transformer,20260924,completion
165,0.14483166258506022,0.012111341497683269,0.0007675061770149537,0.013832274790714071,0.16454407687624598,0.08424071601354256,1138,Heptadecanoic acid (17:0),nutrition,858,282,transformer,20260924,completion
166,0.17357429607997477,0.008026919975265947,0.00036922910928322467,0.008695584595030052,0.2118078047294865,0.11513565833612566,880,Heptadecenoic acid (17:1; isomer unspecified),nutrition,538,347,transformer,20260924,completion
167,0.10964003902354168,0.10756433329962499,0.03956222961041973,0.432517629787606,0.11221875103516944,0.03899185457274805,3436,Hexadecanoic acid (16:0),nutrition,3315,121,transformer,20260924,completion
168,0.22674963680242552,0.05257136528506626,0.013377984833750871,0.08342980129946596,0.24576218819300782,0.13447538738679937,878,Hexadecenoic acid (16:1; cis/trans unspecified),nutrition,728,150,transformer,20260924,completion
169,0.08743605978805771,0.009904124371342065,0.0013955659629901127,0.012223678968880974,0.2608171714334826,0.01271649610580491,2651,Hexanoic acid (6:0),nutrition,802,1855,transformer,20260924,completion
170,0.06087988423574174,0.03296069615911946,0.0033125743608029283,0.05420838944026338,0.061849464851153675,0.00823354563425912,1562,Histidine,nutrition,1534,30,transformer,20260924,completion
171,0.09285834587115334,0.024386061939100718,0.0023443887980336775,0.029073360160262518,0.11351949210291702,0.02131527235221046,299,Hydroxyproline,nutrition,232,67,transformer,20260924,completion
172,0.25582644764740775,0.3187347145694512,0.16008848148682966,2.369730192897815,0.2692909975235871,0.0,20,Insoluble dietary fibers,nutrition,19,1,transformer,20260924,completion
173,0.24919185528698629,0.0013128015714751258,2.7971223895392566e-05,0.0013327153400552422,0.2535241182282231,0.1049981297933855,5716,Iron,nutrition,5552,171,transformer,20260924,completion
174,0.04859267388508609,0.03463116775958987,0.003811745041100113,0.06344399164663166,0.049311752616906214,0.009425780762452419,1564,Isoleucine,nutrition,1536,30,transformer,20260924,completion
175,0.46288261938427155,0.1916262609776402,0.08796853969552815,0.3617287322759628,0.46288261938427155,,15,Isomeric linoleic acids (18:2),nutrition,15,0,transformer,20260924,completion
176,0.8306485345907408,0.13856729016626554,0.055045438081955916,0.2081512978954899,0.631857310578108,1.1146359974659308,17,Isomeric linolenic acids (18:3),nutrition,10,7,transformer,20260924,completion
177,0.09179347262489676,0.08495791674212103,0.05024020949888331,0.23940469819737328,0.25497771205816805,0.015476113255732239,1909,Lactose,nutrition,610,1302,transformer,20260924,completion
178,0.04305803118111753,0.0422720885041383,0.005176541589802278,0.0962875933131128,0.04356056403095111,0.0043127484589483836,1562,Leucine,nutrition,1542,20,transformer,20260924,completion
179,0.7616644186252098,0.565462443339899,1.2818423468682583,3.61074987619677,0.9360129494598468,0.19503169341263984,17,Lignin,nutrition,13,4,transformer,20260924,completion
180,0.19895323319447358,0.15459656494982996,0.06878578952805474,0.8065551523572949,0.20470920870191342,0.05582868836524904,1345,Linoleic acid (18:2n-6),nutrition,1293,52,transformer,20260924,completion
181,0.324834831488503,0.0002053653873381339,1.1271105848474377e-06,0.00020634221480096002,0.4300151384473904,0.06623289708477371,1277,Lutein + zeaxanthin,nutrition,908,370,transformer,20260924,completion
182,0.10249297665838256,0.00026467335913745593,2.7339803975786767e-06,0.00026605138019157056,0.9671336269241149,0.00025361428374811836,2090,Lycopene,nutrition,221,1870,transformer,20260924,completion
183,0.05842748259023274,0.04986649694181698,0.006564222798274831,0.11391977744090413,0.059199165568825665,0.004093985597485692,1571,Lysine,nutrition,1549,22,transformer,20260924,completion
184,0.17461958263545505,0.011955934864661004,0.0012039255752889014,0.013557011630579445,0.1769353518859121,0.04498516680728776,6213,Magnesium,nutrition,6111,107,transformer,20260924,completion
185,0.25789332044994906,0.10935659785342257,0.07865778404846756,0.21469595422307214,0.512234364771146,0.05470159847806473,1924,Maltose,nutrition,862,1069,transformer,20260924,completion
186,0.3031106133554175,0.00039881468219035845,7.767872857155283e-06,0.0004032410031428662,0.3032845487566863,0.3088157307139651,3266,Manganese,nutrition,3135,142,transformer,20260924,completion
188,0.11318463022764806,8.748542468986697e-07,2.297672880627577e-12,8.74856966552271e-07,0.12576070025294228,0.0,10,Menaquinone-4,nutrition,9,1,transformer,20260924,completion
189,0.06347329379795212,0.028288714387855334,0.0023236434374642426,0.041982872362274284,0.06459546395371886,0.01123283587474292,1570,Methionine,nutrition,1537,35,transformer,20260924,completion
190,0.3104480117074006,1.9963855701443048e-05,5.7224601976281516e-09,1.9969097533948896e-05,0.34761687171064504,0.1269267654413815,190,Molybdenum,nutrition,158,32,transformer,20260924,completion
191,0.20695815006303142,0.0010407270785538888,7.531742058065655e-06,0.001048313818203247,0.21291196467957177,0.06615325796442902,5427,Niacin,nutrition,5212,218,transformer,20260924,completion
192,0.1746286421796702,0.0012748284245048857,1.4164533452845689e-05,0.0012904965706232907,0.18229714587217832,0.04012552185869435,1168,Nicotinic acid,nutrition,1105,63,transformer,20260924,completion
193,0.29372755569385584,0.21670094014692104,0.1535913029530723,1.0449887586485191,0.2962160790947505,0.22284477624256635,914,Octadecadienoic acid (18:2; isomer unspecified),nutrition,883,31,transformer,20260924,completion
194,0.14086231002442218,0.09535254507451567,0.033616445866971975,0.2760309505355896,0.14719544016972425,0.035796044281374235,3429,Octadecanoic acid (18:0),nutrition,3233,203,transformer,20260924,completion
195,0.07439662299867696,0.00510932905873808,0.0020672069532544114,0.008649276835867444,0.7058644134020529,0.011636062790390355,719,Octadecatetraenoic acid (18:4; isomer unspecified),nutrition,65,654,transformer,20260924,completion
196,0.35345213056547364,0.06711915608049612,0.024259747530278226,0.11312971601401137,0.3526110142811385,0.3628294404921831,899,Octadecatrienoic acid (18:3; isomer unspecified),nutrition,825,74,transformer,20260924,completion
197,0.20870862502081688,0.2481284867515795,0.16406246920993234,1.5774291465588404,0.21523616486666672,0.045147126597665455,912,Octadecenoic acid (18:1; cis/trans unspecified),nutrition,877,35,transformer,20260924,completion
198,0.1574978441186263,0.020035032475577044,0.010171068463638652,0.03208297966773175,0.3792894439489225,0.022112108017387545,2755,Octanoic acid (8:0),nutrition,1049,1716,transformer,20260924,completion
199,0.21288586696072992,0.00031654637278226693,6.3343633303706324e-06,0.00032010250119068466,0.21862178404070626,0.12884689059232612,2974,Pantothenic acid (vitamin B5),nutrition,2796,184,transformer,20260924,completion
200,0.18761208971778007,0.00936244186701078,0.0010005522810057224,0.010537263512041865,0.234414829255738,0.09765571768672515,1081,Pentadecanoic acid (15:0),nutrition,712,374,transformer,20260924,completion
201,0.11206882364324439,0.002875262201834248,0.0006651028075086169,0.00326092260706484,1.5148913927094978,0.0003131026202259576,777,Pentadecenoic acid (15:1; isomer unspecified),nutrition,58,721,transformer,20260924,completion
202,0.04295917898570266,0.030946133967739913,0.0033478241333600015,0.05438016543098011,0.043579785420287474,0.008203461880536384,1573,Phenylalanine,nutrition,1546,29,transformer,20260924,completion
203,0.1301529572267019,0.03369839749872779,0.004537358040533366,0.04296210826546341,0.13305804310109678,0.02117465158077741,5470,Phosphorus,nutrition,5336,140,transformer,20260924,completion
204,0.14459889622821967,0.013759948292588772,0.001163043008416071,0.01549951328568193,0.20554960139470319,0.07145805002843944,66,Phytosterols,nutrition,36,30,transformer,20260924,completion
205,0.16534600246858083,0.06728147994270986,0.016586183459251478,0.10702490698307429,0.1674564323893151,0.049977243794823135,5513,Potassium,nutrition,5424,95,transformer,20260924,completion
206,0.06550231762007973,0.05585000611945996,0.009686922791912439,0.10955578298987195,0.06645599518134462,0.005023265609864896,1546,Proline,nutrition,1522,24,transformer,20260924,completion
207,0.08720084549175107,0.17513357055281367,0.08063389463771481,1.7278666968420004,0.08951033292383821,0.029076283376295045,4633,"Protein, total",nutrition,4456,179,transformer,20260924,completion
208,0.2580629234827785,8.804232280192554e-05,7.395039227261942e-07,8.843308998841326e-05,0.4538032348871946,0.05200505498726517,5057,Retinol,nutrition,2616,2474,transformer,20260924,completion
209,0.20866241590260357,8.518747805427429e-05,6.029742132843956e-08,8.524529595167606e-05,0.21502880598384919,0.07382202019315474,4691,Riboflavin (vitamin B2),nutrition,4480,212,transformer,20260924,completion
210,0.20840508315482884,5.853747446084986e-06,1.434332093495333e-09,5.854556040811775e-06,0.21716547514082865,0.09502579337957083,4249,"Selenium, Se",nutrition,3964,318,transformer,20260924,completion
211,0.04341110658988413,0.032233527344526045,0.0034204631484366153,0.05806522791336053,0.04395384551668734,0.005912780738026758,1542,Serine,nutrition,1520,22,transformer,20260924,completion
212,0.2775710609701669,0.08239388646068456,0.041079808282620735,0.18389172080071386,0.280008853598975,0.16889962409199008,4705,Sodium,nutrition,4592,127,transformer,20260924,completion
213,0.19717652342962824,0.19717652427776727,0.18658527887804513,0.5446097687121203,0.31985707251302065,0.033602457985104965,14,Sorbitol,nutrition,8,6,transformer,20260924,completion
214,0.13415553175162662,0.36640997238994144,0.5025038936706976,3.925438156540652,0.18508130306117065,0.03815300690070739,1292,Starch,nutrition,865,458,transformer,20260924,completion
215,0.04431610101055467,0.01489802911563892,0.0062836287262235885,0.018740731799812765,0.8857907093279712,2.7963730690648032e-05,140,Stearidonic acid,nutrition,7,133,transformer,20260924,completion
216,0.22039760275625667,0.0037868161675345562,8.39721724362758e-05,0.003866886157678414,0.32696773615359903,0.04278071376068612,48,Stigmasterol,nutrition,30,18,transformer,20260924,completion
217,0.3494873619753689,0.38764538226232137,0.4428208484217743,2.3875160830687685,0.42760953678481506,0.14346268069383544,1021,Sucrose,nutrition,742,296,transformer,20260924,completion
218,0.2517649860179448,0.3891214382049002,0.3557852919838942,3.6975846920646696,0.2656699793287588,0.14349343794168246,3185,"Sugars, total",nutrition,2821,368,transformer,20260924,completion
219,0.3901145616536477,0.09772904065399587,0.015499931248046056,0.11678348640531303,0.3901145616536477,,20,Sulfur,nutrition,20,0,transformer,20260924,completion
220,0.22098117295617759,0.00618820181857391,0.00045172681820555236,0.006690116694814138,0.278091180812683,0.1491537401058388,806,Tetracosanoic acid (24:0),nutrition,449,357,transformer,20260924,completion
221,0.20982225975045923,0.06442033943885643,0.036696611952680015,0.15278444851064504,0.24054074985361718,0.0364934976648194,3308,Tetradecanoic acid (14:0),nutrition,2814,501,transformer,20260924,completion
222,0.16234591883880237,0.011140536767031892,0.0011208615294717409,0.013988194861230591,0.23960683519095882,0.058274072910422414,1002,Tetradecenoic acid (14:1; isomer unspecified),nutrition,577,430,transformer,20260924,completion
223,0.2465490996163246,8.22401602502018e-05,8.873886743936031e-08,8.230831421512487e-05,0.2542531366841054,0.11713976697457597,5049,Thiamin (vitamin B1),nutrition,4783,272,transformer,20260924,completion
224,0.04965518499865205,0.03343305400248687,0.0031973593224526205,0.05932396564143687,0.050305130129652875,0.004218111749594079,1560,Threonine,nutrition,1538,22,transformer,20260924,completion
225,0.29150824575567047,4.9593227400724015e-05,6.870717937424958e-08,4.963231903809216e-05,0.38555557786688377,0.11979868845365024,1452,"Tocopherol, beta",nutrition,938,515,transformer,20260924,completion
226,0.31813809515705105,0.00016691606496948777,1.1142370102089807e-06,0.00016768864684382916,0.4497521577943923,0.14292602993703551,1454,"Tocopherol, delta",nutrition,830,625,transformer,20260924,completion
227,0.4397572386848267,0.0009442773477194316,1.3048077524032496e-05,0.0009563671714157812,0.4770283262398275,0.2833395627238285,1548,"Tocopherol, gamma",nutrition,1249,300,transformer,20260924,completion
228,0.43325244012867187,8.489548998313796e-05,2.499813897579453e-07,8.502644568069905e-05,0.5581915728995219,0.18838605956918344,1033,"Tocotrienol, alpha",nutrition,684,349,transformer,20260924,completion
229,0.11904077193870918,4.826986330698487e-05,2.057689938118812e-08,4.828902495994396e-05,0.48166940386804336,0.03636895947813557,237,"Tocotrienol, beta",nutrition,44,193,transformer,20260924,completion
230,0.04428447643274129,6.081356636657837e-06,1.0376108282383322e-09,6.081875477432945e-06,0.5943458428575714,0.012073675696152137,235,"Tocotrienol, delta",nutrition,13,222,transformer,20260924,completion
231,0.3251897363853067,6.346176399014482e-05,7.313342311020261e-08,6.350166528147879e-05,0.7310661528453011,0.060362571035523005,233,"Tocotrienol, gamma",nutrition,92,141,transformer,20260924,completion
232,0.05558219128690062,0.0005989957616658499,1.3365396043029695e-05,0.000605734987517065,1.210347739147362,6.461687053229022e-05,109,Tridecanoic acid (13:0),nutrition,5,104,transformer,20260924,completion
233,0.09829972839532836,0.02294876584694398,0.001720202723255053,0.027675945371645538,0.0998282721270295,0.066538271298462,2819,Tryptophan,nutrition,2687,138,transformer,20260924,completion
234,0.055892599586810615,0.033566115703386,0.003123214724285558,0.054583877919571436,0.05678743942015699,0.007575735039620975,1553,Tyrosine,nutrition,1525,30,transformer,20260924,completion
235,0.04831282859008046,0.03748036951953475,0.004470525338292627,0.07231769575584523,0.048954970821879856,0.005233460604582145,1566,Valine,nutrition,1543,23,transformer,20260924,completion
236,0.2092540220694205,7.722747540372082e-05,5.8894141160549616e-08,7.72847985062703e-05,0.2095853652168053,0.2037454422441486,282,Vitamin B6 - Pyridoxin,nutrition,266,16,transformer,20260924,completion
237,0.23970570113775846,6.194149737160826e-07,3.2370133478807616e-11,6.194347693401099e-07,0.4350343848294037,0.08524031397398386,4761,Vitamin D (D2 + D3),nutrition,2118,2658,transformer,20260924,completion
238,0.15542543921003224,1.0163321963758012e-07,8.290708457996536e-13,1.016336374527288e-07,0.8170364646631573,0.010600021616156344,1168,Vitamin D2 (ergocalciferol),nutrition,212,957,transformer,20260924,completion
239,0.06687692403071886,0.28639383187643863,0.33229431984309116,7.176619129300664,0.06712628768498764,0.03942717394358594,5247,Water,nutrition,5198,51,transformer,20260924,completion
241,0.200299194404928,0.0006190409228058693,5.555074230776437e-06,0.0006231654529709496,0.2029479732475064,0.10519654836352908,5536,Zinc,nutrition,5410,148,transformer,20260924,completion
242,0.200419777667081,0.010309615152477745,0.001210446341210023,0.011310990241321518,0.340653823431869,0.05091405945503427,250,"cis,cis-Eicosadienoic acid (20:2n-6)",nutrition,129,121,transformer,20260924,completion
243,0.3779040089350972,0.005102196541557853,0.0002989014166790748,0.005287480623863523,0.45973444783017675,0.2861547289618261,70,cis-Docosenoic acid (22:1 cis),nutrition,37,33,transformer,20260924,completion
244,0.11748654195638539,0.025838139295022877,0.0011678400547061472,0.03149801610131887,0.11324346233101963,0.20553044418272484,87,cis-Hexadecenoic acid (16:1 cis),nutrition,83,4,transformer,20260924,completion
245,0.156613310461366,0.22500369272220716,0.10410137190550274,1.8978676397295948,0.156613310461366,,153,cis-Octadecenoic acid (18:1 cis),nutrition,153,0,transformer,20260924,completion
246,0.21334630706288124,0.003070764117110868,0.00011004602089470667,0.003171730299566872,0.48494609330208277,0.047143452797101186,108,cis-Tetracosenoic acid (24:1 cis),nutrition,41,67,transformer,20260924,completion
247,0.2530975662280791,0.02033248173080828,0.0018878632002251575,0.022007179008708112,0.15906310876543714,1.146424912123178,21,"trans,trans-Linoleic acid (18:2 trans,trans)",nutrition,19,2,transformer,20260924,completion
248,0.07616059604888131,0.0001178234588394458,1.5639691746499069e-07,0.00011790181193619987,0.7732625726918875,0.00038864206594585313,51,trans-Docosenoic acid (22:1 trans),nutrition,5,46,transformer,20260924,completion
249,0.09798397688450029,0.0024449508102089446,1.5255357840967421e-05,0.0025018562077473855,0.14180941958087995,0.004072313963686737,66,trans-Hexadecenoic acid (16:1 trans),nutrition,45,21,transformer,20260924,completion
250,0.240997076694106,0.029356932469811758,0.006925780025792833,0.0365325688506073,0.25946691606536143,0.028593923924668436,75,trans-Linoleic acid (18:2; isomer unspecified),nutrition,69,6,transformer,20260924,completion
251,0.25508602046951256,0.12485244458427884,0.13874763361601733,0.40805898107579225,0.2503056809812995,0.2823131714675956,154,trans-Octadecenoic acid (18:1 trans),nutrition,131,23,transformer,20260924,completion
2,0.6654086824803666,0.2935092046247249,0.179247274735715,0.48851037691864707,0.6654086824803666,,18,Acetic acid,food_metabolome,18,0,transformer,20260924,name_only
7,0.4480568168342849,0.001971771986021085,8.300563510582929e-05,0.002014013938123642,1.206670813790177,0.05357753841722106,38,Apigenin,food_metabolome,13,25,transformer,20260924,name_only
9,2.1822594658327374,0.006714503764797922,0.00027324591931673616,0.0068565031101518745,2.1822594658327374,,13,Benzoic acid,food_metabolome,13,0,transformer,20260924,name_only
11,0.8303369658401092,0.003986472128881362,6.203886464174555e-05,0.00402199659781123,0.901144897709388,0.05144971527804199,12,Cadaverine,food_metabolome,11,1,transformer,20260924,name_only
12,1.3516944719177222,0.07308555171497934,0.05878261140773896,0.11458306635477233,1.4141773118798204,0.8310041389002348,28,Caffeic acid,food_metabolome,25,3,transformer,20260924,name_only
13,0.17267782939689647,0.0035946011610342387,0.0010906504798890394,0.004351990357322157,0.6848496289934228,0.12498460237770366,1962,Caffeine,food_metabolome,168,1795,transformer,20260924,name_only
15,0.5893849446011679,0.009886704831751563,0.0020898518488857184,0.011065456445503025,0.6460574676734628,0.45714905743247924,30,Catechin,food_metabolome,21,9,transformer,20260924,name_only
16,0.39202578536149807,0.024120167965697905,0.001682711139698386,0.025761063277899527,0.3892508228268755,0.528923937069543,755,Choline,food_metabolome,740,15,transformer,20260924,name_only
18,0.3879931081214588,0.16926873079568625,0.0682112259308766,0.24607523598693884,0.3879931081214588,,52,Citric acid,food_metabolome,52,0,transformer,20260924,name_only
21,0.679643553158801,0.00928853308185045,0.00034055894786787325,0.009549820632591436,0.7752575371076695,0.5457839756303849,12,Cyanidin,food_metabolome,7,5,transformer,20260924,name_only
22,0.6582662176267707,0.0056510185273427925,9.831669184973028e-05,0.005727899618668129,0.6318499226485447,0.7287096709020404,11,Daidzein,food_metabolome,8,3,transformer,20260924,name_only
24,1.218953692900087,0.005234305106558614,6.53359390073853e-05,0.005290056106886186,1.1124325116274953,1.3018035005565474,16,Delphinidin,food_metabolome,7,9,transformer,20260924,name_only
25,2.121318480806581,0.12052544119832127,0.06063988647609061,0.15752307064676813,2.121318480806581,,5,Ellagic acid,food_metabolome,5,0,transformer,20260924,name_only
26,0.4249611282273212,0.0009192411649116733,8.200322555817592e-06,0.0009233925385044355,1.2647316519090885,0.08905291875461421,28,Epigallocatechin,food_metabolome,8,20,transformer,20260924,name_only
28,0.8179204700580824,0.011201019590894316,0.0004791622345779144,0.011605911960088571,0.8573669012690912,0.3445632955259785,26,Ferulic acid,food_metabolome,24,2,transformer,20260924,name_only
33,1.8164935068695458,0.22145926795873372,0.3589762799623567,0.6318823293662055,2.20266354418297,0.36835586694420436,19,Gallic acid,food_metabolome,15,4,transformer,20260924,name_only
35,1.2464888345601695,0.010848116741901866,0.0014022961547799162,0.011734249362049089,1.1502940367659897,3.747553577208848,27,Genistein,food_metabolome,26,1,transformer,20260924,name_only
43,0.48338815926459744,0.001517447017335646,7.330919994796083e-06,0.0015228234298529173,0.9285080803918849,0.2405954750133497,17,Glycitein,food_metabolome,6,11,transformer,20260924,name_only
47,1.0234849496460454,0.001858628350339031,1.777132788628504e-05,0.0018688785214229509,1.0520396785212116,0.08117889676556207,34,Histamine,food_metabolome,33,1,transformer,20260924,name_only
50,1.1324617443590372,0.01069412318831444,0.0005295350984530153,0.010967068296596928,2.882182287275668,0.08262941860905916,16,Isorhamnetin,food_metabolome,6,10,transformer,20260924,name_only
51,0.735927953776203,0.0026683949952159905,3.3503584597066753e-05,0.002687057927574303,1.078791700588047,0.3271288710390048,57,Kaempferol,food_metabolome,31,26,transformer,20260924,name_only
52,0.32604778871852336,0.2623345375149407,0.10907495894416218,0.43438129879534243,0.32604778871852336,,23,Lactic acid,food_metabolome,23,0,transformer,20260924,name_only
53,1.692372772300332,0.001636825971926698,9.010890023399547e-06,0.0016413765403471754,1.692372772300332,,4,Lariciresinol,food_metabolome,4,0,transformer,20260924,name_only
54,1.1940831127273466,0.002293371151695834,8.738887254901577e-06,0.0022994232318774683,1.1940831127273466,,14,Lutein,food_metabolome,14,0,transformer,20260924,name_only
55,0.6691338076341858,0.005868533571286979,0.0004684203570474452,0.00611072161078731,1.522550491678154,0.07830687252682324,44,Luteolin,food_metabolome,18,26,transformer,20260924,name_only
56,0.3984455441252323,0.16683146199076107,0.05530073584135824,0.25239957783903394,0.3984455441252323,,49,Malic acid,food_metabolome,49,0,transformer,20260924,name_only
58,0.7021520187148454,8.370519423858152e-05,2.4592365762248145e-08,8.373984974251324e-05,0.8613271309506901,0.06545156977146667,5,Matairesinol,food_metabolome,4,1,transformer,20260924,name_only
61,0.5340639907608148,0.0011205288567263975,9.959145542138585e-06,0.0011259623757200027,0.780572641632709,0.21712429678266512,48,Myricetin,food_metabolome,27,21,transformer,20260924,name_only
62,0.7382691056235435,0.017940960579893545,0.0031415875923305804,0.02077231897067335,0.9292633287703588,0.6268558087879014,19,Naringenin,food_metabolome,7,12,transformer,20260924,name_only
65,2.3398408735183684,0.07431260956957811,0.010387718919956431,0.08094215519364924,2.3398408735183684,,4,Oxalic acid,food_metabolome,4,0,transformer,20260924,name_only
66,1.265702029794353,0.0010261442640069408,1.1968957065595211e-05,0.001034617748089404,1.327830031861412,1.2408508289675293,14,Pelargonidin,food_metabolome,4,10,transformer,20260924,name_only
67,0.843075828074328,0.0016224018136721105,7.006169186126127e-06,0.001626830918687181,0.8580419584549845,0.836424214571814,13,Peonidin,food_metabolome,4,9,transformer,20260924,name_only
72,2.0987168895917976,0.00041821306992861657,2.473432215159713e-07,0.00041834075247593655,2.0987168895917976,,4,Pinoresinol,food_metabolome,4,0,transformer,20260924,name_only
77,0.8684159114456452,0.011303096598507057,0.0010458873433085985,0.011903772756675507,0.8684159114456452,,17,Putrescine,food_metabolome,17,0,transformer,20260924,name_only
79,0.643961773797202,0.006061950146711924,0.00017375127114939895,0.006193918714642756,0.6709527915233628,0.5582255998435147,71,Quercetin,food_metabolome,54,17,transformer,20260924,name_only
82,0.5992466453508207,0.5083024153775051,0.4018478244853418,0.9492433305208882,0.6372217527540269,0.5232964305444083,6,Rosmarinic acid,food_metabolome,4,2,transformer,20260924,name_only
83,1.1584496094092303,0.00012523653809054966,2.079136043340491e-08,0.0001252515886859653,1.1584496094092303,,5,Secoisolariciresinol,food_metabolome,5,0,transformer,20260924,name_only
88,0.20786780819978976,0.0007146454682454829,1.1150255898773907e-06,0.0007153355519730936,0.2187657472496214,0.09888841770147343,11,Spermine,food_metabolome,10,1,transformer,20260924,name_only
90,1.5191938404117837,0.008672952756783422,0.0003153698016909939,0.008833525970269,1.7821300998246852,0.6427396423687788,13,Syringic acid,food_metabolome,10,3,transformer,20260924,name_only
91,1.1981676406356268,0.7485235659414339,1.0334516936882918,2.256143323546648,1.1981676406356268,,5,Tartaric acid,food_metabolome,5,0,transformer,20260924,name_only
92,1.2600153747875442,0.005331679514380027,6.489036008103535e-05,0.005385547387398628,1.2600153747875442,,9,Taurine,food_metabolome,9,0,transformer,20260924,name_only
93,0.04894296223761576,0.007032206903817163,0.002768689182771997,0.008948945595462516,0.8105514237642082,0.001526016699045536,1928,Theobromine,food_metabolome,113,1815,transformer,20260924,name_only
96,0.24284544468729688,0.0012059870564192527,4.2075402967783475e-06,0.0012116656475627042,0.25141676119079986,0.19141754566627892,21,Tyramine,food_metabolome,18,3,transformer,20260924,name_only
98,0.6098505145051468,0.0019302278851254342,2.082525629172085e-05,0.0019418276652957084,0.6838222557138278,0.2769776790660821,11,Vanillic acid,food_metabolome,9,2,transformer,20260924,name_only
103,0.7368782002721953,0.005208547943777306,0.00020870159464901386,0.0053186282828306414,0.7856110489322443,0.444481108311901,28,p-Coumaric acid,food_metabolome,24,4,transformer,20260924,name_only
104,0.27927651568497547,0.21095826664296607,0.07314440394056766,0.3659084775887697,0.27375745007276375,0.6618481092587424,1547,Alanine,nutrition,1525,22,transformer,20260924,name_only
105,0.33130351484538784,0.0275014379851159,0.003157087529939042,0.02996571267034089,0.46483096565173726,0.17220359163008625,1128,Arachidonic acid (20:4n-6),nutrition,620,510,transformer,20260924,name_only
106,0.2999806514234032,0.2429618937036016,0.10471222163941893,0.4521716530402853,0.287850660979799,0.6218304329328068,1727,Arginine,nutrition,1665,68,transformer,20260924,name_only
107,0.4519811391582034,0.011419491183981183,0.0005508626573319652,0.011928070268463613,0.6789027218348772,0.06979742096591067,102,Ascorbic acid (vitamin C),nutrition,64,38,transformer,20260924,name_only
108,0.7228849341139116,0.7667802743549929,0.9041699746613593,1.7252198190983454,0.7335505573390341,0.0007577879434248043,3606,Ash,nutrition,3554,54,transformer,20260924,name_only
109,0.30030783169478076,0.31264993869829344,0.1606547686236979,0.6941663176007171,0.2929618523691187,0.8508889821531517,1519,Aspartic acid,nutrition,1499,20,transformer,20260924,name_only
110,0.42692370621708403,0.9213773928273277,1.4305475745149354,12.398095316606446,0.4434004324017795,0.24876910434506494,756,Available carbohydrate,nutrition,692,64,transformer,20260924,name_only
111,0.27382029969056004,0.042195592949320744,0.00751263976863568,0.0481164343107978,0.348055686647122,0.09353435993890964,48,Beta-sitosterol,nutrition,34,14,transformer,20260924,name_only
112,0.3286645827630618,0.009274713149213925,0.0021298016421296547,0.010743787501606188,0.32067205385176506,0.5418460148995711,498,Betaine,nutrition,481,18,transformer,20260924,name_only
113,0.6976947105257353,9.993821882700249e-05,2.077107909535325e-06,0.0001009938545526826,0.6830735513742745,0.8330173738226072,1768,Biotin,nutrition,1594,182,transformer,20260924,name_only
114,0.3288307302707619,0.03816049611803285,0.010778994249783737,0.04920371829411052,0.6331613124003639,0.1660410903062156,2269,Butyric acid (4:0),nutrition,791,1479,transformer,20260924,name_only
115,0.5189083585741026,0.050175534737490875,0.011974937621521946,0.06354286689482387,0.5098297698022543,1.003219012452865,6878,Calcium,nutrition,6755,133,transformer,20260924,name_only
116,0.6259292287681876,0.01769853754439704,0.0012750274013437692,0.018579760902267234,0.6998059550212463,0.36736068688248213,36,Campesterol,nutrition,28,8,transformer,20260924,name_only
117,0.2769528973619638,4.867962272789672e-05,1.25700180794175e-07,4.874256564203361e-05,1.2201691261427523,0.004578215285681574,2524,"Carotene, alpha",nutrition,568,1961,transformer,20260924,name_only
118,0.7211983944264302,0.0004750450461200477,4.339141792326381e-06,0.00047754534724147246,0.989954339190643,0.31958806347312146,3736,"Carotene, beta",nutrition,2264,1494,transformer,20260924,name_only
119,0.958951174923387,0.8746417730646502,1.2713318681589825,5.217015714248022,0.9054954601825498,1.3064133207388295,15,Cellulose,nutrition,13,2,transformer,20260924,name_only
120,0.5338061229572719,0.2522397406759538,0.2668308040620187,0.9609710030210061,0.5338061229572719,,343,Chloride,nutrition,343,0,transformer,20260924,name_only
121,0.4599678344598095,8.030073118489788e-07,8.262237840951851e-12,8.030139182110594e-07,0.6095918688023908,0.2652584122855232,695,Cholecalciferol (vitamin D3),nutrition,393,302,transformer,20260924,name_only
122,0.25448504335883443,0.041122966693527344,0.05855578176030598,0.17604030065633502,0.32492091609541845,0.1529460608837605,3992,Cholesterol,nutrition,2364,1634,transformer,20260924,name_only
123,0.3450738680765151,0.01967260380976534,0.0012862826595805138,0.020998747307771886,0.3384857681808484,0.5657153227641154,1897,"Choline, total",nutrition,1842,55,transformer,20260924,name_only
124,3.7578537279151702,0.0013279038373374926,3.7279921698678174e-06,0.0013298184099727389,3.440990870887939,4.656378324625081,278,Chromium,nutrition,204,75,transformer,20260924,name_only
125,0.3901833776871776,1.1359470817485124e-06,2.6836656193185628e-11,1.1359615799923036e-06,0.48849501210537877,0.23499095767741796,4402,Cobalamin (vitamin B12),nutrition,2696,1710,transformer,20260924,name_only
126,0.28077940106423144,0.02499582824877263,0.002926046343130701,0.02961848447263022,0.290832661397538,0.20873103534220117,98,Conjugated linoleic acids (18:2 CLA isomers),nutrition,86,12,transformer,20260924,name_only
127,0.4746130824445243,0.00019347961700426816,1.6431075552634255e-06,0.00019434999229976224,0.4636987874318511,0.863318336320083,5038,Copper,nutrition,4898,151,transformer,20260924,name_only
128,0.2801152695369584,1.9702526722725984e-05,4.8867193141439754e-08,1.9727064497418968e-05,1.0404867969134728,0.04408224928415017,2450,"Cryptoxanthin, beta",nutrition,584,1874,transformer,20260924,name_only
129,0.29120915521159346,0.08092422750277446,0.011750523433940369,0.09628705845217475,0.28472683859765147,0.652298199188214,1531,Cystine,nutrition,1504,27,transformer,20260924,name_only
130,0.5475931769410897,0.05465233383820082,0.019488154695418303,0.07486675544187636,0.6788905630167229,0.412666210376929,2996,Decanoic acid (10:0),nutrition,1519,1487,transformer,20260924,name_only
131,0.4095825295990457,0.5388382019621785,0.5324272256096589,2.558912897979076,0.4386196975404493,0.2977007699164233,2543,"Dietary fibre, total",nutrition,2019,524,transformer,20260924,name_only
132,0.4401810027591167,0.034922052401300634,0.018174982634023343,0.06164359997050468,0.7674941430604749,0.308345728118406,2886,Docosahexaenoic acid (DHA; 22:6n-3),nutrition,829,2058,transformer,20260924,name_only
133,0.7408006167145115,0.03511714636773196,0.011177654621318898,0.04658216654107802,0.7603330340699135,0.7119434594619862,1047,Docosanoic acid (22:0),nutrition,594,457,transformer,20260924,name_only
134,0.3062285635697376,0.010684061398969106,0.00235288341687094,0.01274696977493681,0.5015034663047602,0.2125393627745141,2934,Docosapentaenoic acid (DPA; 22:5n-3),nutrition,960,1984,transformer,20260924,name_only
135,0.2538403089655,0.0025337491732896006,2.3087581762721748e-05,0.0025515882465485143,0.3415473057788681,0.15882439575101784,75,Docosatetraenoic acid (22:4; isomer unspecified),nutrition,39,36,transformer,20260924,name_only
136,0.31013269366968,0.025658349800129907,0.01899221231862145,0.06356488157668777,0.9845141718580074,0.19233208289639842,733,Docosenoic acid (22:1; cis/trans unspecified),nutrition,109,624,transformer,20260924,name_only
137,0.7473342430698026,0.10859516241546756,0.09358327412133237,0.26871313735959446,0.8149056688261368,0.635405430176271,3352,Dodecanoic acid (12:0),nutrition,2114,1259,transformer,20260924,name_only
138,0.6282123189559322,0.035400799517445486,0.00542124522643456,0.04040732840616524,0.6432127093313992,0.5586342370448678,998,Eicosanoic acid (20:0),nutrition,821,177,transformer,20260924,name_only
139,0.3450685410007849,0.02349376197308271,0.011357779138612864,0.040022273001578484,0.7524048965693841,0.1732173750380337,3202,Eicosapentaenoic acid (EPA; 20:5n-3),nutrition,952,2261,transformer,20260924,name_only
140,0.23158972067549657,0.02175062133178634,0.003822062617998523,0.025368588711675924,0.3009032743921234,0.1803851134253759,772,Eicosatetraenoic acid (20:4; isomer unspecified),nutrition,328,444,transformer,20260924,name_only
141,0.39019129256738055,0.007724489926121986,0.0005043970518773729,0.008027206886854247,0.36285705681082714,0.40690647270628005,224,Eicosatrienoic acid (20:3; isomer unspecified),nutrition,85,139,transformer,20260924,name_only
142,0.3513326230977141,0.00425819245331603,0.00016820698248204083,0.004363094437566029,0.5640847888090924,0.14522896256481646,63,Eicosatrienoic acid (20:3n-3),nutrition,31,32,transformer,20260924,name_only
143,0.42444208552685253,0.00930308014496656,0.0003972579645848335,0.00952676611269616,0.6668903692254786,0.03321871864952424,230,Eicosatrienoic acid (20:3n-6),nutrition,142,88,transformer,20260924,name_only
144,0.5407838628093689,0.051786091783131004,0.017042098750733373,0.07175901672789574,0.586799647533796,0.4540622100384297,2654,Eicosenoic acid (20:1; isomer unspecified),nutrition,1766,897,transformer,20260924,name_only
147,0.01741545562962494,0.0535043078152707,0.1249312784518478,0.27236529156373873,0.812823454445909,0.0011192917514376574,3138,Ethanol,nutrition,63,3075,transformer,20260924,name_only
148,0.4334942680314885,0.7522640077778529,0.9759876945877044,7.211947069688255,0.4337206109008891,0.41199985959773283,4833,"Fat, total",nutrition,4648,196,transformer,20260924,name_only
149,0.4517786511151565,0.5937170466024654,0.6335270592986326,2.9028113948502656,0.45002857967559146,0.47487478167585917,3886,"Fatty acids, total monounsaturated",nutrition,3669,225,transformer,20260924,name_only
150,0.49277049099572795,0.4532773628473586,0.4363986307536536,1.6776948400965452,0.5018585065403525,0.30422059905528487,3896,"Fatty acids, total polyunsaturated",nutrition,3719,181,transformer,20260924,name_only
151,0.4502496605778977,0.543564870243912,0.5774268627988977,2.6359277601731836,0.4510400517533194,0.4339697628015949,4023,"Fatty acids, total saturated",nutrition,3826,205,transformer,20260924,name_only
152,0.4570976204914775,0.14225958316325918,0.07620333146874723,0.2600198053098285,0.5195890813602384,0.3492635182481737,1172,"Fatty acids, total trans",nutrition,742,430,transformer,20260924,name_only
153,0.41118905055721977,0.11051885002760717,0.0728773473746087,0.22954066738530277,0.4174060194527831,0.37421880885826997,521,"Fatty acids, total trans-monoenoic",nutrition,446,75,transformer,20260924,name_only
154,0.5037227749787887,0.047483929094466734,0.013604355553834073,0.06265486698314619,0.5579094269096079,0.32206847517261383,457,"Fatty acids, total trans-polyenoic",nutrition,352,105,transformer,20260924,name_only
155,0.5737691883936928,2.9260876357055054e-05,4.376562847477565e-09,2.926407574034829e-05,0.5488871776224473,0.8477148896552666,3170,"Folate, food",nutrition,2907,264,transformer,20260924,name_only
156,0.5951005820924218,4.22475916952475e-05,1.2759884009684989e-08,4.225526606393284e-05,0.5890479145568928,0.6715765673395795,3886,"Folate, total",nutrition,3601,285,transformer,20260924,name_only
157,0.4776756941475782,3.3211019367610656e-05,1.2001036160981268e-08,3.321838170911546e-05,0.5209214393447275,0.43190513020021526,3100,Folic acid,nutrition,1538,1776,transformer,20260924,name_only
158,0.4225324458014925,0.31977476918507547,0.29806235083256627,0.8991731979505414,0.545549856286031,0.12386230759063309,1959,Fructose,nutrition,1388,572,transformer,20260924,name_only
159,0.24678337063130287,0.027530617447394115,0.014798095435707528,0.04009675952858801,1.14422497755743,0.029146834913051273,1460,Galactose,nutrition,285,1176,transformer,20260924,name_only
160,0.43814928335021525,0.34236968189073075,0.31427371388106684,0.9636821830933759,0.5257514452512101,0.1509156393982232,2003,Glucose,nutrition,1535,469,transformer,20260924,name_only
161,0.2688509746132853,0.4129839175591639,0.28633278666731193,1.2561031173458639,0.26360161023085477,0.7170883666019325,1555,Glutamic acid,nutrition,1537,18,transformer,20260924,name_only
162,0.30755416876563546,0.20590242477344628,0.07423914862853177,0.35207647587995744,0.29455229142910083,0.6243758568194583,1713,Glycine,nutrition,1650,71,transformer,20260924,name_only
165,0.4408653747001363,0.03639355471771164,0.005165379723724527,0.04080868874841755,0.523978098364031,0.18519524207000584,1138,Heptadecanoic acid (17:0),nutrition,858,282,transformer,20260924,name_only
166,0.39488880664235765,0.020549983396689227,0.0027306505570906196,0.0224420347001921,0.4804724928472294,0.2621553168838749,880,Heptadecenoic acid (17:1; isomer unspecified),nutrition,538,347,transformer,20260924,name_only
167,0.4080938100103851,0.3993706893572796,0.303972178088625,1.2666783169046167,0.40566270606180155,0.47469802149430623,3436,Hexadecanoic acid (16:0),nutrition,3315,121,transformer,20260924,name_only
168,0.45286440802588995,0.10686723413753596,0.04321532346100617,0.1684736574099783,0.44658737348598054,0.4833289489929166,878,Hexadecenoic acid (16:1; cis/trans unspecified),nutrition,728,150,transformer,20260924,name_only
169,0.2808569907295314,0.027318460817278695,0.005363832817661257,0.03227783715278159,0.549876529969484,0.16448715617085494,2651,Hexanoic acid (6:0),nutrition,802,1855,transformer,20260924,name_only
170,0.3149620531962597,0.15351456280080378,0.038973398414023475,0.22231483480314806,0.30696079906401885,0.7177757088677449,1562,Histidine,nutrition,1534,30,transformer,20260924,name_only
171,0.4930196945652356,0.10650899299764847,0.020624067272326057,0.1184650346917052,0.6335925288460494,0.006260029592865171,299,Hydroxyproline,nutrition,232,67,transformer,20260924,name_only
172,0.3880280295682384,0.5204160382472818,0.40423361553679377,2.596513237461829,0.3838926540951311,0.46660016355727607,20,Insoluble dietary fibers,nutrition,19,1,transformer,20260924,name_only
173,0.44646195703878183,0.0019345391759121172,3.547866073261649e-05,0.0019564968588390097,0.442160294893669,0.5912114022668847,5716,Iron,nutrition,5552,171,transformer,20260924,name_only
174,0.2877528871468737,0.19599678662516037,0.06024480676752837,0.31471472288889185,0.2800702459267865,0.6704450965314567,1564,Isoleucine,nutrition,1536,30,transformer,20260924,name_only
175,0.7790476631784891,0.31532481359141123,0.21401675683246055,0.5889627222776412,0.7790476631784891,,15,Isomeric linoleic acids (18:2),nutrition,15,0,transformer,20260924,name_only
176,0.7497542475283689,0.11777885393320403,0.0719500795074135,0.17935798580482643,0.9318706062859213,0.4895880207318655,17,Isomeric linolenic acids (18:3),nutrition,10,7,transformer,20260924,name_only
177,0.25161856845760144,0.23275928451994984,0.21232473006912977,0.5876507890154413,0.5885018555539708,0.09398746202720225,1909,Lactose,nutrition,610,1302,transformer,20260924,name_only
178,0.2960946476811376,0.2901215419689633,0.13121734404237279,0.5774209776238314,0.29014506664539735,0.7548073455367085,1562,Leucine,nutrition,1542,20,transformer,20260924,name_only
179,1.6640320994256665,1.1343136937620772,2.341409121064839,5.537800805568695,1.9024599134615792,0.8891417038089507,17,Lignin,nutrition,13,4,transformer,20260924,name_only
180,0.5004928046707602,0.38348737092300295,0.3650165919584414,1.6055372453988788,0.507337303205572,0.33030171610322695,1345,Linoleic acid (18:2n-6),nutrition,1293,52,transformer,20260924,name_only
181,0.565333093947109,0.00028978632220783896,1.8522399702677606e-06,0.00029083801293045263,0.6590632202483275,0.33586557088022123,1277,Lutein + zeaxanthin,nutrition,908,370,transformer,20260924,name_only
182,0.14230985558722004,0.0003058452564014871,2.7519204992311576e-06,0.00030724154401363046,0.9316557398812162,0.04895310456204865,2090,Lycopene,nutrition,221,1870,transformer,20260924,name_only
183,0.3330500148595958,0.27995060971221325,0.1227581560045084,0.5562014964416637,0.32735381322219775,0.7341143937836674,1571,Lysine,nutrition,1549,22,transformer,20260924,name_only
184,0.42147973793427373,0.026677681892852707,0.002692446210314874,0.029162739148450918,0.41024749335324223,1.0892123573097474,6213,Magnesium,nutrition,6111,107,transformer,20260924,name_only
185,0.4624871810383266,0.18001703430383315,0.11497606365963513,0.31120826293166076,0.7373438097393629,0.24216671702315973,1924,Maltose,nutrition,862,1069,transformer,20260924,name_only
186,0.6013639751317085,0.0005778189910353544,8.26572179298979e-06,0.0005823954303580307,0.5700162918678444,1.3282644143595532,3266,Manganese,nutrition,3135,142,transformer,20260924,name_only
188,0.45180503323452675,4.3506714542951754e-06,4.336050998941492e-11,4.350698846331636e-06,0.5015247116625868,0.004327927381986325,10,Menaquinone-4,nutrition,9,1,transformer,20260924,name_only
189,0.29813163882702004,0.12127130955773431,0.025526046096617138,0.16473172295114133,0.29086375864409525,0.6089734584959512,1570,Methionine,nutrition,1537,35,transformer,20260924,name_only
190,0.75105572031629,3.7158223419144824e-05,9.607239578135386e-09,3.7164913570812524e-05,0.7603982668786893,0.7049268966644432,190,Molybdenum,nutrition,158,32,transformer,20260924,name_only
191,0.4132941375248448,0.0017681427182485504,1.3128478049799789e-05,0.0017777716222061853,0.41024780433127345,0.4857801450983456,5427,Niacin,nutrition,5212,218,transformer,20260924,name_only
192,0.4749223965606877,0.0027375421607157913,3.453993000324893e-05,0.0027589317963218323,0.4830773286373473,0.33188747680340375,1168,Nicotinic acid,nutrition,1105,63,transformer,20260924,name_only
193,0.5562016916441174,0.4052353367508559,0.3589631494153871,1.6206865580224796,0.5576007646841045,0.5163506756986793,914,Octadecadienoic acid (18:2; isomer unspecified),nutrition,883,31,transformer,20260924,name_only
194,0.42959204682535357,0.2755872980957355,0.1742821403426125,0.6442936234466732,0.42824249389451996,0.4391901729683987,3429,Octadecanoic acid (18:0),nutrition,3233,203,transformer,20260924,name_only
195,0.11569941254741316,0.007169647605446034,0.0034948719308260144,0.011193470381962754,0.788284092625803,0.04885231131638053,719,Octadecatetraenoic acid (18:4; isomer unspecified),nutrition,65,654,transformer,20260924,name_only
196,0.5622633261204284,0.10070457577152238,0.038679605359024045,0.15108758192144237,0.5603434361012323,0.5836675053884934,899,Octadecatrienoic acid (18:3; isomer unspecified),nutrition,825,74,transformer,20260924,name_only
197,0.4296696122766818,0.5084199479584472,0.5121574961445466,3.00474402013953,0.43133576311906324,0.387920632597581,912,Octadecenoic acid (18:1; cis/trans unspecified),nutrition,877,35,transformer,20260924,name_only
198,0.3961633838150621,0.0383043023920215,0.015658945615163518,0.0537448011556908,0.6501578982944494,0.24086631205711337,2755,Octanoic acid (8:0),nutrition,1049,1716,transformer,20260924,name_only
199,0.3977867262551411,0.00047168808843681777,6.754006720847244e-06,0.00047534673775117577,0.383398053850839,0.6274766117645887,2974,Pantothenic acid (vitamin B5),nutrition,2796,184,transformer,20260924,name_only
200,0.519610617531487,0.02597604028365152,0.0037450676421680812,0.028733049129761903,0.5911991084059793,0.3821647111399912,1081,Pentadecanoic acid (15:0),nutrition,712,374,transformer,20260924,name_only
201,0.11371546292228565,0.002882601059507894,0.0006651128497599443,0.00326826523310278,1.5155584051872797,0.0020342367678651656,777,Pentadecenoic acid (15:1; isomer unspecified),nutrition,58,721,transformer,20260924,name_only
202,0.29142646801994443,0.20457221625454375,0.06603973966062138,0.3249212439856027,0.2847387574718018,0.639522430342818,1573,Phenylalanine,nutrition,1546,29,transformer,20260924,name_only
203,0.3668892583710604,0.08616618114760181,0.014630225964977924,0.10347057690219177,0.35772753591454626,0.7278460629642739,5470,Phosphorus,nutrition,5336,140,transformer,20260924,name_only
204,0.3612683255102808,0.033206572425919526,0.003973026822765288,0.03666180657850594,0.6065763260620708,0.06689872484813288,66,Phytosterols,nutrition,36,30,transformer,20260924,name_only
205,0.38038305606311446,0.15494612545923134,0.052296093097259515,0.23076734630019363,0.3719251046603176,0.9001476861656121,5513,Potassium,nutrition,5424,95,transformer,20260924,name_only
206,0.2772527225641763,0.2329912972128209,0.08683991261328158,0.4056015379192819,0.2717850321165686,0.6239954251166299,1546,Proline,nutrition,1522,24,transformer,20260924,name_only
207,0.3304042621038781,0.6886122192423286,0.8300845944020953,5.702169632625423,0.31875188548970546,0.6213816245522806,4633,"Protein, total",nutrition,4456,179,transformer,20260924,name_only
208,0.5393101088329084,0.00010440641927992572,7.639729287383924e-07,0.00010479751364892898,0.6416806393262525,0.43060660989678085,5057,Retinol,nutrition,2616,2474,transformer,20260924,name_only
209,0.39492851217953606,0.00013771033532919172,1.2106152759292537e-07,0.00013778261624622305,0.39256767880887256,0.4436117658180227,4691,Riboflavin (vitamin B2),nutrition,4480,212,transformer,20260924,name_only
210,0.4284466742555399,9.698330357067048e-06,1.5790759052484083e-09,9.6991928601492e-06,0.43027017488149105,0.396464546376752,4249,"Selenium, Se",nutrition,3964,318,transformer,20260924,name_only
211,0.28831144430185296,0.20852502498872283,0.06899395168843492,0.33527978146699106,0.28180655066237814,0.7377404593928389,1542,Serine,nutrition,1520,22,transformer,20260924,name_only
212,0.48656325586630733,0.1431860008910846,0.09741688347522232,0.29320419622610355,0.4861212871433718,0.4763318970113505,4705,Sodium,nutrition,4592,127,transformer,20260924,name_only
213,0.26790779615860216,0.26790779334039705,0.1537539670469846,0.43586842790261854,0.18683026636714067,0.37601116921388417,14,Sorbitol,nutrition,8,6,transformer,20260924,name_only
214,0.4118619431962411,1.0605838398363712,2.3915920911926936,11.344845288367846,0.43804270533753015,0.3708754822059452,1292,Starch,nutrition,865,458,transformer,20260924,name_only
215,0.278419295295763,0.09621289058198282,0.050956567644612774,0.13061866759868726,0.7406295458168576,0.25409244000517905,140,Stearidonic acid,nutrition,7,133,transformer,20260924,name_only
216,0.4688993065677994,0.006994679514482918,0.0001771005702805069,0.007117148479737688,0.5708528450995163,0.29897674234827115,48,Stigmasterol,nutrition,30,18,transformer,20260924,name_only
217,0.5636218408228729,0.6228370126111021,0.8771876298926488,4.223494305595144,0.6329509336758005,0.379503818330106,1021,Sucrose,nutrition,742,296,transformer,20260924,name_only
218,0.4431904607187445,0.6691799443928507,0.8351970392533619,6.331086628748501,0.4560631185244354,0.34479721653348516,3185,"Sugars, total",nutrition,2821,368,transformer,20260924,name_only
219,0.4784144889490515,0.1173911168452602,0.02147499713338423,0.1391569425535202,0.4784144889490515,,20,Sulfur,nutrition,20,0,transformer,20260924,name_only
220,0.6434437595758538,0.016475244825382356,0.00129575459517913,0.017538570704254696,0.6027301332353262,0.6946494128724837,806,Tetracosanoic acid (24:0),nutrition,449,357,transformer,20260924,name_only
221,0.601528960522565,0.17782579694641484,0.11353179854796444,0.346520992545023,0.6327640354056892,0.4226072392362744,3308,Tetradecanoic acid (14:0),nutrition,2814,501,transformer,20260924,name_only
222,0.4501460597834048,0.029365683462161018,0.005644923976754358,0.0337769845641572,0.573202846607028,0.28364968781573696,1002,Tetradecenoic acid (14:1; isomer unspecified),nutrition,577,430,transformer,20260924,name_only
223,0.4971659573342488,0.00013492723982902298,1.355429303869095e-07,0.0001350051975242167,0.505299256005426,0.354203527363058,5049,Thiamin (vitamin B1),nutrition,4783,272,transformer,20260924,name_only
224,0.2932398823696463,0.18813797700254403,0.05715237405886863,0.2965695885820426,0.2870789260175475,0.723946740075465,1560,Threonine,nutrition,1538,22,transformer,20260924,name_only
225,0.4603415199350232,6.889214501410366e-05,7.308218800245925e-08,6.893390954571388e-05,0.5349892842129721,0.32477051690628006,1452,"Tocopherol, beta",nutrition,938,515,transformer,20260924,name_only
226,0.5431030918086015,0.00027597388047861823,1.8302460723133837e-06,0.0002769341445250191,0.7547071095394573,0.2616551885037979,1454,"Tocopherol, delta",nutrition,830,625,transformer,20260924,name_only
227,0.7118463022320506,0.0016033824820858513,2.7442540094969327e-05,0.001621022355951592,0.7724679256933805,0.45728979275076076,1548,"Tocopherol, gamma",nutrition,1249,300,transformer,20260924,name_only
228,0.7368275238163318,0.00010797165831552242,2.5320150057105644e-07,0.00010810532236245885,0.721968323794736,0.7659498527984853,1033,"Tocotrienol, alpha",nutrition,684,349,transformer,20260924,name_only
229,0.28535366973747894,0.00010503838423272544,5.374574952809008e-08,0.00010507090413441964,0.5894518681990765,0.2160255830415707,237,"Tocotrienol, beta",nutrition,44,193,transformer,20260924,name_only
230,0.20251582199714316,2.539439559064541e-05,3.2394409000489315e-09,2.5396069750793868e-05,0.5420829670503894,0.1826312594489801,235,"Tocotrienol, delta",nutrition,13,222,transformer,20260924,name_only
231,0.6323546845986718,0.00013867249407783846,1.416536557118533e-07,0.00013874736234280896,0.7948347786154458,0.5263393041054576,233,"Tocotrienol, gamma",nutrition,92,141,transformer,20260924,name_only
232,0.05928743737779793,0.0006156617983859743,1.3377147507289226e-05,0.0006224100961450871,1.2094233445876792,0.003992441838861329,109,Tridecanoic acid (13:0),nutrition,5,104,transformer,20260924,name_only
233,0.2953635141306375,0.06344072701846036,0.0075313421186302635,0.07384743488230158,0.282820077711417,0.5414842822021868,2819,Tryptophan,nutrition,2687,138,transformer,20260924,name_only
234,0.3032674222708234,0.17439910931878688,0.04865798304528142,0.259894591574965,0.2965068020321924,0.6296841238260892,1553,Tyrosine,nutrition,1525,30,transformer,20260924,name_only
235,0.29764787157539824,0.22298651442529105,0.07766423742549794,0.37002647829919194,0.29054116828672,0.7744149661158559,1566,Valine,nutrition,1543,23,transformer,20260924,name_only
236,0.3549757530315363,0.00011863359351226052,1.024406491120623e-07,0.00011870417904194145,0.33933580711773276,0.6149898538485199,282,Vitamin B6 - Pyridoxin,nutrition,266,16,transformer,20260924,name_only
237,0.4119328940099891,7.897495704873998e-07,3.6566050544968796e-11,7.897694302131123e-07,0.5512239009578743,0.3013879762704193,4761,Vitamin D (D2 + D3),nutrition,2118,2658,transformer,20260924,name_only
238,0.1866948820021785,1.115108635157095e-07,8.359336216030778e-13,1.115112863703968e-07,0.8426557592739541,0.04308844243510927,1168,Vitamin D2 (ergocalciferol),nutrition,212,957,transformer,20260924,name_only
239,0.23171064970359803,0.7474199899334754,1.0975716188703093,25.47250830139015,0.23094404207077662,0.3186009783050243,5247,Water,nutrition,5198,51,transformer,20260924,name_only
241,0.4556646526107946,0.0011296846044077777,6.9247572619137775e-06,0.001134597055061614,0.44630990272967924,0.8347048208883944,5536,Zinc,nutrition,5410,148,transformer,20260924,name_only
242,0.2997765176741846,0.013794466321075538,0.001426904899934452,0.014960278835261133,0.4468590522375412,0.14296951801573013,250,"cis,cis-Eicosadienoic acid (20:2n-6)",nutrition,129,121,transformer,20260924,name_only
243,0.7390080702734525,0.008889402174952972,0.00034853831436228557,0.009128034525075261,0.7575755431500799,0.7181899946239007,70,cis-Docosenoic acid (22:1 cis),nutrition,37,33,transformer,20260924,name_only
244,0.2983326318910423,0.07564082240649068,0.016680499157110944,0.09486632642575978,0.28555692853706627,0.5634284764860444,87,cis-Hexadecenoic acid (16:1 cis),nutrition,83,4,transformer,20260924,name_only
245,0.3218033624087982,0.44756057997693194,0.35148515127616203,3.314573378153486,0.3218033624087982,,153,cis-Octadecenoic acid (18:1 cis),nutrition,153,0,transformer,20260924,name_only
246,0.3740511092643607,0.004616730383816394,0.00014609522724432262,0.004741195987027458,0.6225081981800695,0.22201020410698663,108,cis-Tetracosenoic acid (24:1 cis),nutrition,41,67,transformer,20260924,name_only
247,0.5900343871638056,0.06107412254208778,0.012718902001596734,0.07043050777699265,0.4410302931162913,2.0055732806151907,21,"trans,trans-Linoleic acid (18:2 trans,trans)",nutrition,19,2,transformer,20260924,name_only
248,0.08418164016984193,0.00012845573510034074,1.5261440707960353e-07,0.00012853819956343588,0.6748848435567495,0.019974770236482434,51,trans-Docosenoic acid (22:1 trans),nutrition,5,46,transformer,20260924,name_only
249,0.30912503772367916,0.008361671135326092,0.00017020036649064866,0.008560045529585709,0.32889073609171354,0.266769969792177,66,trans-Hexadecenoic acid (16:1 trans),nutrition,45,21,transformer,20260924,name_only
250,0.4487342389479546,0.03840477748539355,0.003772990073899521,0.04282018171426607,0.46870482848442624,0.21907245927853114,75,trans-Linoleic acid (18:2; isomer unspecified),nutrition,69,6,transformer,20260924,name_only
251,0.50923263111258,0.2340167746952896,0.1971852624577927,0.6266246678967652,0.4860125241547404,0.6414862837854927,154,trans-Octadecenoic acid (18:1 trans),nutrition,131,23,transformer,20260924,name_only
2,0.4409610683837455,0.20631828798071217,0.09360268512996424,0.36853653538537395,0.4409610683837455,,18,Acetic acid,food_metabolome,18,0,rf,,completion
7,0.668335469292101,0.001848034576952627,7.992111107014083e-05,0.0018888751959927192,1.3393420845662845,0.31941202934952556,38,Apigenin,food_metabolome,13,25,rf,,completion
9,1.2883954106336486,0.0014422034928123302,9.034045499558985e-06,0.0014485338100973433,1.2883954106336486,,13,Benzoic acid,food_metabolome,13,0,rf,,completion
11,0.5498977004830148,0.002115727663026946,1.906939948839044e-05,0.00213031131509374,0.5407823803953534,0.650166221447289,12,Cadaverine,food_metabolome,11,1,rf,,completion
12,1.1012244636803898,0.07065322882955427,0.05591825627123655,0.11210300902571604,1.1036868140761633,1.0807048770489442,28,Caffeic acid,food_metabolome,25,3,rf,,completion
13,0.05715978613012169,0.001956562267530043,0.0004874079859205819,0.0025544341842999824,0.36360924880748346,0.02901702358211157,1962,Caffeine,food_metabolome,168,1795,rf,,completion
15,0.6646454678617395,0.009971411084532165,0.0020446470815491885,0.011149806446864976,0.6680883879208285,0.6566119877238654,30,Catechin,food_metabolome,21,9,rf,,completion
16,0.1286699168155533,0.008533038605289459,0.00037473127146703993,0.009280173223634718,0.13009485367174922,0.05837303190988799,755,Choline,food_metabolome,740,15,rf,,completion
18,0.2812280094304508,0.12303770701141098,0.025360666962645627,0.18004683672015476,0.2812280094304508,,52,Citric acid,food_metabolome,52,0,rf,,completion
21,1.0449236720124784,0.00836266661357996,0.00011479366263114513,0.008432533730667855,1.266340891402145,0.7349395648669452,12,Cyanidin,food_metabolome,7,5,rf,,completion
22,0.6645484689711775,0.003601630116541846,4.738621774136363e-05,0.0036371473893869496,0.6777730955606635,0.6292827980658816,11,Daidzein,food_metabolome,8,3,rf,,completion
24,0.7542831016461143,0.0038717088600439013,9.224390909812387e-05,0.003925607386772648,1.1425854993288298,0.45227012567066904,16,Delphinidin,food_metabolome,7,9,rf,,completion
25,2.2121593911365873,0.12125776423285697,0.06066698254682533,0.15824347127224317,2.2121593911365873,,5,Ellagic acid,food_metabolome,5,0,rf,,completion
26,0.49687911111924743,0.0009378873205850493,7.234103034648794e-06,0.0009419970017425687,1.0358347437058406,0.28129685808461014,28,Epigallocatechin,food_metabolome,8,20,rf,,completion
28,0.5531009183994683,0.007820579211709235,0.0004547937823491569,0.008140957377424913,0.5727191465040626,0.31768218114433694,26,Ferulic acid,food_metabolome,24,2,rf,,completion
33,1.6357072287102579,0.22058744199590377,0.35945396829484316,0.6309988500450116,1.986395879217201,0.3206247893092223,19,Gallic acid,food_metabolome,15,4,rf,,completion
35,1.2831077272757512,0.009300628865349058,0.0016000224723797512,0.010166151648120085,1.2664289778528106,1.7167552122722072,27,Genistein,food_metabolome,26,1,rf,,completion
43,0.5265102817740713,0.0013477756934082716,6.906405706236873e-06,0.0013522642011008972,0.8102401384441756,0.37174854177219624,17,Glycitein,food_metabolome,6,11,rf,,completion
47,0.5505197234047288,0.0011874736762022603,1.564990729278083e-05,0.0011958977271368438,0.565072262030415,0.0702859487570822,34,Histamine,food_metabolome,33,1,rf,,completion
50,0.7958626143465413,0.005041470938806622,0.0002381073083339204,0.0051668663104307375,1.1408725681912342,0.5888566420397255,16,Isorhamnetin,food_metabolome,6,10,rf,,completion
51,0.7485966807182138,0.0021845446066923093,2.4440126380957104e-05,0.002198921967068663,0.8753669612484153,0.5974475000860504,57,Kaempferol,food_metabolome,31,26,rf,,completion
52,0.18741032953352377,0.15378839173965647,0.03536568690123378,0.2762368254157298,0.18741032953352377,,23,Lactic acid,food_metabolome,23,0,rf,,completion
53,0.871386171507081,0.00018375195301914137,9.077904932963668e-08,0.00018380913025913662,0.871386171507081,,4,Lariciresinol,food_metabolome,4,0,rf,,completion
54,0.5213578225025277,0.0008837921512191143,3.2613211746348185e-06,0.0008858723863332071,0.5213578225025277,,14,Lutein,food_metabolome,14,0,rf,,completion
55,0.8435466901474924,0.005820920394260422,0.0004428758979790215,0.00606208487799163,1.1926390236810154,0.6018673823165916,44,Luteolin,food_metabolome,18,26,rf,,completion
56,0.2429255797004944,0.10135135479800618,0.0311047437102283,0.1558165316771578,0.2429255797004944,,49,Malic acid,food_metabolome,49,0,rf,,completion
58,1.928863010182381,0.0001489216550281758,8.83275155773058e-08,0.00014896673131484014,1.6312013564057337,3.1195096252889685,5,Matairesinol,food_metabolome,4,1,rf,,completion
61,0.5050722477195766,0.0010290124646539,8.178341505696188e-06,0.0010342263522923729,0.6000557418964254,0.3829506123493425,48,Myricetin,food_metabolome,27,21,rf,,completion
62,0.553267199757801,0.019269509398861913,0.004989872784427721,0.022237984454846448,0.9422597030761732,0.32635490615541735,19,Naringenin,food_metabolome,7,12,rf,,completion
65,0.32296027491220225,0.03451018357789769,0.0018287740306617193,0.03998954883540451,0.32296027491220225,,4,Oxalic acid,food_metabolome,4,0,rf,,completion
66,0.7092533499875682,0.0001812147378369103,3.501960113028296e-07,0.000181459005977784,0.7047535882780014,0.7110532546713948,14,Pelargonidin,food_metabolome,4,10,rf,,completion
67,0.5095388969040237,0.0012909798396539536,7.1694914157916755e-06,0.0012957089098576792,1.0569365126304948,0.2662510676922587,13,Peonidin,food_metabolome,4,9,rf,,completion
72,0.6658068273868556,5.580345252277048e-05,3.351957188208272e-09,5.580711843893247e-05,0.6658068273868556,,4,Pinoresinol,food_metabolome,4,0,rf,,completion
77,0.5073526787607979,0.0028413063950899634,5.9301588551373294e-05,0.002904153231443525,0.5073526787607979,,17,Putrescine,food_metabolome,17,0,rf,,completion
79,0.7333407842659648,0.004760324960120107,8.621511208654878e-05,0.004814762050872083,0.7496201620439471,0.6816298195594328,71,Quercetin,food_metabolome,54,17,rf,,completion
82,0.2986050479866735,0.25979965960037976,0.1086252777846492,0.5570709260978329,0.3803436045453208,0.13512793486937885,6,Rosmarinic acid,food_metabolome,4,2,rf,,completion
83,0.8604994169684762,0.00010304410899843042,2.1611731037295055e-08,0.0001030575952480479,0.8604994169684762,,5,Secoisolariciresinol,food_metabolome,5,0,rf,,completion
88,0.22195634466268876,0.0007536183686767203,9.591347304186215e-07,0.000754321334425748,0.209582367524574,0.34569611604383677,11,Spermine,food_metabolome,10,1,rf,,completion
90,1.071125856189634,0.007117586646545807,0.00027436244827583496,0.007269086000790643,0.99040001705145,1.340211986650247,13,Syringic acid,food_metabolome,10,3,rf,,completion
91,0.5105099938864471,0.2234641503591906,0.13080501499683314,0.3557449461235654,0.5105099938864471,,5,Tartaric acid,food_metabolome,5,0,rf,,completion
92,0.5198297627585923,0.0009053357194162054,1.3129619780442311e-06,0.0009079354467214189,0.5198297627585923,,9,Taurine,food_metabolome,9,0,rf,,completion
93,0.03187153665238992,0.004089210305924134,0.0006359158999374425,0.005384029496493995,0.24939136874575552,0.018328979612968258,1928,Theobromine,food_metabolome,113,1815,rf,,completion
96,0.20815414038416846,0.0010287090751938093,2.9682858101470166e-06,0.001033252100947895,0.21797983606587742,0.14919996629391488,21,Tyramine,food_metabolome,18,3,rf,,completion
98,0.4235040540564856,0.0006679033565592191,1.0820296510240717e-06,0.0006692588647742533,0.2938547519691765,1.0069259134493767,11,Vanillic acid,food_metabolome,9,2,rf,,completion
103,0.6439527160405131,0.004937200167671203,0.000187590267571885,0.00504710840043555,0.693748645527231,0.3451771391202056,28,p-Coumaric acid,food_metabolome,24,4,rf,,completion
104,0.03668352899892737,0.028315214151795047,0.0060400506490419425,0.05779557665618342,0.036763951404902996,0.031108794039252895,1547,Alanine,nutrition,1525,22,rf,,completion
105,0.14120773161350247,0.012747939311436718,0.0008330357144185423,0.01400137415230124,0.20096409987319855,0.06908899072720101,1128,Arachidonic acid (20:4n-6),nutrition,620,510,rf,,completion
106,0.05609056780004528,0.045588772382596246,0.007677740437198096,0.09189143276659516,0.054574464520562596,0.09847335973363504,1727,Arginine,nutrition,1665,68,rf,,completion
107,0.39101773080504143,0.00823962429285198,0.00032151436161445524,0.008513678236941612,0.42437757216563493,0.33483273482930503,102,Ascorbic acid (vitamin C),nutrition,64,38,rf,,completion
108,0.07538447541304612,0.07858666351154085,0.02585340975417976,0.3218747627577497,0.0755315380004184,0.07208171211100331,3606,Ash,nutrition,3554,54,rf,,completion
109,0.03860479633772411,0.040200360053183413,0.006048657699905435,0.09541455478676913,0.03840807694320901,0.05334891495663032,1519,Aspartic acid,nutrition,1499,20,rf,,completion
110,0.1015024685495499,0.26355125729290096,0.16840755031950724,3.0603936735884747,0.10513607102780677,0.06221414175339731,756,Available carbohydrate,nutrition,692,64,rf,,completion
111,0.13952202100448105,0.021985975254198608,0.002609186229539482,0.0257420659212497,0.17016465091958127,0.06510420549638053,48,Beta-sitosterol,nutrition,34,14,rf,,completion
112,0.18646153350461944,0.006623597555592527,0.001866448455700824,0.008026258470486719,0.17917906957885396,0.37368934736626414,498,Betaine,nutrition,481,18,rf,,completion
113,0.32285526808545856,7.847479818294027e-05,1.8647311507672844e-06,7.950771771953915e-05,0.29116597902620195,0.6188244452212448,1768,Biotin,nutrition,1594,182,rf,,completion
114,0.10478470965549004,0.013725766835177358,0.0023056009880059497,0.019233949374537002,0.20449671432891722,0.05144622377764323,2269,Butyric acid (4:0),nutrition,791,1479,rf,,completion
115,0.25732789846163445,0.026822603577454807,0.006342136263245544,0.03729857223365563,0.25539558944337093,0.3869448131176212,6878,Calcium,nutrition,6755,133,rf,,completion
116,0.3036730154294578,0.008896748392581241,0.00040672732673857355,0.009402705625372092,0.3154375182333343,0.26249725561589005,36,Campesterol,nutrition,28,8,rf,,completion
117,0.2631620141431678,4.3588869716074315e-05,9.987467992877889e-08,4.364941913178339e-05,0.6834275498967727,0.1415538640650186,2524,"Carotene, alpha",nutrition,568,1961,rf,,completion
118,0.41352835867757354,0.00031993129253431705,3.595142292946948e-06,0.00032221010351728504,0.5326508018420915,0.23638584598821516,3736,"Carotene, beta",nutrition,2264,1494,rf,,completion
119,0.44438624884993266,0.41525924933092473,0.4949034642089933,4.6538861280097485,0.41624024771223195,0.6273352562449872,15,Cellulose,nutrition,13,2,rf,,completion
120,0.21568334423890767,0.09773627311164916,0.024907178934628633,0.3668248890369062,0.21568334423890767,,343,Chloride,nutrition,343,0,rf,,completion
121,0.26428255024041386,6.060690312488182e-07,8.108055326005573e-12,6.060746365205411e-07,0.34194908395928586,0.16321318682479566,695,Cholecalciferol (vitamin D3),nutrition,393,302,rf,,completion
122,0.07163288398862734,0.012981764268090867,0.00976815259328699,0.07250938569616762,0.09947872784884595,0.032463143888751496,3992,Cholesterol,nutrition,2364,1634,rf,,completion
123,0.07783232053248432,0.004442020439850345,0.00010257311346667854,0.004818894425555759,0.07854809136911853,0.05386050451284444,1897,"Choline, total",nutrition,1842,55,rf,,completion
124,0.40513285639420865,3.928117076459654e-05,5.4778357962396605e-08,3.931799251325565e-05,0.44372304588745626,0.30282569457665026,278,Chromium,nutrition,204,75,rf,,completion
125,0.14053027871444213,5.419321581699456e-07,1.1481637660764309e-11,5.419419932582718e-07,0.1864226058002314,0.06792959951578378,4402,Cobalamin (vitamin B12),nutrition,2696,1710,rf,,completion
126,0.16632748876743286,0.016731058362925627,0.001179450809469086,0.02203426456265884,0.15736723940957384,0.2305426091654226,98,Conjugated linoleic acids (18:2 CLA isomers),nutrition,86,12,rf,,completion
127,0.19718106170623256,9.977328853448605e-05,1.4408115595967838e-06,0.00010058641780934023,0.19583135144681632,0.2524358534670048,5038,Copper,nutrition,4898,151,rf,,completion
128,0.265318381435943,1.913018690103532e-05,4.8269735918837306e-08,1.9154708155294997e-05,0.6387409525151538,0.15021305365923637,2450,"Cryptoxanthin, beta",nutrition,584,1874,rf,,completion
129,0.051648884832294906,0.015610672677960985,0.0019243076261932397,0.020054989089882694,0.051883693303840656,0.038569183306190774,1531,Cystine,nutrition,1504,27,rf,,completion
130,0.22790973646592066,0.0251942534937591,0.010399446312025733,0.03888959820711698,0.2964953316884839,0.1581021320992614,2996,Decanoic acid (10:0),nutrition,1519,1487,rf,,completion
131,0.12226825929884733,0.1667461299946624,0.07099821017166597,0.7873238995492917,0.1332440751292505,0.0799778544103283,2543,"Dietary fibre, total",nutrition,2019,524,rf,,completion
132,0.13204942092458494,0.014522599689122697,0.008566468055999144,0.03373509195510402,0.28885040051672806,0.06884660901572315,2886,Docosahexaenoic acid (DHA; 22:6n-3),nutrition,829,2058,rf,,completion
133,0.2758375461557258,0.015411255341545213,0.007833934875151922,0.024334672584665915,0.2982844896166156,0.24562671317430249,1047,Docosanoic acid (22:0),nutrition,594,457,rf,,completion
134,0.12030968038140029,0.005396350465944781,0.0015193986143838651,0.007124946034317952,0.2438352904036729,0.06122486728805786,2934,Docosapentaenoic acid (DPA; 22:5n-3),nutrition,960,1984,rf,,completion
135,0.19314915983005532,0.0019495895522757838,1.6969125198277363e-05,0.0019647689180401764,0.2444714112460263,0.13755005412942004,75,Docosatetraenoic acid (22:4; isomer unspecified),nutrition,39,36,rf,,completion
136,0.18018496539314707,0.015962906519198652,0.021929916091498823,0.05147699190751247,0.6398028966438295,0.09989914086378106,733,Docosenoic acid (22:1; cis/trans unspecified),nutrition,109,624,rf,,completion
137,0.33208660463690287,0.056633437314177186,0.05978126832893043,0.19233020807830853,0.3795349405338155,0.25346074482917014,3352,Dodecanoic acid (12:0),nutrition,2114,1259,rf,,completion
138,0.20541589412753486,0.011965776704507446,0.0020067526444487917,0.014142037319829676,0.20137058029340607,0.22417975095137532,998,Eicosanoic acid (20:0),nutrition,821,177,rf,,completion
139,0.16404135762806138,0.012865427826233922,0.007441838906227603,0.02624670735393916,0.3545573556190581,0.08387215874906997,3202,Eicosapentaenoic acid (EPA; 20:5n-3),nutrition,952,2261,rf,,completion
140,0.0981289496729541,0.008536168029739905,0.0011425555145834596,0.010150010592693184,0.13462066047376145,0.07117110926154688,772,Eicosatetraenoic acid (20:4; isomer unspecified),nutrition,328,444,rf,,completion
141,0.19473005692978476,0.004287743306662452,0.0004469210854144863,0.004551802692185719,0.29856098466796244,0.13123632414025163,224,Eicosatrienoic acid (20:3; isomer unspecified),nutrition,85,139,rf,,completion
142,0.19979416651812737,0.0013819252773312892,8.597135075931317e-06,0.0013940411111787734,0.2272294346257933,0.173216250538826,63,Eicosatrienoic acid (20:3n-3),nutrition,31,32,rf,,completion
143,0.14420300930646557,0.0035515180320181625,9.354705489620443e-05,0.00367624865448871,0.1656380050588259,0.10961472070606595,230,Eicosatrienoic acid (20:3n-6),nutrition,142,88,rf,,completion
144,0.20694708190908057,0.021007901973881877,0.007496527465599614,0.035167798467500955,0.22156281375304973,0.18088296301425683,2654,Eicosenoic acid (20:1; isomer unspecified),nutrition,1766,897,rf,,completion
147,0.014879422514611914,0.06267896697576807,0.049495024501725327,0.21367374004393475,0.3595599701863678,0.007817674708653988,3138,Ethanol,nutrition,63,3075,rf,,completion
148,0.06445752009815643,0.12176752729825245,0.0749802959293547,1.0970085938655778,0.06389546201259508,0.0750631366461438,4833,"Fat, total",nutrition,4648,196,rf,,completion
149,0.07791546358751407,0.09854131646955054,0.03455592603476525,0.7278753835310857,0.08011764487245188,0.03973293651325458,3886,"Fatty acids, total monounsaturated",nutrition,3669,225,rf,,completion
150,0.14584150832996587,0.13545092239061204,0.05754360372434444,0.6759846274288437,0.14825056701793662,0.09478135813868999,3896,"Fatty acids, total polyunsaturated",nutrition,3719,181,rf,,completion
151,0.09342344312770336,0.10972308814624716,0.038200328775235125,0.7484677708980434,0.09667215574669977,0.0308056851692251,4023,"Fatty acids, total saturated",nutrition,3826,205,rf,,completion
152,0.19226601080043246,0.06424416161737476,0.03117423318865897,0.14606643569504518,0.22760116557151566,0.13129232512567962,1172,"Fatty acids, total trans",nutrition,742,430,rf,,completion
153,0.20112759364429253,0.05739210329495034,0.03556685670456492,0.1509125663016898,0.19613327538371203,0.23082713956721126,521,"Fatty acids, total trans-monoenoic",nutrition,446,75,rf,,completion
154,0.19537821948321757,0.019952866037702608,0.00496630716973325,0.030769441817038223,0.1887624752024542,0.21755671459587203,457,"Fatty acids, total trans-polyenoic",nutrition,352,105,rf,,completion
155,0.19621951726840403,1.1644629482625947e-05,1.8314563869499163e-09,1.1646575154167551e-05,0.20134247016505624,0.1417428047111069,3170,"Folate, food",nutrition,2907,264,rf,,completion
156,0.21221246762483664,1.783328785377609e-05,5.2409221782858575e-09,1.7838543478342666e-05,0.21556326914928767,0.16987479643343964,3886,"Folate, total",nutrition,3601,285,rf,,completion
157,0.14628150689483332,1.446840849132105e-05,4.484847792148099e-09,1.4473452499311724e-05,0.23366885609496726,0.0691037812011971,3100,Folic acid,nutrition,1538,1776,rf,,completion
158,0.2982875814195203,0.2250139293696756,0.1340068865516534,0.6752174278538067,0.34560260271465654,0.1835324739445138,1959,Fructose,nutrition,1388,572,rf,,completion
159,0.20348069270997166,0.021082506431391427,0.00945327766107989,0.03267978477005169,0.5679097335142128,0.11515142245148467,1460,Galactose,nutrition,285,1176,rf,,completion
160,0.30511267844890966,0.237647933780284,0.14333020626940485,0.7117037658776918,0.3387138672510563,0.19512973322823768,2003,Glucose,nutrition,1535,469,rf,,completion
161,0.03629142854789782,0.05502329914287775,0.012237371480678407,0.185208524732513,0.03630717409769308,0.034946933545935394,1555,Glutamic acid,nutrition,1537,18,rf,,completion
162,0.06261096088241179,0.04324639169424064,0.008205239100740938,0.0864906949376705,0.06082740374657773,0.10609574829885542,1713,Glycine,nutrition,1650,71,rf,,completion
165,0.14309368003385176,0.012422257831179862,0.0008382864771899677,0.014259520015752446,0.15699520915671558,0.10026664033260507,1138,Heptadecanoic acid (17:0),nutrition,858,282,rf,,completion
166,0.1739768950867724,0.008889480669956805,0.0005763670667366367,0.009850092684232627,0.1956931192721387,0.13991863993019332,880,Heptadecenoic acid (17:1; isomer unspecified),nutrition,538,347,rf,,completion
167,0.08858571859809841,0.08691172020966373,0.028180760445945533,0.3527923502565104,0.09044492986541516,0.0376494760265691,3436,Hexadecanoic acid (16:0),nutrition,3315,121,rf,,completion
168,0.21480532747721445,0.049259955176665676,0.011264963169046276,0.08216479479889308,0.22368694217762325,0.17169989079789696,878,Hexadecenoic acid (16:1; cis/trans unspecified),nutrition,728,150,rf,,completion
169,0.09433470518121251,0.009903440152371998,0.0010897519084744115,0.012186080944435613,0.20531442099345945,0.04647211609980921,2651,Hexanoic acid (6:0),nutrition,802,1855,rf,,completion
170,0.040033813687925995,0.021206233800838765,0.001906640206980263,0.034733691449565965,0.040237786331076664,0.027420054322768308,1562,Histidine,nutrition,1534,30,rf,,completion
171,0.06465004711126306,0.015381455765472552,0.0007783939249577284,0.01791665933407187,0.06693372430671499,0.05674238876283252,299,Hydroxyproline,nutrition,232,67,rf,,completion
172,0.22730930343613837,0.29597353320751146,0.11857628768311748,1.7106717487286744,0.2322080520113427,0.1342330805072561,20,Insoluble dietary fibers,nutrition,19,1,rf,,completion
173,0.1979959810536527,0.00107698119354372,2.342725540667173e-05,0.0010952347007995129,0.1980731223091237,0.20219983398373778,5716,Iron,nutrition,5552,171,rf,,completion
174,0.0331586883277999,0.023399322329636898,0.002235685024888453,0.042683193996678304,0.03319320693750193,0.029679915958588633,1564,Isoleucine,nutrition,1536,30,rf,,completion
175,0.5800610746059056,0.2466670818833003,0.125377078591691,0.47665432563226495,0.5800610746059056,,15,Isomeric linoleic acids (18:2),nutrition,15,0,rf,,completion
176,0.7527549186969352,0.12177034257382179,0.053270323523884,0.18638593095859396,0.5749370874047764,1.0067803919714475,17,Isomeric linolenic acids (18:3),nutrition,10,7,rf,,completion
177,0.10344359420951034,0.0948411009792142,0.0401009745412653,0.23403785547828204,0.20263022590844493,0.05706258714652431,1909,Lactose,nutrition,610,1302,rf,,completion
178,0.0324229941321038,0.03182471086686279,0.0077648243593714545,0.07538576574259662,0.03242957169486312,0.03191586404335976,1562,Leucine,nutrition,1542,20,rf,,completion
179,0.530911117639801,0.34558475689222884,0.27385361589281354,2.4148955672030223,0.570427151700586,0.40248400694224984,17,Lignin,nutrition,13,4,rf,,completion
180,0.203866974166905,0.15701284081354372,0.06511189850639268,0.8419789623390099,0.20749326925288114,0.11369775212522872,1345,Linoleic acid (18:2n-6),nutrition,1293,52,rf,,completion
181,0.3192497858900901,0.00018758191141230213,1.1271267254359344e-06,0.0001884243962828265,0.3664559130350785,0.20455367435731397,1277,Lutein + zeaxanthin,nutrition,908,370,rf,,completion
182,0.08803994656149623,0.0002114037847858267,1.815264739466948e-06,0.00021261645050653423,0.4718195885860891,0.04266367721941791,2090,Lycopene,nutrition,221,1870,rf,,completion
183,0.039044899940096314,0.03301621174379642,0.003939292262920775,0.07347282615266036,0.03916367617971272,0.03068197288710508,1571,Lysine,nutrition,1549,22,rf,,completion
184,0.13402684323326117,0.009231654415454342,0.0009285132126714106,0.0105555479737014,0.13466001785953222,0.10010843568304634,6213,Magnesium,nutrition,6111,107,rf,,completion
185,0.26612446101719245,0.1045209575314862,0.05352438766945074,0.20255462144817704,0.37133755285523856,0.18184777382385287,1924,Maltose,nutrition,862,1069,rf,,completion
186,0.2622259013433887,0.00035845147659434166,7.380260340766686e-06,0.00036281084030834215,0.2555843388960235,0.42929685828528996,3266,Manganese,nutrition,3135,142,rf,,completion
188,0.17726190052551022,1.4200836271860355e-06,4.0771743105873554e-12,1.420088897907369e-06,0.17107593003036237,0.23293563498184083,10,Menaquinone-4,nutrition,9,1,rf,,completion
189,0.03973146313991093,0.017314071667832293,0.0013076161750148626,0.025750899824205465,0.03999144040187786,0.026491603849888117,1570,Methionine,nutrition,1537,35,rf,,completion
190,0.3487055715881618,2.0993686129823758e-05,8.446420755360785e-09,2.0998895830928323e-05,0.3562042128393246,0.3116810304105457,190,Molybdenum,nutrition,158,32,rf,,completion
191,0.15192366064540339,0.0007491985599061182,5.7053031354750934e-06,0.0007551549061176003,0.15343578234380653,0.11738678614947576,5427,Niacin,nutrition,5212,218,rf,,completion
192,0.15690499603410465,0.0010695104861602306,9.862673533153878e-06,0.0010812376613719532,0.15963793491388137,0.10897011568246566,1168,Nicotinic acid,nutrition,1105,63,rf,,completion
193,0.3150741272846235,0.22988872814813344,0.1482093798798572,1.1150129803456392,0.3109334022679144,0.43301800437346705,914,Octadecadienoic acid (18:2; isomer unspecified),nutrition,883,31,rf,,completion
194,0.11543801674200886,0.07731898686913585,0.022877992086833283,0.2228260826165777,0.1199588719338587,0.03997468339805514,3429,Octadecanoic acid (18:0),nutrition,3233,203,rf,,completion
195,0.09117692732154069,0.006244198980493246,0.0037962451062141613,0.010241131636310494,0.6152137627581669,0.0390937556038332,719,Octadecatetraenoic acid (18:4; isomer unspecified),nutrition,65,654,rf,,completion
196,0.3522888812860956,0.06482246840577308,0.023515566102689213,0.10535759420874492,0.3366965746037028,0.5261220301100693,899,Octadecatrienoic acid (18:3; isomer unspecified),nutrition,825,74,rf,,completion
197,0.2316539628065539,0.27816764727145343,0.1581514154343796,1.6782095338187066,0.23228569338046895,0.2158245995687404,912,Octadecenoic acid (18:1; cis/trans unspecified),nutrition,877,35,rf,,completion
198,0.18599483600964162,0.021623136277536453,0.011210021450515608,0.03476818677159563,0.31405928918687204,0.10778360267472029,2755,Octanoic acid (8:0),nutrition,1049,1716,rf,,completion
199,0.1548421547236443,0.00024069741604552765,5.784346860576439e-06,0.00024410986938314943,0.1540290347966136,0.1746182476193209,2974,Pantothenic acid (vitamin B5),nutrition,2796,184,rf,,completion
200,0.18908144688308365,0.010208197553906662,0.0011517766483627777,0.01177323111548937,0.2033173934295959,0.16135578262987252,1081,Pentadecanoic acid (15:0),nutrition,712,374,rf,,completion
201,0.08991834191474178,0.0021699402839331612,0.000570011355127195,0.0025333972285477195,0.6324806079295834,0.04726308289508221,777,Pentadecenoic acid (15:1; isomer unspecified),nutrition,58,721,rf,,completion
202,0.03288888056174891,0.023563875699894384,0.003736531386250956,0.04149874152658421,0.03280780000231116,0.03564698658551889,1573,Phenylalanine,nutrition,1546,29,rf,,completion
203,0.10034775351576927,0.0257918837545702,0.003181902192965885,0.0330772502303134,0.10061546214860645,0.09722484503207929,5470,Phosphorus,nutrition,5336,140,rf,,completion
204,0.19133163923246815,0.016215577812043764,0.0009699071551541126,0.01805069955985892,0.20756507586928652,0.17185151526828607,66,Phytosterols,nutrition,36,30,rf,,completion
205,0.13111675840338338,0.052885660316445926,0.01234628451161499,0.08523889290428313,0.13122488855934697,0.13521625696896658,5513,Potassium,nutrition,5424,95,rf,,completion
206,0.04753337540419473,0.04047985318754222,0.006202407843458902,0.07986600684140517,0.047644057237299746,0.04051430248811812,1546,Proline,nutrition,1522,24,rf,,completion
207,0.060172151997576355,0.12837024691187313,0.05618851425249188,1.1400402557214064,0.060113285532876835,0.06123284980383845,4633,"Protein, total",nutrition,4456,179,rf,,completion
208,0.2307271612852784,7.202824587532468e-05,5.689180794633629e-07,7.2384035839221e-05,0.31764456542472175,0.14006909754627567,5057,Retinol,nutrition,2616,2474,rf,,completion
209,0.1468159076727119,6.071847516400731e-05,4.2172127392240284e-08,6.0765309296039266e-05,0.14794218172797136,0.12295732666245758,4691,Riboflavin (vitamin B2),nutrition,4480,212,rf,,completion
210,0.15231663241540436,4.517904555178953e-06,1.352178239366908e-09,4.518679220958846e-06,0.15489230948697685,0.125587781902016,4249,"Selenium, Se",nutrition,3964,318,rf,,completion
211,0.03115844543998268,0.023056093976945274,0.0021847100035485433,0.04137360323038253,0.031121624302343238,0.03370245131325316,1542,Serine,nutrition,1520,22,rf,,completion
212,0.24929685850199274,0.07425247841737662,0.035635581538964976,0.1747236963460281,0.2478704766985354,0.2992798239792033,4705,Sodium,nutrition,4592,127,rf,,completion
213,0.2647042728617487,0.2647042728617487,0.10300671896581486,0.441886094357959,0.23381319146653967,0.30589238138869407,14,Sorbitol,nutrition,8,6,rf,,completion
214,0.1547439997896373,0.5022317576561302,0.5239357600727388,4.343512501606927,0.18171672530835248,0.1067490559975359,1292,Starch,nutrition,865,458,rf,,completion
215,0.04829275015837917,0.01574195870384718,0.004638993987829616,0.019564903706898486,0.6577271517263116,0.016217255339014316,140,Stearidonic acid,nutrition,7,133,rf,,completion
216,0.24443750178197685,0.004166853888035667,7.17045598114871e-05,0.00425722107675974,0.30215851740024946,0.14823580908485584,48,Stigmasterol,nutrition,30,18,rf,,completion
217,0.35420420339559117,0.3958302547002646,0.33374173571393756,2.411722781425725,0.3742847363084465,0.3021844298045077,1021,Sucrose,nutrition,742,296,rf,,completion
218,0.21511092922664274,0.3354581117059964,0.2503924596610819,3.2905445780987077,0.22065258317889205,0.17237060778865457,3185,"Sugars, total",nutrition,2821,368,rf,,completion
219,0.40370924476728415,0.10266748460500633,0.015896949911890876,0.12295280188607331,0.40370924476728415,,20,Sulfur,nutrition,20,0,rf,,completion
220,0.20305488517147124,0.004840854091809398,0.00022001555106856537,0.0051256434374109105,0.2050935983946518,0.20049078926892755,806,Tetracosanoic acid (24:0),nutrition,449,357,rf,,completion
221,0.19564076262416227,0.059785744093209844,0.029659072417156204,0.146316097789291,0.21721355419743596,0.07722063596693636,3308,Tetradecanoic acid (14:0),nutrition,2814,501,rf,,completion
222,0.1765068005260479,0.012536423664870415,0.002133905327164268,0.015310029564404509,0.21265894070015934,0.12754062987479756,1002,Tetradecenoic acid (14:1; isomer unspecified),nutrition,577,430,rf,,completion
223,0.19559089567776874,6.584675551984491e-05,7.759984087162632e-08,6.59068831257344e-05,0.19796170858966097,0.16022962036135974,5049,Thiamin (vitamin B1),nutrition,4783,272,rf,,completion
224,0.033878612195427496,0.022517523356253285,0.002058926361251796,0.039772156354387266,0.0338670374358305,0.03468779311634452,1560,Threonine,nutrition,1538,22,rf,,completion
225,0.25868046468949246,4.15731729049265e-05,5.632678186690485e-08,4.1610105972785136e-05,0.272369756363575,0.23392249914951785,1452,"Tocopherol, beta",nutrition,938,515,rf,,completion
226,0.30725709409267365,0.0001514480649035112,1.0669387497840448e-06,0.0001522420591746815,0.35442422683978453,0.24418712549659705,1454,"Tocopherol, delta",nutrition,830,625,rf,,completion
227,0.4215179841777344,0.0008129653365092104,1.1611623568993554e-05,0.0008231401364107538,0.4323038532996029,0.37543251713212034,1548,"Tocopherol, gamma",nutrition,1249,300,rf,,completion
228,0.44627073691622543,8.120489971990081e-05,2.4081918047484926e-07,8.133401341774218e-05,0.45346386521464915,0.43217302987862705,1033,"Tocotrienol, alpha",nutrition,684,349,rf,,completion
229,0.14067655753854114,5.392012603470604e-05,2.479611721587167e-08,5.394023573546328e-05,0.36696848326335924,0.08908668846138054,237,"Tocotrienol, beta",nutrition,44,193,rf,,completion
230,0.06924052192562906,7.812279344724082e-06,7.488835411211065e-10,7.812714401151279e-06,0.4733534579535788,0.045576250896965334,235,"Tocotrienol, delta",nutrition,13,222,rf,,completion
231,0.3417120687582749,6.466567891363414e-05,7.023561978323787e-08,6.47040253179523e-05,0.4633848736825762,0.2623227208644046,233,"Tocotrienol, gamma",nutrition,92,141,rf,,completion
232,0.06354411463223873,0.0005406178901248895,7.495188816913147e-06,0.000545861424462504,0.6705487769436732,0.03436119817495824,109,Tridecanoic acid (13:0),nutrition,5,104,rf,,completion
233,0.06951838838503419,0.01590660626249909,0.0011233792618160713,0.019270318966109774,0.06826033682068673,0.09435401621234843,2819,Tryptophan,nutrition,2687,138,rf,,completion
234,0.03778150906069582,0.02242602424789495,0.001955815395558723,0.036418490374396394,0.03787926849921596,0.030917772066255563,1553,Tyrosine,nutrition,1525,30,rf,,completion
235,0.0350097195991928,0.02706747093533202,0.006869071331419318,0.05529680386012353,0.03506592871953578,0.031238820786618264,1566,Valine,nutrition,1543,23,rf,,completion
236,0.197045712234784,7.495603332692266e-05,6.216925976382496e-08,7.501503172737135e-05,0.1942173741462102,0.24406683295732365,282,Vitamin B6 - Pyridoxin,nutrition,266,16,rf,,completion
237,0.22041985408257914,5.34214408080394e-07,2.676791785095924e-11,5.342316980107829e-07,0.30770791692011457,0.15189395835300637,4761,Vitamin D (D2 + D3),nutrition,2118,2658,rf,,completion
238,0.19765941193826794,9.6613684595922e-08,7.61534063931034e-13,9.661409581566402e-08,0.5376549303584969,0.12416940788654737,1168,Vitamin D2 (ergocalciferol),nutrition,212,957,rf,,completion
239,0.04627167861955726,0.18693810389650276,0.17689258199178684,5.030024065287584,0.04636982597439606,0.035530163281476304,5247,Water,nutrition,5198,51,rf,,completion
241,0.1516556825951781,0.00045546093387248377,3.9121362616821905e-06,0.0004588958694077805,0.15198349331101385,0.1578280167375252,5536,Zinc,nutrition,5410,148,rf,,completion
242,0.23304720402456547,0.01091741297160439,0.001347728050931906,0.011950873761089699,0.325913010594076,0.13404150941740137,250,"cis,cis-Eicosadienoic acid (20:2n-6)",nutrition,129,121,rf,,completion
243,0.38700401060110445,0.004982537554413326,0.0002818207890245379,0.005167531056729544,0.4346449320186978,0.3335884320419846,70,cis-Docosenoic acid (22:1 cis),nutrition,37,33,rf,,completion
244,0.12373527227513982,0.02784379893945845,0.0014892994645285223,0.03384134412945791,0.11753596244883172,0.2523709511710331,87,cis-Hexadecenoic acid (16:1 cis),nutrition,83,4,rf,,completion
245,0.1800428676421762,0.27109766934879503,0.1598664848962917,1.8175359849320687,0.1800428676421762,,153,cis-Octadecenoic acid (18:1 cis),nutrition,153,0,rf,,completion
246,0.35556798493620567,0.003986385912688132,0.00016410892956023323,0.004096240387286211,0.4115720181915812,0.32129686010828923,108,cis-Tetracosenoic acid (24:1 cis),nutrition,41,67,rf,,completion
247,0.25642789613810596,0.019798692910669474,0.001178514815740111,0.021218789177471078,0.1945212746137097,0.8445408006198705,21,"trans,trans-Linoleic acid (18:2 trans,trans)",nutrition,19,2,rf,,completion
248,0.11588700124250866,0.00014884464054925982,6.964188469896555e-08,0.00014890458885094248,0.30358649043237723,0.09548488285230554,51,trans-Docosenoic acid (22:1 trans),nutrition,5,46,rf,,completion
249,0.15909415092177256,0.0041206553893188445,4.551856285376059e-05,0.004225541979177702,0.1908782649913466,0.0909853350583996,66,trans-Hexadecenoic acid (16:1 trans),nutrition,45,21,rf,,completion
250,0.2683023667369051,0.02334539004040832,0.0022486411946101097,0.026215121269008972,0.2613449147415186,0.34831306468384965,75,trans-Linoleic acid (18:2; isomer unspecified),nutrition,69,6,rf,,completion
251,0.3307252197689131,0.1488244004265333,0.12462876781881611,0.48179042067405803,0.29028354964297903,0.5610669061383637,154,trans-Octadecenoic acid (18:1 trans),nutrition,131,23,rf,,completion
2,0.5775398165562247,0.26745189662875124,0.11336200549197824,0.4603802651126524,0.5775398165562247,,18,Acetic acid,food_metabolome,18,0,rf,,name_only
7,0.6232774371590459,0.0018291719407091684,7.991439819525293e-05,0.0018700083391801699,1.2952231315124,0.27386567609530177,38,Apigenin,food_metabolome,13,25,rf,,name_only
9,1.4073230073594585,0.001607832947932581,1.2186035558004898e-05,0.0016144835652015328,1.4073230073594585,,13,Benzoic acid,food_metabolome,13,0,rf,,name_only
11,0.8519416271756158,0.003942315951958634,5.329715857520638e-05,0.003977513170164929,0.8592830817808553,0.7711856265179813,12,Cadaverine,food_metabolome,11,1,rf,,name_only
12,1.1853826234402653,0.07200602107954465,0.058704648098247825,0.11348197673314905,1.2517097608736338,0.6326564781621953,28,Caffeic acid,food_metabolome,25,3,rf,,name_only
13,0.49134344557484866,0.0069607129175073765,0.0010603869789331374,0.007726598990702405,0.5433451103914143,0.4865415372335698,1962,Caffeine,food_metabolome,168,1795,rf,,name_only
15,0.561733608435325,0.00971887484963454,0.0020673062203486418,0.010897066632904077,0.5710355366168157,0.5400291093451799,30,Catechin,food_metabolome,21,9,rf,,name_only
16,0.6040290006530193,0.03458930037631308,0.0031579947718864587,0.03657533959680791,0.6102474444747183,0.2972524387825369,755,Choline,food_metabolome,740,15,rf,,name_only
18,0.36226149804728414,0.1600809957661766,0.04130156893483935,0.23517208598710512,0.36226149804728414,,52,Citric acid,food_metabolome,52,0,rf,,name_only
21,0.9164489723833831,0.0065706439062527995,7.303456285945798e-05,0.006616878894944833,1.0111198385889126,0.7839097596956417,12,Cyanidin,food_metabolome,7,5,rf,,name_only
22,0.6794752888359015,0.0036692154528794,4.871668739373458e-05,0.003704963520304268,0.6875626185825636,0.657909076178136,11,Daidzein,food_metabolome,8,3,rf,,name_only
24,1.2846812003511596,0.005078916440241357,9.500243340754155e-05,0.005134760553051918,1.4067909398930438,1.1897069584852498,16,Delphinidin,food_metabolome,7,9,rf,,name_only
25,2.2010320747212773,0.12120973672892887,0.060670518174415745,0.1581952954351216,2.2010320747212773,,5,Ellagic acid,food_metabolome,5,0,rf,,name_only
26,0.4580087912010095,0.0009114849651944878,7.238029712347811e-06,0.0009155881592239937,1.0488498310107348,0.2216723752771194,28,Epigallocatechin,food_metabolome,8,20,rf,,name_only
28,0.5603766297849488,0.007857927188721319,0.00045578871776633687,0.008178459961893415,0.5759406478304705,0.37360841323868954,26,Ferulic acid,food_metabolome,24,2,rf,,name_only
33,1.6263172628673588,0.22054081082821933,0.3594730748378663,0.630951798290073,1.9729686164131899,0.3263746870704926,19,Gallic acid,food_metabolome,15,4,rf,,name_only
35,1.2920971236620775,0.009342182478179929,0.0016004146355859587,0.010207847979975284,1.298124144732712,1.135394575825582,27,Genistein,food_metabolome,26,1,rf,,name_only
43,0.5335559171677275,0.0013641147350472083,7.10618249042269e-06,0.0013686246697117482,0.8343511415267316,0.3694857947900891,17,Glycitein,food_metabolome,6,11,rf,,name_only
47,1.0869273013575276,0.0017381270106916218,1.5522092770172222e-05,0.0017471975440568224,1.0850327856147548,1.1494463208690286,34,Histamine,food_metabolome,33,1,rf,,name_only
50,0.700086940380414,0.004951910145893369,0.0002379136841155405,0.005077322220782818,1.1877443591144121,0.407492489140015,16,Isorhamnetin,food_metabolome,6,10,rf,,name_only
51,0.7548158525789525,0.002204104694364097,2.5357541295745417e-05,0.0022185211459426163,0.910327427407595,0.5693982056678787,57,Kaempferol,food_metabolome,31,26,rf,,name_only
52,0.37072348766570185,0.301688156399107,0.1418253341305803,0.5092640515833426,0.37072348766570185,,23,Lactic acid,food_metabolome,23,0,rf,,name_only
53,0.8379826661570835,0.00018148678492987383,9.089578837116188e-08,0.00018154388620826952,0.8379826661570835,,4,Lariciresinol,food_metabolome,4,0,rf,,name_only
54,1.283376916448498,0.0021963887838950384,5.511569020441477e-06,0.002200661202807277,1.283376916448498,,14,Lutein,food_metabolome,14,0,rf,,name_only
55,0.8461170028649527,0.005823076320576415,0.00044468683407001983,0.0060642415063909,1.2419018645909699,0.5721120985930946,44,Luteolin,food_metabolome,18,26,rf,,name_only
56,0.33984983154241283,0.1366117588377364,0.039754288311864415,0.2005555341175056,0.33984983154241283,,49,Malic acid,food_metabolome,49,0,rf,,name_only
58,2.037276453925632,0.0001525694693635815,8.876729541182769e-08,0.00015261472904497107,1.727912052233812,3.274734060692911,5,Matairesinol,food_metabolome,4,1,rf,,name_only
61,0.5556045462566813,0.001088725148231754,8.67404251068127e-06,0.0010939768737996674,0.7247393846790225,0.33814546828509956,48,Myricetin,food_metabolome,27,21,rf,,name_only
62,0.5438711602473519,0.019202185733582244,0.004989350453520219,0.022170412198643356,0.9355350555712053,0.3154005546417708,19,Naringenin,food_metabolome,7,12,rf,,name_only
65,1.7357270195225316,0.08141106535768401,0.008094356849079769,0.09026909030736835,1.7357270195225316,,4,Oxalic acid,food_metabolome,4,0,rf,,name_only
66,2.9286044496798533,0.0005933239055862386,5.644008803760709e-07,0.0005936793873814917,2.2839781262429115,3.1864549790546297,14,Pelargonidin,food_metabolome,4,10,rf,,name_only
67,0.8673051158601178,0.0016348650296801781,6.733606695964417e-06,0.0016392449721046452,0.8560640349771748,0.8723011518080925,13,Peonidin,food_metabolome,4,9,rf,,name_only
72,0.6283895791240647,5.213830521549845e-05,2.907206146248007e-09,5.2141743381324224e-05,0.6283895791240647,,4,Pinoresinol,food_metabolome,4,0,rf,,name_only
77,1.909398904593266,0.007870387642727867,0.00012092875695487125,0.007959843290498852,1.909398904593266,,17,Putrescine,food_metabolome,17,0,rf,,name_only
79,0.7306310176432683,0.00463079449103028,8.511088249931873e-05,0.00468355294957665,0.7374087282975471,0.7091018190943823,71,Quercetin,food_metabolome,54,17,rf,,name_only
82,0.48126853029424543,0.4093234245395779,0.19454534515682054,0.768794648201805,0.41798697490982106,0.6078316410630942,6,Rosmarinic acid,food_metabolome,4,2,rf,,name_only
83,0.9112452499928587,0.0001055765733558791,2.2304390577526457e-08,0.00010559013392489052,0.9112452499928587,,5,Secoisolariciresinol,food_metabolome,5,0,rf,,name_only
88,0.24095561339282742,0.0008600487647219465,1.0548379252836627e-06,0.0008610268743178781,0.24547500821972376,0.1957616651238641,11,Spermine,food_metabolome,10,1,rf,,name_only
90,1.036310069043372,0.007087920469718989,0.00027429150986803654,0.007239399730987034,0.9471495989516425,1.333511636015804,13,Syringic acid,food_metabolome,10,3,rf,,name_only
91,0.5708984953409778,0.23494728801853154,0.1301102155776721,0.3644391563983471,0.5708984953409778,,5,Tartaric acid,food_metabolome,5,0,rf,,name_only
92,0.7898098499292023,0.001453426262779895,2.9394101181193836e-06,0.0014574520542946822,0.7898098499292023,,9,Taurine,food_metabolome,9,0,rf,,name_only
93,0.13770015902877697,0.013446271153794341,0.0025216709207286315,0.015393514545195016,0.55595720906035,0.11165991293865697,1928,Theobromine,food_metabolome,113,1815,rf,,name_only
96,0.3965490562704717,0.0018987366990721765,1.0981982493390214e-05,0.0019069153168837203,0.37639167178568556,0.5174933631791888,21,Tyramine,food_metabolome,18,3,rf,,name_only
98,0.41031809300907524,0.0006529410476331614,1.0924141426918717e-06,0.000654284305424392,0.27481982163313223,1.0200603142008187,11,Vanillic acid,food_metabolome,9,2,rf,,name_only
103,0.6672163149736411,0.004884625043233513,0.0002021183855494604,0.004993605453121925,0.7207241082174622,0.34616955551071443,28,p-Coumaric acid,food_metabolome,24,4,rf,,name_only
104,0.4435812540690191,0.33934453642480844,0.1803259257387341,0.6022578212133971,0.43462604567569724,1.0643400176970117,1547,Alanine,nutrition,1525,22,rf,,name_only
105,0.3707583332972208,0.027778455241426102,0.0026778026647887795,0.02967588629949757,0.4428531309073388,0.2836427333291994,1128,Arachidonic acid (20:4n-6),nutrition,620,510,rf,,name_only
106,0.4079046355789138,0.3313222612696309,0.15585835716164542,0.6100066858069315,0.4014008461812733,0.5871165266890004,1727,Arginine,nutrition,1665,68,rf,,name_only
107,0.7217036488128105,0.012058215789280687,0.00040856467752690696,0.01235766162016346,0.6500687943803453,0.8423518246990678,102,Ascorbic acid (vitamin C),nutrition,64,38,rf,,name_only
108,0.71545902196711,0.7586967950660998,0.8889826637623507,1.7158605098520099,0.7259626012652948,0.00427180062312438,3606,Ash,nutrition,3554,54,rf,,name_only
109,0.3663806933581021,0.38135003945729845,0.19616763625446326,0.830539170239406,0.36304477383147105,0.6164078618790955,1519,Aspartic acid,nutrition,1499,20,rf,,name_only
110,0.5103370939671126,1.069670028479987,1.6493983291682146,14.940451650708667,0.5211346999247375,0.39358797955029423,756,Available carbohydrate,nutrition,692,64,rf,,name_only
111,0.4633870195857008,0.06345610998299832,0.006852247351774637,0.07001989282139941,0.36003189403900526,0.7143923244848182,48,Beta-sitosterol,nutrition,34,14,rf,,name_only
112,0.5276276691472471,0.011606112776078514,0.0023027021024548833,0.013088548539404268,0.5308833403781783,0.4383902623243212,498,Betaine,nutrition,481,18,rf,,name_only
113,0.7523728344066689,9.915979757026815e-05,2.079796900803786e-06,0.00010021541588798704,0.8261478184118843,0.10768476087904863,1768,Biotin,nutrition,1594,182,rf,,name_only
114,0.3897811491719356,0.041694066599176856,0.015375633592584932,0.052920236447174626,0.7748265247167169,0.18378234625248205,2269,Butyric acid (4:0),nutrition,791,1479,rf,,name_only
115,0.47102401647528563,0.04578424688430027,0.012586844851453796,0.0587459549849018,0.4657665592129566,0.746849443310735,6878,Calcium,nutrition,6755,133,rf,,name_only
116,1.4669670140021487,0.049109443455037816,0.002769988888174333,0.05116037628975176,1.2360806784462857,2.2750691884476693,36,Campesterol,nutrition,28,8,rf,,name_only
117,0.4232924605532788,5.110573778051594e-05,1.237811316135154e-07,5.116868459530881e-05,0.9734950616522161,0.26428506669567964,2524,"Carotene, alpha",nutrition,568,1961,rf,,name_only
118,1.259358390350647,0.0004931491841516422,4.517077741049391e-06,0.0004955514185551401,1.2043311574047868,1.3511366560561733,3736,"Carotene, beta",nutrition,2264,1494,rf,,name_only
119,1.2561461925273425,1.1596101532428629,1.5117913139062642,7.078866222719025,1.1653756751424174,1.8461545555293561,15,Cellulose,nutrition,13,2,rf,,name_only
120,0.8501617094956809,0.35106849298719367,0.3782885218095775,1.077912614419782,0.8501617094956809,,343,Chloride,nutrition,343,0,rf,,name_only
121,0.5757275420151889,8.962028474467313e-07,1.2365994057922527e-11,8.96209089569258e-07,0.9618983021248035,0.07319406942221365,695,Cholecalciferol (vitamin D3),nutrition,393,302,rf,,name_only
122,0.2567816100688435,0.04151496528268915,0.059856768635027646,0.17646851531608626,0.37527881284729114,0.08510877241952396,3992,Cholesterol,nutrition,2364,1634,rf,,name_only
123,0.7386547084861943,0.033987657385529585,0.002958629983223155,0.035612659695668424,0.7602827228592905,0.014312845299951731,1897,"Choline, total",nutrition,1842,55,rf,,name_only
124,2.7110959787969184,0.0001301155470315646,6.632432413550264e-08,0.00013015872283576502,2.462565146289496,3.3967132764230454,278,Chromium,nutrition,204,75,rf,,name_only
125,0.42002190392955,1.191199178029955e-06,2.8231812260054144e-11,1.191213717420271e-06,0.6331515304233898,0.08328060215948258,4402,Cobalamin (vitamin B12),nutrition,2696,1710,rf,,name_only
126,0.5210739977689877,0.058463691781038246,0.019292033706866822,0.07211318568852515,0.5138700472693195,0.5727023096832757,98,Conjugated linoleic acids (18:2 CLA isomers),nutrition,86,12,rf,,name_only
127,0.41353595327967746,0.00016999127988174707,1.6527146132031001e-06,0.00017085301405579253,0.41043894916326906,0.5332636922616957,5038,Copper,nutrition,4898,151,rf,,name_only
128,0.378994069173623,2.0459025146612706e-05,4.892919720355822e-08,2.0483564865148197e-05,0.9503860456497376,0.2020858450681011,2450,"Cryptoxanthin, beta",nutrition,584,1874,rf,,name_only
129,0.4094169646469809,0.11853337822124226,0.02386904906197651,0.143572434179755,0.3977804342858015,1.0576148040252693,1531,Cystine,nutrition,1504,27,rf,,name_only
130,0.6787720135531617,0.054477378946649564,0.022783839803659025,0.0726623399580342,0.7716723510407366,0.582626760377124,2996,Decanoic acid (10:0),nutrition,1519,1487,rf,,name_only
131,0.5262977178491194,0.7202570345079454,0.7457222564266026,2.700042051170476,0.4436090428298965,0.8449016011770031,2543,"Dietary fibre, total",nutrition,2019,524,rf,,name_only
132,0.5403231418680471,0.03578095392769307,0.02387087078491595,0.061082385636340504,0.929033319632987,0.38370735887144813,2886,Docosahexaenoic acid (DHA; 22:6n-3),nutrition,829,2058,rf,,name_only
133,0.7379924336644498,0.02926790887594427,0.011385954483845799,0.0395741572438154,0.6096744031020589,0.9057347683707981,1047,Docosanoic acid (22:0),nutrition,594,457,rf,,name_only
134,0.840543042211175,0.03128950114297288,0.004408365418961964,0.03446551378712232,1.0468809612331162,0.7426459118370938,2934,Docosapentaenoic acid (DPA; 22:5n-3),nutrition,960,1984,rf,,name_only
135,1.294221542416491,0.019128994649882967,0.00039402147342447566,0.0193819897133437,0.9812563756136515,1.6332671397862335,75,Docosatetraenoic acid (22:4; isomer unspecified),nutrition,39,36,rf,,name_only
136,1.181049118673601,0.03528996971626471,0.02367775836215979,0.07116508610232178,1.0008027336060301,1.2125344647831606,733,Docosenoic acid (22:1; cis/trans unspecified),nutrition,109,624,rf,,name_only
137,0.9043727276270438,0.10346030590428512,0.10018684252992727,0.2528963240639868,0.9218641788613312,0.875633099813151,3352,Dodecanoic acid (12:0),nutrition,2114,1259,rf,,name_only
138,0.753028167655095,0.03496253798616956,0.0043861527240611105,0.03864246284947516,0.6631835242796396,1.169765185797745,998,Eicosanoic acid (20:0),nutrition,821,177,rf,,name_only
139,0.3691679216170804,0.023142200215385766,0.01647807966300032,0.03884665424117905,0.9734565831617144,0.11426150533069723,3202,Eicosapentaenoic acid (EPA; 20:5n-3),nutrition,952,2261,rf,,name_only
140,0.31918561990777,0.022586513054233568,0.0033392295024518136,0.02475604632165859,0.5998254281149832,0.11186612195289182,772,Eicosatetraenoic acid (20:4; isomer unspecified),nutrition,328,444,rf,,name_only
141,0.684780942395445,0.012009792594385362,0.0005059225927494291,0.012337273912828736,0.3916971948852409,0.8640048167721884,224,Eicosatrienoic acid (20:3; isomer unspecified),nutrition,85,139,rf,,name_only
142,0.6917205776280833,0.005151445237219823,9.136532735608331e-05,0.0052076891420571115,0.6381338386563536,0.7436327310069465,63,Eicosatrienoic acid (20:3n-3),nutrition,31,32,rf,,name_only
143,0.4492174872997996,0.009300047929760082,0.00032154074496638127,0.009499599872021206,0.5199538800785151,0.3350746716795997,230,Eicosatrienoic acid (20:3n-6),nutrition,142,88,rf,,name_only
144,0.9837477074530185,0.07737466386818123,0.01777685919119773,0.09612753666492331,0.7896050455094789,1.366565274394812,2654,Eicosenoic acid (20:1; isomer unspecified),nutrition,1766,897,rf,,name_only
147,0.0675605398342643,0.36765272092375584,0.29132423245925365,0.7191668995745415,0.4245109713676165,0.06024740904187367,3138,Ethanol,nutrition,63,3075,rf,,name_only
148,0.6490436547537921,1.112677258330565,1.7962079412909349,9.947981085889104,0.6351652978986967,0.9963480441018875,4833,"Fat, total",nutrition,4648,196,rf,,name_only
149,0.5557580397814877,0.7374386949767571,0.8083468054691887,3.334166445335337,0.5590185057510604,0.504636180648701,3886,"Fatty acids, total monounsaturated",nutrition,3669,225,rf,,name_only
150,0.5697774029699945,0.52254224682339,0.4492058327390599,1.8227575836599816,0.558290319363174,0.8104598247341005,3896,"Fatty acids, total polyunsaturated",nutrition,3719,181,rf,,name_only
151,0.5908085116472149,0.719422181770377,0.7898146924592523,3.103128655105704,0.589773409753868,0.6098317870297429,4023,"Fatty acids, total saturated",nutrition,3826,205,rf,,name_only
152,0.5330480742936128,0.15330615622938512,0.09950452053782133,0.26716220354197406,0.5930158300302314,0.4295688306736803,1172,"Fatty acids, total trans",nutrition,742,430,rf,,name_only
153,0.7266394902904894,0.16918621295592554,0.09896243724552996,0.29776337355718474,0.6876200514603875,0.9586750865334954,521,"Fatty acids, total trans-monoenoic",nutrition,446,75,rf,,name_only
154,0.932875798852024,0.07426285168110992,0.018685912597269202,0.09097916260279024,0.8188397479854678,1.3151680836618125,457,"Fatty acids, total trans-polyenoic",nutrition,352,105,rf,,name_only
155,0.5902390332510533,2.583657001286842e-05,5.258224866007336e-09,2.5839314336870865e-05,0.6218941838463429,0.2407688726328585,3170,"Folate, food",nutrition,2907,264,rf,,name_only
156,0.5630716166842815,3.609120149697141e-05,1.2728546970133098e-08,3.609805776492108e-05,0.5646146805519701,0.5435748693595575,3886,"Folate, total",nutrition,3601,285,rf,,name_only
157,0.4268802744398684,2.952081440542252e-05,1.3785270137234393e-08,2.952775716398007e-05,0.8527704587069366,0.03843000973867298,3100,Folic acid,nutrition,1538,1776,rf,,name_only
158,0.5635097089584565,0.41258930791051485,0.2856309976498602,1.017240955410175,0.5284509046918445,0.6482475270342569,1959,Fructose,nutrition,1388,572,rf,,name_only
159,0.25571498721816044,0.0274482928847522,0.014757890792820775,0.03997539516690715,1.1261783116847206,0.04460896075534223,1460,Galactose,nutrition,285,1176,rf,,name_only
160,0.5551183409591567,0.4223592421282748,0.2992613954685796,1.0536841863291972,0.5101745194816001,0.7021733009685126,2003,Glucose,nutrition,1535,469,rf,,name_only
161,0.31766461910359195,0.4857442877423641,0.3215449424099129,1.466883069200357,0.3157285114432156,0.48298670099239743,1555,Glutamic acid,nutrition,1537,18,rf,,name_only
162,0.4143489130755591,0.2801568337733708,0.11680546699497119,0.47514123436784106,0.40821615343504913,0.5799444314587737,1713,Glycine,nutrition,1650,71,rf,,name_only
165,0.5414627097118881,0.04154160758591267,0.006746313140909942,0.045806760485965874,0.6044228217646104,0.3485665190649873,1138,Heptadecanoic acid (17:0),nutrition,858,282,rf,,name_only
166,0.5789579175511897,0.02584347102527185,0.002884363825272601,0.027749350858304548,0.5768871821965978,0.5797920416711537,880,Heptadecenoic acid (17:1; isomer unspecified),nutrition,538,347,rf,,name_only
167,0.5169157233768324,0.5054116185001852,0.393934673702797,1.4711364853480489,0.5130926659295632,0.6216548592255746,3436,Hexadecanoic acid (16:0),nutrition,3315,121,rf,,name_only
168,0.6749567344604088,0.13615890485314192,0.06189493495100953,0.19764109350977865,0.6909169604966984,0.5974964374309503,878,Hexadecenoic acid (16:1; cis/trans unspecified),nutrition,728,150,rf,,name_only
169,0.3491690486151506,0.03008798187849076,0.007098566094583209,0.034947463985619535,0.6757761413509994,0.20774389361269527,2651,Hexanoic acid (6:0),nutrition,802,1855,rf,,name_only
170,0.42678773339366644,0.20902774953945988,0.059450969822750235,0.29905906589581127,0.42119170378850124,0.7451526103100332,1562,Histidine,nutrition,1534,30,rf,,name_only
171,0.3832812511672705,0.08830387163859317,0.01448796116480986,0.09987117573324747,0.4585687814045184,0.12258413153978538,299,Hydroxyproline,nutrition,232,67,rf,,name_only
172,0.531871762998353,0.6944307315693263,0.7683921304883585,3.190599592995862,0.5336124941725747,0.49879787068814035,20,Insoluble dietary fibers,nutrition,19,1,rf,,name_only
173,0.49654385987942457,0.0021002151675793227,3.5467426089158515e-05,0.0021225654274694607,0.4910239369931639,0.6860562397328576,5716,Iron,nutrition,5552,171,rf,,name_only
174,0.3710763533587614,0.2546992358233313,0.08823553721028381,0.40956154998688327,0.36573994755677636,0.6751682910656479,1564,Isoleucine,nutrition,1536,30,rf,,name_only
175,1.0771176190885678,0.44189451420597475,0.26231807257766254,0.7975082621403834,1.0771176190885678,,15,Isomeric linoleic acids (18:2),nutrition,15,0,rf,,name_only
176,2.108852423776653,0.20428380232027918,0.06315612671704249,0.2776042429361929,1.232290772564429,3.36108335407983,17,Isomeric linolenic acids (18:3),nutrition,10,7,rf,,name_only
177,0.26912685193686753,0.24842590803924067,0.3150695481617869,0.6044959435978234,0.8043660044310567,0.01786525139884178,1909,Lactose,nutrition,610,1302,rf,,name_only
178,0.38933363425833195,0.3817703836733841,0.22596470001849228,0.7807342360329742,0.3821735107922249,0.9413791534951887,1562,Leucine,nutrition,1542,20,rf,,name_only
179,2.525222662138755,1.7838224373875875,3.4556531693365677,8.063830606683943,2.29148860443004,3.2848583496920765,17,Lignin,nutrition,13,4,rf,,name_only
180,0.6555202278890814,0.4948525375838778,0.42190256922978875,1.870301022502627,0.6403820122275059,1.0319377827047924,1345,Linoleic acid (18:2n-6),nutrition,1293,52,rf,,name_only
181,0.8706905283183952,0.0003186030714388574,2.005431392411666e-06,0.0003196423901399343,0.8124503377541188,1.0137342414783215,1277,Lutein + zeaxanthin,nutrition,908,370,rf,,name_only
182,0.12131775836401001,0.00027792773875564875,2.541415214318049e-06,0.00027930286205958153,0.7731875179572718,0.04425015674354988,2090,Lycopene,nutrition,221,1870,rf,,name_only
183,0.46699826647337384,0.3947159563417944,0.2008021199531129,0.7832958428633043,0.4648469354180783,0.6184715303212248,1571,Lysine,nutrition,1549,22,rf,,name_only
184,0.3906286128165973,0.022729440121147915,0.0030916882950523155,0.02485110833509393,0.3923073754270238,0.28831008146950876,6213,Magnesium,nutrition,6111,107,rf,,name_only
185,0.4917296790997719,0.1810406676687654,0.1192510145248148,0.30568248258551733,0.737035841775414,0.29465622042460404,1924,Maltose,nutrition,862,1069,rf,,name_only
186,0.6996581943526957,0.0005760764139905577,8.477556264372857e-06,0.0005806156185352782,0.6859730243261497,1.0535033026978096,3266,Manganese,nutrition,3135,142,rf,,name_only
188,0.33506750965098564,2.6651621323130182e-06,1.622470099494162e-11,2.6651715963742973e-06,0.36058841534712965,0.10537935838568957,10,Menaquinone-4,nutrition,9,1,rf,,name_only
189,0.3906543223199071,0.1585953897297856,0.034057764073785635,0.21279537789187455,0.3834247623651874,0.730436139887415,1570,Methionine,nutrition,1537,35,rf,,name_only
190,0.6710615668497197,2.8722507997491797e-05,1.0653568353310988e-08,2.8728084550001657e-05,0.6357636022800318,0.8453452669125545,190,Molybdenum,nutrition,158,32,rf,,name_only
191,0.6623831796221064,0.002445555630363428,1.9558958682440895e-05,0.0024563045938214207,0.6850214067184167,0.1133184621063485,5427,Niacin,nutrition,5212,218,rf,,name_only
192,0.655171635888601,0.003934995319749031,4.2773295221223416e-05,0.003963845621765436,0.6273142867157084,1.1437806967782231,1168,Nicotinic acid,nutrition,1105,63,rf,,name_only
193,0.9711213149775649,0.7003157898388968,0.6576146890700114,2.314613931218032,0.9657496084223951,1.124128311371596,914,Octadecadienoic acid (18:2; isomer unspecified),nutrition,883,31,rf,,name_only
194,0.5681917867930587,0.3564831154602038,0.2528029780421291,0.761775691445152,0.5709037634756847,0.5216799710331953,3429,Octadecanoic acid (18:0),nutrition,3233,203,rf,,name_only
195,0.45198495608018224,0.011862738732265482,0.004903969099359125,0.01593021637280579,0.8473324526125152,0.4126920091771216,719,Octadecatetraenoic acid (18:4; isomer unspecified),nutrition,65,654,rf,,name_only
196,0.7649756525094847,0.1250400744155657,0.039688018446952425,0.17663834458287742,0.7352734288052749,1.0961153086712834,899,Octadecatrienoic acid (18:3; isomer unspecified),nutrition,825,74,rf,,name_only
197,0.9960736743842112,1.1747268859007505,1.9120286525453623,5.985218919581987,0.9914821506546203,1.1111241404085304,912,Octadecenoic acid (18:1; cis/trans unspecified),nutrition,877,35,rf,,name_only
198,0.5163932179503945,0.03994714656708846,0.017569737507139135,0.054715275057018106,0.7074723480679762,0.39879320944441027,2755,Octanoic acid (8:0),nutrition,1049,1716,rf,,name_only
199,0.4704716334959968,0.0005704488004029439,6.783294348550191e-06,0.0005742019838966783,0.4434139928874404,0.8920045558219895,2974,Pantothenic acid (vitamin B5),nutrition,2796,184,rf,,name_only
200,0.5728903168377751,0.025214735532582928,0.0038992133591063374,0.027686942805000066,0.6288660678049542,0.4638585982800904,1081,Pentadecanoic acid (15:0),nutrition,712,374,rf,,name_only
201,0.7955027129650657,0.007791442630748883,0.000666342680248633,0.008201984527374685,0.931964147335783,0.7833554241656431,777,Pentadecenoic acid (15:1; isomer unspecified),nutrition,58,721,rf,,name_only
202,0.33845118629011534,0.238477572083284,0.09016861899819008,0.3815569885348554,0.33075858886319787,0.7786349291737785,1573,Phenylalanine,nutrition,1546,29,rf,,name_only
203,0.3842987164569542,0.08783616076098957,0.018420292548084045,0.10442718448567206,0.38842598674586465,0.22826235088284033,5470,Phosphorus,nutrition,5336,140,rf,,name_only
204,0.7015566953206754,0.04798033831458666,0.0038781276435941197,0.05132612629068498,0.6439925343869324,0.7706336884411673,66,Phytosterols,nutrition,36,30,rf,,name_only
205,0.3279027274001269,0.12562697229372755,0.044742820272927995,0.18155692014569141,0.3273008670165012,0.38506264345648583,5513,Potassium,nutrition,5424,95,rf,,name_only
206,0.3118271949477307,0.2616275475660326,0.10058861387846585,0.4483621760462232,0.30740196078684456,0.5924607946505905,1546,Proline,nutrition,1522,24,rf,,name_only
207,0.345750814710638,0.6822425071370964,0.6453880977810966,6.309096543324625,0.3488213622534248,0.2678884005575253,4633,"Protein, total",nutrition,4456,179,rf,,name_only
208,0.5055934903718522,0.00010097296155660892,7.644384238015095e-07,0.00010136367788424728,0.821955861306836,0.17042208871298425,5057,Retinol,nutrition,2616,2474,rf,,name_only
209,0.5407176076990435,0.00016530100097138893,1.3709280446374217e-07,0.00016537513273767477,0.5601449110042832,0.12808192092148987,4691,Riboflavin (vitamin B2),nutrition,4480,212,rf,,name_only
210,0.5482324960088633,1.1464317852129263e-05,1.692168493678585e-09,1.146519583376742e-05,0.5801752922167334,0.11801059494437205,4249,"Selenium, Se",nutrition,3964,318,rf,,name_only
211,0.31840775159986057,0.22985171504977367,0.07635231516418182,0.3647154476853007,0.3133921946418762,0.6649371414242408,1542,Serine,nutrition,1520,22,rf,,name_only
212,0.4786996903830391,0.141565675722116,0.09224714193320396,0.2912386160367383,0.47913362761339967,0.44317667966031477,4705,Sodium,nutrition,4592,127,rf,,name_only
213,0.40586622237599895,0.40586622237599895,0.21487051886266154,0.6941756508280691,0.3100043345703657,0.53368207278351,14,Sorbitol,nutrition,8,6,rf,,name_only
214,0.42285841849746386,1.1537383309386289,1.740525969190271,11.26680788651095,0.5560657531571763,0.16759189689593118,1292,Starch,nutrition,865,458,rf,,name_only
215,1.6161172658573735,0.6574791410558607,0.4369352150741972,0.9402198796090442,0.8126627982905061,1.6584043430977349,140,Stearidonic acid,nutrition,7,133,rf,,name_only
216,1.3143501990683233,0.022209918912362837,0.0005909119205259199,0.022592476049574723,0.982440631519831,1.8675328116491439,48,Stigmasterol,nutrition,30,18,rf,,name_only
217,0.5719822783436139,0.6395422080640438,0.6920294023380875,3.5695941088573933,0.5929165056914911,0.5159716350837634,1021,Sucrose,nutrition,742,296,rf,,name_only
218,0.5458441644783212,0.8431578362324715,1.0482963431547412,7.247730266367401,0.5138951111440856,0.7936859077992576,3185,"Sugars, total",nutrition,2821,368,rf,,name_only
219,0.3745977586440954,0.09507117223049097,0.013897565610558304,0.11403171981237428,0.3745977586440954,,20,Sulfur,nutrition,20,0,rf,,name_only
220,1.4115608699858848,0.03683592653935752,0.001885795539914947,0.03809160321290502,1.116510952897309,1.7826460598255782,806,Tetracosanoic acid (24:0),nutrition,449,357,rf,,name_only
221,0.6944508893260034,0.17853121505100672,0.11020095799749555,0.3178285851673087,0.7120140337146641,0.5950838921633698,3308,Tetradecanoic acid (14:0),nutrition,2814,501,rf,,name_only
222,0.5761868971947798,0.03136149152495022,0.005902852700908489,0.03535904794635788,0.6444655261198542,0.4856674550326898,1002,Tetradecenoic acid (14:1; isomer unspecified),nutrition,577,430,rf,,name_only
223,0.5344487890007819,0.0001403527310515671,1.4092524041767763e-07,0.000140430811181638,0.5504251178987076,0.2494223668949661,5049,Thiamin (vitamin B1),nutrition,4783,272,rf,,name_only
224,0.3842927713705827,0.2480216022413005,0.08116032520194255,0.38851058172108804,0.3807319533214718,0.6332263240766108,1560,Threonine,nutrition,1538,22,rf,,name_only
225,0.4971666663373897,6.598669708615741e-05,7.607683675464327e-08,6.60267282765021e-05,0.5385304215944122,0.4221462951190724,1452,"Tocopherol, beta",nutrition,938,515,rf,,name_only
226,0.6072150618542036,0.00024061530008549154,1.7703520371027957e-06,0.00024152010092811006,0.7252245419774557,0.44997143464702183,1454,"Tocopherol, delta",nutrition,830,625,rf,,name_only
227,0.8876062901283411,0.0013859350622493934,2.245117459679362e-05,0.0013988616478541201,0.8750758861520093,0.9401619171481749,1548,"Tocopherol, gamma",nutrition,1249,300,rf,,name_only
228,0.6832803790283198,9.854448128744051e-05,2.464958766654408e-07,9.867520737516627e-05,0.6842460882089741,0.6813876997172381,1033,"Tocotrienol, alpha",nutrition,684,349,rf,,name_only
229,0.27870678800109766,8.42642473243017e-05,3.898720204177016e-08,8.428585483408226e-05,0.6570560377564607,0.19245100049210298,237,"Tocotrienol, beta",nutrition,44,193,rf,,name_only
230,0.07260062312381216,7.853016437290852e-06,7.800048357323433e-10,7.853425583260077e-06,0.545373632559494,0.04491571716586682,235,"Tocotrienol, delta",nutrition,13,222,rf,,name_only
231,0.6540085741842744,9.022340096965542e-05,7.280551327814925e-08,9.026296961785046e-05,0.5638900407036144,0.7128093194340666,233,"Tocotrienol, gamma",nutrition,92,141,rf,,name_only
232,0.2401166041899909,0.0014249541512337894,1.3170185212350677e-05,0.0014321136818164775,0.975078975007964,0.2047818748237422,109,Tridecanoic acid (13:0),nutrition,5,104,rf,,name_only
233,0.3571592523995068,0.0773853334199798,0.011002109284741591,0.08999682633212334,0.3540413843937494,0.423395667269432,2819,Tryptophan,nutrition,2687,138,rf,,name_only
234,0.3755067757116745,0.21608813358642173,0.06360706273255162,0.3185672530274776,0.37021548166669,0.6719856304553395,1553,Tyrosine,nutrition,1525,30,rf,,name_only
235,0.39701519126258783,0.30142526204519104,0.14320593817018948,0.5209463642745855,0.3886014347599611,0.9614685079388058,1566,Valine,nutrition,1543,23,rf,,name_only
236,3.2327166131336247,0.005294823204927037,2.829599038173441e-05,0.005309834003080549,3.18304719141768,4.058470749161207,282,Vitamin B6 - Pyridoxin,nutrition,266,16,rf,,name_only
237,0.3747180305478615,7.70739323967987e-07,3.898421445583586e-11,7.70759071423679e-07,0.7084737591175441,0.10904578809585187,4761,Vitamin D (D2 + D3),nutrition,2118,2658,rf,,name_only
238,0.29643932992341476,1.202716463061219e-07,8.284518101573392e-13,1.2027206859048683e-07,0.8962752157372714,0.1651513373168028,1168,Vitamin D2 (ergocalciferol),nutrition,212,957,rf,,name_only
239,0.239908039997733,0.7151785039087599,0.9342409130238826,26.961751141757663,0.2382292564219842,0.42174249251701845,5247,Water,nutrition,5198,51,rf,,name_only
241,0.4344315958039784,0.0011185098435950165,7.650509853756087e-06,0.0011235180942783514,0.43243509076342995,0.5189567468438877,5536,Zinc,nutrition,5410,148,rf,,name_only
242,0.7220177186763772,0.02223312340908782,0.0018254670165332697,0.02344917696381464,0.6293080354774546,0.8208569677066335,250,"cis,cis-Eicosadienoic acid (20:2n-6)",nutrition,129,121,rf,,name_only
243,0.7465545999601543,0.007136771558882783,0.0003304377617658479,0.0073332640131571515,0.6172297609098167,0.8915551770771994,70,cis-Docosenoic acid (22:1 cis),nutrition,37,33,rf,,name_only
244,0.4085649389082044,0.09159852863214289,0.012844471713127754,0.10942177126967738,0.39879459530591693,0.6112995686556678,87,cis-Hexadecenoic acid (16:1 cis),nutrition,83,4,rf,,name_only
245,1.212712135218249,1.5444101331502553,2.9578401798195504,15.09616915327577,1.212712135218249,,153,cis-Octadecenoic acid (18:1 cis),nutrition,153,0,rf,,name_only
246,1.9446388233214884,0.024138598775035637,0.0006363889060615928,0.024528060010408845,1.4545758783807816,2.244528088135951,108,cis-Tetracosenoic acid (24:1 cis),nutrition,41,67,rf,,name_only
247,0.6799235791842639,0.049213847442503095,0.002958647061531921,0.052111820271409245,0.5977664171126094,1.4604166188649832,21,"trans,trans-Linoleic acid (18:2 trans,trans)",nutrition,19,2,rf,,name_only
248,0.6189581528916537,0.0009033862549262045,8.635943933280175e-07,0.000903873248772902,0.2427379508881477,0.6598516531094261,51,trans-Docosenoic acid (22:1 trans),nutrition,5,46,rf,,name_only
249,0.4910730867731465,0.011388166488055972,0.0003553805727296545,0.011597461481349582,0.6910334119739046,0.06258667562866495,66,trans-Hexadecenoic acid (16:1 trans),nutrition,45,21,rf,,name_only
250,1.260177379300749,0.1300051106129262,0.01893547010925441,0.14479898976153427,1.2084014221626949,1.8556008863883715,75,trans-Linoleic acid (18:2; isomer unspecified),nutrition,69,6,rf,,name_only
251,1.4371091703483378,0.6910006337749001,0.5561612484846462,1.4844692974001394,1.3274639537382926,2.0616101866925094,154,trans-Octadecenoic acid (18:1 trans),nutrition,131,23,rf,,name_only
2,0.41023079423528275,0.1941577955922547,0.10428684708173613,0.35032945802881305,0.41023079423528275,,18,Acetic acid,food_metabolome,18,0,xgb,,completion
7,0.5993666564303448,0.0018250979728279629,7.95870773002691e-05,0.0018659447247105553,1.279866907697514,0.24550652577141674,38,Apigenin,food_metabolome,13,25,xgb,,completion
9,1.0481028664042955,0.0011891784285415628,5.785583766871661e-06,0.0011944484204529358,1.0481028664042955,,13,Benzoic acid,food_metabolome,13,0,xgb,,completion
11,0.47299183486206675,0.0019794749571756744,1.7024749902900324e-05,0.001992812812879469,0.5159910925768001,0.0,12,Cadaverine,food_metabolome,11,1,xgb,,completion
12,1.0753020029594504,0.07117668421498506,0.05709560885892146,0.11264442881243678,1.0700390055864657,1.1191603144009907,28,Caffeic acid,food_metabolome,25,3,xgb,,completion
13,0.04950826201315672,0.0018360373325618429,0.0005430933070947712,0.0023099210975704105,0.33015163141861614,0.023932934798349025,1962,Caffeine,food_metabolome,168,1795,xgb,,completion
15,0.6545676511578834,0.010002999062168772,0.0018645428153048365,0.011183360330715186,0.5494874165246992,0.8997548653019799,30,Catechin,food_metabolome,21,9,xgb,,completion
16,0.12269487981132816,0.00810615561753529,0.0002984395241565144,0.008797357003936777,0.12430079332336078,0.04346981321771939,755,Choline,food_metabolome,740,15,xgb,,completion
18,0.2320898504722263,0.10189784538170471,0.02227644543147785,0.14750008799026618,0.2320898504722263,,52,Citric acid,food_metabolome,52,0,xgb,,completion
21,1.017866488026492,0.008635311448117662,0.00012086450131195408,0.008711677217358315,1.2972970659850531,0.6266636788845062,12,Cyanidin,food_metabolome,7,5,xgb,,completion
22,0.6857958465148106,0.00366609680199423,4.548021925400777e-05,0.0037015370349792642,0.7167738269098108,0.6031878987948099,11,Daidzein,food_metabolome,8,3,xgb,,completion
24,0.7319629297125804,0.003978803862020624,9.74319026128679e-05,0.00403321763228461,1.170348489390888,0.39099638329611885,16,Delphinidin,food_metabolome,7,9,xgb,,completion
25,2.6052003765196807,0.12294057039911652,0.06081933206036276,0.15994326126671765,2.6052003765196807,,5,Ellagic acid,food_metabolome,5,0,xgb,,completion
26,0.5658487751307625,0.0010846911877866838,8.186263772489066e-06,0.001089094277297646,1.0584577907177533,0.36880516889596615,28,Epigallocatechin,food_metabolome,8,20,xgb,,completion
28,0.5243149369891991,0.007612272665458529,0.0005203806518432831,0.007931962015708094,0.5599018380598444,0.0972721241414547,26,Ferulic acid,food_metabolome,24,2,xgb,,completion
33,1.6431699747334896,0.22028166524359288,0.3589709046513981,0.6306908310360142,1.9551893695838158,0.47309724404476583,19,Gallic acid,food_metabolome,15,4,xgb,,completion
35,1.298778986599379,0.009345742351360483,0.0015952974593200805,0.010210920484101495,1.276577167900365,1.8760262727737427,27,Genistein,food_metabolome,26,1,xgb,,completion
43,0.4463630785303503,0.0012362489726695292,6.214441346908955e-06,0.0012406589257235525,0.7132801028319897,0.3007719743658196,17,Glycitein,food_metabolome,6,11,xgb,,completion
47,0.5171522232049811,0.0011736416991007948,1.531129190932945e-05,0.0011821092039961938,0.5290157985905194,0.12565423548221588,34,Histamine,food_metabolome,33,1,xgb,,completion
50,0.7225037300173321,0.005043757189012744,0.00023748689915355068,0.005169336865923269,1.2685916228064367,0.3948509943438694,16,Isorhamnetin,food_metabolome,6,10,xgb,,completion
51,0.7584073664931754,0.002234316165761454,2.522026721773063e-05,0.002248824112406356,0.9159906812118807,0.5705195681747193,57,Kaempferol,food_metabolome,31,26,xgb,,completion
52,0.19361723961749502,0.15702976740907268,0.03969935463249551,0.27148255857228876,0.19361723961749502,,23,Lactic acid,food_metabolome,23,0,xgb,,completion
53,0.6116904751901195,0.0001448641053561214,6.06191007170426e-08,0.0001449169658704194,0.6116904751901195,,4,Lariciresinol,food_metabolome,4,0,xgb,,completion
54,0.6409520114349572,0.0010138895554526936,3.667922233605127e-06,0.0010160646966620136,0.6409520114349572,,14,Lutein,food_metabolome,14,0,xgb,,completion
55,0.8858008398059684,0.005660319796489978,0.0004186458948773304,0.005896274473413727,1.1890854047718935,0.6758346025218661,44,Luteolin,food_metabolome,18,26,xgb,,completion
56,0.2500535374420246,0.10463462277336437,0.033101343499441965,0.16068551705238485,0.2500535374420246,,49,Malic acid,food_metabolome,49,0,xgb,,completion
58,1.5832000202438334,0.00018501140615919645,9.105618972749012e-08,0.0001850661794832348,0.8032713466014838,4.702914714813232,5,Matairesinol,food_metabolome,4,1,xgb,,completion
61,0.48900509465120345,0.0009814227547545026,7.013084873936075e-06,0.0009865061278908072,0.5860906581382156,0.3641807987393306,48,Myricetin,food_metabolome,27,21,xgb,,completion
62,0.5659308822040633,0.01846049691152397,0.004014085179736877,0.02139188790231643,0.8294829631222519,0.4121921683351199,19,Naringenin,food_metabolome,7,12,xgb,,completion
65,0.5605260696436927,0.0766611164931666,0.0101938393660066,0.09108287982752487,0.5605260696436927,,4,Oxalic acid,food_metabolome,4,0,xgb,,completion
66,1.0746239768083232,0.00022494010905715548,4.808335656458872e-07,0.00022519219529140277,1.2513563869549513,1.003931012749672,14,Pelargonidin,food_metabolome,4,10,xgb,,completion
67,0.4507995708067375,0.0015068125553206657,1.0415582393383219e-05,0.0015136231609441616,1.174086701686905,0.12933862374888527,13,Peonidin,food_metabolome,4,9,xgb,,completion
72,0.37747431987384367,3.809215189305786e-05,4.234688773371321e-09,3.809551212234154e-05,0.37747431987384367,,4,Pinoresinol,food_metabolome,4,0,xgb,,completion
77,0.589975311615957,0.0031240964415648644,6.806767560376856e-05,0.003188568044402076,0.589975311615957,,17,Putrescine,food_metabolome,17,0,xgb,,completion
79,0.6735433805113691,0.004680801597971836,9.003046065131777e-05,0.004738908002396854,0.7059964549144534,0.57045714417216,71,Quercetin,food_metabolome,54,17,xgb,,completion
82,0.23405921563269372,0.20176090178650927,0.05250375075409106,0.4272934840979385,0.2524744753504049,0.19722869619727132,6,Rosmarinic acid,food_metabolome,4,2,xgb,,completion
83,0.8855189437638181,9.429384277855273e-05,2.073100482539142e-08,9.430635394817157e-05,0.8855189437638181,,5,Secoisolariciresinol,food_metabolome,5,0,xgb,,completion
88,0.23825876555006156,0.0008528608617550185,1.387318307053722e-06,0.0008538627205241987,0.23246240621086453,0.29622235894203186,11,Spermine,food_metabolome,10,1,xgb,,completion
90,1.102960110869488,0.007108406745401146,0.0002536358166569804,0.007259723278775738,1.0219662740989777,1.3729395667711894,13,Syringic acid,food_metabolome,10,3,xgb,,completion
91,0.6824286230771082,0.31721113719258387,0.14665059625202279,0.5171374038258229,0.6824286230771082,,5,Tartaric acid,food_metabolome,5,0,xgb,,completion
92,0.5922279979178415,0.0014703895375208277,7.001354793843689e-06,0.0014755062216163129,0.5922279979178415,,9,Taurine,food_metabolome,9,0,xgb,,completion
93,0.024580444654156892,0.003108439238990806,0.0005064997796308258,0.004065849491457288,0.20132258500783234,0.013576664015057539,1928,Theobromine,food_metabolome,113,1815,xgb,,completion
96,0.27547925313112753,0.001529117331892548,7.655172200120218e-06,0.0015365018589221407,0.30320561254783357,0.10912109663089116,21,Tyramine,food_metabolome,18,3,xgb,,completion
98,0.48118986184150486,0.0008093564197350025,1.6762114521107493e-06,0.0008109749791267907,0.3931266383354925,0.8774743676185608,11,Vanillic acid,food_metabolome,9,2,xgb,,completion
103,0.696176557231167,0.005129839385388966,0.0002036389726053414,0.005240788484732127,0.7342050418121174,0.46800564974546427,28,p-Coumaric acid,food_metabolome,24,4,xgb,,completion
104,0.036024680768513964,0.027951831801346184,0.009440239404029676,0.0631768160533952,0.03596199328910269,0.04037006286406805,1547,Alanine,nutrition,1525,22,xgb,,completion
105,0.1297918334385446,0.011606893049898872,0.000673596143439667,0.012703993012192032,0.1866742985327048,0.061237610689116956,1128,Arachidonic acid (20:4n-6),nutrition,620,510,xgb,,completion
106,0.05190514219426133,0.042143922068540916,0.006710149277086241,0.0842032733165216,0.05102684719167789,0.07918665941160453,1727,Arginine,nutrition,1665,68,xgb,,completion
107,0.3508047248800062,0.007507122622779643,0.00024385401193554148,0.007764477344000234,0.3825083166501798,0.2974092018986611,102,Ascorbic acid (vitamin C),nutrition,64,38,xgb,,completion
108,0.07418701891224955,0.07735654432419743,0.022531400110876017,0.3180528352521055,0.07422862152367903,0.0751513563634479,3606,Ash,nutrition,3554,54,xgb,,completion
109,0.03508932068784386,0.036518259687083714,0.00573934795319486,0.08811308558201734,0.03463764414114954,0.06894247786258348,1519,Aspartic acid,nutrition,1499,20,xgb,,completion
110,0.09077033359449209,0.23484955030723173,0.14116128549574244,2.763274680870648,0.09393386689205417,0.056564629814602085,756,Available carbohydrate,nutrition,692,64,xgb,,completion
111,0.13128003160235102,0.01996062012803849,0.0019229694028585242,0.02323498309864452,0.16434989004558417,0.050967518240213394,48,Beta-sitosterol,nutrition,34,14,xgb,,completion
112,0.15616280085053452,0.0058450002384564295,0.00167269582603673,0.007164992050371516,0.15151421323167621,0.2721253998784555,498,Betaine,nutrition,481,18,xgb,,completion
113,0.2966711786301349,7.698469559588157e-05,1.6367817594909193e-06,7.801004877596262e-05,0.2650440031223094,0.5891222289327154,1768,Biotin,nutrition,1594,182,xgb,,completion
114,0.08986787358295074,0.011524185917958212,0.001770632509622039,0.015744533501229913,0.17966826719418794,0.04181742712106544,2269,Butyric acid (4:0),nutrition,791,1479,xgb,,completion
115,0.24431828964236818,0.025337515105190632,0.005764668557723693,0.03544962495165984,0.2427687415687978,0.3483533524207396,6878,Calcium,nutrition,6755,133,xgb,,completion
116,0.3070948617914931,0.01009881037071131,0.0007206342127003023,0.010772240888720828,0.3246321638240121,0.2457143046776764,36,Campesterol,nutrition,28,8,xgb,,completion
117,0.22005213791470665,3.751313149531484e-05,7.792490247929776e-08,3.7567180842909225e-05,0.5981852968117432,0.11061429726140375,2524,"Carotene, alpha",nutrition,568,1961,xgb,,completion
118,0.356648510990094,0.0002884444468533934,2.9782653265517536e-06,0.0002906490533245608,0.469198001805198,0.188842639631348,3736,"Carotene, beta",nutrition,2264,1494,xgb,,completion
119,0.5180002438108915,0.4864499890252795,0.7384646748043964,5.061519908510943,0.526276300398294,0.46420587599277496,15,Cellulose,nutrition,13,2,xgb,,completion
120,0.20230835274294767,0.09066565597856122,0.02170053505977685,0.2808875697458927,0.20230835274294767,,343,Chloride,nutrition,343,0,xgb,,completion
121,0.21865878016267087,5.113300367593224e-07,6.8693180066593105e-12,5.113351992784922e-07,0.2854630507039055,0.13172474598152786,695,Cholecalciferol (vitamin D3),nutrition,393,302,xgb,,completion
122,0.0643470431756317,0.011880421189180597,0.00869593963143801,0.09100899447540207,0.09056107532901511,0.027855697651378783,3992,Cholesterol,nutrition,2364,1634,xgb,,completion
123,0.06875273340096542,0.0038823259995056786,7.251353934926889e-05,0.004213927795774127,0.06931318481680387,0.049982705983248624,1897,"Choline, total",nutrition,1842,55,xgb,,completion
124,0.3874705230663082,4.272750701507057e-05,5.6214895326123765e-08,4.276810975869662e-05,0.43303649780915676,0.2665126526273354,278,Chromium,nutrition,204,75,xgb,,completion
125,0.12751423116036717,4.87394013285992e-07,1.0006937121178196e-11,4.874029646517937e-07,0.17388791750761518,0.05417487844495867,4402,Cobalamin (vitamin B12),nutrition,2696,1710,xgb,,completion
126,0.1347079382790685,0.01116942953956632,0.0005059507966942647,0.01395732143884547,0.12541585637380553,0.20130119193345308,98,Conjugated linoleic acids (18:2 CLA isomers),nutrition,86,12,xgb,,completion
127,0.18620351823912046,9.624845090218154e-05,1.4444990800552818e-06,9.706238943634348e-05,0.18540232650685554,0.22490923565270843,5038,Copper,nutrition,4898,151,xgb,,completion
128,0.2311963217446272,1.8522753237936342e-05,4.7711091089404905e-08,1.854724340262817e-05,0.5787833809469893,0.12393027163385487,2450,"Cryptoxanthin, beta",nutrition,584,1874,xgb,,completion
129,0.048050388211586366,0.014885361747886688,0.0031619807844412806,0.020610360740040592,0.04815303830658693,0.042332397734517815,1531,Cystine,nutrition,1504,27,xgb,,completion
130,0.19961003988057513,0.022449411976581526,0.008892458151590956,0.03499374275664239,0.27108172807833686,0.12690048768876694,2996,Decanoic acid (10:0),nutrition,1519,1487,xgb,,completion
131,0.10641739144239627,0.144592994962581,0.057483282703794394,0.6747156456408218,0.11861406577851445,0.05942295349464318,2543,"Dietary fibre, total",nutrition,2019,524,xgb,,completion
132,0.112502123364156,0.01212992705243485,0.006187195186413211,0.028007716307561464,0.25556996418767813,0.05484708540982378,2886,Docosahexaenoic acid (DHA; 22:6n-3),nutrition,829,2058,xgb,,completion
133,0.24545975444356213,0.014301052778899962,0.00753307748985841,0.023052223016821992,0.27549696034055177,0.20564799710988926,1047,Docosanoic acid (22:0),nutrition,594,457,xgb,,completion
134,0.10789553582867137,0.004831303926538865,0.0011905689886561538,0.006409607195354229,0.22195249000897282,0.05338868294514904,2934,Docosapentaenoic acid (DPA; 22:5n-3),nutrition,960,1984,xgb,,completion
135,0.17619139471661482,0.0019461769665061323,1.9541247635357808e-05,0.0019635275355289494,0.2607208459750689,0.08461782251995625,75,Docosatetraenoic acid (22:4; isomer unspecified),nutrition,39,36,xgb,,completion
136,0.16659760229148024,0.015011305331298625,0.018430595184653665,0.050226904221884285,0.6139010996391858,0.08846285676119192,733,Docosenoic acid (22:1; cis/trans unspecified),nutrition,109,624,xgb,,completion
137,0.29558018080676285,0.05087910862087422,0.04979015381298991,0.1762375620040179,0.3463940983998995,0.2124548673683284,3352,Dodecanoic acid (12:0),nutrition,2114,1259,xgb,,completion
138,0.1913609910198494,0.011596102496320395,0.0019939211336937016,0.013797810386716704,0.18936322614976606,0.20062745971102688,998,Eicosanoic acid (20:0),nutrition,821,177,xgb,,completion
139,0.14466717898996123,0.011139396381118542,0.00543747023017864,0.022413991274722714,0.32024666001444013,0.07085849390920869,3202,Eicosapentaenoic acid (EPA; 20:5n-3),nutrition,952,2261,xgb,,completion
140,0.09055236010995699,0.007818487268956122,0.0008190011238772941,0.009316277646774868,0.12813867646448857,0.06278589217237508,772,Eicosatetraenoic acid (20:4; isomer unspecified),nutrition,328,444,xgb,,completion
141,0.17960731142634373,0.004103309518859379,0.00044947944066844924,0.004366860778226853,0.28291741957995903,0.11643206543312576,224,Eicosatrienoic acid (20:3; isomer unspecified),nutrition,85,139,xgb,,completion
142,0.21753773079508476,0.0015465851707308924,1.0486056638468635e-05,0.001561221652399641,0.23845192152292746,0.19727710852748714,63,Eicosatrienoic acid (20:3n-3),nutrition,31,32,xgb,,completion
143,0.13423490626437817,0.003253063954795238,7.333916394627692e-05,0.0033676690910882648,0.15753052020853714,0.09664425649084891,230,Eicosatrienoic acid (20:3n-6),nutrition,142,88,xgb,,completion
144,0.18102059007743476,0.019033154446823547,0.006522541758222161,0.03267857255526036,0.20299942739529184,0.14018622328293787,2654,Eicosenoic acid (20:1; isomer unspecified),nutrition,1766,897,xgb,,completion
147,0.011774207154017606,0.04926163757835802,0.03625612687832562,0.17144059210264267,0.28702758981716875,0.006134869557992071,3138,Ethanol,nutrition,63,3075,xgb,,completion
148,0.057996313734413975,0.11045390997952603,0.061901137821089317,0.9820810017833019,0.05784389904556781,0.05968163680384406,4833,"Fat, total",nutrition,4648,196,xgb,,completion
149,0.07157415109384248,0.09149379175331898,0.030963463274285518,0.6663640267818031,0.07317545944813765,0.0435888981482276,3886,"Fatty acids, total monounsaturated",nutrition,3669,225,xgb,,completion
150,0.13055886406695544,0.12108585784258537,0.0495200555326251,0.6015290090685798,0.13216530475806093,0.096412577247834,3896,"Fatty acids, total polyunsaturated",nutrition,3719,181,xgb,,completion
151,0.08653223301916095,0.10241726821155467,0.033352971790009185,0.6844378580687146,0.08889797361647275,0.041152240933208704,4023,"Fatty acids, total saturated",nutrition,3826,205,xgb,,completion
152,0.16454372089113725,0.054848555820611065,0.022863158343516876,0.12601025840590802,0.19865390095656282,0.10568382877824005,1172,"Fatty acids, total trans",nutrition,742,430,xgb,,completion
153,0.17000233968951278,0.047185702743541634,0.025726445422172048,0.1264239903815223,0.16991800274221153,0.17050386340279752,521,"Fatty acids, total trans-monoenoic",nutrition,446,75,xgb,,completion
154,0.1682639229728608,0.017363975578269308,0.0039611039406672165,0.026124380237983434,0.16845821541683162,0.1676125806845015,457,"Fatty acids, total trans-polyenoic",nutrition,352,105,xgb,,completion
155,0.17486014066904146,1.0123528214108518e-05,1.470532954651617e-09,1.012522396500311e-05,0.1809046989227442,0.11037715943695564,3170,"Folate, food",nutrition,2907,264,xgb,,completion
156,0.18847228604646762,1.5384471778596143e-05,3.8712428836000236e-09,1.5388880608080246e-05,0.19179545948551774,0.14648369813762735,3886,"Folate, total",nutrition,3601,285,xgb,,completion
157,0.12402132648692664,1.228483279143929e-05,3.449443709332815e-09,1.2289100342961442e-05,0.20484741896166112,0.052281161968429524,3100,Folic acid,nutrition,1538,1776,xgb,,completion
158,0.25422046408645504,0.1921592272070857,0.10568067515153003,0.5869280526093765,0.30025494540388314,0.14235021799753783,1959,Fructose,nutrition,1388,572,xgb,,completion
159,0.18023492139082553,0.018763702735123254,0.008250588782906455,0.02968711847477917,0.5108096535401992,0.10007468850666815,1460,Galactose,nutrition,285,1176,xgb,,completion
160,0.26871777128922936,0.20972740734828624,0.11997441835443423,0.6339124170290227,0.3038206599716162,0.15360569520310943,2003,Glucose,nutrition,1535,469,xgb,,completion
161,0.0333425526015374,0.05061087163214143,0.011179669256579608,0.17141859819818125,0.033038786802453646,0.05928077666774494,1555,Glutamic acid,nutrition,1537,18,xgb,,completion
162,0.057980022920164395,0.03990880629379011,0.0070962894613093835,0.07913372692702593,0.056668036901238304,0.09243304526402496,1713,Glycine,nutrition,1650,71,xgb,,completion
165,0.12770354246111568,0.01075104956715613,0.0006304608390319623,0.012255295093626354,0.13999038136996475,0.09007796831487057,1138,Heptadecanoic acid (17:0),nutrition,858,282,xgb,,completion
166,0.14921898036886297,0.007516478705864837,0.0004253212126221555,0.008254671659363822,0.175648136394804,0.10811885344197472,880,Heptadecenoic acid (17:1; isomer unspecified),nutrition,538,347,xgb,,completion
167,0.0804107820453321,0.07885514183300395,0.023966767085833385,0.3192039070953487,0.08182741028314927,0.0415998513976962,3436,Hexadecanoic acid (16:0),nutrition,3315,121,xgb,,completion
168,0.19506729932536196,0.044400332219878186,0.009912631744467732,0.07493025683982611,0.20281746436317544,0.15745316500850723,878,Hexadecenoic acid (16:1; cis/trans unspecified),nutrition,728,150,xgb,,completion
169,0.08271788474715001,0.008618104753452753,0.000878777045730484,0.010451573409111532,0.18414600087820637,0.038927741597193706,2651,Hexanoic acid (6:0),nutrition,802,1855,xgb,,completion
170,0.03615583743611277,0.019010769930290602,0.0015869514577172836,0.030928644224340354,0.03626403850732542,0.028779683691876317,1562,Histidine,nutrition,1534,30,xgb,,completion
171,0.0593014459588603,0.014075567249991055,0.0006843217440049416,0.01637089835957921,0.06308329265400202,0.046206096208518815,299,Hydroxyproline,nutrition,232,67,xgb,,completion
172,0.2169019081351476,0.27879334015172236,0.12654925973490044,1.751659990887387,0.2241077451232564,0.07999100536108016,20,Insoluble dietary fibers,nutrition,19,1,xgb,,completion
173,0.1845570919232817,0.0010108893861556407,2.1054061857391963e-05,0.001028322677092865,0.18518274608725216,0.170356248488578,5716,Iron,nutrition,5552,171,xgb,,completion
174,0.03153771226182152,0.02217221840731994,0.0022303899227111815,0.04023245089162734,0.03139173214346293,0.03726719471257335,1564,Isoleucine,nutrition,1536,30,xgb,,completion
175,0.661579527999744,0.2741793543987527,0.17146681983804496,0.49458133978611885,0.661579527999744,,15,Isomeric linoleic acids (18:2),nutrition,15,0,xgb,,completion
176,0.7922475645195018,0.14215091774263944,0.056179875234116106,0.21347210544860767,0.6624189712828368,0.9777169834290232,17,Isomeric linolenic acids (18:3),nutrition,10,7,xgb,,completion
177,0.08977694124404383,0.08231829567602794,0.03125854047967859,0.2100348923819309,0.1843874464536998,0.045410932457658267,1909,Lactose,nutrition,610,1302,xgb,,completion
178,0.032876682165910574,0.032272621253374795,0.011551765126969423,0.0840581544106844,0.03261536359292185,0.0530243441433413,1562,Leucine,nutrition,1542,20,xgb,,completion
179,0.5893415206777769,0.3938911792886244,0.34063606545925423,2.6600567274816562,0.5918847314809469,0.5810760855674744,17,Lignin,nutrition,13,4,xgb,,completion
180,0.18018933103618529,0.1395951119340797,0.057223933604918974,0.7734414177190544,0.18346135343148348,0.09882923570694402,1345,Linoleic acid (18:2n-6),nutrition,1293,52,xgb,,completion
181,0.26724826515279065,0.00017197960983800372,9.580685910867797e-07,0.00017280634452892222,0.31651747867535923,0.14707394668602736,1277,Lutein + zeaxanthin,nutrition,908,370,xgb,,completion
182,0.07026254464587617,0.00017743765131163252,1.558546271686076e-06,0.00017853866424714696,0.38282864355087143,0.03333313827676916,2090,Lycopene,nutrition,221,1870,xgb,,completion
183,0.035462512960086574,0.02998428521374049,0.0033907412397212846,0.06648550695356135,0.03555310869438843,0.029083749667651402,1571,Lysine,nutrition,1549,22,xgb,,completion
184,0.12479949230255272,0.008456193540924764,0.0008069241485161271,0.00966772425093135,0.12527789957658314,0.1008798990797939,6213,Magnesium,nutrition,6111,107,xgb,,completion
185,0.2373782923539224,0.09550339318154251,0.047445613181985605,0.18974381426168746,0.3476797373804535,0.14911291901745388,1924,Maltose,nutrition,862,1069,xgb,,completion
186,0.23715679063290057,0.0003367978237719562,6.5074463993505065e-06,0.00034107882578493027,0.2331307933588374,0.3432456925379353,3266,Manganese,nutrition,3135,142,xgb,,completion
188,0.15805114547705307,1.3302401296204054e-06,3.847485816025309e-12,1.3302457039489948e-06,0.1677698075252071,0.07058318704366684,10,Menaquinone-4,nutrition,9,1,xgb,,completion
189,0.036730954374677376,0.01594538294526725,0.0013164238996392855,0.02375480884817969,0.0370074043546067,0.022723863809785274,1570,Methionine,nutrition,1537,35,xgb,,completion
190,0.32838678259025944,2.0607446960156062e-05,8.44012908921695e-09,2.0612689282636788e-05,0.34309631020226666,0.2557584900059737,190,Molybdenum,nutrition,158,32,xgb,,completion
191,0.13890264951489817,0.0006787567392703549,4.8713393824107205e-06,0.0006842363609818394,0.14053364345363295,0.10157773972471851,5427,Niacin,nutrition,5212,218,xgb,,completion
192,0.1444029453131173,0.0009783975915227867,8.973710303627235e-06,0.0009891415995674994,0.14752696608217786,0.08960861277642009,1168,Nicotinic acid,nutrition,1105,63,xgb,,completion
193,0.27756957809721594,0.20398793372824633,0.1274243317672009,1.020698303854308,0.2751170524249773,0.34742700289033596,914,Octadecadienoic acid (18:2; isomer unspecified),nutrition,883,31,xgb,,completion
194,0.10177344798844244,0.06781087794747183,0.018796322561037155,0.19461641981731878,0.10532158652887448,0.04250329906895123,3429,Octadecanoic acid (18:0),nutrition,3233,203,xgb,,completion
195,0.07694159503869866,0.005052181166120522,0.002126037218744874,0.008615980190116225,0.48598193800137707,0.0362877383222245,719,Octadecatetraenoic acid (18:4; isomer unspecified),nutrition,65,654,xgb,,completion
196,0.32229403667435247,0.06035215542390099,0.021432668445543687,0.09886056152982606,0.31105243286757955,0.4476227277633758,899,Octadecatrienoic acid (18:3; isomer unspecified),nutrition,825,74,xgb,,completion
197,0.19667171194365538,0.23530748658719644,0.12829761035231496,1.4768444328154091,0.19892930787848234,0.1401028080909912,912,Octadecenoic acid (18:1; cis/trans unspecified),nutrition,877,35,xgb,,completion
198,0.16494976654383414,0.019856745046111502,0.009707492163342626,0.032502488845410765,0.29398525312787227,0.08607171515724946,2755,Octanoic acid (8:0),nutrition,1049,1716,xgb,,completion
199,0.141899244801476,0.00022424375978475725,5.720874825168437e-06,0.0002276212109114685,0.14177856120465582,0.14949636775063183,2974,Pantothenic acid (vitamin B5),nutrition,2796,184,xgb,,completion
200,0.16971748155168093,0.008873013779605098,0.0009474755726844984,0.010220502318329903,0.18191185883623132,0.14565148655398694,1081,Pentadecanoic acid (15:0),nutrition,712,374,xgb,,completion
201,0.07575873120059233,0.0019287631606660425,0.0004013495356393092,0.0022786915854023865,0.5271453761972258,0.04033088178524688,777,Pentadecenoic acid (15:1; isomer unspecified),nutrition,58,721,xgb,,completion
202,0.03364893417490038,0.024077443481883284,0.004205243228593454,0.042628042943974175,0.033476727550226425,0.041096599096159356,1573,Phenylalanine,nutrition,1546,29,xgb,,completion
203,0.09491575636166634,0.024285444768379905,0.0028671651902560397,0.03108840646316374,0.09505501417410471,0.0947715932215507,5470,Phosphorus,nutrition,5336,140,xgb,,completion
204,0.1747351077251017,0.014306481736154477,0.0008765908218064126,0.015873866890224325,0.19568269359714288,0.1495980046786523,66,Phytosterols,nutrition,36,30,xgb,,completion
205,0.12109039609243566,0.048725787163843196,0.009896608527528012,0.07824660099162614,0.12139548456687049,0.11669780977251255,5513,Potassium,nutrition,5424,95,xgb,,completion
206,0.04114949195372144,0.03498752347336965,0.004896406708070522,0.06894002196984639,0.04116167263000625,0.040377034065992724,1546,Proline,nutrition,1522,24,xgb,,completion
207,0.05361065179311604,0.11619747177213675,0.046285557566841,1.0090201515975132,0.053676626472441424,0.051630252566634297,4633,"Protein, total",nutrition,4456,179,xgb,,completion
208,0.2068337081062072,6.606789843917764e-05,4.81193271472205e-07,6.644659293577106e-05,0.2950656606716974,0.11480197184264208,5057,Retinol,nutrition,2616,2474,xgb,,completion
209,0.13978681701304205,5.711260798133567e-05,3.770871621176826e-08,5.715702588288085e-05,0.14093342904750875,0.11546390474172583,4691,Riboflavin (vitamin B2),nutrition,4480,212,xgb,,completion
210,0.1437349707027326,4.248023221339247e-06,1.3043357861383627e-09,4.248782617230477e-06,0.14667747745001988,0.11167601682145417,4249,"Selenium, Se",nutrition,3964,318,xgb,,completion
211,0.0293676646583357,0.021763626970810954,0.0020872505653184836,0.03939368475528612,0.029052396540487985,0.05114982552781426,1542,Serine,nutrition,1520,22,xgb,,completion
212,0.21887165384595816,0.0666313521314186,0.031378529823149835,0.16743502620287426,0.21880766363846768,0.22111786027989222,4705,Sodium,nutrition,4592,127,xgb,,completion
213,0.35901474976591913,0.35901474976591913,0.27828584729038436,0.855582009931892,0.4802143093654725,0.1974153369665146,14,Sorbitol,nutrition,8,6,xgb,,completion
214,0.12280852284960242,0.3865741601597757,0.38065763430723865,3.515903227855648,0.14747347864659438,0.07855282390263679,1292,Starch,nutrition,865,458,xgb,,completion
215,0.05791830190180485,0.017997076030350483,0.003754947140038094,0.021825257940405112,0.5563272228664884,0.0316862534299794,140,Stearidonic acid,nutrition,7,133,xgb,,completion
216,0.2189269666237238,0.003429366666778832,5.38903757072881e-05,0.003499004508127573,0.25452232056100316,0.1596013767282582,48,Stigmasterol,nutrition,30,18,xgb,,completion
217,0.3135288881720254,0.34963654181408826,0.2852234296849865,2.181283113989089,0.3387756583697554,0.24834957296340154,1021,Sucrose,nutrition,742,296,xgb,,completion
218,0.17181784449358312,0.26993729263397725,0.17802275743475907,2.6334102671886574,0.17648483959506245,0.13569279290728128,3185,"Sugars, total",nutrition,2821,368,xgb,,completion
219,0.38291615311426985,0.0974610058409401,0.014310101018155361,0.11699529899328695,0.38291615311426985,,20,Sulfur,nutrition,20,0,xgb,,completion
220,0.18462335639321817,0.004569196025622266,0.00020188838444292316,0.004830002143619327,0.19270600827659695,0.1744577802149631,806,Tetracosanoic acid (24:0),nutrition,449,357,xgb,,completion
221,0.17036142087018114,0.052956327049386895,0.026314644406041292,0.13594748970766427,0.18930586198335111,0.06766406228972946,3308,Tetradecanoic acid (14:0),nutrition,2814,501,xgb,,completion
222,0.15153614696616483,0.010856230583618315,0.0018215392164917155,0.01340130924988007,0.18744363601526587,0.10292091984560438,1002,Tetradecenoic acid (14:1; isomer unspecified),nutrition,577,430,xgb,,completion
223,0.17989397646173566,6.0534802776637564e-05,7.294969496843928e-08,6.059208078981588e-05,0.18217726363258077,0.14454993979887187,5049,Thiamin (vitamin B1),nutrition,4783,272,xgb,,completion
224,0.030977221694564704,0.02049346904411786,0.0017985251426444833,0.035778123767559976,0.03071959281287847,0.048987822605175264,1560,Threonine,nutrition,1538,22,xgb,,completion
225,0.23331519296353884,3.681825957918411e-05,3.496838835499118e-08,3.685142176382256e-05,0.25174016935353033,0.19995290270601895,1452,"Tocopherol, beta",nutrition,938,515,xgb,,completion
226,0.2692972665530886,0.00013076142934365684,9.055856842231275e-07,0.00013144825724495463,0.3178029623582199,0.20466338038821705,1454,"Tocopherol, delta",nutrition,830,625,xgb,,completion
227,0.36969298676805973,0.0007422890831043433,9.778818836792014e-06,0.0007522749395513443,0.3833237442020211,0.31200301309905226,1548,"Tocopherol, gamma",nutrition,1249,300,xgb,,completion
228,0.3908901513100775,7.69988397627814e-05,2.2959209686925124e-07,7.712675715546287e-05,0.41692611938645346,0.33986263794548954,1033,"Tocotrienol, alpha",nutrition,684,349,xgb,,completion
229,0.12783345494480985,5.097757557405386e-05,2.4685907055796784e-08,5.099748163832212e-05,0.34488961392824674,0.07834914926982944,237,"Tocotrienol, beta",nutrition,44,193,xgb,,completion
230,0.06013763223251385,6.979828207236574e-06,7.00551524628429e-10,6.980252582786345e-06,0.43134000709582543,0.03840055622700462,235,"Tocotrienol, delta",nutrition,13,222,xgb,,completion
231,0.30811021169402325,6.0551645160645546e-05,6.945682826316347e-08,6.058945105095333e-05,0.4382252438557504,0.2232124602126126,233,"Tocotrienol, gamma",nutrition,92,141,xgb,,completion
232,0.057317076471524495,0.00044579482022395273,6.488030613278947e-06,0.0004498918383064794,0.49455999426763986,0.036295782346711256,109,Tridecanoic acid (13:0),nutrition,5,104,xgb,,completion
233,0.06735227525714342,0.015420128797952216,0.001179900783824571,0.018761510901618917,0.06637906566334649,0.08603621681211972,2819,Tryptophan,nutrition,2687,138,xgb,,completion
234,0.03391475448782726,0.020052842648074085,0.00179357135990825,0.03242775835117973,0.033680203608947384,0.04428080172001501,1553,Tyrosine,nutrition,1525,30,xgb,,completion
235,0.03392451082348082,0.026341232903430847,0.010606731291369163,0.06389536553764678,0.033707613934129174,0.04847546300911547,1566,Valine,nutrition,1543,23,xgb,,completion
236,0.20236561414606463,7.340041277384559e-05,4.494248115933386e-08,7.345376736203335e-05,0.19731292492954206,0.2863665723707527,282,Vitamin B6 - Pyridoxin,nutrition,266,16,xgb,,completion
237,0.19607351821292285,4.971610388182935e-07,2.45601466829164e-11,4.971783807775202e-07,0.28821636628666186,0.1238244949503161,4761,Vitamin D (D2 + D3),nutrition,2118,2658,xgb,,completion
238,0.16839856098991432,9.013032077146739e-08,7.323229384711642e-13,9.013072698703615e-08,0.460827518674548,0.1053805736509016,1168,Vitamin D2 (ergocalciferol),nutrition,212,957,xgb,,completion
239,0.03962503353076578,0.16136702561551314,0.13937040619599037,4.339579160197628,0.039657842817638254,0.03589860879868616,5247,Water,nutrition,5198,51,xgb,,completion
241,0.1434953272639848,0.0004235950268269828,3.214514000161681e-06,0.0004267628519861692,0.14395503341943527,0.14454040750780667,5536,Zinc,nutrition,5410,148,xgb,,completion
242,0.20948076196360674,0.010138763947433006,0.0012472953647499321,0.011135331964944562,0.3027589783990034,0.110035390722564,250,"cis,cis-Eicosadienoic acid (20:2n-6)",nutrition,129,121,xgb,,completion
243,0.38073541270958233,0.004917152548486728,0.0002786665414535013,0.005097570574921117,0.423105821989894,0.33322919624377834,70,cis-Docosenoic acid (22:1 cis),nutrition,37,33,xgb,,completion
244,0.12157129363929363,0.02667780572521467,0.0013387902067990053,0.03197506700651761,0.11645423908540241,0.2277501756325364,87,cis-Hexadecenoic acid (16:1 cis),nutrition,83,4,xgb,,completion
245,0.16049510268066156,0.23769395866237686,0.1296108945790268,1.757187094234922,0.16049510268066156,,153,cis-Octadecenoic acid (18:1 cis),nutrition,153,0,xgb,,completion
246,0.3402264692341373,0.0038104393498393334,0.00015118854305428813,0.003916842979873245,0.44353629100291153,0.27700702606220085,108,cis-Tetracosenoic acid (24:1 cis),nutrition,41,67,xgb,,completion
247,0.22681051014433865,0.017845195262283488,0.0012464047656425403,0.019182143319329627,0.15101491993978455,0.9468686170876026,21,"trans,trans-Linoleic acid (18:2 trans,trans)",nutrition,19,2,xgb,,completion
248,0.1226617022713844,0.00016016418019148187,7.683905035800766e-08,0.00016023167810233488,0.3638587539126878,0.09644463144080795,51,trans-Docosenoic acid (22:1 trans),nutrition,5,46,xgb,,completion
249,0.12152416395938093,0.002840128638370672,1.8990121007003997e-05,0.0028972502291183303,0.15365964956618708,0.05266240908765342,66,trans-Hexadecenoic acid (16:1 trans),nutrition,45,21,xgb,,completion
250,0.24430597322821648,0.021767561536026207,0.002082096463018403,0.02441032411135052,0.24890556356656415,0.1914106843372186,75,trans-Linoleic acid (18:2; isomer unspecified),nutrition,69,6,xgb,,completion
251,0.27935020665548416,0.12761218319118886,0.11072060902622237,0.40477487854223293,0.2541121590766773,0.4230973472130363,154,trans-Octadecenoic acid (18:1 trans),nutrition,131,23,xgb,,completion
2,0.6123192323830817,0.2876512135671694,0.12030076688089489,0.5042337418841004,0.6123192323830817,,18,Acetic acid,food_metabolome,18,0,xgb,,name_only
7,0.5786731815242255,0.001814476589303351,7.95751574007166e-05,0.0018553199606808537,1.244668219548635,0.23235576175153255,38,Apigenin,food_metabolome,13,25,xgb,,name_only
9,1.2952515902093746,0.00161211657445542,1.208625932248464e-05,0.0016187850954092556,1.2952515902093746,,13,Benzoic acid,food_metabolome,13,0,xgb,,name_only
11,0.689420819908865,0.003453972699261176,4.130568135013956e-05,0.003487452774297924,0.7196196622528679,0.3572335541248322,12,Cadaverine,food_metabolome,11,1,xgb,,name_only
12,1.1578478199350581,0.0718768667114221,0.0585818679308855,0.113352315330873,1.222968027985163,0.6151794195175171,28,Caffeic acid,food_metabolome,25,3,xgb,,name_only
13,0.3400809776321643,0.005144622718432415,0.0010581615368333197,0.005903818001344963,0.5131890675945059,0.3240285863067363,1962,Caffeine,food_metabolome,168,1795,xgb,,name_only
15,0.6380936867477386,0.010146906079605647,0.001970964422949163,0.011330692883970431,0.5520239524162793,0.8389230668544769,30,Catechin,food_metabolome,21,9,xgb,,name_only
16,0.5892945641235116,0.03407522492697524,0.003072368052783787,0.03605502690851455,0.5943964183043896,0.3376030912001928,755,Choline,food_metabolome,740,15,xgb,,name_only
18,0.3489235994576806,0.1573881392729661,0.04562394791167034,0.2366311319318283,0.3489235994576806,,52,Citric acid,food_metabolome,52,0,xgb,,name_only
21,0.9703835132875015,0.007706779304449806,0.00010236465794654383,0.007768660628394597,1.1857380710598349,0.6688871324062348,12,Cyanidin,food_metabolome,7,5,xgb,,name_only
22,0.7119864010686228,0.0037825972171166805,4.6235350236324345e-05,0.0038184196043044823,0.7260005365140741,0.6746153732140859,11,Daidzein,food_metabolome,8,3,xgb,,name_only
24,1.3743797757196892,0.005685620110291578,0.00010453773309705613,0.005744550098712918,1.4302962065806768,1.3308892183833652,16,Delphinidin,food_metabolome,7,9,xgb,,name_only
25,2.635168149480344,0.12303098912964841,0.060848175195418,0.16003383981995306,2.635168149480344,,5,Ellagic acid,food_metabolome,5,0,xgb,,name_only
26,0.554745924708982,0.001067296273717499,8.03960880767944e-06,0.0010716791618604136,0.9981151844258992,0.3773982208222151,28,Epigallocatechin,food_metabolome,8,20,xgb,,name_only
28,0.5295212662773194,0.007673118310464272,0.0005213771652635544,0.007993332024416527,0.5611029408478009,0.15054117143154144,26,Ferulic acid,food_metabolome,24,2,xgb,,name_only
33,1.6232541576618091,0.22034991387955713,0.3590573315103035,0.630759883007222,1.9292273586742652,0.47585465386509895,19,Gallic acid,food_metabolome,15,4,xgb,,name_only
35,1.3865418677424348,0.009501649285709212,0.0015958974391660154,0.010367134468382133,1.367715544472,1.8760262727737427,27,Genistein,food_metabolome,26,1,xgb,,name_only
43,0.44771275252029136,0.0012375032530939636,6.220001570797965e-06,0.0012419133879554576,0.7133184286185803,0.3028369291939519,17,Glycitein,food_metabolome,6,11,xgb,,name_only
47,0.9293427017907805,0.0016062979784311861,1.472114360008392e-05,0.0016153399004665682,0.9317459380317734,0.8500359058380126,34,Histamine,food_metabolome,33,1,xgb,,name_only
50,0.7587192551378289,0.005075357982058297,0.00023606429317974306,0.005200903936559368,1.4327648284999996,0.3542919111205265,16,Isorhamnetin,food_metabolome,6,10,xgb,,name_only
51,0.7400398211443472,0.002222489029792036,2.5147298386751815e-05,0.0022370023059721813,0.9052938384327021,0.5430061851466934,57,Kaempferol,food_metabolome,31,26,xgb,,name_only
52,0.3786574552645853,0.3059929109555739,0.13550683063338126,0.5074193894751585,0.3786574552645853,,23,Lactic acid,food_metabolome,23,0,xgb,,name_only
53,0.6181193427686261,0.00014631076711589625,6.206555592423115e-08,0.00014636388936566932,0.6181193427686261,,4,Lariciresinol,food_metabolome,4,0,xgb,,name_only
54,1.5281320934501,0.0035530287498685116,2.0442791641413384e-05,0.0035651845098265,1.5281320934501,,14,Lutein,food_metabolome,14,0,xgb,,name_only
55,0.8765365936911614,0.005626141606028444,0.00041903985291206027,0.005862021593261049,1.2252716248316153,0.6351046490554626,44,Luteolin,food_metabolome,18,26,xgb,,name_only
56,0.340454235541088,0.13755302049389753,0.04186908356134975,0.2025013887788839,0.340454235541088,,49,Malic acid,food_metabolome,49,0,xgb,,name_only
58,1.6082742757102948,0.00018824420356802085,9.400297676421452e-08,0.00018829966116762296,0.8281962954130149,4.728586196899414,5,Matairesinol,food_metabolome,4,1,xgb,,name_only
61,0.5506931256605838,0.0010613311564554443,7.575593652411343e-06,0.0010664889614555115,0.728048339835565,0.3226649931498936,48,Myricetin,food_metabolome,27,21,xgb,,name_only
62,0.5488541613987205,0.018248821807226655,0.0040096785889744075,0.021178042280010606,0.8496058097687679,0.3734156998495261,19,Naringenin,food_metabolome,7,12,xgb,,name_only
65,1.8929309616873102,0.0903934671922581,0.009874198948093731,0.09979892499185047,1.8929309616873102,,4,Oxalic acid,food_metabolome,4,0,xgb,,name_only
66,1.8935387782348496,0.0003270357959326073,5.14577532424824e-07,0.00032730526772293796,1.6986161428020952,1.9715078324079514,14,Pelargonidin,food_metabolome,4,10,xgb,,name_only
67,0.7797005258510439,0.0015075068279032352,5.964326239436988e-06,0.0015118086722272334,0.8522583363609774,0.747452610068851,13,Peonidin,food_metabolome,4,9,xgb,,name_only
72,0.5050148411975246,4.555856886746965e-05,6.359119964988554e-09,4.556209994010841e-05,0.5050148411975246,,4,Pinoresinol,food_metabolome,4,0,xgb,,name_only
77,1.6794597053666764,0.006449230273660882,0.00010365205433670322,0.006529037339381818,1.6794597053666764,,17,Putrescine,food_metabolome,17,0,xgb,,name_only
79,0.6854834274120101,0.004532158414729143,8.524144237348763e-05,0.0045869945798025676,0.6946776876062427,0.6562781303244478,71,Quercetin,food_metabolome,54,17,xgb,,name_only
82,0.3825672887738712,0.32343805492974337,0.135538548767536,0.6004300021746839,0.2524744753504049,0.6427529156208038,6,Rosmarinic acid,food_metabolome,4,2,xgb,,name_only
83,0.8728809232483762,9.33065187944189e-05,2.0855236636676513e-08,9.331896375341873e-05,0.8728809232483762,,5,Secoisolariciresinol,food_metabolome,5,0,xgb,,name_only
88,0.24006952106959184,0.0008624659478833181,1.178588775310522e-06,0.000863461991478488,0.24971594846255796,0.1436052471399307,11,Spermine,food_metabolome,10,1,xgb,,name_only
90,1.091567295114524,0.007006738937601579,0.00024378936349593922,0.007157583354115987,0.9768205687566848,1.4740563829739888,13,Syringic acid,food_metabolome,10,3,xgb,,name_only
91,0.5096821435658472,0.2382764659341256,0.1091319695309467,0.3942122936333473,0.5096821435658472,,5,Tartaric acid,food_metabolome,5,0,xgb,,name_only
92,0.7261573936485305,0.001807557865469235,8.512810978892272e-06,0.001814255212854181,0.7261573936485305,,9,Taurine,food_metabolome,9,0,xgb,,name_only
93,0.14412857602836288,0.013909986746544482,0.002564212644682962,0.015858711622965614,0.5829268185308576,0.11680945679818,1928,Theobromine,food_metabolome,113,1815,xgb,,name_only
96,0.3969321532046359,0.0019075243239474566,1.147878135628368e-05,0.0019157460078693292,0.37701687350817736,0.5164238313833872,21,Tyramine,food_metabolome,18,3,xgb,,name_only
98,0.47407107049972325,0.0007978951782792108,1.6288442525923312e-06,0.0007994959339399736,0.3840963657721939,0.8789572417736053,11,Vanillic acid,food_metabolome,9,2,xgb,,name_only
103,0.6839025771553751,0.004893326682598515,0.00020439991146639402,0.00500224212656941,0.715866332940725,0.49212004244327545,28,p-Coumaric acid,food_metabolome,24,4,xgb,,name_only
104,0.4419707494779919,0.3388150577993073,0.18957840677543136,0.6133587674773068,0.43577634611309246,0.8713555281812494,1547,Alanine,nutrition,1525,22,xgb,,name_only
105,0.38593626501087275,0.02869727844962604,0.0028805200780416228,0.030614560210918317,0.49884807783422785,0.24897027405745842,1128,Arachidonic acid (20:4n-6),nutrition,620,510,xgb,,name_only
106,0.41535751768931517,0.3382660831524925,0.16587105836261395,0.6300842532826161,0.4100434735384937,0.5660743318936404,1727,Arginine,nutrition,1665,68,xgb,,name_only
107,0.5802987534784997,0.010153029512509114,0.0003498516643578121,0.010433186970029297,0.5552929756019573,0.6224137477968869,102,Ascorbic acid (vitamin C),nutrition,64,38,xgb,,name_only
108,0.7077888541520946,0.7502790056144157,0.8686420699166538,1.707248197571342,0.7181005357975223,0.009515421577142897,3606,Ash,nutrition,3554,54,xgb,,name_only
109,0.3581285071434667,0.37270943189382993,0.19309240306964187,0.8161811661209988,0.3544223762352675,0.6359030187129975,1519,Aspartic acid,nutrition,1499,20,xgb,,name_only
110,0.46206696644569956,0.9769823948151669,1.4351204172793732,13.706616745507374,0.4658987504862581,0.42063580150716007,756,Available carbohydrate,nutrition,692,64,xgb,,name_only
111,0.4675947695678903,0.06412623705144678,0.006956762139622157,0.0707541222496709,0.35996216987251306,0.7289882259709495,48,Beta-sitosterol,nutrition,34,14,xgb,,name_only
112,0.5334703294216296,0.011646387232383286,0.002293756554409375,0.013128751593263426,0.5383424751349595,0.4031582127014796,498,Betaine,nutrition,481,18,xgb,,name_only
113,0.7325303213249464,9.907731273720905e-05,2.079846905382852e-06,0.00010013293085741797,0.8012091354827909,0.13419861244651807,1768,Biotin,nutrition,1594,182,xgb,,name_only
114,0.3758111592374401,0.04097209354279423,0.015032450263723646,0.052175623611464654,0.8051202443474514,0.1461486482205135,2269,Butyric acid (4:0),nutrition,791,1479,xgb,,name_only
115,0.46710168807789976,0.044884009584444697,0.011854561892700772,0.05773778800725218,0.4603264440989103,0.822968259117657,6878,Calcium,nutrition,6755,133,xgb,,name_only
116,1.8159369493071513,0.07775220456313821,0.006791971868929684,0.08229017232805916,1.5776504275472176,2.649939775466919,36,Campesterol,nutrition,28,8,xgb,,name_only
117,0.3649767170255565,4.982380702104613e-05,1.2282629207805786e-07,4.9886734568748896e-05,0.956030233545192,0.1943170144042058,2524,"Carotene, alpha",nutrition,568,1961,xgb,,name_only
118,1.3351360995087793,0.0005076422450152155,4.422865236835167e-06,0.0005100483145148933,1.232182508475892,1.4994694466142848,3736,"Carotene, beta",nutrition,2264,1494,xgb,,name_only
119,1.17128230755183,1.0799758526798335,1.457479667343265,6.758909916989737,1.1214394388823885,1.4952609539031982,15,Cellulose,nutrition,13,2,xgb,,name_only
120,0.7417631556544456,0.3220587792582608,0.33838957699721217,1.0459279474269434,0.7417631556544456,,343,Chloride,nutrition,343,0,xgb,,name_only
121,0.600282603736325,9.031120358916243e-07,1.2331315868998401e-11,9.031182783713054e-07,0.9983868387217919,0.08221980787775404,695,Cholecalciferol (vitamin D3),nutrition,393,302,xgb,,name_only
122,0.26500295566663573,0.04232881801321122,0.060125008963437615,0.17732250507684438,0.399826998903824,0.06965722560379414,3992,Cholesterol,nutrition,2364,1634,xgb,,name_only
123,0.7360894944881993,0.033932178562596664,0.0029552259443867477,0.0355572604146569,0.7576728345580935,0.013243814329193398,1897,"Choline, total",nutrition,1842,55,xgb,,name_only
124,2.6598200026503362,0.00013847709101915415,7.295449993807613e-08,0.0001385254365664079,2.4293748644961357,3.3017174084981282,278,Chromium,nutrition,204,75,xgb,,name_only
125,0.4230897905869943,1.193037371519705e-06,2.8078309903007462e-11,1.1930519056240962e-06,0.6196970353854567,0.11250214934415778,4402,Cobalamin (vitamin B12),nutrition,2696,1710,xgb,,name_only
126,0.5015562737601591,0.057764969248934775,0.020019429079804977,0.07141341630445566,0.5096013121278297,0.44390016545852023,98,Conjugated linoleic acids (18:2 CLA isomers),nutrition,86,12,xgb,,name_only
127,0.4034725222866199,0.00016740908200165661,1.6460493065295463e-06,0.00016827035783428202,0.39786122588788436,0.6135632933567692,5038,Copper,nutrition,4898,151,xgb,,name_only
128,0.397718728383916,2.0582837103446457e-05,4.886126949178134e-08,2.0607376573915508e-05,0.893427656823391,0.24444295363716276,2450,"Cryptoxanthin, beta",nutrition,584,1874,xgb,,name_only
129,0.4008771317252513,0.11589221370564175,0.023814955688230416,0.14163734890335486,0.39178543538661065,0.9073182907369401,1531,Cystine,nutrition,1504,27,xgb,,name_only
130,0.7227768464651735,0.05677434458511124,0.020698750897140974,0.07505159997108476,0.7250628934964991,0.7190091874508066,2996,Decanoic acid (10:0),nutrition,1519,1487,xgb,,name_only
131,0.4360700902444027,0.6019442369552205,0.5469570287406244,2.29912288079025,0.38860542874477044,0.6189539672821077,2543,"Dietary fibre, total",nutrition,2019,524,xgb,,name_only
132,0.4635127120808773,0.03463019502912601,0.023261791618216378,0.05996814020959349,0.8878182829958147,0.2925957772419261,2886,Docosahexaenoic acid (DHA; 22:6n-3),nutrition,829,2058,xgb,,name_only
133,0.806438454429081,0.03076166352481724,0.010673934380191291,0.04105168389796592,0.6410695627645825,1.022868611065251,1047,Docosanoic acid (22:0),nutrition,594,457,xgb,,name_only
134,0.7351875715729799,0.02631187764044178,0.0037513057296853893,0.029071163168323286,0.9491177252420322,0.63297671411654,2934,Docosapentaenoic acid (DPA; 22:5n-3),nutrition,960,1984,xgb,,name_only
135,1.1182553023835182,0.014990324760999854,0.00028542227065467615,0.015172755581072344,0.7758324059806114,1.489213440153334,75,Docosatetraenoic acid (22:4; isomer unspecified),nutrition,39,36,xgb,,name_only
136,1.7723979492119282,0.06461719143303299,0.025062650425984958,0.10237064852091217,1.439911797490746,1.8304764596888652,733,Docosenoic acid (22:1; cis/trans unspecified),nutrition,109,624,xgb,,name_only
137,0.8778328428735671,0.10283887711188049,0.09053124426071285,0.24887263261474557,0.8827014715015226,0.8731383631121281,3352,Dodecanoic acid (12:0),nutrition,2114,1259,xgb,,name_only
138,0.7773681632501677,0.03768314225618506,0.004730255552441806,0.041583644774046864,0.6961378754055443,1.154148198958844,998,Eicosanoic acid (20:0),nutrition,821,177,xgb,,name_only
139,0.3903229348665682,0.023056820286059217,0.016200600180584446,0.03873832166774912,0.9257494723240504,0.1642349385730431,3202,Eicosapentaenoic acid (EPA; 20:5n-3),nutrition,952,2261,xgb,,name_only
140,0.36084839979886385,0.024392324537005163,0.0031507671177875285,0.026566208866388587,0.5503351045342557,0.22086723053488075,772,Eicosatetraenoic acid (20:4; isomer unspecified),nutrition,328,444,xgb,,name_only
141,0.6269701356717167,0.011182918827505477,0.0005028371607370968,0.01150868861541376,0.4305266571352536,0.7470974426904171,224,Eicosatrienoic acid (20:3; isomer unspecified),nutrition,85,139,xgb,,name_only
142,0.6680176759837172,0.005089806900880328,9.738375717938337e-05,0.0051465555187724926,0.6719964849049057,0.6641632048413157,63,Eicosatrienoic acid (20:3n-3),nutrition,31,32,xgb,,name_only
143,0.44107706254834844,0.009196318549508456,0.00032587853073261507,0.00939557997770789,0.5385990375718621,0.2837120573967695,230,Eicosatrienoic acid (20:3n-6),nutrition,142,88,xgb,,name_only
144,0.9974363412633158,0.08034188426027876,0.01744750041402933,0.09961494036972061,0.815458068764282,1.3579156235308951,2654,Eicosenoic acid (20:1; isomer unspecified),nutrition,1766,897,xgb,,name_only
147,0.06580477021726922,0.3613023997309562,0.2767810544137577,0.6998540707067348,0.4357929785301032,0.05822452399817701,3138,Ethanol,nutrition,63,3075,xgb,,name_only
148,0.6925392350140822,1.1592989947101409,1.934054661638447,11.23942259243514,0.6834152048923958,0.926040383930109,4833,"Fat, total",nutrition,4648,196,xgb,,name_only
149,0.5448375251143724,0.7232152841470604,0.7660532813280061,3.268582203917891,0.5451570974847877,0.5409717488247487,3886,"Fatty acids, total monounsaturated",nutrition,3669,225,xgb,,name_only
150,0.5693536154687442,0.5219765979230869,0.4392080834457413,1.8037591431210547,0.5584989832570594,0.8001098688794763,3896,"Fatty acids, total polyunsaturated",nutrition,3719,181,xgb,,name_only
151,0.5495605986359579,0.6679978218661868,0.6978378316194523,2.956480878810358,0.5524907465171348,0.4938618061019153,4023,"Fatty acids, total saturated",nutrition,3826,205,xgb,,name_only
152,0.5042031676172275,0.1483947357111564,0.10337160869048544,0.2620845785810705,0.6391788963209516,0.27129156134242927,1172,"Fatty acids, total trans",nutrition,742,430,xgb,,name_only
153,0.5899485796522647,0.14651918869826205,0.10308102537183282,0.27283002465935463,0.5898003228180785,0.5908302136262258,521,"Fatty acids, total trans-monoenoic",nutrition,446,75,xgb,,name_only
154,0.5698355778357098,0.04770373446615777,0.018508035309624166,0.06301575192535826,0.5330174932751421,0.693263823219708,457,"Fatty acids, total trans-polyenoic",nutrition,352,105,xgb,,name_only
155,0.5463869296751798,2.4996684792666927e-05,5.1650151369917446e-09,2.499942384250801e-05,0.5733192662216897,0.24932860978173488,3170,"Folate, food",nutrition,2907,264,xgb,,name_only
156,0.5699917166911321,3.6509952628192075e-05,1.2483553655316063e-08,3.651682720919065e-05,0.5623059361328915,0.6671022282357801,3886,"Folate, total",nutrition,3601,285,xgb,,name_only
157,0.5928869924985942,3.452247200166733e-05,1.2821979782290362e-08,3.452947081042172e-05,0.5503581692125996,0.6181472060648171,3100,Folic acid,nutrition,1538,1776,xgb,,name_only
158,0.5205999625775104,0.38279022967749887,0.2689867626914142,0.9721668366502393,0.5103249336619423,0.5449440114499702,1959,Fructose,nutrition,1388,572,xgb,,name_only
159,0.23816611607712704,0.026804543523063856,0.014341834428370885,0.03932624293127752,1.072585899517519,0.03581005395410387,1460,Galactose,nutrition,285,1176,xgb,,name_only
160,0.5541368044466044,0.422430855260822,0.29965877622775405,1.0571693479958713,0.5128244574713223,0.6890134023291978,2003,Glucose,nutrition,1535,469,xgb,,name_only
161,0.3183158767449564,0.48621670389553956,0.3327547920688823,1.4715079239413842,0.31695432524481526,0.43457724650700885,1555,Glutamic acid,nutrition,1537,18,xgb,,name_only
162,0.40807946323184846,0.2766488253123906,0.11783288942381655,0.47168412688040795,0.4038756093504459,0.5287190011479486,1713,Glycine,nutrition,1650,71,xgb,,name_only
165,0.5627502045381654,0.042392302972767054,0.006713606853777179,0.04666687283885652,0.6150793073595614,0.4020046615272972,1138,Heptadecanoic acid (17:0),nutrition,858,282,xgb,,name_only
166,0.5663242889986448,0.025462960938613794,0.0029247579373810053,0.027363658394117005,0.575438251114635,0.5497624331317649,880,Heptadecenoic acid (17:1; isomer unspecified),nutrition,538,347,xgb,,name_only
167,0.5347899017082642,0.5229493241176054,0.4105025243824718,1.5161326132438122,0.5314460700589806,0.626399834909715,3436,Hexadecanoic acid (16:0),nutrition,3315,121,xgb,,name_only
168,0.6122963606607249,0.1253361694684711,0.052525383757807284,0.18547499148203334,0.6062184891418262,0.6417942970991135,878,Hexadecenoic acid (16:1; cis/trans unspecified),nutrition,728,150,xgb,,name_only
169,0.4051763190562304,0.033411003299618984,0.006614371869185484,0.03834651717060684,0.6009113252395718,0.3203488160961187,2651,Hexanoic acid (6:0),nutrition,802,1855,xgb,,name_only
170,0.40168081621865537,0.19709823947742097,0.05451978130105904,0.28334211055353836,0.3959913357650098,0.7253720174233119,1562,Histidine,nutrition,1534,30,xgb,,name_only
171,0.38011900699610457,0.08796326872105857,0.015009257930055659,0.09956119044232628,0.4784159100353989,0.039747641248100284,299,Hydroxyproline,nutrition,232,67,xgb,,name_only
172,0.47601919706215695,0.6168151845531036,0.5911976973637556,2.9704068185209938,0.4736082484382311,0.5218272209167479,20,Insoluble dietary fibers,nutrition,19,1,xgb,,name_only
173,0.48234887956054023,0.002014553853094984,3.38511898549671e-05,0.002036531340046869,0.475456647445333,0.7212300644697327,5716,Iron,nutrition,5552,171,xgb,,name_only
174,0.35799004678880597,0.2457593264078733,0.0848496406400276,0.3960819314512405,0.35301541979466045,0.6459307491779327,1564,Isoleucine,nutrition,1536,30,xgb,,name_only
175,1.1040873917646372,0.45299926054778555,0.24716159286050582,0.7965304909328054,1.1040873917646372,,15,Isomeric linoleic acids (18:2),nutrition,15,0,xgb,,name_only
176,2.607172184880035,0.3265764475686854,0.12248102270292295,0.4373860950695273,1.561000688157754,4.101702894483294,17,Isomeric linolenic acids (18:3),nutrition,10,7,xgb,,name_only
177,0.27484711118330474,0.2533665491280201,0.2830121797072411,0.6091135757031185,0.7432135319098592,0.055040130508221694,1909,Lactose,nutrition,610,1302,xgb,,name_only
178,0.38809996595591933,0.38058709951594377,0.23863307887810586,0.7892282919861806,0.38159068497298887,0.8899655297398568,1562,Leucine,nutrition,1542,20,xgb,,name_only
179,2.8898013065879744,2.1248621469345585,4.9673144381170795,11.88688911960427,2.6308033292158175,3.7315447330474854,17,Lignin,nutrition,13,4,xgb,,name_only
180,0.6953566245753388,0.5285938656323532,0.459386405919852,1.9588991969720104,0.6772034328539653,1.1467427187241042,1345,Linoleic acid (18:2n-6),nutrition,1293,52,xgb,,name_only
181,0.7778857708668226,0.0003070067656172428,2.028185033915166e-06,0.0003080451814800453,0.7693518243077158,0.7982399890551696,1277,Lutein + zeaxanthin,nutrition,908,370,xgb,,name_only
182,0.12383297258467428,0.0002800409186376543,2.5667850590652794e-06,0.0002814163610918216,0.8078883699901166,0.042945813353143555,2090,Lycopene,nutrition,221,1870,xgb,,name_only
183,0.4525171606339791,0.3825990577233888,0.19684170057409764,0.7616791345723555,0.44987515480763524,0.6385383890433745,1571,Lysine,nutrition,1549,22,xgb,,name_only
184,0.35539738699993834,0.021546746689154125,0.0029115125377746926,0.023649616013964415,0.35499639126965205,0.37738206665788854,6213,Magnesium,nutrition,6111,107,xgb,,name_only
185,0.5092326327288865,0.18635726340289585,0.11686754177955236,0.31191732442450226,0.7305062719365343,0.33145820602181764,1924,Maltose,nutrition,862,1069,xgb,,name_only
186,0.7767953041365325,0.0006099221977729036,8.357686052420661e-06,0.0006144810578550974,0.7607185299834706,1.1883070941122484,3266,Manganese,nutrition,3135,142,xgb,,name_only
188,0.38150725698125265,2.911834311693933e-06,1.823188536780303e-11,2.911843839743584e-06,0.42259141438566866,0.011749840341508389,10,Menaquinone-4,nutrition,9,1,xgb,,name_only
189,0.3953013347559611,0.16124652726421054,0.03578661763267746,0.21688607667119478,0.3882416007883158,0.7297639770167215,1570,Methionine,nutrition,1537,35,xgb,,name_only
190,0.7507915509198647,3.010002839422443e-05,1.0451567306978821e-08,3.0105619806651665e-05,0.6968407377955048,1.0171736907213926,190,Molybdenum,nutrition,158,32,xgb,,name_only
191,0.6041464078367211,0.0023306661491870736,1.856243820910958e-05,0.002341344002395757,0.6217052737530581,0.1776826336377497,5427,Niacin,nutrition,5212,218,xgb,,name_only
192,0.7482905221078051,0.005143013103937126,7.44395009853552e-05,0.005190819624218162,0.706133232148607,1.4877160047254865,1168,Nicotinic acid,nutrition,1105,63,xgb,,name_only
193,0.8474219011795915,0.6089503513079506,0.552438399764227,2.096044690544291,0.8468857898621491,0.8626924267699642,914,Octadecadienoic acid (18:2; isomer unspecified),nutrition,883,31,xgb,,name_only
194,0.572194352257807,0.3586409177314676,0.24359661176547853,0.7646020379170154,0.5722082580419141,0.5672003460194677,3429,Octadecanoic acid (18:0),nutrition,3233,203,xgb,,name_only
195,0.7947054777532928,0.019829907171055604,0.004870669013032782,0.0240154682657158,0.7399549005870497,0.8001470488783781,719,Octadecatetraenoic acid (18:4; isomer unspecified),nutrition,65,654,xgb,,name_only
196,0.7425073532913371,0.12320968016394233,0.03994482384673525,0.17467332370571625,0.726900882611391,0.9164984115474933,899,Octadecatrienoic acid (18:3; isomer unspecified),nutrition,825,74,xgb,,name_only
197,0.8128901614544969,0.9713473515378918,1.3405641735432932,4.658427884512452,0.8146200835448738,0.7695432565041951,912,Octadecenoic acid (18:1; cis/trans unspecified),nutrition,877,35,xgb,,name_only
198,0.6325683350587855,0.045941385932402067,0.016125937792983505,0.0609397223035132,0.6504617743013528,0.6206862634533066,2755,Octanoic acid (8:0),nutrition,1049,1716,xgb,,name_only
199,0.4661150540983483,0.0005702066790726264,6.795543186851631e-06,0.0005739718793896742,0.4429551596446074,0.8263742021568443,2974,Pantothenic acid (vitamin B5),nutrition,2796,184,xgb,,name_only
200,0.5563805901431973,0.024828806982226233,0.003948913832082615,0.027297741832102748,0.655975471970614,0.36399276700010275,1081,Pentadecanoic acid (15:0),nutrition,712,374,xgb,,name_only
201,1.0650621335896806,0.011351441982189047,0.0007275629811699529,0.011800014700781087,1.0398159883914742,1.0665420181253258,777,Pentadecenoic acid (15:1; isomer unspecified),nutrition,58,721,xgb,,name_only
202,0.34137825579343223,0.24045250118879483,0.09197183877602297,0.38431314796085425,0.3342616915674775,0.7565989042150563,1573,Phenylalanine,nutrition,1546,29,xgb,,name_only
203,0.3544667134182628,0.08227902166387883,0.01603921870101591,0.09842464874693689,0.3549678488670711,0.34000437940870015,5470,Phosphorus,nutrition,5336,140,xgb,,name_only
204,0.5975681551712405,0.0424475077531392,0.003682193131826685,0.04566374565525893,0.6141811988849468,0.5776325027147929,66,Phytosterols,nutrition,36,30,xgb,,name_only
205,0.29348107000219925,0.11438870031966561,0.03738053616496517,0.1683034782327321,0.2902516188535332,0.5039479892504842,5513,Potassium,nutrition,5424,95,xgb,,name_only
206,0.3124123665457735,0.26238697963643576,0.10185286693010129,0.45209215984141193,0.3082576347331989,0.5758916089932123,1546,Proline,nutrition,1522,24,xgb,,name_only
207,0.32745558823743065,0.6525831936203406,0.6083272660073387,5.99994096281566,0.32854116157327745,0.2999889189637573,4633,"Protein, total",nutrition,4456,179,xgb,,name_only
208,0.45814390587505144,9.887195926963727e-05,7.546297426282304e-07,9.926250930839972e-05,0.7790919895546341,0.11709243098155576,5057,Retinol,nutrition,2616,2474,xgb,,name_only
209,0.5367501363650323,0.00016450494655813731,1.3600348734590223e-07,0.00016457901768326507,0.5531669907506365,0.18787872771960948,4691,Riboflavin (vitamin B2),nutrition,4480,212,xgb,,name_only
210,0.546388813937183,1.145699242682344e-05,1.6879743835830629e-09,1.1457870515458573e-05,0.5754434267772881,0.15412628520631566,4249,"Selenium, Se",nutrition,3964,318,xgb,,name_only
211,0.31933355397774843,0.23073603610082752,0.07907771426725896,0.366999804135407,0.31504304507712294,0.6157687143845991,1542,Serine,nutrition,1520,22,xgb,,name_only
212,0.4717812444876434,0.13988254408027628,0.08765887454505218,0.2895134111071694,0.47173000366250095,0.4580444177304666,4705,Sodium,nutrition,4592,127,xgb,,name_only
213,0.6749066205872173,0.6749066205872173,0.6989290083173456,1.7950208949616335,0.6510864768021187,0.7066668123006821,14,Sorbitol,nutrition,8,6,xgb,,name_only
214,0.45269739391946306,1.2827129232963141,2.0063520046666836,11.682310836116864,0.5239209321734024,0.3171872841478956,1292,Starch,nutrition,865,458,xgb,,name_only
215,0.6383432227973106,0.18704650582461754,0.03714707375292486,0.20876642190930175,0.3233621745528875,0.6549211727049118,140,Stearidonic acid,nutrition,7,133,xgb,,name_only
216,1.0742990034296476,0.015844252947502174,0.0003321378328708046,0.01608342691093756,0.8285912009039502,1.4838120076391432,48,Stigmasterol,nutrition,30,18,xgb,,name_only
217,0.5527331615702606,0.6185290681637365,0.6488807862158557,3.4704577478162073,0.5757287076991493,0.4898769729141448,1021,Sucrose,nutrition,742,296,xgb,,name_only
218,0.6161008505398888,0.9408768104687677,1.2604520215165154,7.916261666307209,0.5753822493533578,0.9327334231980469,3185,"Sugars, total",nutrition,2821,368,xgb,,name_only
219,0.3436541662956102,0.08636015738246072,0.012434817464063658,0.10333365084740487,0.3436541662956102,,20,Sulfur,nutrition,20,0,xgb,,name_only
220,1.352089864988079,0.03547963839814192,0.0019299118848211388,0.03676208828498962,1.0322344322181447,1.754373028331778,806,Tetracosanoic acid (24:0),nutrition,449,357,xgb,,name_only
221,0.6776549001371328,0.1755026602678511,0.1101276953307039,0.3140677334736533,0.7202793071690828,0.43857516209593045,3308,Tetradecanoic acid (14:0),nutrition,2814,501,xgb,,name_only
222,0.601401130006874,0.03238387703034053,0.00593653418613827,0.0364132191771352,0.6488503897272112,0.5402915524535401,1002,Tetradecenoic acid (14:1; isomer unspecified),nutrition,577,430,xgb,,name_only
223,0.5295652312720536,0.00013991648900775266,1.415863072656516e-07,0.00013999457167518487,0.5450080250848394,0.2541450177933952,5049,Thiamin (vitamin B1),nutrition,4783,272,xgb,,name_only
224,0.3668257189559581,0.23692444075065391,0.07690937260217069,0.37251865830511943,0.3633583646018991,0.6092253097079017,1560,Threonine,nutrition,1538,22,xgb,,name_only
225,0.465897237501714,6.437641594755225e-05,7.550104852995582e-08,6.441648382812237e-05,0.5374271530583845,0.33599416932760223,1452,"Tocopherol, beta",nutrition,938,515,xgb,,name_only
226,0.6204141400297489,0.0002448420545705692,1.7546272657896753e-06,0.00024574726872078514,0.7528797409927459,0.44455067697763445,1454,"Tocopherol, delta",nutrition,830,625,xgb,,name_only
227,0.893834366024248,0.0014057390797706573,2.0552771930876068e-05,0.0014185798365164357,0.8831297538688727,0.938283871486783,1548,"Tocopherol, gamma",nutrition,1249,300,xgb,,name_only
228,0.7043488004977372,0.00010492201851257707,2.414669713366433e-07,0.00010505503108472224,0.7368594814839656,0.6406315919172778,1033,"Tocotrienol, alpha",nutrition,684,349,xgb,,name_only
229,0.188467259482931,6.58659904522942e-05,4.111905843344652e-08,6.588715158887023e-05,0.7559352113668811,0.059096327447211806,237,"Tocotrienol, beta",nutrition,44,193,xgb,,name_only
230,0.07544642391954323,8.112881305496669e-06,7.812541889641116e-10,8.113293344554034e-06,0.5426413073102141,0.048088164982251685,235,"Tocotrienol, delta",nutrition,13,222,xgb,,name_only
231,0.5998536589476086,8.563109614134665e-05,7.316610985137379e-08,8.56705337255091e-05,0.5597351914263071,0.6260302476849117,233,"Tocotrienol, gamma",nutrition,92,141,xgb,,name_only
232,0.20993534354856588,0.0012879432514338726,1.3256260278576515e-05,0.0012950344850241758,0.9808466022322901,0.1728723022656945,109,Tridecanoic acid (13:0),nutrition,5,104,xgb,,name_only
233,0.38443185553897463,0.08302518635117233,0.012539236052520423,0.09636246808381986,0.37970722996916195,0.48506803027745604,2819,Tryptophan,nutrition,2687,138,xgb,,name_only
234,0.3573383375846853,0.2054657642535751,0.05920835774505598,0.3033815510583966,0.351601368950335,0.6767199297746023,1553,Tyrosine,nutrition,1525,30,xgb,,name_only
235,0.4716628184986703,0.3637468618580496,0.20651532769587289,0.6777185119992124,0.4629707317767738,1.0547884624937307,1566,Valine,nutrition,1543,23,xgb,,name_only
236,2.876868820704175,0.003736398587678298,1.5211178242644444e-05,0.0037445803808610597,2.8307310436073587,3.643909364938736,282,Vitamin B6 - Pyridoxin,nutrition,266,16,xgb,,name_only
237,0.37799643639443903,7.679147077450256e-07,3.816245223555504e-11,7.679344426740849e-07,0.7283759193479546,0.09899258807758686,4761,Vitamin D (D2 + D3),nutrition,2118,2658,xgb,,name_only
238,0.31911491758701277,1.2247870916757504e-07,8.241886858889311e-13,1.2247913149060886e-07,0.8568353671785728,0.2015633898617626,1168,Vitamin D2 (ergocalciferol),nutrition,212,957,xgb,,name_only
239,0.22755281788419043,0.6798745788391959,0.8210498786581975,25.613444527964937,0.22621338866778654,0.3711450611259423,5247,Water,nutrition,5198,51,xgb,,name_only
241,0.43013590529142204,0.0011009599274677444,7.44208351879863e-06,0.0011059315307174378,0.42623351684189703,0.5921270637898832,5536,Zinc,nutrition,5410,148,xgb,,name_only
242,0.7041651218006665,0.022298419117096426,0.0019449366416523304,0.023533943626884792,0.6790072949838373,0.7309862760103438,250,"cis,cis-Eicosadienoic acid (20:2n-6)",nutrition,129,121,xgb,,name_only
243,0.5134865135322066,0.005733414182569933,0.0003464535406433253,0.0059254622118617055,0.5149036944607991,0.511897553097118,70,cis-Docosenoic acid (22:1 cis),nutrition,37,33,xgb,,name_only
244,0.45046632322412616,0.10215331574236158,0.015494779069854619,0.12190307289882674,0.44443265937520604,0.5756648480892181,87,cis-Hexadecenoic acid (16:1 cis),nutrition,83,4,xgb,,name_only
245,1.36101758227318,1.7056248952863533,3.492191896835663,18.88991749965014,1.36101758227318,,153,cis-Octadecenoic acid (18:1 cis),nutrition,153,0,xgb,,name_only
246,2.2591559663315084,0.034929802459409916,0.0013399702745987808,0.03569646925360066,1.7181678508576879,2.5902083952035477,108,cis-Tetracosenoic acid (24:1 cis),nutrition,41,67,xgb,,name_only
247,0.9122312434546627,0.07538908385106001,0.0063801084094153,0.08084536751207513,0.8344233314650207,1.6514064073562622,21,"trans,trans-Linoleic acid (18:2 trans,trans)",nutrition,19,2,xgb,,name_only
248,0.2772067532274415,0.0003537603205987741,1.9459848379911363e-07,0.00035388302159844535,0.40997259143983883,0.2627756838565287,51,trans-Docosenoic acid (22:1 trans),nutrition,5,46,xgb,,name_only
249,0.5372806542438395,0.012018387241240098,0.0003834864727189389,0.012229419274335391,0.7673625054745993,0.044248115892211594,66,trans-Hexadecenoic acid (16:1 trans),nutrition,45,21,xgb,,name_only
250,1.0806231361832277,0.10179100063248335,0.012448827535705437,0.11225784659492932,1.0396494733905075,1.5518202582995098,75,trans-Linoleic acid (18:2; isomer unspecified),nutrition,69,6,xgb,,name_only
251,1.5559588724629,0.8007440832435154,0.8041564263977851,1.992348176875767,1.496503991446279,1.8945931947749595,154,trans-Octadecenoic acid (18:1 trans),nutrition,131,23,xgb,,name_only
2,0.4288557926395813,0.20068346358179567,0.07997212461440796,0.35981015741116146,0.4288557926395813,,18,Acetic acid,food_metabolome,18,0,name_knn,,name_only
7,0.44792568249869796,0.001697614978867872,7.333965579399253e-05,0.001738322540374309,0.8607274747355387,0.23326875053554091,38,Apigenin,food_metabolome,13,25,name_knn,,name_only
9,1.222159196528336,0.0013163571581449338,8.404187980874113e-06,0.0013223521775608778,1.222159196528336,,13,Benzoic acid,food_metabolome,13,0,name_knn,,name_only
11,0.5049302808161771,0.0018580602452812857,1.146273458549693e-05,0.0018709802814219016,0.4982869882557823,0.5780064989805193,12,Cadaverine,food_metabolome,11,1,name_knn,,name_only
12,1.2572703383428774,0.07181369792312027,0.05787775858769576,0.11328352591350778,1.254941707823676,1.276675592669555,28,Caffeic acid,food_metabolome,25,3,name_knn,,name_only
13,0.0662939591705411,0.002807306240202718,0.0009475448533021341,0.0036635687873057842,0.4968373110490273,0.026299875932327178,1962,Caffeine,food_metabolome,168,1795,name_knn,,name_only
15,0.6387547928606453,0.009902604412807959,0.00205408850413599,0.01108081801867258,0.6130528141993342,0.6987260764037047,30,Catechin,food_metabolome,21,9,name_knn,,name_only
16,0.20217123483538307,0.013205772390147637,0.0009136678171196361,0.01429888150936251,0.20344539433433848,0.1393126995535827,755,Choline,food_metabolome,740,15,name_knn,,name_only
18,0.3112619457902483,0.13963920459760487,0.039200067403002525,0.20991100025769027,0.3112619457902483,,52,Citric acid,food_metabolome,52,0,name_knn,,name_only
21,1.1245476191922388,0.009695287984722046,0.00014747802961384416,0.009812110093656588,1.122915703249184,1.1268323015125155,12,Cyanidin,food_metabolome,7,5,name_knn,,name_only
22,0.807162316798387,0.004184171832103386,4.63433750759928e-05,0.004221614600709567,0.7698002161874333,0.9067945850942638,11,Daidzein,food_metabolome,8,3,name_knn,,name_only
24,0.9693392744519411,0.004373993914283454,9.672768631899481e-05,0.004428718978552256,1.1655433434086828,0.8167361097078086,16,Delphinidin,food_metabolome,7,9,name_knn,,name_only
25,1.8789391759409029,0.11905322850713444,0.06006608414519413,0.15602147661812144,1.8789391759409029,,5,Ellagic acid,food_metabolome,5,0,name_knn,,name_only
26,0.5966320855265945,0.0011093370278735788,8.158840278036573e-06,0.0011137717306240254,1.270509527710584,0.3270811086529988,28,Epigallocatechin,food_metabolome,8,20,name_knn,,name_only
28,0.5524886380950974,0.00798326922757824,0.0004763333866927593,0.008307129061145788,0.5605014244335476,0.4563352020336956,26,Ferulic acid,food_metabolome,24,2,name_knn,,name_only
33,1.6783739109314784,0.22039614828427076,0.3587955165356696,0.6308052809073258,1.92301777142709,0.7609594340729346,19,Gallic acid,food_metabolome,15,4,name_knn,,name_only
35,1.1543794346272003,0.00914435934673349,0.0015912911593089056,0.01000919701886578,1.1569322413121241,1.088006460819177,27,Genistein,food_metabolome,26,1,name_knn,,name_only
43,0.5920916961805592,0.001465900231094775,6.9271162470108584e-06,0.0014705135899636087,0.9128828065981471,0.4171147268618748,17,Glycitein,food_metabolome,6,11,name_knn,,name_only
47,0.5932377126872543,0.0012755799227366464,1.5910588290916976e-05,0.0012842023953968764,0.6055177459345519,0.18799661552643623,34,Histamine,food_metabolome,33,1,name_knn,,name_only
50,0.7402840037575132,0.005000056768145582,0.0002379490501712315,0.005125437555030403,1.3834093124206197,0.35440881855964934,16,Isorhamnetin,food_metabolome,6,10,name_knn,,name_only
51,0.6548296086948276,0.002102585813831325,2.5848388436327375e-05,0.002116991066523995,0.8530115751104114,0.41853572566086245,57,Kaempferol,food_metabolome,31,26,name_knn,,name_only
52,0.22226723837587575,0.18190924423016694,0.053731573546963646,0.32029644527705275,0.22226723837587575,,23,Lactic acid,food_metabolome,23,0,name_knn,,name_only
53,0.7193221228235616,0.00016000286600430577,7.003343232476352e-08,0.00016005749160177122,0.7193221228235616,,4,Lariciresinol,food_metabolome,4,0,name_knn,,name_only
54,0.6287205211547747,0.0009762735650053175,3.326048328600768e-06,0.0009784040957980709,0.6287205211547747,,14,Lutein,food_metabolome,14,0,name_knn,,name_only
55,0.7793435305291787,0.005906060578722325,0.00045928014000541623,0.006148191074080895,1.299757418905026,0.41905699242282296,44,Luteolin,food_metabolome,18,26,name_knn,,name_only
56,0.2796342662255279,0.1134783909373932,0.03440147250757214,0.17037057063582367,0.2796342662255279,,49,Malic acid,food_metabolome,49,0,name_knn,,name_only
58,1.2438417919784321,0.0001333488983701844,8.420294831555228e-08,0.0001333935122861264,1.2020659529948954,1.4109451479125794,5,Matairesinol,food_metabolome,4,1,name_knn,,name_only
61,0.6265604457260874,0.0011563271594164993,9.564693690187724e-06,0.001161615878445785,0.6833316819778366,0.5535688562595528,48,Myricetin,food_metabolome,27,21,name_knn,,name_only
62,0.664574698559213,0.020165318864215895,0.005147403004565468,0.023138579997512815,0.9867805592911644,0.476621279798908,19,Naringenin,food_metabolome,7,12,name_knn,,name_only
65,1.694326643707749,0.09309321028473122,0.01226893878290139,0.10267701555174047,1.694326643707749,,4,Oxalic acid,food_metabolome,4,0,name_knn,,name_only
66,1.1406633550361842,0.00022626545710661823,4.678380480561264e-07,0.00022651740819243564,1.1089784022791394,1.1533373361390022,14,Pelargonidin,food_metabolome,4,10,name_knn,,name_only
67,0.5758373629207777,0.0011848994462710855,6.449932864046779e-06,0.001188899972370642,0.6990778583390818,0.5210638094015315,13,Peonidin,food_metabolome,4,9,name_knn,,name_only
72,0.5901759422476667,4.23884776657882e-05,2.163464567108461e-09,4.239042120184359e-05,0.5901759422476667,,4,Pinoresinol,food_metabolome,4,0,name_knn,,name_only
77,0.545802565510942,0.002983987298682985,7.24700475385496e-05,0.003048414562765021,0.545802565510942,,17,Putrescine,food_metabolome,17,0,name_knn,,name_only
79,0.6585674096607935,0.004012191797598235,6.644682281789872e-05,0.004059348584987692,0.6532703392634116,0.6753933979818894,71,Quercetin,food_metabolome,54,17,name_knn,,name_only
82,0.4352263926574285,0.3713584126279092,0.1723940978676651,0.7149612460175092,0.44565628884607533,0.41436660028013506,6,Rosmarinic acid,food_metabolome,4,2,name_knn,,name_only
83,0.8691192485206575,0.0001017226770929572,1.9520555980888704e-08,0.00010173596234346302,0.8691192485206575,,5,Secoisolariciresinol,food_metabolome,5,0,name_knn,,name_only
88,0.27134205277039913,0.000931025394145634,1.4412306864026907e-06,0.000931892976112172,0.25756925571751793,0.4090700232992111,11,Spermine,food_metabolome,10,1,name_knn,,name_only
90,0.9386343717360135,0.006918750517101084,0.000265850850894989,0.007069958718148471,0.8841024060099734,1.120407590822814,13,Syringic acid,food_metabolome,10,3,name_knn,,name_only
91,0.4186591481233889,0.19024181833032802,0.09911381159214622,0.31383053467432714,0.4186591481233889,,5,Tartaric acid,food_metabolome,5,0,name_knn,,name_only
92,0.35623377730182654,0.0009366230143165241,4.161027745347726e-06,0.0009409535095622128,0.35623377730182654,,9,Taurine,food_metabolome,9,0,name_knn,,name_only
93,0.03841269494451666,0.005266531596833611,0.0010032978056215927,0.006817888322392411,0.3359937700756878,0.019885608724228867,1928,Theobromine,food_metabolome,113,1815,name_knn,,name_only
96,0.2669881355767889,0.0013683227156605052,4.6624016812191224e-06,0.0013746464594735584,0.2742513338451505,0.22340894596661917,21,Tyramine,food_metabolome,18,3,name_knn,,name_only
98,0.5058151971395671,0.000784749929536612,1.2676010700613531e-06,0.000786243841916684,0.3578900648728171,1.1714782923399425,11,Vanillic acid,food_metabolome,9,2,name_knn,,name_only
103,0.7182563424566423,0.005007575124808567,0.0001943495327292662,0.0051167305961937175,0.7397170440744415,0.5894921327498479,28,p-Coumaric acid,food_metabolome,24,4,name_knn,,name_only
104,0.11274260909794225,0.08551692787864815,0.021608460431694284,0.15532252830874776,0.1108778089861784,0.24200716229975505,1547,Alanine,nutrition,1525,22,name_knn,,name_only
105,0.21830439914647204,0.018669735425875883,0.0015817227962304002,0.020322750365392123,0.29103043541632745,0.13138367641512294,1128,Arachidonic acid (20:4n-6),nutrition,620,510,name_knn,,name_only
106,0.12289538944971404,0.09949302051815329,0.03024643837956572,0.19015834183097569,0.11703817243327957,0.2799063781017009,1727,Arginine,nutrition,1665,68,name_knn,,name_only
107,0.3901551893673391,0.008009913217394703,0.00023568455549627263,0.0082681963781262,0.44926523573201355,0.29060142706894004,102,Ascorbic acid (vitamin C),nutrition,64,38,name_knn,,name_only
108,0.2635998081675295,0.2760927635753694,0.17239895798106444,0.8920845186999281,0.26285581885238146,0.32089158861436506,3606,Ash,nutrition,3554,54,name_knn,,name_only
109,0.11673782424244036,0.12159341662555344,0.039071785363676025,0.27681365978077865,0.11398581270680029,0.32300108883866313,1519,Aspartic acid,nutrition,1499,20,name_knn,,name_only
110,0.2477225866858985,0.5423782731036859,0.6154716495260937,7.337865822634251,0.2562759309436074,0.15523955189942049,756,Available carbohydrate,nutrition,692,64,name_knn,,name_only
111,0.18206568535649273,0.027715038741261466,0.003392711600117526,0.03194589293380436,0.20754005676823783,0.12019935478511169,48,Beta-sitosterol,nutrition,34,14,name_knn,,name_only
112,0.20866395958731998,0.006996183162130383,0.0018494837445625079,0.008389168875385435,0.20002052194051081,0.4340994044148588,498,Betaine,nutrition,481,18,name_knn,,name_only
113,0.4965368832269047,9.811794317488488e-05,2.063597561231057e-06,9.91735384296871e-05,0.4926741099098549,0.5445147967128585,1768,Biotin,nutrition,1594,182,name_knn,,name_only
114,0.1970182298669071,0.02405851087322094,0.0052320168260476425,0.032584958365999984,0.3796769914306809,0.09939033606055825,2269,Butyric acid (4:0),nutrition,791,1479,name_knn,,name_only
115,0.3070423964303487,0.031789572530687454,0.008128452411686832,0.04322710209623617,0.3028106385232885,0.5430465287127069,6878,Calcium,nutrition,6755,133,name_knn,,name_only
116,0.4134685705721084,0.010844186859016926,0.0005350021087877886,0.011403046557380989,0.381423609465931,0.5256259344437291,36,Campesterol,nutrition,28,8,name_knn,,name_only
117,0.23431048105913294,3.850325959722657e-05,8.631879883018454e-08,3.8555955907655236e-05,0.6972562705284715,0.1011041483428839,2524,"Carotene, alpha",nutrition,568,1961,name_knn,,name_only
118,0.45239106921304856,0.00033914450845695155,3.9773978977237665e-06,0.00034155443835055387,0.6123700268399841,0.21441129229940914,3736,"Carotene, beta",nutrition,2264,1494,name_knn,,name_only
119,0.7251134473398809,0.6730112383456158,1.233031724964719,5.601970197587968,0.6750967853705506,1.0502217501405289,15,Cellulose,nutrition,13,2,name_knn,,name_only
120,0.33668195344189916,0.16598455090027253,0.10818899487003637,0.8003590470557495,0.33668195344189916,,343,Chloride,nutrition,343,0,name_knn,,name_only
121,0.2998301445733016,6.243429404250586e-07,7.048550960653434e-12,6.243486244926669e-07,0.37782036358721793,0.19833956155188065,695,Cholecalciferol (vitamin D3),nutrition,393,302,name_knn,,name_only
122,0.15059318355036522,0.03151007118609945,0.05358497241771881,0.1657799139798894,0.2102868508454421,0.06586021847476888,3992,Cholesterol,nutrition,2364,1634,name_knn,,name_only
123,0.1786047891293404,0.01071015734415943,0.000621824611849996,0.011606010675368296,0.17719749599499449,0.22573631555598025,1897,"Choline, total",nutrition,1842,55,name_knn,,name_only
124,0.5271230923050153,4.520518004244677e-05,7.152908864027569e-08,4.524251383116661e-05,0.5454953503302461,0.4802894456987089,278,Chromium,nutrition,204,75,name_knn,,name_only
125,0.21095533342338624,7.739210076481746e-07,1.7119947483234445e-11,7.739333763244601e-07,0.27759623743544076,0.10587777243382736,4402,Cobalamin (vitamin B12),nutrition,2696,1710,name_knn,,name_only
126,0.4483575495726088,0.05780343825473482,0.01452108731499425,0.07185330060991468,0.4848704542498661,0.18668173271893182,98,Conjugated linoleic acids (18:2 CLA isomers),nutrition,86,12,name_knn,,name_only
127,0.2688229844003267,0.0001298976020298597,1.5852518517631187e-06,0.00013074997926385318,0.2658978037712254,0.38518015062387506,5038,Copper,nutrition,4898,151,name_knn,,name_only
128,0.2544195764407323,1.902681706167832e-05,4.788591006971197e-08,1.90513107941664e-05,0.6674790924515681,0.12672163666407124,2450,"Cryptoxanthin, beta",nutrition,584,1874,name_knn,,name_only
129,0.12301425956948796,0.034993345070957804,0.0034597215268432993,0.04256102623302672,0.12052171372082758,0.26185829499116225,1531,Cystine,nutrition,1504,27,name_knn,,name_only
130,0.31216621200738115,0.0313868149023242,0.010841722043518449,0.04576792620187257,0.43855503005336977,0.18314739633656701,2996,Decanoic acid (10:0),nutrition,1519,1487,name_knn,,name_only
131,0.21039823165137347,0.28113505250058074,0.17703453009729653,1.340036210050312,0.23515974118535563,0.11499081228284297,2543,"Dietary fibre, total",nutrition,2019,524,name_knn,,name_only
132,0.18463168268836133,0.02032279969034514,0.009379365772743654,0.03878615107568021,0.4357958013546039,0.08359479884239392,2886,Docosahexaenoic acid (DHA; 22:6n-3),nutrition,829,2058,name_knn,,name_only
133,0.3472386874886386,0.01910166475588872,0.0082104422483907,0.028836379104142915,0.4200559773749333,0.2516104906612118,1047,Docosanoic acid (22:0),nutrition,594,457,name_knn,,name_only
134,0.17340990803126363,0.007571402325433687,0.001940619419673707,0.009574576839255102,0.35422019320156417,0.0872246924519855,2934,Docosapentaenoic acid (DPA; 22:5n-3),nutrition,960,1984,name_knn,,name_only
135,0.2678340361601623,0.002675368900493128,2.291875111898425e-05,0.0026947133278111195,0.3541188346920673,0.17435883775059863,75,Docosatetraenoic acid (22:4; isomer unspecified),nutrition,39,36,name_knn,,name_only
136,0.17172138892598401,0.016001879676654746,0.018404801734756133,0.05131618821571225,0.6947699075156926,0.08035554192874327,733,Docosenoic acid (22:1; cis/trans unspecified),nutrition,109,624,name_knn,,name_only
137,0.4494817566793479,0.06861640520494143,0.06565188136168428,0.2043634673997763,0.5328836091995309,0.31127531662854263,3352,Dodecanoic acid (12:0),nutrition,2114,1259,name_knn,,name_only
138,0.34821444237389704,0.018756212243428005,0.0023525066275693536,0.021570373846593906,0.35064795193510445,0.3369268076295397,998,Eicosanoic acid (20:0),nutrition,821,177,name_knn,,name_only
139,0.20266576978665662,0.016024805877616892,0.007822205173330113,0.02915304795431385,0.4542363634124784,0.09692706222166984,3202,Eicosapentaenoic acid (EPA; 20:5n-3),nutrition,952,2261,name_knn,,name_only
140,0.13226814665936082,0.01166287811865219,0.0017851594330420988,0.013533523558678031,0.20210887370373357,0.08067409605000438,772,Eicosatetraenoic acid (20:4; isomer unspecified),nutrition,328,444,name_knn,,name_only
141,0.19810083806898812,0.004521674135018501,0.00045203535214228874,0.004791346602392439,0.35729470318516254,0.10075207163103973,224,Eicosatrienoic acid (20:3; isomer unspecified),nutrition,85,139,name_knn,,name_only
142,0.3298856352588969,0.0028066919135839126,3.125046443414389e-05,0.0028416884124441446,0.40507908990718094,0.2570419760683718,63,Eicosatrienoic acid (20:3n-3),nutrition,31,32,name_knn,,name_only
143,0.2839959351429932,0.006756999835210209,0.00024229696102491305,0.006945418197353888,0.3216728827555681,0.22319904240452001,230,Eicosatrienoic acid (20:3n-6),nutrition,142,88,name_knn,,name_only
144,0.31416372146884747,0.029989466855895715,0.008676153896767898,0.04470696398522416,0.3611688046390478,0.22432722726677368,2654,Eicosenoic acid (20:1; isomer unspecified),nutrition,1766,897,name_knn,,name_only
147,0.009732058170162377,0.031132001691985045,0.039343446026151946,0.16012638757048686,0.3141574929266666,0.0034950492629559496,3138,Ethanol,nutrition,63,3075,name_knn,,name_only
148,0.2510407585389178,0.4378952559609426,0.4085447553800043,4.2378608011189005,0.252760298977457,0.20415426608791684,4833,"Fat, total",nutrition,4648,196,name_knn,,name_only
149,0.26936794366352884,0.35030906375459714,0.26635196017847107,1.9013747518730886,0.2711560563147622,0.23388589699182277,3886,"Fatty acids, total monounsaturated",nutrition,3669,225,name_knn,,name_only
150,0.2996492791842003,0.2760625480436711,0.17623584467419964,1.1131769429668241,0.30001264802558414,0.289819936902811,3896,"Fatty acids, total polyunsaturated",nutrition,3719,181,name_knn,,name_only
151,0.27702690826725396,0.3323821094717965,0.24673351142406538,1.7636669878554547,0.27593629449814977,0.291736734762661,4023,"Fatty acids, total saturated",nutrition,3826,205,name_knn,,name_only
152,0.2651054560678238,0.08845532149769811,0.042238209324515226,0.182938940109857,0.3383763230112821,0.13867061124911217,1172,"Fatty acids, total trans",nutrition,742,430,name_knn,,name_only
153,0.3261292624566061,0.09143170759993256,0.049737550711960635,0.19930514566269833,0.3453281105179128,0.21196011265203563,521,"Fatty acids, total trans-monoenoic",nutrition,446,75,name_knn,,name_only
154,0.2930433692368061,0.028660801614516188,0.007693629074413215,0.041350219597581436,0.3240160450355664,0.18921116084477155,457,"Fatty acids, total trans-polyenoic",nutrition,352,105,name_knn,,name_only
155,0.271395758264052,1.564057096733588e-05,2.9316090705304943e-09,1.564293301958279e-05,0.27738860992508224,0.20766663054955253,3170,"Folate, food",nutrition,2907,264,name_knn,,name_only
156,0.3168291478154355,2.470577042362996e-05,7.902458392095107e-09,2.4711910489768362e-05,0.3192411257777369,0.28635359468474364,3886,"Folate, total",nutrition,3601,285,name_knn,,name_only
157,0.26813283063103127,2.089324419204216e-05,7.47141501153409e-09,2.0899523253652373e-05,0.3567798648662741,0.19279278233436872,3100,Folic acid,nutrition,1538,1776,name_knn,,name_only
158,0.3078982108299162,0.23353895669930919,0.1559965444473877,0.690188006531392,0.36623248114213314,0.16605847407580393,1959,Fructose,nutrition,1388,572,name_knn,,name_only
159,0.1856337708328241,0.018630020240041137,0.007987510834404143,0.029057836536808112,0.5394574008870218,0.10012313777628676,1460,Galactose,nutrition,285,1176,name_knn,,name_only
160,0.3289605625495792,0.25769276424169024,0.17246529222911794,0.7638800028168536,0.37329058824195,0.18360098995793825,2003,Glucose,nutrition,1535,469,name_knn,,name_only
161,0.11060196869353418,0.17004465999767215,0.07272842794492006,0.533546919872958,0.10851898337672895,0.28846577046740246,1555,Glutamic acid,nutrition,1537,18,name_knn,,name_only
162,0.13258953795317316,0.08982637678960607,0.02586647454234026,0.16406396545327956,0.12628681736759512,0.28744227091566676,1713,Glycine,nutrition,1650,71,name_knn,,name_only
165,0.2949838910371706,0.025875516855259385,0.0030406458649405175,0.029343561928681653,0.32062904530352393,0.2158780474496879,1138,Heptadecanoic acid (17:0),nutrition,858,282,name_knn,,name_only
166,0.2613570786626816,0.014782125933643933,0.001826529936287069,0.0164362528017651,0.33855001662583944,0.1414027244961695,880,Heptadecenoic acid (17:1; isomer unspecified),nutrition,538,347,name_knn,,name_only
167,0.2568670927554192,0.25158530094962805,0.14197902486053793,0.8638063746484992,0.2582204194067497,0.21979041631607607,3436,Hexadecanoic acid (16:0),nutrition,3315,121,name_knn,,name_only
168,0.28547969163305975,0.06840012292696872,0.022587074260431404,0.11427399739291277,0.29959464145086345,0.2169751351839855,878,Hexadecenoic acid (16:1; cis/trans unspecified),nutrition,728,150,name_knn,,name_only
169,0.1564048214537703,0.01597146080321817,0.0022627659145544503,0.019329788797980047,0.34838522007748873,0.07346961069480772,2651,Hexanoic acid (6:0),nutrition,802,1855,name_knn,,name_only
170,0.12229620485899718,0.060321219487000005,0.01006058484750335,0.09020753770587948,0.119921491504317,0.23818784787102917,1562,Histidine,nutrition,1534,30,name_knn,,name_only
171,0.11488693776608533,0.027394737719148344,0.0021695577106974205,0.031525194745449764,0.11654030336131037,0.10916185092888811,299,Hydroxyproline,nutrition,232,67,name_knn,,name_only
172,0.25559705534905924,0.3501139692064124,0.16774157213050483,1.4214949964915864,0.2507282932892426,0.34810353448557413,20,Insoluble dietary fibers,nutrition,19,1,name_knn,,name_only
173,0.2635581951142578,0.0013117107443280634,2.5429773658622646e-05,0.0013309645993045082,0.2611797108063636,0.3506828101900788,5716,Iron,nutrition,5552,171,name_knn,,name_only
174,0.11514081841110865,0.0790107091435209,0.01612934461050837,0.13215501854302864,0.11290619799918017,0.22432811556883497,1564,Isoleucine,nutrition,1536,30,name_knn,,name_only
175,0.6179590677793879,0.2474100612466862,0.11232011523181848,0.47499708447902933,0.6179590677793879,,15,Isomeric linoleic acids (18:2),nutrition,15,0,name_knn,,name_only
176,1.0518566427144365,0.1564703721313316,0.07745660806922634,0.2279858033484362,1.1084397622249587,0.9710236148422621,17,Isomeric linolenic acids (18:3),nutrition,10,7,name_knn,,name_only
177,0.14735786023704794,0.1358023119118703,0.08338729298570806,0.3642944951724154,0.30663656564110875,0.0730711027709467,1909,Lactose,nutrition,610,1302,name_knn,,name_only
178,0.11104491844439651,0.10882656696590531,0.030846974198586282,0.22616802355877605,0.1091070552981882,0.2604541670170578,1562,Leucine,nutrition,1542,20,name_knn,,name_only
179,0.7782013748168971,0.5051793456740432,0.8852514668092358,2.9222396272092372,0.8912788854741108,0.4106994651809526,17,Lignin,nutrition,13,4,name_knn,,name_only
180,0.3239051342632091,0.24954347004431987,0.15295236568386603,1.1729058378854382,0.32677521645373603,0.25253943671799245,1345,Linoleic acid (18:2n-6),nutrition,1293,52,name_knn,,name_only
181,0.3775811726041864,0.00022254002670657211,1.4159057129338348e-06,0.00022350458373315875,0.43183231217618745,0.24487118060361243,1277,Lutein + zeaxanthin,nutrition,908,370,name_knn,,name_only
182,0.07205915525513468,0.0001897583708154381,1.5085070564039907e-06,0.00019090594021739586,0.438292252954923,0.028738799411005336,2090,Lycopene,nutrition,221,1870,name_knn,,name_only
183,0.12078011306465279,0.10162091054353004,0.027724642491631413,0.21107941499971086,0.11896443464373835,0.24862038006449147,1571,Lysine,nutrition,1549,22,name_knn,,name_only
184,0.19895990052364182,0.013016692236851302,0.0012914142281415983,0.014591726741942897,0.19670947165176692,0.33099079893598005,6213,Magnesium,nutrition,6111,107,name_knn,,name_only
185,0.2918722938693462,0.11665440282624205,0.06405004070942584,0.22255712722769946,0.4310358130808959,0.18140496228434352,1924,Maltose,nutrition,862,1069,name_knn,,name_only
186,0.332080924620813,0.00040650010531095794,7.373377566403711e-06,0.0004108894073378528,0.31956589055109014,0.6385896714475569,3266,Manganese,nutrition,3135,142,name_knn,,name_only
188,0.2385956910752085,1.987967069694423e-06,5.7096874075104795e-12,1.9879749598132806e-06,0.23853501589912252,0.23914176765998224,10,Menaquinone-4,nutrition,9,1,name_knn,,name_only
189,0.11752141674723204,0.04810781354552674,0.006355749129023114,0.06694695681346524,0.11578598586322034,0.18906032766706968,1570,Methionine,nutrition,1537,35,name_knn,,name_only
190,0.4241777097904338,2.3988116630723374e-05,9.676424737347416e-09,2.3993567917742255e-05,0.43550185129492236,0.3682647611120216,190,Molybdenum,nutrition,158,32,name_knn,,name_only
191,0.2358554888117249,0.0011065549505836483,7.531241041758562e-06,0.001114192387337146,0.23462687084179792,0.2653870159736417,5427,Niacin,nutrition,5212,218,name_knn,,name_only
192,0.2285270288538584,0.0014719142189542995,1.585248796513485e-05,0.0014874955543140423,0.22630793081156161,0.2674493040401751,1168,Nicotinic acid,nutrition,1105,63,name_knn,,name_only
193,0.3381640710982064,0.248427788158463,0.18031680907841585,1.1284373648606691,0.3365005258332396,0.3855482797745203,914,Octadecadienoic acid (18:2; isomer unspecified),nutrition,883,31,name_knn,,name_only
194,0.26471546465677387,0.17336855925595207,0.08244824461751288,0.44148281417771024,0.2685517358886723,0.19875025524007775,3429,Octadecanoic acid (18:0),nutrition,3233,203,name_knn,,name_only
195,0.085369910231177,0.005968270073410224,0.002985846636313828,0.00985588007774124,0.6674508569290571,0.027517828372825,719,Octadecatetraenoic acid (18:4; isomer unspecified),nutrition,65,654,name_knn,,name_only
196,0.3961486102828859,0.07399631817552241,0.028471399795095716,0.1179169142639136,0.38615033229556045,0.5076158986550955,899,Octadecatrienoic acid (18:3; isomer unspecified),nutrition,825,74,name_knn,,name_only
197,0.25919919798767416,0.3076241918590554,0.22428597419782492,1.875373520038027,0.2605748459125309,0.22472939141340667,912,Octadecenoic acid (18:1; cis/trans unspecified),nutrition,877,35,name_knn,,name_only
198,0.23599739852394244,0.02474287944003815,0.010862065010279151,0.03763714748906709,0.42841057333548027,0.11843550934689494,2755,Octanoic acid (8:0),nutrition,1049,1716,name_knn,,name_only
199,0.22879933716425788,0.0003268920924499832,6.391473677229837e-06,0.0003304660104839639,0.2235927012017996,0.32151811945037284,2974,Pantothenic acid (vitamin B5),nutrition,2796,184,name_knn,,name_only
200,0.3134827376444028,0.01655073361227568,0.0023860500995414413,0.018725480118674222,0.36110745335295236,0.22249830620074562,1081,Pentadecanoic acid (15:0),nutrition,712,374,name_knn,,name_only
201,0.07198502569317834,0.0020971370399641724,0.0005270302526227912,0.00246380618415848,0.6343707648910188,0.027791783081826095,777,Pentadecenoic acid (15:1; isomer unspecified),nutrition,58,721,name_knn,,name_only
202,0.11130273243110675,0.07840656019128144,0.015991345428154852,0.12907415628691635,0.109013287984226,0.22816894492329245,1573,Phenylalanine,nutrition,1546,29,name_knn,,name_only
203,0.16908725944777733,0.041666293747124286,0.006763464051850355,0.05232449709140891,0.16688583227009413,0.2641282299521397,5470,Phosphorus,nutrition,5336,140,name_knn,,name_only
204,0.23461210692241385,0.021182969060498793,0.0015554351781038244,0.023520095208104358,0.31785206168685853,0.1347241612050802,66,Phytosterols,nutrition,36,30,name_knn,,name_only
205,0.1800777261471923,0.07305679964823779,0.021898919336282293,0.11514046995009122,0.17823096189990892,0.30914156242563645,5513,Potassium,nutrition,5424,95,name_knn,,name_only
206,0.11535156846882219,0.0972722220518269,0.025209252304258214,0.17885641689872941,0.11348290638835935,0.23385588873817467,1546,Proline,nutrition,1522,24,name_knn,,name_only
207,0.13124535804265428,0.27564294644462867,0.1903260713394793,2.4167582060780974,0.13070726016637654,0.14388055892967058,4633,"Protein, total",nutrition,4456,179,name_knn,,name_only
208,0.304820537131411,8.625178430637951e-05,7.027649294533952e-07,8.665449398260433e-05,0.43174026520719777,0.17110312348734108,5057,Retinol,nutrition,2616,2474,name_knn,,name_only
209,0.23716111324616948,9.228183105518643e-05,6.988359975479271e-08,9.234283250001222e-05,0.236363565306532,0.2534643747625868,4691,Riboflavin (vitamin B2),nutrition,4480,212,name_knn,,name_only
210,0.2293934761246653,6.00493993195566e-06,1.4045441110204457e-09,6.005743463386194e-06,0.2277644837500153,0.2660194161275515,4249,"Selenium, Se",nutrition,3964,318,name_knn,,name_only
211,0.10923964710137804,0.07926374775107889,0.016734305686449808,0.13226553672837524,0.10701799884365559,0.2627353449076559,1542,Serine,nutrition,1520,22,name_knn,,name_only
212,0.28932759343410946,0.08864848588982,0.04442190943474668,0.20112883060181447,0.28895317544901233,0.293229145599049,4705,Sodium,nutrition,4592,127,name_knn,,name_only
213,0.3455193344947127,0.3455193344947127,0.16218562604344305,0.5919073709998965,0.2851722254573195,0.4259821465445704,14,Sorbitol,nutrition,8,6,name_knn,,name_only
214,0.2148066512526084,0.6157531679326457,0.8563227904509242,5.991495720461846,0.25636171965768917,0.14638089874799146,1292,Starch,nutrition,865,458,name_knn,,name_only
215,0.049380710892578165,0.01619961138541132,0.005511385898695881,0.020101515552966107,0.7229543169112401,0.013929468470543323,140,Stearidonic acid,nutrition,7,133,name_knn,,name_only
216,0.3225060702869024,0.004931515440088958,9.129457122233617e-05,0.005026850940776294,0.3920375429859334,0.20662028245518418,48,Stigmasterol,nutrition,30,18,name_knn,,name_only
217,0.3780287923620685,0.4213434688395195,0.4187178557458208,2.4726800219074385,0.4046748300422083,0.3093480757526674,1021,Sucrose,nutrition,742,296,name_knn,,name_only
218,0.28422232846066015,0.43477310878874864,0.41329804876327875,4.209451424626074,0.29077787664390586,0.2344542764865411,3185,"Sugars, total",nutrition,2821,368,name_knn,,name_only
219,0.37148252299947015,0.09477270431940596,0.014796482424044802,0.11397617340513018,0.37148252299947015,,20,Sulfur,nutrition,20,0,name_knn,,name_only
220,0.2659788962130549,0.006638656898665104,0.0005046680256282419,0.007133366828506256,0.3047190461552301,0.21725529026337248,806,Tetracosanoic acid (24:0),nutrition,449,357,name_knn,,name_only
221,0.36801013898417817,0.10509842697589149,0.052824201843587375,0.21544865972248256,0.3958005599141028,0.21267774185838267,3308,Tetradecanoic acid (14:0),nutrition,2814,501,name_knn,,name_only
222,0.26530988424563245,0.019392530681967456,0.0038825325547588475,0.023115097295309188,0.34550916382089547,0.1572811571856177,1002,Tetradecenoic acid (14:1; isomer unspecified),nutrition,577,430,name_knn,,name_only
223,0.2735613246652856,8.531189930994433e-05,8.659449947609096e-08,8.537783133525472e-05,0.2737041851312552,0.2765631074093916,5049,Thiamin (vitamin B1),nutrition,4783,272,name_knn,,name_only
224,0.1136143394263304,0.07323056546597484,0.014360516403620084,0.11917547920705485,0.11170223372764204,0.24728791054372576,1560,Threonine,nutrition,1538,22,name_knn,,name_only
225,0.30509096254689316,4.818092799478723e-05,5.164145829688645e-08,4.8218732892413395e-05,0.3407240175449304,0.24088121763288411,1452,"Tocopherol, beta",nutrition,938,515,name_knn,,name_only
226,0.3553845574905796,0.00019440755179122392,1.5177271415734968e-06,0.00019529394942078326,0.43735329025447833,0.24639266228872342,1454,"Tocopherol, delta",nutrition,830,625,name_knn,,name_only
227,0.4513414421019151,0.0009540930492643995,1.4824149596542323e-05,0.0009657908892114081,0.4737034575838241,0.35799325580423136,1548,"Tocopherol, gamma",nutrition,1249,300,name_knn,,name_only
228,0.4317012755413722,8.001987506055217e-05,2.3627358571494347e-07,8.014861421345408e-05,0.4578620501282314,0.3804291557207084,1033,"Tocotrienol, alpha",nutrition,684,349,name_knn,,name_only
229,0.17789894281606988,6.548914273939238e-05,3.341383367289634e-08,6.551117328145204e-05,0.4564373563452387,0.1143979573482801,237,"Tocotrienol, beta",nutrition,44,193,name_knn,,name_only
230,0.07995241226443632,9.421069349786503e-06,1.0228626120150746e-09,9.4216161846786e-06,0.5600539252575453,0.051838359701776776,235,"Tocotrienol, delta",nutrition,13,222,name_knn,,name_only
231,0.3678434827149882,7.015013914866785e-05,7.213698388085276e-08,7.019008571291285e-05,0.4830257254976975,0.2926891115376175,233,"Tocotrienol, gamma",nutrition,92,141,name_knn,,name_only
232,0.04973101574824393,0.0005764736816534578,7.851467675268558e-06,0.0005837073876248221,0.6287952345076346,0.021891389846350136,109,Tridecanoic acid (13:0),nutrition,5,104,name_knn,,name_only
233,0.145663088611565,0.03230418319695864,0.002836686390673875,0.03828584050486007,0.1414334697488706,0.2318676058919775,2819,Tryptophan,nutrition,2687,138,name_knn,,name_only
234,0.11741281182517374,0.06781851425527978,0.012095278101694416,0.10421501122665534,0.11527811655856839,0.22103837793097253,1553,Tyrosine,nutrition,1525,30,name_knn,,name_only
235,0.11421900684502412,0.08612632752803855,0.020022613458622197,0.1504256442872833,0.11212358686059565,0.2547943562351605,1566,Valine,nutrition,1543,23,name_knn,,name_only
236,0.2627493712873608,9.653235084331778e-05,8.961318596741023e-08,9.65985936183114e-05,0.2555064513348355,0.3831629154980941,282,Vitamin B6 - Pyridoxin,nutrition,266,16,name_knn,,name_only
237,0.24876944692337746,5.78535849179328e-07,2.5973816207902222e-11,5.785542129861795e-07,0.36285788098372634,0.15873366227807567,4761,Vitamin D (D2 + D3),nutrition,2118,2658,name_knn,,name_only
238,0.19148661848789614,9.641286181199554e-08,7.192491594932116e-13,9.64132658777968e-08,0.5290623925223871,0.1184056231735109,1168,Vitamin D2 (ergocalciferol),nutrition,212,957,name_knn,,name_only
239,0.08464177637000339,0.2959311838968117,0.36294880174983224,9.410688446550223,0.08391231054772502,0.169031334861359,5247,Water,nutrition,5198,51,name_knn,,name_only
241,0.22300902459021824,0.0006185132596663715,4.574766775941012e-06,0.000622348717796767,0.2213338079681754,0.31789614947318556,5536,Zinc,nutrition,5410,148,name_knn,,name_only
242,0.24180181470728068,0.011765876619725378,0.0014433390835864514,0.012856261508539902,0.3676340539735149,0.10765008854741111,250,"cis,cis-Eicosadienoic acid (20:2n-6)",nutrition,129,121,name_knn,,name_only
243,0.4811575459293533,0.005921389728302015,0.0003245170723637312,0.006115814491499821,0.6037374152359263,0.34371951064622597,70,cis-Docosenoic acid (22:1 cis),nutrition,37,33,name_knn,,name_only
244,0.1926809783701145,0.04479512184183865,0.0040827994147342355,0.054657257427890286,0.1865118050004299,0.32069132579107,87,cis-Hexadecenoic acid (16:1 cis),nutrition,83,4,name_knn,,name_only
245,0.2459408399527457,0.357420235857402,0.24513460227601375,2.4258691919596864,0.2459408399527457,,153,cis-Octadecenoic acid (18:1 cis),nutrition,153,0,name_knn,,name_only
246,0.3298071350429966,0.0036219862261826457,0.00013594897190221322,0.003725348199334935,0.41721118446183436,0.2763210749508721,108,cis-Tetracosenoic acid (24:1 cis),nutrition,41,67,name_knn,,name_only
247,0.373619204238774,0.026680963455545954,0.0020422727395514374,0.02833927442087976,0.3235654182183249,0.8491301714330401,21,"trans,trans-Linoleic acid (18:2 trans,trans)",nutrition,19,2,name_knn,,name_only
248,0.11189252916171194,0.00015108540677550685,7.275894001626437e-08,0.00015115789504045998,0.36911546572059084,0.08393351431835554,51,trans-Docosenoic acid (22:1 trans),nutrition,5,46,name_knn,,name_only
249,0.23642547739214165,0.006487541279229023,0.00013669854783101797,0.0066480170166077985,0.3049647365610975,0.08955563631580761,66,trans-Hexadecenoic acid (16:1 trans),nutrition,45,21,name_knn,,name_only
250,0.34400426511772825,0.030372114739342038,0.0033205103926959574,0.03441353614789138,0.3400887004026512,0.38903325934111366,75,trans-Linoleic acid (18:2; isomer unspecified),nutrition,69,6,name_knn,,name_only
251,0.3973917603684207,0.18011096104464355,0.12127694596176714,0.5090761188975744,0.3685995683551743,0.5613820714003894,154,trans-Octadecenoic acid (18:1 trans),nutrition,131,23,name_knn,,name_only
