axis_index,candidate_support,candidate_minus_baseline,difference_95_low,difference_95_high,valid_resamples,resamples_without_axis_support,sparse_support_below_30,baseline,task,canonical_name,loss_group
104,1547,0.01304644166682112,0.008505836599496962,0.016502430227545727,1000,0,False,rf,completion,Alanine,nutrition
105,1128,0.007516501802366167,-0.0009677271129862502,0.015307018322290566,1000,0,False,rf,completion,Arachidonic acid (20:4n-6),nutrition
106,1727,0.014133302864912989,0.010995754921222208,0.0173026643509805,1000,0,False,rf,completion,Arginine,nutrition
107,102,-0.08338096888818378,-0.16085066184059504,-2.979110052550332e-05,1000,0,False,rf,completion,Ascorbic acid (vitamin C),nutrition
108,3606,0.031488484505159293,0.028717011426949938,0.03446471616470667,1000,0,False,rf,completion,Ash,nutrition
109,1519,0.014312254467454303,0.011565771606946794,0.016877321829246873,1000,0,False,rf,completion,Aspartic acid,nutrition
110,756,-0.012074973463035925,-0.020691872285799613,-0.004027862759807421,1000,0,False,rf,completion,Available carbohydrate,nutrition
111,48,-0.02268262255085042,-0.05607305007954163,0.01111147266525838,1000,0,False,rf,completion,Beta-sitosterol,nutrition
112,498,0.0018375918030403531,-0.02385404142480279,0.031227888059222778,1000,0,False,rf,completion,Betaine,nutrition
113,1768,0.04466946861388345,0.026997582580806066,0.06335565498686536,1000,0,False,rf,completion,Biotin,nutrition
114,2269,-0.004968622522961587,-0.0122630568616467,0.0019460480271226571,1000,0,False,rf,completion,Butyric acid (4:0),nutrition
115,6878,0.0570414700872895,0.05225135981761285,0.06253951000493589,1000,0,False,rf,completion,Calcium,nutrition
116,36,-0.06797198037433458,-0.1664647543640866,0.021326014568775628,1000,0,False,rf,completion,Campesterol,nutrition
117,2524,-0.01084525781403652,-0.0259955344375971,0.005226421662428161,1000,0,False,rf,completion,"Carotene, alpha",nutrition
118,3736,0.006942974800837674,-0.0057695229363241155,0.019661392996066975,1000,0,False,rf,completion,"Carotene, beta",nutrition
119,15,0.08459973495100424,-0.14509360102874538,0.3461601132064935,1000,0,True,rf,completion,Cellulose,nutrition
120,343,-0.028560028203129945,-0.04711251080901896,-0.010151092785246726,1000,0,False,rf,completion,Chloride,nutrition
121,695,-0.005748088340964645,-0.030529912644501448,0.02074170980727106,1000,0,False,rf,completion,Cholecalciferol (vitamin D3),nutrition
122,3992,0.047830516994551334,0.0389632015818713,0.05702986636275369,1000,0,False,rf,completion,Cholesterol,nutrition
123,1897,0.05104768220821889,0.04639561554513952,0.05582369237652613,1000,0,False,rf,completion,"Choline, total",nutrition
124,278,-0.02648624198589197,-0.07669544317889633,0.0245935905902127,1000,0,False,rf,completion,Chromium,nutrition
125,4402,0.030298989046363453,0.02505857914285747,0.03555692904863627,1000,0,False,rf,completion,Cobalamin (vitamin B12),nutrition
126,98,-0.048610847321685274,-0.0804477968042019,-0.01972935974122066,1000,0,False,rf,completion,Conjugated linoleic acids (18:2 CLA isomers),nutrition
127,5038,0.051245302062807335,0.04607361956908985,0.056206368822109894,1000,0,False,rf,completion,Copper,nutrition
128,2450,-0.008800077471462008,-0.025021874457320247,0.007843498388179066,1000,0,False,rf,completion,"Cryptoxanthin, beta",nutrition
129,1531,0.021282175784082553,0.016461801473420683,0.02538700084849231,1000,0,False,rf,completion,Cystine,nutrition
130,2996,-0.0260011082854544,-0.036928775062247066,-0.015621049375700136,1000,0,False,rf,completion,Decanoic acid (10:0),nutrition
131,2543,0.046062317060823664,0.040615521329884226,0.05124450319302916,1000,0,False,rf,completion,"Dietary fibre, total",nutrition
132,2886,-0.011882949916120785,-0.020083841526173977,-0.003955239119335845,1000,0,False,rf,completion,Docosahexaenoic acid (DHA; 22:6n-3),nutrition
133,1047,0.00212621042785885,-0.013432613544110248,0.017743136072574234,1000,0,False,rf,completion,Docosanoic acid (22:0),nutrition
134,2934,0.012765696919726364,0.0051460668773790534,0.019788471440942226,1000,0,False,rf,completion,Docosapentaenoic acid (DPA; 22:5n-3),nutrition
135,75,-0.03559270824749506,-0.06951393545580396,-4.2116452184732645e-05,1000,0,False,rf,completion,Docosatetraenoic acid (22:4; isomer unspecified),nutrition
136,733,-0.03603565750211747,-0.05749670662765397,-0.014792800906324493,1000,0,False,rf,completion,Docosenoic acid (22:1; cis/trans unspecified),nutrition
137,3352,-0.01569295523847183,-0.031034115996417838,-0.000807562474298615,1000,0,False,rf,completion,Dodecanoic acid (12:0),nutrition
138,998,0.02688044026699235,0.017237607919431974,0.036899725814414905,1000,0,False,rf,completion,Eicosanoic acid (20:0),nutrition
139,3202,-0.01015051600135441,-0.019820852991475884,-0.000551686928030632,1000,0,False,rf,completion,Eicosapentaenoic acid (EPA; 20:5n-3),nutrition
140,772,0.006385609057883118,-0.002128738940600037,0.0153165992756837,1000,0,False,rf,completion,Eicosatetraenoic acid (20:4; isomer unspecified),nutrition
141,224,-0.016979512143086923,-0.04097806730386247,0.007410165871022337,1000,0,False,rf,completion,Eicosatrienoic acid (20:3; isomer unspecified),nutrition
142,63,-0.0285174836195624,-0.0731737850923491,0.019044303972567404,1000,0,False,rf,completion,Eicosatrienoic acid (20:3n-3),nutrition
143,230,-0.006069320280529782,-0.024841842149698867,0.014774772113720174,1000,0,False,rf,completion,Eicosatrienoic acid (20:3n-6),nutrition
144,2654,0.03271556134216357,0.02494167587818638,0.04089568155796842,1000,0,False,rf,completion,Eicosenoic acid (20:1; isomer unspecified),nutrition
147,3138,0.0015263928156222682,-0.0013185212936618416,0.004623508981914553,1000,0,False,rf,completion,Ethanol,nutrition
148,4833,0.02143583355868067,0.01852150417941056,0.024326680221959045,1000,0,False,rf,completion,"Fat, total",nutrition
149,3886,0.02705970068082612,0.024133077416186362,0.02996319612366872,1000,0,False,rf,completion,"Fatty acids, total monounsaturated",nutrition
150,3896,0.02784468184299621,0.02306531240990982,0.03232257883736833,1000,0,False,rf,completion,"Fatty acids, total polyunsaturated",nutrition
151,4023,0.014465779617399397,0.01123840581508617,0.017577063802243838,1000,0,False,rf,completion,"Fatty acids, total saturated",nutrition
152,1172,0.0018723952161713816,-0.01181758614907754,0.015116402378715076,1000,0,False,rf,completion,"Fatty acids, total trans",nutrition
153,521,-0.022532034171919273,-0.0446111619103945,-0.0019847078195572776,1000,0,False,rf,completion,"Fatty acids, total trans-monoenoic",nutrition
154,457,0.007633035463332415,-0.007679215982709926,0.021929709287265772,1000,0,False,rf,completion,"Fatty acids, total trans-polyenoic",nutrition
155,3170,0.06930658206244988,0.06171477740201862,0.07602136412704123,1000,0,False,rf,completion,"Folate, food",nutrition
156,3886,0.058385750412324335,0.05222925621052283,0.0649078589285932,1000,0,False,rf,completion,"Folate, total",nutrition
157,3100,0.009438852188397018,0.003860015967515508,0.015459240946486178,1000,0,False,rf,completion,Folic acid,nutrition
158,1959,-0.025075975731206894,-0.03669239338373463,-0.012931460344110563,1000,0,False,rf,completion,Fructose,nutrition
159,1460,-0.013761828921467005,-0.03000523948993256,0.004723525106202913,1000,0,False,rf,completion,Galactose,nutrition
160,2003,-0.00015468979086418437,-0.012333801709166644,0.012261909069687887,1000,0,False,rf,completion,Glucose,nutrition
161,1555,0.013924196173994,0.011630193073697158,0.01636349195335933,1000,0,False,rf,completion,Glutamic acid,nutrition
162,1713,0.019863222126731236,0.016269741546823643,0.023272990445388445,1000,0,False,rf,completion,Glycine,nutrition
165,1138,-0.0006742638302617056,-0.008381616702285037,0.006903350008911078,1000,0,False,rf,completion,Heptadecanoic acid (17:0),nutrition
166,880,-0.004435057876485618,-0.017118077950029224,0.008308458158327287,1000,0,False,rf,completion,Heptadecenoic acid (17:1; isomer unspecified),nutrition
167,3436,0.01925950811767524,0.016094279400582466,0.02240407135392223,1000,0,False,rf,completion,Hexadecanoic acid (16:0),nutrition
168,878,0.004329680223380355,-0.008258716679848862,0.016383965811391128,1000,0,False,rf,completion,Hexadecenoic acid (16:1; cis/trans unspecified),nutrition
169,2651,-0.01025651126853389,-0.016070897174667333,-0.004022005830796448,1000,0,False,rf,completion,Hexanoic acid (6:0),nutrition
170,1562,0.018544711381906415,0.015705348750318402,0.02117840780919583,1000,0,False,rf,completion,Histidine,nutrition
171,299,0.017267488643331795,0.008100957082726882,0.02639390646174191,1000,0,False,rf,completion,Hydroxyproline,nutrition
172,20,-0.006638445580354338,-0.07617983107363442,0.07937696914420592,1000,0,True,rf,completion,Insoluble dietary fibers,nutrition
173,5716,0.04334353422094067,0.039211784296349896,0.0476586165763653,1000,0,False,rf,completion,Iron,nutrition
174,1564,0.013474763001654014,0.011130371171123647,0.015770960232852068,1000,0,False,rf,completion,Isoleucine,nutrition
175,15,-0.07777956573461296,-0.2434659518553168,0.0920401337591229,1000,0,True,rf,completion,Isomeric linoleic acids (18:2),nutrition
176,17,-0.03376106735366934,-0.27585405324545087,0.18529294427567672,1000,0,True,rf,completion,Isomeric linolenic acids (18:3),nutrition
177,1909,-0.013467326806280749,-0.021080576345537477,-0.006206068569854021,1000,0,False,rf,completion,Lactose,nutrition
178,1562,0.008326530060410687,0.004193123031908259,0.011634455679734423,1000,0,False,rf,completion,Leucine,nutrition
179,17,0.04635451184301108,-0.10956634028617468,0.20460875402117965,1000,0,True,rf,completion,Lignin,nutrition
180,1345,-0.014868736536508486,-0.024974515716950967,-0.004854448210537079,1000,0,False,rf,completion,Linoleic acid (18:2n-6),nutrition
181,1277,-0.00440268464295181,-0.023566146341002646,0.013793983086815976,1000,0,False,rf,completion,Lutein + zeaxanthin,nutrition
182,2090,0.007137462974913845,-0.0025361968975575406,0.016082878112848333,1000,0,False,rf,completion,Lycopene,nutrition
183,1571,0.01670050335727886,0.014022036512263098,0.019142063252270625,1000,0,False,rf,completion,Lysine,nutrition
184,6213,0.035708017161080095,0.032242456841653555,0.038778338186718414,1000,0,False,rf,completion,Magnesium,nutrition
185,1924,-0.01115872552669805,-0.023403124358771364,0.001756512220017492,1000,0,False,rf,completion,Maltose,nutrition
186,3266,0.028605510277415067,0.02064175787021101,0.03601611376192854,1000,0,False,rf,completion,Manganese,nutrition
188,10,-0.03406819757857716,-0.10936904770109847,0.03915004539606439,1000,0,True,rf,completion,Menaquinone-4,nutrition
189,1570,0.02087773910407797,0.018139958880283847,0.02385207719496203,1000,0,False,rf,completion,Methionine,nutrition
190,190,-0.04445157469697703,-0.0848775670798195,-0.009604089111262842,1000,0,False,rf,completion,Molybdenum,nutrition
191,5427,0.049133088740089766,0.04503544946851323,0.05304966590516814,1000,0,False,rf,completion,Niacin,nutrition
192,1168,0.011984808113302704,0.004215745354388609,0.020589314881105696,1000,0,False,rf,completion,Nicotinic acid,nutrition
193,914,-0.039135311087180276,-0.0585454897876713,-0.02025561350130569,1000,0,False,rf,completion,Octadecadienoic acid (18:2; isomer unspecified),nutrition
194,3429,0.024533393684543624,0.02051996206072567,0.02859738788174084,1000,0,False,rf,completion,Octadecanoic acid (18:0),nutrition
195,719,-0.021105705862891837,-0.03398520028051606,-0.008369145736609048,1000,0,False,rf,completion,Octadecatetraenoic acid (18:4; isomer unspecified),nutrition
196,899,-0.0049120279898932345,-0.024306916817494372,0.015498674103037896,1000,0,False,rf,completion,Octadecatrienoic acid (18:3; isomer unspecified),nutrition
197,912,-0.0319828163549101,-0.046778342257549815,-0.018635584249458072,1000,0,False,rf,completion,Octadecenoic acid (18:1; cis/trans unspecified),nutrition
198,2755,-0.028302581589300293,-0.03869308123627415,-0.018769402367467464,1000,0,False,rf,completion,Octanoic acid (8:0),nutrition
199,2974,0.054640202440588904,0.049257171884229636,0.06002980677694381,1000,0,False,rf,completion,Pantothenic acid (vitamin B5),nutrition
200,1081,-0.006732530598504421,-0.018897174811467344,0.004915575420499156,1000,0,False,rf,completion,Pentadecanoic acid (15:0),nutrition
201,777,0.009344380451064338,-0.010120490767083289,0.02959831347518893,1000,0,False,rf,completion,Pentadecenoic acid (15:1; isomer unspecified),nutrition
202,1573,0.009081331207990396,0.006059853308517444,0.011761383219104115,1000,0,False,rf,completion,Phenylalanine,nutrition
203,5470,0.028940332092197835,0.02608617270203077,0.03159439236137222,1000,0,False,rf,completion,Phosphorus,nutrition
204,66,-0.040553260307278564,-0.08689503300912167,0.0014671151831450629,1000,0,False,rf,completion,Phytosterols,nutrition
205,5513,0.030542613681104544,0.02762309742881428,0.03316553593531381,1000,0,False,rf,completion,Potassium,nutrition
206,1546,0.016200848624808542,0.013196762440349317,0.01904881254151925,1000,0,False,rf,completion,Proline,nutrition
207,4633,0.023888706284397467,0.021782843414644596,0.026037596324859223,1000,0,False,rf,completion,"Protein, total",nutrition
208,5057,0.016200933050640014,0.007086033116861048,0.026065957363998117,1000,0,False,rf,completion,Retinol,nutrition
209,4691,0.05559367619592888,0.0508216701612051,0.06016496687635898,1000,0,False,rf,completion,Riboflavin (vitamin B2),nutrition
210,4249,0.05111536292450198,0.047029112838989605,0.0555496883280038,1000,0,False,rf,completion,"Selenium, Se",nutrition
211,1542,0.010974163363183059,0.009071333140382783,0.012866647531210404,1000,0,False,rf,completion,Serine,nutrition
212,4705,0.01948746179032497,0.013161445794392275,0.02652212919702907,1000,0,False,rf,completion,Sodium,nutrition
213,14,-0.13265000291046958,-0.2720171836353097,-0.016484504978489006,1000,0,True,rf,completion,Sorbitol,nutrition
214,1292,-0.031479402287784494,-0.04068934002134276,-0.022214820813393137,1000,0,False,rf,completion,Starch,nutrition
215,140,-0.003938571513690998,-0.01639094456284263,0.008111831054420211,1000,0,False,rf,completion,Stearidonic acid,nutrition
216,48,-0.046830822634824916,-0.11142917817160147,0.012561501051322652,1000,0,False,rf,completion,Stigmasterol,nutrition
217,1021,-0.017415052116290877,-0.036735836031300144,0.0044738212376354254,1000,0,False,rf,completion,Sucrose,nutrition
218,3185,0.017549295050120095,0.009556104612472067,0.025037519465842633,1000,0,False,rf,completion,"Sugars, total",nutrition
219,20,-0.008155196230043044,-0.08826526778331568,0.09262553003483454,1000,0,True,rf,completion,Sulfur,nutrition
220,806,0.0024872841507222027,-0.01323576706572052,0.018503560143513367,1000,0,False,rf,completion,Tetracosanoic acid (24:0),nutrition
221,3308,0.00810586637717897,4.8499198190925386e-05,0.016313827143767768,1000,0,False,rf,completion,Tetradecanoic acid (14:0),nutrition
222,1002,-0.018652546482050024,-0.03277331168845307,-0.0046917857395486744,1000,0,False,rf,completion,Tetradecenoic acid (14:1; isomer unspecified),nutrition
223,5049,0.046266875337916756,0.041608286634601005,0.05067143552346541,1000,0,False,rf,completion,Thiamin (vitamin B1),nutrition
224,1560,0.013821149296884576,0.011483295636623507,0.015962891845859507,1000,0,False,rf,completion,Threonine,nutrition
225,1452,0.020858875888332074,0.007829601405883721,0.03365712310899292,1000,0,False,rf,completion,"Tocopherol, beta",nutrition
226,1454,0.0005121158919050148,-0.014417431537054132,0.015576941597294738,1000,0,False,rf,completion,"Tocopherol, delta",nutrition
227,1548,0.0018887639660087174,-0.016482748234409823,0.020300716612104617,1000,0,False,rf,completion,"Tocopherol, gamma",nutrition
228,1033,-0.02583482331068265,-0.049480566991991076,-0.002523373949935405,1000,0,False,rf,completion,"Tocotrienol, alpha",nutrition
229,237,-0.027137611041911414,-0.04714613958277471,-0.006747490162650414,1000,0,False,rf,completion,"Tocotrienol, beta",nutrition
230,235,-0.03249333886898002,-0.043535530462159286,-0.021662222687560434,1000,0,False,rf,completion,"Tocotrienol, delta",nutrition
231,233,0.002715791516032975,-0.0434414296166821,0.05416445232594621,1000,0,False,rf,completion,"Tocotrienol, gamma",nutrition
232,109,-0.007935670588666842,-0.0399033367020052,0.03274707996544594,1000,0,False,rf,completion,Tridecanoic acid (13:0),nutrition
233,2819,0.026256072284541514,0.022598148983820617,0.02941881281680761,1000,0,False,rf,completion,Tryptophan,nutrition
234,1553,0.0159297589785914,0.013353382940000914,0.018302066503979333,1000,0,False,rf,completion,Tyrosine,nutrition
235,1566,0.011745013345186512,0.0069175053665966706,0.01532211979466952,1000,0,False,rf,completion,Valine,nutrition
236,282,0.010678241169960948,-0.006284779212389743,0.02665988133301287,1000,0,False,rf,completion,Vitamin B6 - Pyridoxin,nutrition
237,4761,0.008770823093470919,0.0019075992288819506,0.01610179257896732,1000,0,False,rf,completion,Vitamin D (D2 + D3),nutrition
238,1168,-0.03502266434764357,-0.05468541053096851,-0.01389741469826867,1000,0,False,rf,completion,Vitamin D2 (ergocalciferol),nutrition
239,5247,0.021259236178099175,0.019321825447864375,0.023236073312502492,1000,0,False,rf,completion,Water,nutrition
241,5536,0.04053150534233701,0.03663011912418406,0.04431469008801715,1000,0,False,rf,completion,Zinc,nutrition
242,250,-0.03320295425129802,-0.060563401188002956,-0.007361029043215869,1000,0,False,rf,completion,"cis,cis-Eicosadienoic acid (20:2n-6)",nutrition
243,70,0.004262334187478029,-0.063747616111727,0.08369256652530885,1000,0,False,rf,completion,cis-Docosenoic acid (22:1 cis),nutrition
244,87,-0.01156105557770333,-0.03478583153676154,0.010590830614454753,1000,0,False,rf,completion,cis-Hexadecenoic acid (16:1 cis),nutrition
245,153,-0.022693561833288682,-0.055919290603713756,0.007982557449764838,1000,0,False,rf,completion,cis-Octadecenoic acid (18:1 cis),nutrition
246,108,-0.11300023589046401,-0.18987456713878828,-0.04390603705698126,1000,0,False,rf,completion,cis-Tetracosenoic acid (24:1 cis),nutrition
247,21,-0.010240307134929426,-0.07520323393209223,0.05487549042104293,1000,0,True,rf,completion,"trans,trans-Linoleic acid (18:2 trans,trans)",nutrition
248,51,-0.03986938578654081,-0.09783372568144252,0.020666459900085084,1000,0,False,rf,completion,trans-Docosenoic acid (22:1 trans),nutrition
249,66,-0.06365198002625012,-0.09815737603278363,-0.03260162691411523,1000,0,False,rf,completion,trans-Hexadecenoic acid (16:1 trans),nutrition
250,75,-0.036610560642736725,-0.0955663778359732,0.023545020663537992,1000,0,False,rf,completion,trans-Linoleic acid (18:2; isomer unspecified),nutrition
251,154,-0.08478453453212535,-0.1283627946011841,-0.0395375825943234,1000,0,False,rf,completion,trans-Octadecenoic acid (18:1 trans),nutrition
2,18,-1.367818806456854e-05,-0.2039654191956227,0.20042764800395377,1000,0,True,rf,name_only,Acetic acid,food_metabolome
7,38,-0.3054062704879462,-0.4986859795213637,-0.1661788081842645,1000,0,False,rf,name_only,Apigenin,food_metabolome
9,13,0.5705430302341754,-0.15008677251764313,1.4378014549769007,1000,0,True,rf,name_only,Benzoic acid,food_metabolome
11,12,-0.10106001223331257,-0.26001927634241295,0.07083268982770323,1000,0,True,rf,name_only,Cadaverine,food_metabolome
12,28,0.18632362695697555,-0.07243572553068531,0.44152978584022073,1000,0,True,rf,name_only,Caffeic acid,food_metabolome
13,1962,-0.38295924434455497,-0.3952057945842609,-0.3696279638641606,1000,0,False,rf,name_only,Caffeine,food_metabolome
15,30,0.07536109637052506,-0.07766348313835264,0.22926951986911145,1000,0,False,rf,name_only,Catechin,food_metabolome
16,755,-0.2414262658245108,-0.2741751854657593,-0.20490809653734876,1000,0,False,rf,name_only,Choline,food_metabolome
18,52,0.04508859821767285,-0.05377322557430442,0.13974718134308675,1000,0,False,rf,name_only,Citric acid,food_metabolome
21,12,-0.30139909971313994,-0.6798055448266377,0.029796734091565597,1000,0,True,rf,name_only,Cyanidin,food_metabolome
22,11,-0.13080944506636644,-0.49265790129225645,0.26437259016939835,1000,0,True,rf,name_only,Daidzein,food_metabolome
24,16,-0.1807855463688075,-0.6284570382892304,0.23544054409237827,1000,0,True,rf,name_only,Delphinidin,food_metabolome
25,5,0.16582157441972872,-0.5443306892880958,0.7027137479972161,994,6,True,rf,name_only,Ellagic acid,food_metabolome
26,28,-0.0322759868203885,-0.1874647588828942,0.10175706601332683,1000,0,True,rf,name_only,Epigallocatechin,food_metabolome
28,26,0.1659970165727722,-0.01282817571710113,0.35059123110844026,1000,0,True,rf,name_only,Ferulic acid,food_metabolome
33,19,0.05500646550688043,-0.20249972547566733,0.3019334642971049,1000,0,True,rf,name_only,Gallic acid,food_metabolome
35,27,-0.10197256122890987,-0.5595896684513177,0.303859817672713,1000,0,True,rf,name_only,Genistein,food_metabolome
43,17,-0.13799627101293785,-0.29134972698918743,0.053577050269381345,1000,0,True,rf,name_only,Glycitein,food_metabolome
47,34,-0.2461340972122846,-0.5071711756622854,-0.01031816099671775,1000,0,False,rf,name_only,Histamine,food_metabolome
50,16,0.1726957787488064,-0.23567489244827552,0.5503196469570789,1000,0,True,rf,name_only,Isorhamnetin,food_metabolome
51,57,-0.07232895073699387,-0.23095372086476032,0.09133126786586697,1000,0,False,rf,name_only,Kaempferol,food_metabolome
52,23,0.005880684461863828,-0.09071383460585848,0.10428782505747113,1000,0,True,rf,name_only,Lactic acid,food_metabolome
53,4,0.34777160230359105,-0.3283931743282551,1.614468029759172,979,21,True,rf,name_only,Lariciresinol,food_metabolome
54,14,-0.28667782190942726,-0.681847586781814,0.1671731575531391,1000,0,True,rf,name_only,Lutein,food_metabolome
55,44,-0.21144072949304532,-0.36991289037030145,-0.04380801306214783,1000,0,False,rf,name_only,Luteolin,food_metabolome
56,49,0.06959813007201776,-0.016489807490553364,0.15336332604478406,1000,0,False,rf,name_only,Malic acid,food_metabolome
58,5,-0.7901776600890102,-1.9242044838740544,-0.02077139082451973,995,5,True,rf,name_only,Matairesinol,food_metabolome
61,48,-0.06572231933859406,-0.16778946898085237,0.05231393102959813,1000,0,False,rf,name_only,Myricetin,food_metabolome
62,19,0.10671573620577689,-0.35734657940407,0.508153340269144,1000,0,True,rf,name_only,Naringenin,food_metabolome
65,4,0.3759236337726657,-3.723942192355482,2.81529761074223,987,13,True,rf,name_only,Oxalic acid,food_metabolome
66,14,-1.6547366020719168,-2.0861222532731647,-1.2673049975900283,1000,0,True,rf,name_only,Pelargonidin,food_metabolome
67,13,-0.26814794577474593,-0.5022963545321321,-0.04924760023109619,1000,0,True,rf,name_only,Peonidin,food_metabolome
72,4,0.4808053374151011,-0.052460566738424474,0.9099220017743473,979,21,True,rf,name_only,Pinoresinol,food_metabolome
77,17,-1.2289664947110257,-1.76513379874109,-0.6230961714196642,1000,0,True,rf,name_only,Putrescine,food_metabolome
79,71,-0.18978489399056922,-0.32262739816190433,-0.054686176885481184,1000,0,False,rf,name_only,Quercetin,food_metabolome
82,6,0.08080471452588066,-0.05588280158565775,0.27696322224067665,996,4,True,rf,name_only,Rosmarinic acid,food_metabolome
83,5,0.38851451947660376,-0.295872989769261,0.949999141554835,995,5,True,rf,name_only,Secoisolariciresinol,food_metabolome
88,11,-0.06750851872292639,-0.20428529129353007,0.052078592317185736,1000,0,True,rf,name_only,Spermine,food_metabolome
90,13,0.41902956709815253,0.0037903290568013586,0.849974945759922,1000,0,True,rf,name_only,Syringic acid,food_metabolome
91,5,0.3011229393835347,-0.16872487140455517,0.8697390805714117,993,7,True,rf,name_only,Tartaric acid,food_metabolome
92,9,0.126632214500879,-0.3636752425427066,0.6994163843057251,1000,0,True,rf,name_only,Taurine,food_metabolome
93,1928,-0.08712030077600622,-0.0928783787939653,-0.08166296628773963,1000,0,False,rf,name_only,Theobromine,food_metabolome
96,21,-0.07901217748852295,-0.20931804759568376,0.027337908424078242,1000,0,True,rf,name_only,Tyramine,food_metabolome
98,11,0.15056276810637914,-0.11850760960129074,0.4753305356329622,1000,0,True,rf,name_only,Vanillic acid,food_metabolome
103,28,-0.029006658113666723,-0.15467118263358784,0.09545669304323928,1000,0,True,rf,name_only,p-Coumaric acid,food_metabolome
104,1547,-0.1974981316814082,-0.21498868994211506,-0.18074190875278812,1000,0,False,rf,name_only,Alanine,nutrition
105,1128,-0.03792845130995216,-0.05495323679601874,-0.018719786010138517,1000,0,False,rf,name_only,Arachidonic acid (20:4n-6),nutrition
106,1727,-0.14732437589678757,-0.15898420901933086,-0.13586496359626304,1000,0,False,rf,name_only,Arginine,nutrition
107,102,-0.24642732863459652,-0.37163300939405,-0.1142798636255962,1000,0,False,rf,name_only,Ascorbic acid (vitamin C),nutrition
108,3606,0.007720064772155009,0.006315773435222776,0.009202045144420476,1000,0,False,rf,name_only,Ash,nutrition
109,1519,-0.11209360611461307,-0.12244814013034912,-0.10098956107976571,1000,0,False,rf,name_only,Aspartic acid,nutrition
110,756,-0.10558816319857307,-0.13539622244972796,-0.07729842006716163,1000,0,False,rf,name_only,Available carbohydrate,nutrition
111,48,-0.2242256090818235,-0.3204314032350342,-0.12853215690871828,1000,0,False,rf,name_only,Beta-sitosterol,nutrition
112,498,-0.2120721043556097,-0.2429422703049414,-0.1793052460608934,1000,0,False,rf,name_only,Betaine,nutrition
113,1768,-0.07490684865355876,-0.09842043729478854,-0.05044552717032551,1000,0,False,rf,name_only,Biotin,nutrition
114,2269,-0.02653334931320471,-0.050165739220530345,-0.004422019055237142,1000,0,False,rf,name_only,Butyric acid (4:0),nutrition
115,6878,0.018545087580408764,0.011408233773280542,0.026234356783355728,1000,0,False,rf,name_only,Calcium,nutrition
116,36,-0.8961264220710297,-1.1906594335817025,-0.5718991115805421,1000,0,False,rf,name_only,Campesterol,nutrition
117,2524,-0.1454114562134538,-0.15625369678399037,-0.13290857988977836,1000,0,False,rf,name_only,"Carotene, alpha",nutrition
118,3736,-0.4254229463249205,-0.4520894074914542,-0.39530650325546834,1000,0,False,rf,name_only,"Carotene, beta",nutrition
119,15,-0.3874645778841355,-0.7143831531320448,-0.017471680579626166,1000,0,True,rf,name_only,Cellulose,nutrition
120,343,-0.32240017526585313,-0.37790323526464714,-0.2717065137325187,1000,0,False,rf,name_only,Chloride,nutrition
121,695,-0.12192870531724889,-0.17838241196745974,-0.07097730371283183,1000,0,False,rf,name_only,Cholecalciferol (vitamin D3),nutrition
122,3992,-0.018184445373139284,-0.02473685769198817,-0.01262538255559649,1000,0,False,rf,name_only,Cholesterol,nutrition
123,1897,-0.40766948505326056,-0.43277628870709023,-0.3824606671584547,1000,0,False,rf,name_only,"Choline, total",nutrition
124,278,0.6484098541249891,0.4311053694430378,0.8707155522737078,1000,0,False,rf,name_only,Chromium,nutrition
125,4402,-0.059934429002142645,-0.07095155388007415,-0.04960304237611045,1000,0,False,rf,name_only,Cobalamin (vitamin B12),nutrition
126,98,-0.21294283548919313,-0.30071055998097307,-0.1311980685437229,1000,0,False,rf,name_only,Conjugated linoleic acids (18:2 CLA isomers),nutrition
127,5038,0.03432013343449497,0.024381788697155956,0.044144749523060973,1000,0,False,rf,name_only,Copper,nutrition
128,2450,-0.09458357235235297,-0.10308526211688074,-0.0862245072062915,1000,0,False,rf,name_only,"Cryptoxanthin, beta",nutrition
129,1531,-0.15238815441513054,-0.16990886296431099,-0.13686091406546405,1000,0,False,rf,name_only,Cystine,nutrition
130,2996,-0.10910575290390301,-0.1338065793441302,-0.08363442787930639,1000,0,False,rf,name_only,Decanoic acid (10:0),nutrition
131,2543,-0.1418134756955924,-0.15901964708087216,-0.12462672839700024,1000,0,False,rf,name_only,"Dietary fibre, total",nutrition
132,2886,-0.18751805194598095,-0.20879300153849026,-0.16626038937675564,1000,0,False,rf,name_only,Docosahexaenoic acid (DHA; 22:6n-3),nutrition
133,1047,-0.1119712564101077,-0.15223754672517742,-0.0747572892886475,1000,0,False,rf,name_only,Docosanoic acid (22:0),nutrition
134,2934,-0.5375675727406717,-0.5620437592598956,-0.5121449267191008,1000,0,False,rf,name_only,Docosapentaenoic acid (DPA; 22:5n-3),nutrition
135,75,-1.023089080265861,-1.1501540987088312,-0.8846950583892345,1000,0,False,rf,name_only,Docosatetraenoic acid (22:4; isomer unspecified),nutrition
136,733,-0.9209781458173767,-0.9753024182730978,-0.8640577833134869,1000,0,False,rf,name_only,Docosenoic acid (22:1; cis/trans unspecified),nutrition
137,3352,-0.09270412368972009,-0.12301103394413763,-0.0627400264963594,1000,0,False,rf,name_only,Dodecanoic acid (12:0),nutrition
138,998,-0.11666451529300871,-0.14915810797354515,-0.08105844668226102,1000,0,False,rf,name_only,Eicosanoic acid (20:0),nutrition
139,3202,-0.027863825575495278,-0.049818240608168245,-0.004070589989401212,1000,0,False,rf,name_only,Eicosapentaenoic acid (EPA; 20:5n-3),nutrition
140,772,-0.09432854126847066,-0.1214608637042586,-0.06899524552278712,1000,0,False,rf,name_only,Eicosatetraenoic acid (20:4; isomer unspecified),nutrition
141,224,-0.38427317083609763,-0.44319863131899623,-0.32571585440180384,1000,0,False,rf,name_only,Eicosatrienoic acid (20:3; isomer unspecified),nutrition
142,63,-0.3209523162270491,-0.42012807137374697,-0.22034362516340572,1000,0,False,rf,name_only,Eicosatrienoic acid (20:3n-3),nutrition
143,230,-0.04193397031919452,-0.06967847725296121,-0.014352102416403542,1000,0,False,rf,name_only,Eicosatrienoic acid (20:3n-6),nutrition
144,2654,-0.4778425993647141,-0.5051444215668487,-0.4546478520068205,1000,0,False,rf,name_only,Eicosenoic acid (20:1; isomer unspecified),nutrition
147,3138,-0.05083156882501545,-0.05497905727089621,-0.04697115318290616,1000,0,False,rf,name_only,Ethanol,nutrition
148,4833,-0.202931139224424,-0.21510875611664793,-0.19139721222065678,1000,0,False,rf,name_only,"Fat, total",nutrition
149,3886,-0.10175353271385487,-0.11532959355012205,-0.08993130575017017,1000,0,False,rf,name_only,"Fatty acids, total monounsaturated",nutrition
150,3896,-0.08297037130833713,-0.09636995935208648,-0.06993118259173486,1000,0,False,rf,name_only,"Fatty acids, total polyunsaturated",nutrition
151,4023,-0.1084559189145369,-0.12201416807429534,-0.09383896141708999,1000,0,False,rf,name_only,"Fatty acids, total saturated",nutrition
152,1172,-0.06900936617334096,-0.09794552404406145,-0.04024659257327742,1000,0,False,rf,name_only,"Fatty acids, total trans",nutrition
153,521,-0.2621078619964425,-0.30660194245816796,-0.2174628283050822,1000,0,False,rf,name_only,"Fatty acids, total trans-monoenoic",nutrition
154,457,-0.40469465883390127,-0.4555555508977222,-0.3566407958417366,1000,0,False,rf,name_only,"Fatty acids, total trans-polyenoic",nutrition
155,3170,-0.0979523797592176,-0.11866298534229631,-0.07872989404746979,1000,0,False,rf,name_only,"Folate, food",nutrition
156,3886,-0.014187216775099072,-0.028318682791497674,0.0016144790202606847,1000,0,False,rf,name_only,"Folate, total",nutrition
157,3100,0.0534255343565459,0.03343812211750165,0.07192651288717472,1000,0,False,rf,name_only,Folic acid,nutrition
158,1959,-0.14495394372831558,-0.16385374717881637,-0.12538871282113823,1000,0,False,rf,name_only,Fructose,nutrition
159,1460,-0.025503689495234315,-0.034697026627976815,-0.015943407001986307,1000,0,False,rf,name_only,Galactose,nutrition
160,2003,-0.11322719228448243,-0.13215042916234293,-0.09373587610780496,1000,0,False,rf,name_only,Glucose,nutrition
161,1555,-0.07476374141325737,-0.08378616542947968,-0.06574872834918531,1000,0,False,rf,name_only,Glutamic acid,nutrition
162,1713,-0.14480356465773303,-0.1566409091156931,-0.13286626272400726,1000,0,False,rf,name_only,Glycine,nutrition
165,1138,-0.10518459461926342,-0.12893110427338877,-0.08008467915002743,1000,0,False,rf,name_only,Heptadecanoic acid (17:0),nutrition
166,880,-0.19686511062564954,-0.22329768184389448,-0.1678748632668836,1000,0,False,rf,name_only,Heptadecenoic acid (17:1; isomer unspecified),nutrition
167,3436,-0.08676591364465337,-0.10002709292184003,-0.0746150238357066,1000,0,False,rf,name_only,Hexadecanoic acid (16:0),nutrition
168,878,-0.21025442666709745,-0.24924810789343385,-0.17204265307448904,1000,0,False,rf,name_only,Hexadecenoic acid (16:1; cis/trans unspecified),nutrition
169,2651,-0.04732319905005454,-0.06411522120069396,-0.030489668889437806,1000,0,False,rf,name_only,Hexanoic acid (6:0),nutrition
170,1562,-0.14799999021539678,-0.15811188470114046,-0.13705332552540234,1000,0,False,rf,name_only,Histidine,nutrition
171,299,-0.0954418612295123,-0.1145257381438235,-0.07457911311319079,1000,0,False,rf,name_only,Hydroxyproline,nutrition
172,20,-0.11033836092893472,-0.33441634306591883,0.07933089146888257,1000,0,True,rf,name_only,Insoluble dietary fibers,nutrition
173,5716,-0.04764913271450864,-0.056237961898457964,-0.039259594523514935,1000,0,False,rf,name_only,Iron,nutrition
174,1564,-0.11813258180590878,-0.12663853046866466,-0.10838302426398777,1000,0,False,rf,name_only,Isoleucine,nutrition
175,15,-0.32082668480013715,-0.9148204995082887,0.2416231267074118,1000,0,True,rf,name_only,Isomeric linoleic acids (18:2),nutrition
176,17,-1.2086497782588457,-2.0162232813519054,-0.30929902014326377,1000,0,True,rf,name_only,Isomeric linolenic acids (18:3),nutrition
177,1909,-0.008274642561643597,-0.02764227392040129,0.010039291607144514,1000,0,False,rf,name_only,Lactose,nutrition
178,1562,-0.13288541891544461,-0.14690269153441124,-0.12027494697451499,1000,0,False,rf,name_only,Leucine,nutrition
179,17,-0.6296322512939296,-1.1438085445700634,-0.1303899126135975,1000,0,True,rf,name_only,Lignin,nutrition
180,1345,-0.17411987913702076,-0.2008545647812514,-0.14703804441997764,1000,0,False,rf,name_only,Linoleic acid (18:2n-6),nutrition
181,1277,-0.29283355791584514,-0.3296425544347521,-0.25657508852871713,1000,0,False,rf,name_only,Lutein + zeaxanthin,nutrition
182,2090,-0.00999042548718849,-0.014655663972462117,-0.004798349975948058,1000,0,False,rf,name_only,Lycopene,nutrition
183,1571,-0.17619534913274945,-0.18789360132516808,-0.1642359716623934,1000,0,False,rf,name_only,Lysine,nutrition
184,6213,-0.030003247070010508,-0.04029534711884058,-0.020289220534071218,1000,0,False,rf,name_only,Magnesium,nutrition
185,1924,-0.05500959087722605,-0.07339820671605264,-0.03408316513886254,1000,0,False,rf,name_only,Maltose,nutrition
186,3266,-0.1487601725496545,-0.16858814819948292,-0.1290638564150011,1000,0,False,rf,name_only,Manganese,nutrition
188,10,0.04521927327888227,-0.23413445417264647,0.35740846928746445,1000,0,True,rf,name_only,Menaquinone-4,nutrition
189,1570,-0.1234138321363474,-0.1335816931413502,-0.11361531965783479,1000,0,False,rf,name_only,Methionine,nutrition
190,190,0.0032381257228530037,-0.08100888657036143,0.09176830167713697,1000,0,False,rf,name_only,Molybdenum,nutrition
191,5427,-0.26307207599758164,-0.27525523567805826,-0.2505375830287338,1000,0,False,rf,name_only,Niacin,nutrition
192,1168,-0.23459111107797254,-0.2671412201763398,-0.2038912632011099,1000,0,False,rf,name_only,Nicotinic acid,nutrition
193,914,-0.489599880970464,-0.5355909475557996,-0.44659008625236357,1000,0,False,rf,name_only,Octadecadienoic acid (18:2; isomer unspecified),nutrition
194,3429,-0.12548082404851024,-0.14003791924093761,-0.1119604855012205,1000,0,False,rf,name_only,Octadecanoic acid (18:0),nutrition
195,719,-0.3263984287155483,-0.34846050278677415,-0.3042376578274227,1000,0,False,rf,name_only,Octadecatetraenoic acid (18:4; isomer unspecified),nutrition
196,899,-0.2420591690822061,-0.2789271371844999,-0.20670529820509284,1000,0,False,rf,name_only,Octadecatrienoic acid (18:3; isomer unspecified),nutrition
197,912,-0.5944316177219016,-0.6410604324798314,-0.5530983396144057,1000,0,False,rf,name_only,Octadecenoic acid (18:1; cis/trans unspecified),nutrition
198,2755,-0.05317331249103941,-0.07571427462285711,-0.030150243555136482,1000,0,False,rf,name_only,Octanoic acid (8:0),nutrition
199,2974,-0.04537733790317818,-0.05844584332320111,-0.03355223957453142,1000,0,False,rf,name_only,Pantothenic acid (vitamin B5),nutrition
200,1081,-0.06398286505131334,-0.09412838912198943,-0.03415332388873745,1000,0,False,rf,name_only,Pentadecanoic acid (15:0),nutrition
201,777,-0.6945318759254688,-0.7350031188143219,-0.656476344367256,1000,0,False,rf,name_only,Pentadecenoic acid (15:1; isomer unspecified),nutrition
202,1573,-0.08941787606095059,-0.10079279359175668,-0.07872245961547157,1000,0,False,rf,name_only,Phenylalanine,nutrition
203,5470,-0.06078717768303658,-0.06903795039526289,-0.05220049423166384,1000,0,False,rf,name_only,Phosphorus,nutrition
204,66,-0.3784696554606149,-0.4777381781216134,-0.26969569055862835,1000,0,False,rf,name_only,Phytosterols,nutrition
205,5513,0.00024053016945656906,-0.007687478889705063,0.007614081898546619,1000,0,False,rf,name_only,Potassium,nutrition
206,1546,-0.057619605353339244,-0.06488205497583219,-0.05043115904995645,1000,0,False,rf,name_only,Proline,nutrition
207,4633,-0.054577599221248226,-0.06241856167349552,-0.046809202553035875,1000,0,False,rf,name_only,"Protein, total",nutrition
208,5057,-0.015556614503537595,-0.03149922806246522,0.0004073728869680825,1000,0,False,rf,name_only,Retinol,nutrition
209,4691,-0.1532811005726566,-0.16163569455059873,-0.14510192031381614,1000,0,False,rf,name_only,Riboflavin (vitamin B2),nutrition
210,4249,-0.12434648627591297,-0.1344776682211151,-0.1142228946299692,1000,0,False,rf,name_only,"Selenium, Se",nutrition
211,1542,-0.07212407531091303,-0.08029120754227267,-0.06285538758836652,1000,0,False,rf,name_only,Serine,nutrition
212,4705,-0.009681513472834366,-0.01790734747244833,-0.0006137799253508174,1000,0,False,rf,name_only,Sodium,nutrition
213,14,-0.06862431692737793,-0.2860873649937493,0.2160331452508513,1000,0,True,rf,name_only,Sorbitol,nutrition
214,1292,-0.02097192385395244,-0.04535512991889877,0.0075972777980975155,1000,0,False,rf,name_only,Starch,nutrition
215,140,-1.4537145759011978,-1.5176476726701558,-1.3794375471100944,1000,0,False,rf,name_only,Stearidonic acid,nutrition
216,48,-0.8294132644566393,-1.0381257613686847,-0.6127948135621246,1000,0,False,rf,name_only,Stigmasterol,nutrition
217,1021,-0.040840259452415845,-0.07071768033339185,-0.009493200910731085,1000,0,False,rf,name_only,Sucrose,nutrition
218,3185,-0.10252459101470562,-0.11667101213030584,-0.08752280901043304,1000,0,False,rf,name_only,"Sugars, total",nutrition
219,20,0.07551673939453672,-0.06305622857673054,0.21006048586652754,1000,0,True,rf,name_only,Sulfur,nutrition
220,806,-0.8423476473127584,-0.8915172467526193,-0.7956378747644587,1000,0,False,rf,name_only,Tetracosanoic acid (24:0),nutrition
221,3308,-0.05940681653764123,-0.08216790137227327,-0.03732840624550707,1000,0,False,rf,name_only,Tetradecanoic acid (14:0),nutrition
222,1002,-0.17630294080371112,-0.2034328102085748,-0.1488857683343201,1000,0,False,rf,name_only,Tetradecenoic acid (14:1; isomer unspecified),nutrition
223,5049,-0.08321255275619781,-0.0923345074345184,-0.07339451354855484,1000,0,False,rf,name_only,Thiamin (vitamin B1),nutrition
224,1560,-0.12959103564098184,-0.13886301731815953,-0.12044363130943184,1000,0,False,rf,name_only,Threonine,nutrition
225,1452,-0.05249964359031858,-0.07396416528008337,-0.031635837499993415,1000,0,False,rf,name_only,"Tocopherol, beta",nutrition
226,1454,-0.09212414365895229,-0.11494070651160586,-0.07161565648182948,1000,0,False,rf,name_only,"Tocopherol, delta",nutrition
227,1548,-0.19644228028543362,-0.23036779594261397,-0.16220789131689525,1000,0,False,rf,name_only,"Tocopherol, gamma",nutrition
228,1033,-0.04654916416028394,-0.0846946443646611,-0.008548142471927193,1000,0,False,rf,name_only,"Tocotrienol, alpha",nutrition
229,237,-0.000914448457577659,-0.04566099906604952,0.04903058232115135,1000,0,False,rf,name_only,"Tocotrienol, beta",nutrition
230,235,0.016927157061025787,0.0024177098328048785,0.030839920057136996,1000,0,False,rf,name_only,"Tocotrienol, delta",nutrition
231,233,-0.2058616656348583,-0.27313408939189654,-0.13474979486193056,1000,0,False,rf,name_only,"Tocotrienol, gamma",nutrition
232,109,-0.1832423334023539,-0.20263921358186318,-0.16241992838917674,1000,0,False,rf,name_only,Tridecanoic acid (13:0),nutrition
233,2819,-0.08832037972591636,-0.09669332965334375,-0.07952497542639138,1000,0,False,rf,name_only,Tryptophan,nutrition
234,1553,-0.11729862545977306,-0.12614811838765164,-0.10763254530698813,1000,0,False,rf,name_only,Tyrosine,nutrition
235,1566,-0.14222473712498018,-0.15558026938564115,-0.12936196614515635,1000,0,False,rf,name_only,Valine,nutrition
236,282,-2.872292974988678,-2.96062672460223,-2.7828553279006587,1000,0,False,rf,name_only,Vitamin B6 - Pyridoxin,nutrition
237,4761,0.03139998300518706,0.018612620686565735,0.04449671946733117,1000,0,False,rf,name_only,Vitamin D (D2 + D3),nutrition
238,1168,-0.1147812720212471,-0.1302851960348536,-0.09833096758293643,1000,0,False,rf,name_only,Vitamin D2 (ergocalciferol),nutrition
239,5247,0.020811783482438007,0.016352638859978966,0.024975411483967945,1000,0,False,rf,name_only,Water,nutrition
241,5536,-0.018644160533289433,-0.027624883680585507,-0.010063493944622094,1000,0,False,rf,name_only,Zinc,nutrition
242,250,-0.3989035955427762,-0.4514258889921435,-0.34093147084836917,1000,0,False,rf,name_only,"cis,cis-Eicosadienoic acid (20:2n-6)",nutrition
243,70,-0.12266100107469206,-0.2827596073381388,0.019296385469456147,1000,0,False,rf,name_only,cis-Docosenoic acid (22:1 cis),nutrition
244,87,-0.1506375117335179,-0.2237176755843231,-0.07649650269456648,1000,0,False,rf,name_only,cis-Hexadecenoic acid (16:1 cis),nutrition
245,153,-0.9206164441529006,-1.0207558988995244,-0.8167571544540717,1000,0,False,rf,name_only,cis-Octadecenoic acid (18:1 cis),nutrition
246,108,-1.6258705096953936,-1.7702662400852245,-1.479275396742497,1000,0,False,rf,name_only,cis-Tetracosenoic acid (24:1 cis),nutrition
247,21,-0.1234244444693537,-0.34253960298035124,0.09275045945368186,1000,0,True,rf,name_only,"trans,trans-Linoleic acid (18:2 trans,trans)",nutrition
248,51,-0.5385553451979623,-0.629115956416623,-0.4324252670088115,1000,0,False,rf,name_only,trans-Docosenoic acid (22:1 trans),nutrition
249,66,-0.23608701419049263,-0.34775093192446466,-0.1296397657149368,1000,0,False,rf,name_only,trans-Hexadecenoic acid (16:1 trans),nutrition
250,75,-0.889356715011413,-1.0557739744232022,-0.7148340466993041,1000,0,False,rf,name_only,trans-Linoleic acid (18:2; isomer unspecified),nutrition
251,154,-0.9906547532440303,-1.1030875070563966,-0.8679055542433387,1000,0,False,rf,name_only,trans-Octadecenoic acid (18:1 trans),nutrition
104,1547,0.013705289897234543,0.007316153313992473,0.018358155473922083,1000,0,False,xgb,completion,Alanine,nutrition
105,1128,0.018932399977324012,0.010407912621256241,0.02705042468950533,1000,0,False,xgb,completion,Arachidonic acid (20:4n-6),nutrition
106,1727,0.01831872847069691,0.014947675738953555,0.021561923699638625,1000,0,False,xgb,completion,Arginine,nutrition
107,102,-0.043167962963148496,-0.11298879379557199,0.030729187160738986,1000,0,False,xgb,completion,Ascorbic acid (vitamin C),nutrition
108,3606,0.032685941005955815,0.029491851598101883,0.036157339443932554,1000,0,False,xgb,completion,Ash,nutrition
109,1519,0.017827730117334545,0.014504496832532271,0.02092585109665314,1000,0,False,xgb,completion,Aspartic acid,nutrition
110,756,-0.0013428385079781362,-0.00907411433234673,0.006349002592593509,1000,0,False,xgb,completion,Available carbohydrate,nutrition
111,48,-0.0144406331487204,-0.05039420986011761,0.02409666012902666,1000,0,False,xgb,completion,Beta-sitosterol,nutrition
112,498,0.03213632445712528,0.00551633786368477,0.06282836023248993,1000,0,False,xgb,completion,Betaine,nutrition
113,1768,0.07085355806920703,0.05175246571980695,0.09016915360383741,1000,0,False,xgb,completion,Biotin,nutrition
114,2269,0.009948213549577714,0.003053004576577828,0.017222471441743735,1000,0,False,xgb,completion,Butyric acid (4:0),nutrition
115,6878,0.0700510789065559,0.06502534265441352,0.0756575850412179,1000,0,False,xgb,completion,Calcium,nutrition
116,36,-0.07139382673636982,-0.2008900581729539,0.03415410749600374,1000,0,False,xgb,completion,Campesterol,nutrition
117,2524,0.03226461841442459,0.015282191683630809,0.05036229070195531,1000,0,False,xgb,completion,"Carotene, alpha",nutrition
118,3736,0.06382282248831712,0.05065677679535327,0.07731190549451228,1000,0,False,xgb,completion,"Carotene, beta",nutrition
119,15,0.01098573999004553,-0.31737222901691503,0.32031675946645266,1000,0,True,xgb,completion,Cellulose,nutrition
120,343,-0.0151850367071699,-0.03376450998468251,0.002392119076387038,1000,0,False,xgb,completion,Chloride,nutrition
121,695,0.03987568173677837,0.01559400254676192,0.06587998160740405,1000,0,False,xgb,completion,Cholecalciferol (vitamin D3),nutrition
122,3992,0.05511635780754684,0.04637605358303284,0.06445460725731877,1000,0,False,xgb,completion,Cholesterol,nutrition
123,1897,0.06012726933973771,0.05498053089336736,0.06615817854543746,1000,0,False,xgb,completion,"Choline, total",nutrition
124,278,-0.008823908657991498,-0.05535310978967426,0.039264987822376356,1000,0,False,xgb,completion,Chromium,nutrition
125,4402,0.04331503660043821,0.03776310964676493,0.04901437532050985,1000,0,False,xgb,completion,Cobalamin (vitamin B12),nutrition
126,98,-0.01699129683332089,-0.046379459294101776,0.009747435470135709,1000,0,False,xgb,completion,Conjugated linoleic acids (18:2 CLA isomers),nutrition
127,5038,0.06222284552991967,0.056908603413685886,0.06736987688911326,1000,0,False,xgb,completion,Copper,nutrition
128,2450,0.025321982219853833,0.00712873611514684,0.04289704090468032,1000,0,False,xgb,completion,"Cryptoxanthin, beta",nutrition
129,1531,0.024880672404791096,0.018619613523667103,0.029672877055831232,1000,0,False,xgb,completion,Cystine,nutrition
130,2996,0.002298588299891052,-0.008355830350063138,0.012165037652725665,1000,0,False,xgb,completion,Decanoic acid (10:0),nutrition
131,2543,0.06191318491727475,0.056338082685110445,0.06769740670255708,1000,0,False,xgb,completion,"Dietary fibre, total",nutrition
132,2886,0.007664347644308138,0.00012594673612729285,0.015456273694100782,1000,0,False,xgb,completion,Docosahexaenoic acid (DHA; 22:6n-3),nutrition
133,1047,0.03250400214002261,0.016377804947764772,0.04932141891174619,1000,0,False,xgb,completion,Docosanoic acid (22:0),nutrition
134,2934,0.025179841472455316,0.01769479367048009,0.03250888613186884,1000,0,False,xgb,completion,Docosapentaenoic acid (DPA; 22:5n-3),nutrition
135,75,-0.01863494313405458,-0.04881373746274618,0.013600748644243125,1000,0,False,xgb,completion,Docosatetraenoic acid (22:4; isomer unspecified),nutrition
136,733,-0.022448294400450704,-0.040888301466296524,-0.0026761749289884516,1000,0,False,xgb,completion,Docosenoic acid (22:1; cis/trans unspecified),nutrition
137,3352,0.02081346859166821,0.005298894697410473,0.03571194899173779,1000,0,False,xgb,completion,Dodecanoic acid (12:0),nutrition
138,998,0.04093534337467784,0.02952048396760638,0.052681764528526326,1000,0,False,xgb,completion,Eicosanoic acid (20:0),nutrition
139,3202,0.009223662636745707,0.00026687286791463955,0.018491987928619096,1000,0,False,xgb,completion,Eicosapentaenoic acid (EPA; 20:5n-3),nutrition
140,772,0.013962198620880235,0.005221751367380915,0.02385690873671123,1000,0,False,xgb,completion,Eicosatetraenoic acid (20:4; isomer unspecified),nutrition
141,224,-0.0018567666396458848,-0.02701349473259597,0.02449215610214183,1000,0,False,xgb,completion,Eicosatrienoic acid (20:3; isomer unspecified),nutrition
142,63,-0.046261047896519795,-0.0986789976168146,0.001988580628628072,1000,0,False,xgb,completion,Eicosatrienoic acid (20:3n-3),nutrition
143,230,0.0038987827615576142,-0.016452808117400523,0.02498227635385129,1000,0,False,xgb,completion,Eicosatrienoic acid (20:3n-6),nutrition
144,2654,0.05864205317380934,0.05033664539617932,0.06742414786063824,1000,0,False,xgb,completion,Eicosenoic acid (20:1; isomer unspecified),nutrition
147,3138,0.004631608176216561,0.0014110054441563544,0.007996920824004054,1000,0,False,xgb,completion,Ethanol,nutrition
148,4833,0.027897039922423126,0.024923655881351585,0.03093555367347417,1000,0,False,xgb,completion,"Fat, total",nutrition
149,3886,0.03340101317449772,0.029993846303859355,0.036920438549484055,1000,0,False,xgb,completion,"Fatty acids, total monounsaturated",nutrition
150,3896,0.04312732610600651,0.038180710764411534,0.04772771876472567,1000,0,False,xgb,completion,"Fatty acids, total polyunsaturated",nutrition
151,4023,0.02135698972594183,0.018262523248287806,0.024786007663691614,1000,0,False,xgb,completion,"Fatty acids, total saturated",nutrition
152,1172,0.029594685125466598,0.015023972357134614,0.04453728784558916,1000,0,False,xgb,completion,"Fatty acids, total trans",nutrition
153,521,0.008593219782860437,-0.013497467915159683,0.03011577118149897,1000,0,False,xgb,completion,"Fatty acids, total trans-monoenoic",nutrition
154,457,0.03474733197368922,0.019195354404231972,0.0485506870328958,1000,0,False,xgb,completion,"Fatty acids, total trans-polyenoic",nutrition
155,3170,0.09066595866181235,0.08279506295879059,0.09750162829265768,1000,0,False,xgb,completion,"Folate, food",nutrition
156,3886,0.0821259319906933,0.07532082715077955,0.08901528641834973,1000,0,False,xgb,completion,"Folate, total",nutrition
157,3100,0.031699032596303675,0.02555667544315324,0.03796163938409811,1000,0,False,xgb,completion,Folic acid,nutrition
158,1959,0.018991141601858292,0.008180908301328811,0.03112512777434988,1000,0,False,xgb,completion,Fructose,nutrition
159,1460,0.009483942397679138,-0.008733254536973097,0.02921532368222943,1000,0,False,xgb,completion,Galactose,nutrition
160,2003,0.03624021736881602,0.024432351661231477,0.0479487278726105,1000,0,False,xgb,completion,Glucose,nutrition
161,1555,0.01687307212035438,0.01408886285912825,0.019532131721800638,1000,0,False,xgb,completion,Glutamic acid,nutrition
162,1713,0.02449416008897864,0.020694568082835464,0.028219207491462308,1000,0,False,xgb,completion,Glycine,nutrition
165,1138,0.014715873742474355,0.0073664767061308875,0.022096166485087297,1000,0,False,xgb,completion,Heptadecanoic acid (17:0),nutrition
166,880,0.02032285684142379,0.008290923026380452,0.03404334410837914,1000,0,False,xgb,completion,Heptadecenoic acid (17:1; isomer unspecified),nutrition
167,3436,0.027434444670441566,0.024268996787326313,0.030879020756245597,1000,0,False,xgb,completion,Hexadecanoic acid (16:0),nutrition
168,878,0.02406770837523285,0.011103920219071207,0.03624259745642532,1000,0,False,xgb,completion,Hexadecenoic acid (16:1; cis/trans unspecified),nutrition
169,2651,0.001360309165528606,-0.004600005732591647,0.007682286677214855,1000,0,False,xgb,completion,Hexanoic acid (6:0),nutrition
170,1562,0.022422687633719643,0.019420132614391798,0.02532045168248152,1000,0,False,xgb,completion,Histidine,nutrition
171,299,0.022616089795734547,0.013237063993548211,0.032433421251221145,1000,0,False,xgb,completion,Hydroxyproline,nutrition
172,20,0.0037689497206364496,-0.07541876395436505,0.08465599625120646,1000,0,True,xgb,completion,Insoluble dietary fibers,nutrition
173,5716,0.056782423351311694,0.05218565207223829,0.06142538792083248,1000,0,False,xgb,completion,Iron,nutrition
174,1564,0.015095739067632376,0.012257505222808942,0.017692053631823846,1000,0,False,xgb,completion,Isoleucine,nutrition
175,15,-0.15929801912845135,-0.4146515437810562,0.07600817270804841,1000,0,True,xgb,completion,Isomeric linoleic acids (18:2),nutrition
176,17,-0.07325371317623593,-0.2736493523671441,0.14249007932438812,1000,0,True,xgb,completion,Isomeric linolenic acids (18:3),nutrition
177,1909,0.00019932615918576694,-0.007219585588152015,0.007140038244509321,1000,0,False,xgb,completion,Lactose,nutrition
178,1562,0.007872842026603905,0.002255684868109804,0.011989005052111798,1000,0,False,xgb,completion,Leucine,nutrition
179,17,-0.012075891194964732,-0.2514928599578355,0.18452665744324415,1000,0,True,xgb,completion,Lignin,nutrition
180,1345,0.00880890659421121,-0.0009645064096689459,0.01834769890224731,1000,0,False,xgb,completion,Linoleic acid (18:2n-6),nutrition
181,1277,0.04759883609434768,0.030027744365783336,0.06653679003995545,1000,0,False,xgb,completion,Lutein + zeaxanthin,nutrition
182,2090,0.02491486489053393,0.01396656795433159,0.035555795176947215,1000,0,False,xgb,completion,Lycopene,nutrition
183,1571,0.020282890337288615,0.017576969957355422,0.022870628333016542,1000,0,False,xgb,completion,Lysine,nutrition
184,6213,0.044935368091788636,0.041328201638650044,0.048179713225605235,1000,0,False,xgb,completion,Magnesium,nutrition
185,1924,0.017587443136572033,0.004284145934673256,0.03140519516193914,1000,0,False,xgb,completion,Maltose,nutrition
186,3266,0.05367462098790318,0.04454491395655766,0.0619850764995612,1000,0,False,xgb,completion,Manganese,nutrition
188,10,-0.01485744253012002,-0.08843303451197955,0.05743399192186461,1000,0,True,xgb,completion,Menaquinone-4,nutrition
189,1570,0.023878247869311548,0.020971003153999773,0.02717624385615351,1000,0,False,xgb,completion,Methionine,nutrition
190,190,-0.024132785699074632,-0.06376442000752428,0.010361246856565977,1000,0,False,xgb,completion,Molybdenum,nutrition
191,5427,0.062154099870594975,0.05797066796305026,0.0664897468849016,1000,0,False,xgb,completion,Niacin,nutrition
192,1168,0.024486858834290092,0.01613399230618916,0.033166625742276135,1000,0,False,xgb,completion,Nicotinic acid,nutrition
193,914,-0.0016307618997727631,-0.018520029915176553,0.015118800583837215,1000,0,False,xgb,completion,Octadecadienoic acid (18:2; isomer unspecified),nutrition
194,3429,0.038197962438110085,0.03398126263928476,0.042668427751346376,1000,0,False,xgb,completion,Octadecanoic acid (18:0),nutrition
195,719,-0.006870373580049812,-0.01933099663162159,0.00662721150550158,1000,0,False,xgb,completion,Octadecatetraenoic acid (18:4; isomer unspecified),nutrition
196,899,0.02508281662184984,0.006554153668274017,0.043787554338930564,1000,0,False,xgb,completion,Octadecatrienoic acid (18:3; isomer unspecified),nutrition
197,912,0.0029994345079884465,-0.010438519331142036,0.014793555220670964,1000,0,False,xgb,completion,Octadecenoic acid (18:1; cis/trans unspecified),nutrition
198,2755,-0.00725751212349285,-0.017444915279193035,0.0022174922590110515,1000,0,False,xgb,completion,Octanoic acid (8:0),nutrition
199,2974,0.06758311236275717,0.06184155347614216,0.07361717673882502,1000,0,False,xgb,completion,Pantothenic acid (vitamin B5),nutrition
200,1081,0.012631434732898293,0.0004704938232649435,0.023797693273282662,1000,0,False,xgb,completion,Pentadecanoic acid (15:0),nutrition
201,777,0.02350399116521382,0.0009969971825808952,0.04514300050878025,1000,0,False,xgb,completion,Pentadecenoic acid (15:1; isomer unspecified),nutrition
202,1573,0.008321277594838934,0.004477758760545569,0.011342817538971196,1000,0,False,xgb,completion,Phenylalanine,nutrition
203,5470,0.03437232924630095,0.03133768490628087,0.03706129549833354,1000,0,False,xgb,completion,Phosphorus,nutrition
204,66,-0.02395672879991214,-0.06091065881337386,0.011011311529871646,1000,0,False,xgb,completion,Phytosterols,nutrition
205,5513,0.04056897599205204,0.03745679723788991,0.04357830751703264,1000,0,False,xgb,completion,Potassium,nutrition
206,1546,0.022584732075281826,0.01962028404199593,0.025726002072612126,1000,0,False,xgb,completion,Proline,nutrition
207,4633,0.03045020648885769,0.028289986893908978,0.03257731265447414,1000,0,False,xgb,completion,"Protein, total",nutrition
208,5057,0.04009438622971119,0.030410781957028087,0.05081242911651951,1000,0,False,xgb,completion,Retinol,nutrition
209,4691,0.06262276685559875,0.05747319515894257,0.06754518623662466,1000,0,False,xgb,completion,Riboflavin (vitamin B2),nutrition
210,4249,0.05969702463717361,0.05513187372085567,0.06427709411493865,1000,0,False,xgb,completion,"Selenium, Se",nutrition
211,1542,0.012764944144830023,0.010476406601174285,0.014924587438596438,1000,0,False,xgb,completion,Serine,nutrition
212,4705,0.04991266644635946,0.04343947163455784,0.05660706733997458,1000,0,False,xgb,completion,Sodium,nutrition
213,14,-0.22696047981464,-0.36873688685293626,-0.0966779538885336,1000,0,True,xgb,completion,Sorbitol,nutrition
214,1292,0.00045607465225041275,-0.007206087514476244,0.008215607399384718,1000,0,False,xgb,completion,Starch,nutrition
215,140,-0.013564123257116674,-0.035921245734160626,0.009661346594968222,1000,0,False,xgb,completion,Stearidonic acid,nutrition
216,48,-0.021320287476571848,-0.08941340117502737,0.039710820717004325,1000,0,False,xgb,completion,Stigmasterol,nutrition
217,1021,0.023260263107274942,0.003964217552256292,0.043540336619689556,1000,0,False,xgb,completion,Sucrose,nutrition
218,3185,0.06084237978317985,0.05369471051318723,0.06821053801991325,1000,0,False,xgb,completion,"Sugars, total",nutrition
219,20,0.012637895422971224,-0.0701000070357147,0.10357459065654909,1000,0,True,xgb,completion,Sulfur,nutrition
220,806,0.02091881292897524,0.004686179046656534,0.037137905180080484,1000,0,False,xgb,completion,Tetracosanoic acid (24:0),nutrition
221,3308,0.03338520813116015,0.025371650404882876,0.04098946958433929,1000,0,False,xgb,completion,Tetradecanoic acid (14:0),nutrition
222,1002,0.006318107077833055,-0.00632466073759379,0.018575842051527812,1000,0,False,xgb,completion,Tetradecenoic acid (14:1; isomer unspecified),nutrition
223,5049,0.06196379455394997,0.05713200584874702,0.06683158006593229,1000,0,False,xgb,completion,Thiamin (vitamin B1),nutrition
224,1560,0.01672253979774737,0.014072551851998218,0.019173514470304503,1000,0,False,xgb,completion,Threonine,nutrition
225,1452,0.046224147614285685,0.03244633029697321,0.05990079584989152,1000,0,False,xgb,completion,"Tocopherol, beta",nutrition
226,1454,0.0384719434314901,0.022187531920969037,0.05600754974528814,1000,0,False,xgb,completion,"Tocopherol, delta",nutrition
227,1548,0.0537137613756833,0.03573210266091393,0.07215988982514564,1000,0,False,xgb,completion,"Tocopherol, gamma",nutrition
228,1033,0.029545762295465364,0.006120144097663668,0.05377856039512892,1000,0,False,xgb,completion,"Tocotrienol, alpha",nutrition
229,237,-0.014294508448180171,-0.03544373792744956,0.0069515208420006394,1000,0,False,xgb,completion,"Tocotrienol, beta",nutrition
230,235,-0.02339044917586482,-0.03697815065302018,-0.010533360982952584,1000,0,False,xgb,completion,"Tocotrienol, delta",nutrition
231,233,0.03631764858028465,-0.010912323577117666,0.09165397399985704,1000,0,False,xgb,completion,"Tocotrienol, gamma",nutrition
232,109,-0.0017086324279526014,-0.03828283400004175,0.04895153451476123,1000,0,False,xgb,completion,Tridecanoic acid (13:0),nutrition
233,2819,0.02842218541243227,0.02450175753465204,0.03199209767362845,1000,0,False,xgb,completion,Tryptophan,nutrition
234,1553,0.019796513551459973,0.01694495947179863,0.02238950077676986,1000,0,False,xgb,completion,Tyrosine,nutrition
235,1566,0.012830222120898462,0.006331635646398709,0.017435782770921775,1000,0,False,xgb,completion,Valine,nutrition
236,282,0.005358339258680344,-0.015566384671764598,0.024943264162369732,1000,0,False,xgb,completion,Vitamin B6 - Pyridoxin,nutrition
237,4761,0.03311715896312721,0.025527411339918392,0.04111956924209958,1000,0,False,xgb,completion,Vitamin D (D2 + D3),nutrition
238,1168,-0.005761813399289917,-0.026691989293781564,0.017410296833003148,1000,0,False,xgb,completion,Vitamin D2 (ergocalciferol),nutrition
239,5247,0.027905881266890614,0.025866864797387774,0.02995325553328006,1000,0,False,xgb,completion,Water,nutrition
241,5536,0.048691860673530415,0.04430919211392538,0.052796077366061386,1000,0,False,xgb,completion,Zinc,nutrition
242,250,-0.00963651219033924,-0.03435841117363736,0.01346372050117624,1000,0,False,xgb,completion,"cis,cis-Eicosadienoic acid (20:2n-6)",nutrition
243,70,0.010530932079000136,-0.05203611401823264,0.08183108619229183,1000,0,False,xgb,completion,cis-Docosenoic acid (22:1 cis),nutrition
244,87,-0.00939707694185714,-0.034006012882086746,0.015187580145877132,1000,0,False,xgb,completion,cis-Hexadecenoic acid (16:1 cis),nutrition
245,153,-0.0031457968717740377,-0.03361053916631522,0.024480310081124158,1000,0,False,xgb,completion,cis-Octadecenoic acid (18:1 cis),nutrition
246,108,-0.09765872018839569,-0.16051449074322519,-0.039446064751361795,1000,0,False,xgb,completion,cis-Tetracosenoic acid (24:1 cis),nutrition
247,21,0.019377078858837903,-0.026773627978649205,0.06167810482288472,1000,0,True,xgb,completion,"trans,trans-Linoleic acid (18:2 trans,trans)",nutrition
248,51,-0.04664408681541658,-0.10076607281170967,0.009609844409173701,1000,0,False,xgb,completion,trans-Docosenoic acid (22:1 trans),nutrition
249,66,-0.026081993063858475,-0.05940714204766595,0.0041278440041309355,1000,0,False,xgb,completion,trans-Hexadecenoic acid (16:1 trans),nutrition
250,75,-0.0126141671340481,-0.07137540219385591,0.04763514218353225,1000,0,False,xgb,completion,trans-Linoleic acid (18:2; isomer unspecified),nutrition
251,154,-0.033409521418696415,-0.07903018167914193,0.00907212089677578,1000,0,False,xgb,completion,trans-Octadecenoic acid (18:1 trans),nutrition
2,18,-0.03479309401492173,-0.22675912871921425,0.16961682116481613,1000,0,True,xgb,name_only,Acetic acid,food_metabolome
7,38,-0.26080201485312565,-0.4460824756614884,-0.11232200684663703,1000,0,False,xgb,name_only,Apigenin,food_metabolome
9,13,0.6826144473842596,-0.0240061253907769,1.4282595643390508,1000,0,True,xgb,name_only,Benzoic acid,food_metabolome
11,12,0.06146079503343829,-0.10155400004317809,0.24393321711833063,1000,0,True,xgb,name_only,Cadaverine,food_metabolome
12,28,0.2138584304621829,-0.06122873164929481,0.4663920258996878,1000,0,True,xgb,name_only,Caffeic acid,food_metabolome
13,1962,-0.23169677640186997,-0.2424359438876901,-0.21943765926759587,1000,0,False,xgb,name_only,Caffeine,food_metabolome
15,30,-0.0009989819418885623,-0.25966050523005496,0.23897553309627262,1000,0,False,xgb,name_only,Catechin,food_metabolome
16,755,-0.2266918292950031,-0.25976005336926294,-0.1916336219038462,1000,0,False,xgb,name_only,Choline,food_metabolome
18,52,0.05842649680727641,-0.03740739801189062,0.1476928484534039,1000,0,False,xgb,name_only,Citric acid,food_metabolome
21,12,-0.3553336406172585,-0.731477370009023,0.04158635900175718,1000,0,True,xgb,name_only,Cyanidin,food_metabolome
22,11,-0.1633205572990877,-0.5541507002847097,0.24239530371070103,1000,0,True,xgb,name_only,Daidzein,food_metabolome
24,16,-0.270484121737337,-0.7709145207232981,0.1716672289242788,1000,0,True,xgb,name_only,Delphinidin,food_metabolome
25,5,-0.2683145003393374,-1.0074254808848802,0.3885437815614073,994,6,True,xgb,name_only,Ellagic acid,food_metabolome
26,28,-0.12901312032836096,-0.34027141660876714,0.07224681200578954,1000,0,True,xgb,name_only,Epigallocatechin,food_metabolome
28,26,0.19685238008040165,-0.03977322102505329,0.44167355204954367,1000,0,True,xgb,name_only,Ferulic acid,food_metabolome
33,19,0.058069570712430185,-0.09340090666911922,0.2392147504429095,1000,0,True,xgb,name_only,Gallic acid,food_metabolome
35,27,-0.19641730530926704,-0.7142205448488078,0.2707786720584752,1000,0,True,xgb,name_only,Genistein,food_metabolome
43,17,-0.05215310636550154,-0.22143075793669814,0.13007544525022324,1000,0,True,xgb,name_only,Glycitein,food_metabolome
47,34,-0.08854949764553742,-0.35951761200522064,0.19994491731868083,1000,0,False,xgb,name_only,Histamine,food_metabolome
50,16,0.11406346399139154,-0.2053275903948047,0.4255273279285722,1000,0,True,xgb,name_only,Isorhamnetin,food_metabolome
51,57,-0.057552919302388705,-0.22222559071823567,0.10437987219817588,1000,0,False,xgb,name_only,Kaempferol,food_metabolome
52,23,-0.002053283137019678,-0.0997720578199487,0.09635042507333307,1000,0,True,xgb,name_only,Lactic acid,food_metabolome
53,4,0.5676349256920484,-0.0983178949660583,1.4338015277745166,979,21,True,xgb,name_only,Lariciresinol,food_metabolome
54,14,-0.531432998911029,-1.0173009944093805,0.034063163146375156,1000,0,True,xgb,name_only,Lutein,food_metabolome
55,44,-0.241860320319254,-0.4568602093555218,-0.005383544397637947,1000,0,False,xgb,name_only,Luteolin,food_metabolome
56,49,0.06899372607334268,-0.022400216925278302,0.15588061898192843,1000,0,False,xgb,name_only,Malic acid,food_metabolome
58,5,-0.3611754818736733,-2.771003843478969,1.1601037536359837,995,5,True,xgb,name_only,Matairesinol,food_metabolome
61,48,-0.0608108987424966,-0.1743234720034745,0.06440678871311911,1000,0,False,xgb,name_only,Myricetin,food_metabolome
62,19,0.10173273505440837,-0.2829985357170852,0.4805483202600263,1000,0,True,xgb,name_only,Naringenin,food_metabolome
65,4,0.21871969160788707,-3.5174056971541923,2.510769492854554,987,13,True,xgb,name_only,Oxalic acid,food_metabolome
66,14,-0.6196709306269129,-1.226941294888334,-0.012689609928123497,1000,0,True,xgb,name_only,Pelargonidin,food_metabolome
67,13,-0.1805433557656719,-0.4154392416666841,0.05773033674292675,1000,0,True,xgb,name_only,Peonidin,food_metabolome
72,4,0.6041800753416412,-0.20307462310146618,1.1240878876788132,979,21,True,xgb,name_only,Pinoresinol,food_metabolome
77,17,-0.999027295484436,-1.550777680478251,-0.4075449513957508,1000,0,True,xgb,name_only,Putrescine,food_metabolome
79,71,-0.14463730375931114,-0.27558056000552095,-0.012150413159730358,1000,0,False,xgb,name_only,Quercetin,food_metabolome
82,6,0.17950595604625486,0.016680730158110245,0.35529513259567763,996,4,True,xgb,name_only,Rosmarinic acid,food_metabolome
83,5,0.42687884622108613,-0.3773712232915495,1.3236996349193006,995,5,True,xgb,name_only,Secoisolariciresinol,food_metabolome
88,11,-0.06662242639969078,-0.214865253026686,0.0587923709422155,1000,0,True,xgb,name_only,Spermine,food_metabolome
90,13,0.3637723410270004,-0.12278072103679052,0.9148318985397379,1000,0,True,xgb,name_only,Syringic acid,food_metabolome
91,5,0.36233929115866526,-0.2845753561188973,1.0333037732556176,993,7,True,xgb,name_only,Tartaric acid,food_metabolome
92,9,0.19028467078155098,-0.18476326755205688,0.6048471419717356,1000,0,True,xgb,name_only,Taurine,food_metabolome
93,1928,-0.09354871777559207,-0.09834441924874979,-0.08855292857677685,1000,0,False,xgb,name_only,Theobromine,food_metabolome
96,21,-0.07939527442268705,-0.22620802756940475,0.04231022528644437,1000,0,True,xgb,name_only,Tyramine,food_metabolome
98,11,0.08680979061573102,-0.19320187287783733,0.4263889054807932,1000,0,True,xgb,name_only,Vanillic acid,food_metabolome
103,28,-0.045692920295400716,-0.18481172357344075,0.08946576365489527,1000,0,True,xgb,name_only,p-Coumaric acid,food_metabolome
104,1547,-0.19588762709038038,-0.2134566131344407,-0.17847856455688849,1000,0,False,xgb,name_only,Alanine,nutrition
105,1128,-0.05310638302360406,-0.07285363803163758,-0.03221316247798059,1000,0,False,xgb,name_only,Arachidonic acid (20:4n-6),nutrition
106,1727,-0.15477725800718864,-0.16693530585531427,-0.14277468320160125,1000,0,False,xgb,name_only,Arginine,nutrition
107,102,-0.10502243330028563,-0.21620854372607842,0.017362425075130816,1000,0,False,xgb,name_only,Ascorbic acid (vitamin C),nutrition
108,3606,0.015390232587170531,0.013899563124612057,0.016847773821952423,1000,0,False,xgb,name_only,Ash,nutrition
109,1519,-0.10384141989997775,-0.11536891553149246,-0.09246397328987073,1000,0,False,xgb,name_only,Aspartic acid,nutrition
110,756,-0.05731803567715996,-0.08367332959521018,-0.03164580517111052,1000,0,False,xgb,name_only,Available carbohydrate,nutrition
111,48,-0.22843335906401316,-0.3288333269370514,-0.12069189041133602,1000,0,False,xgb,name_only,Beta-sitosterol,nutrition
112,498,-0.21791476462999204,-0.24854240527161817,-0.1860764549444904,1000,0,False,xgb,name_only,Betaine,nutrition
113,1768,-0.05506433557183644,-0.07854110755524284,-0.03152100925447355,1000,0,False,xgb,name_only,Biotin,nutrition
114,2269,-0.012563359378709109,-0.03576844546105948,0.009888860855642645,1000,0,False,xgb,name_only,Butyric acid (4:0),nutrition
115,6878,0.022467415977794607,0.015503556374938676,0.02907398299569976,1000,0,False,xgb,name_only,Calcium,nutrition
116,36,-1.245096357376032,-1.5656158398170625,-0.8802554030540618,1000,0,False,xgb,name_only,Campesterol,nutrition
117,2524,-0.08709571268573166,-0.09687507457786895,-0.07624236806657468,1000,0,False,xgb,name_only,"Carotene, alpha",nutrition
118,3736,-0.5012006554830524,-0.5294706431669697,-0.4697202033457356,1000,0,False,xgb,name_only,"Carotene, beta",nutrition
119,15,-0.30260069290862274,-0.6681650576624636,0.090196895722541,1000,0,True,xgb,name_only,Cellulose,nutrition
120,343,-0.21400162142461784,-0.26393067459279373,-0.16930819343584672,1000,0,False,xgb,name_only,Chloride,nutrition
121,695,-0.14648376703838514,-0.20253766586539892,-0.09624676861588331,1000,0,False,xgb,name_only,Cholecalciferol (vitamin D3),nutrition
122,3992,-0.026405790970931542,-0.03295549161465165,-0.02045638532849648,1000,0,False,xgb,name_only,Cholesterol,nutrition
123,1897,-0.40510427105526575,-0.4301831726959759,-0.3798918243848752,1000,0,False,xgb,name_only,"Choline, total",nutrition
124,278,0.6996858302715708,0.4854973335620275,0.9280595940606612,1000,0,False,xgb,name_only,Chromium,nutrition
125,4402,-0.06300231565958686,-0.07349854392369937,-0.05286449304314675,1000,0,False,xgb,name_only,Cobalamin (vitamin B12),nutrition
126,98,-0.1934251114803645,-0.2952181192099831,-0.10178298470150729,1000,0,False,xgb,name_only,Conjugated linoleic acids (18:2 CLA isomers),nutrition
127,5038,0.04438356442755247,0.035433528228941885,0.053370959057491,1000,0,False,xgb,name_only,Copper,nutrition
128,2450,-0.11330823156264573,-0.12359948347265892,-0.10261075889442711,1000,0,False,xgb,name_only,"Cryptoxanthin, beta",nutrition
129,1531,-0.14384832149340107,-0.1595206387482218,-0.13000116122171712,1000,0,False,xgb,name_only,Cystine,nutrition
130,2996,-0.1531105858159149,-0.17967421309153667,-0.12811525158262327,1000,0,False,xgb,name_only,Decanoic acid (10:0),nutrition
131,2543,-0.051585848090875984,-0.06603432498742717,-0.036428330175859,1000,0,False,xgb,name_only,"Dietary fibre, total",nutrition
132,2886,-0.11070762215881155,-0.13292154631887723,-0.0905934240916456,1000,0,False,xgb,name_only,Docosahexaenoic acid (DHA; 22:6n-3),nutrition
133,1047,-0.18041727717473865,-0.21715245393970753,-0.1409588397979741,1000,0,False,xgb,name_only,Docosanoic acid (22:0),nutrition
134,2934,-0.4322121021024761,-0.4566689775214003,-0.40894868767276105,1000,0,False,xgb,name_only,Docosapentaenoic acid (DPA; 22:5n-3),nutrition
135,75,-0.8471228402328882,-0.9829281770248974,-0.7067253236777291,1000,0,False,xgb,name_only,Docosatetraenoic acid (22:4; isomer unspecified),nutrition
136,733,-1.512326976355705,-1.5700624870633177,-1.4470875975109299,1000,0,False,xgb,name_only,Docosenoic acid (22:1; cis/trans unspecified),nutrition
137,3352,-0.06616423893624335,-0.0955674062273537,-0.0354755290590197,1000,0,False,xgb,name_only,Dodecanoic acid (12:0),nutrition
138,998,-0.14100451088808139,-0.17558306797712608,-0.10347737003246682,1000,0,False,xgb,name_only,Eicosanoic acid (20:0),nutrition
139,3202,-0.04901883882498309,-0.07076372489852122,-0.025647930266169686,1000,0,False,xgb,name_only,Eicosapentaenoic acid (EPA; 20:5n-3),nutrition
140,772,-0.13599132115956447,-0.16208366757456494,-0.11148737564396494,1000,0,False,xgb,name_only,Eicosatetraenoic acid (20:4; isomer unspecified),nutrition
141,224,-0.32646236411236945,-0.3831252835479529,-0.269247419789567,1000,0,False,xgb,name_only,Eicosatrienoic acid (20:3; isomer unspecified),nutrition
142,63,-0.29724941458268284,-0.39347358589287,-0.20421589784599228,1000,0,False,xgb,name_only,Eicosatrienoic acid (20:3n-3),nutrition
143,230,-0.03379354556774332,-0.06259630490248207,-0.008834895140639627,1000,0,False,xgb,name_only,Eicosatrienoic acid (20:3n-6),nutrition
144,2654,-0.4915312331750098,-0.5193029345646176,-0.4680908521358247,1000,0,False,xgb,name_only,Eicosenoic acid (20:1; isomer unspecified),nutrition
147,3138,-0.049075799208020396,-0.05318331031582185,-0.04526921373408678,1000,0,False,xgb,name_only,Ethanol,nutrition
148,4833,-0.2464267194847135,-0.2600140951348267,-0.23366593684642745,1000,0,False,xgb,name_only,"Fat, total",nutrition
149,3886,-0.09083301804673949,-0.10430884404773036,-0.07877074207048118,1000,0,False,xgb,name_only,"Fatty acids, total monounsaturated",nutrition
150,3896,-0.08254658380708638,-0.09611515203199734,-0.06928645142708799,1000,0,False,xgb,name_only,"Fatty acids, total polyunsaturated",nutrition
151,4023,-0.06720800590327991,-0.08016549585744626,-0.0535183860672514,1000,0,False,xgb,name_only,"Fatty acids, total saturated",nutrition
152,1172,-0.04016445949695564,-0.07226252906620009,-0.007612594734965459,1000,0,False,xgb,name_only,"Fatty acids, total trans",nutrition
153,521,-0.12541695135821787,-0.17083767490834062,-0.08023620601796405,1000,0,False,xgb,name_only,"Fatty acids, total trans-monoenoic",nutrition
154,457,-0.04165443781758741,-0.08679196090494391,-0.000730658302029837,1000,0,False,xgb,name_only,"Fatty acids, total trans-polyenoic",nutrition
155,3170,-0.054100276183344176,-0.07398977975351399,-0.035869110165513106,1000,0,False,xgb,name_only,"Folate, food",nutrition
156,3886,-0.021107316781949718,-0.03418062212941818,-0.007107826350508811,1000,0,False,xgb,name_only,"Folate, total",nutrition
157,3100,-0.11258118370217979,-0.12485756388445947,-0.1005604340945495,1000,0,False,xgb,name_only,Folic acid,nutrition
158,1959,-0.10204419734736948,-0.1187418177741262,-0.0840478623816677,1000,0,False,xgb,name_only,Fructose,nutrition
159,1460,-0.007954818354200978,-0.016107588899528045,0.0007844169275263888,1000,0,False,xgb,name_only,Galactose,nutrition
160,2003,-0.11224565577192995,-0.13203684342033284,-0.09163916992020163,1000,0,False,xgb,name_only,Glucose,nutrition
161,1555,-0.07541499905462173,-0.08529371282166347,-0.06544407945023165,1000,0,False,xgb,name_only,Glutamic acid,nutrition
162,1713,-0.13853411481402217,-0.15022081784813968,-0.1262975624646789,1000,0,False,xgb,name_only,Glycine,nutrition
165,1138,-0.12647208944554042,-0.15100781403454686,-0.10045203347702011,1000,0,False,xgb,name_only,Heptadecanoic acid (17:0),nutrition
166,880,-0.18423148207310455,-0.20976307722428383,-0.157704933264519,1000,0,False,xgb,name_only,Heptadecenoic acid (17:1; isomer unspecified),nutrition
167,3436,-0.10464009197608597,-0.11855773638128668,-0.0916866347245705,1000,0,False,xgb,name_only,Hexadecanoic acid (16:0),nutrition
168,878,-0.14759405286741367,-0.1820697685953243,-0.11614902887775172,1000,0,False,xgb,name_only,Hexadecenoic acid (16:1; cis/trans unspecified),nutrition
169,2651,-0.1033304694911342,-0.12025423446011387,-0.08707594311529031,1000,0,False,xgb,name_only,Hexanoic acid (6:0),nutrition
170,1562,-0.12289307304038581,-0.1333105069328045,-0.11243640304644112,1000,0,False,xgb,name_only,Histidine,nutrition
171,299,-0.09227961705834632,-0.11304399553765493,-0.0697796044683773,1000,0,False,xgb,name_only,Hydroxyproline,nutrition
172,20,-0.05448579499273861,-0.259873580861333,0.13355028062368834,1000,0,True,xgb,name_only,Insoluble dietary fibers,nutrition
173,5716,-0.03345415239562413,-0.041577868714082054,-0.025608059597480564,1000,0,False,xgb,name_only,Iron,nutrition
174,1564,-0.10504627523595356,-0.11416680045251841,-0.09494177200276366,1000,0,False,xgb,name_only,Isoleucine,nutrition
175,15,-0.3477964574762064,-0.9095936318524808,0.22048533423834205,1000,0,True,xgb,name_only,Isomeric linoleic acids (18:2),nutrition
176,17,-1.7069695393622277,-2.669831050565463,-0.6336344170789132,1000,0,True,xgb,name_only,Isomeric linolenic acids (18:3),nutrition
177,1909,-0.013994901808080783,-0.031804165477731385,0.002821286546442313,1000,0,False,xgb,name_only,Lactose,nutrition
178,1562,-0.13165175061303205,-0.14576529102509375,-0.11841227223941612,1000,0,False,xgb,name_only,Leucine,nutrition
179,17,-0.9942108957431496,-1.565778179472787,-0.44901772462945266,1000,0,True,xgb,name_only,Lignin,nutrition
180,1345,-0.21395627582327825,-0.2441797351591812,-0.1827497632934934,1000,0,False,xgb,name_only,Linoleic acid (18:2n-6),nutrition
181,1277,-0.20002880046427315,-0.23594070560543096,-0.16418944480871708,1000,0,False,xgb,name_only,Lutein + zeaxanthin,nutrition
182,2090,-0.012505639707852742,-0.016387367882826,-0.008432959803352845,1000,0,False,xgb,name_only,Lycopene,nutrition
183,1571,-0.161714243293355,-0.17422582028558914,-0.14857939028877865,1000,0,False,xgb,name_only,Lysine,nutrition
184,6213,0.005227978746648465,-0.004604511901993606,0.014429466003520084,1000,0,False,xgb,name_only,Magnesium,nutrition
185,1924,-0.07251254450634072,-0.0911296517566945,-0.05137293571791324,1000,0,False,xgb,name_only,Maltose,nutrition
186,3266,-0.22589728233349018,-0.24651890819787237,-0.20505843811147179,1000,0,False,xgb,name_only,Manganese,nutrition
188,10,-0.0012204740513846845,-0.29688034391685497,0.3288146117124004,1000,0,True,xgb,name_only,Menaquinone-4,nutrition
189,1570,-0.12806084457240147,-0.1384037242192214,-0.11823424132226511,1000,0,False,xgb,name_only,Methionine,nutrition
190,190,-0.07649185834729198,-0.15497694552479807,0.008045543261335783,1000,0,False,xgb,name_only,Molybdenum,nutrition
191,5427,-0.20483530421219626,-0.21621671967886083,-0.1936161165450624,1000,0,False,xgb,name_only,Niacin,nutrition
192,1168,-0.3277099972971768,-0.3679254495369943,-0.28836314502782795,1000,0,False,xgb,name_only,Nicotinic acid,nutrition
193,914,-0.36590046717249086,-0.40713487826392614,-0.3248513394811991,1000,0,False,xgb,name_only,Octadecadienoic acid (18:2; isomer unspecified),nutrition
194,3429,-0.12948338951325833,-0.14323860525434998,-0.11550853177037455,1000,0,False,xgb,name_only,Octadecanoic acid (18:0),nutrition
195,719,-0.6691189503886585,-0.7045394171609242,-0.6393965133986793,1000,0,False,xgb,name_only,Octadecatetraenoic acid (18:4; isomer unspecified),nutrition
196,899,-0.21959086986405837,-0.255557242337859,-0.18606830515927922,1000,0,False,xgb,name_only,Octadecatrienoic acid (18:3; isomer unspecified),nutrition
197,912,-0.41124810479218726,-0.4505026641082258,-0.3750188540629327,1000,0,False,xgb,name_only,Octadecenoic acid (18:1; cis/trans unspecified),nutrition
198,2755,-0.16934842959943047,-0.19238990977628165,-0.1454770217197707,1000,0,False,xgb,name_only,Octanoic acid (8:0),nutrition
199,2974,-0.04102075850552979,-0.05275072816721443,-0.02908469949245188,1000,0,False,xgb,name_only,Pantothenic acid (vitamin B5),nutrition
200,1081,-0.047473138356735424,-0.07857551005684195,-0.0173790148460587,1000,0,False,xgb,name_only,Pentadecanoic acid (15:0),nutrition
201,777,-0.9640912965500829,-1.0147985168885918,-0.9201677374303521,1000,0,False,xgb,name_only,Pentadecenoic acid (15:1; isomer unspecified),nutrition
202,1573,-0.09234494556426767,-0.10299722924601903,-0.08188278595826481,1000,0,False,xgb,name_only,Phenylalanine,nutrition
203,5470,-0.030955174644345256,-0.038398684018265024,-0.02351464623971954,1000,0,False,xgb,name_only,Phosphorus,nutrition
204,66,-0.2744811153111799,-0.3718254355428137,-0.17953534728391177,1000,0,False,xgb,name_only,Phytosterols,nutrition
205,5513,0.03466218756738414,0.028332486843099736,0.041210679549094166,1000,0,False,xgb,name_only,Potassium,nutrition
206,1546,-0.05820477695138215,-0.06671574973461174,-0.050392210073692933,1000,0,False,xgb,name_only,Proline,nutrition
207,4633,-0.03628237274804077,-0.04356970670484087,-0.02959133284751065,1000,0,False,xgb,name_only,"Protein, total",nutrition
208,5057,0.031892969993262896,0.017393980392371052,0.04725763804807494,1000,0,False,xgb,name_only,Retinol,nutrition
209,4691,-0.14931362923864547,-0.15752778039792864,-0.1412668884402473,1000,0,False,xgb,name_only,Riboflavin (vitamin B2),nutrition
210,4249,-0.12250280420423285,-0.13257475738935845,-0.11243180875194317,1000,0,False,xgb,name_only,"Selenium, Se",nutrition
211,1542,-0.07304987768880077,-0.0822314116363668,-0.06298327677338653,1000,0,False,xgb,name_only,Serine,nutrition
212,4705,-0.002763067577438685,-0.011130985254667764,0.006307991017179528,1000,0,False,xgb,name_only,Sodium,nutrition
213,14,-0.33766471513859625,-0.6768697211206738,-0.02768598418715812,1000,0,True,xgb,name_only,Sorbitol,nutrition
214,1292,-0.050810899275951706,-0.07184615908478209,-0.026769347392482858,1000,0,False,xgb,name_only,Starch,nutrition
215,140,-0.4759405328411348,-0.5226926477471086,-0.42690107239793423,1000,0,False,xgb,name_only,Stearidonic acid,nutrition
216,48,-0.5893620688179636,-0.7741263438053088,-0.40412555850815707,1000,0,False,xgb,name_only,Stigmasterol,nutrition
217,1021,-0.0215911426790626,-0.05143844414992792,0.009595204388545615,1000,0,False,xgb,name_only,Sucrose,nutrition
218,3185,-0.17278127707627297,-0.18875024197404983,-0.15568236293328602,1000,0,False,xgb,name_only,"Sugars, total",nutrition
219,20,0.10646033174302205,-0.04685232048947122,0.24691218026122821,1000,0,True,xgb,name_only,Sulfur,nutrition
220,806,-0.7828766423149518,-0.8338411646376139,-0.7327917509429175,1000,0,False,xgb,name_only,Tetracosanoic acid (24:0),nutrition
221,3308,-0.04261082734877037,-0.06604811615978286,-0.020275483625819796,1000,0,False,xgb,name_only,Tetradecanoic acid (14:0),nutrition
222,1002,-0.2015171736158054,-0.2290016778503379,-0.1728854234647843,1000,0,False,xgb,name_only,Tetradecenoic acid (14:1; isomer unspecified),nutrition
223,5049,-0.07832899502746962,-0.08744275181811695,-0.06893883811552326,1000,0,False,xgb,name_only,Thiamin (vitamin B1),nutrition
224,1560,-0.11212398322635717,-0.12143203933060764,-0.10223083610118427,1000,0,False,xgb,name_only,Threonine,nutrition
225,1452,-0.02123021475464286,-0.0414771131684694,-0.0007275212359913777,1000,0,False,xgb,name_only,"Tocopherol, beta",nutrition
226,1454,-0.10532322183449784,-0.12956664190554337,-0.08192663943066475,1000,0,False,xgb,name_only,"Tocopherol, delta",nutrition
227,1548,-0.20267035618134052,-0.23862033319676598,-0.16740487723385405,1000,0,False,xgb,name_only,"Tocopherol, gamma",nutrition
228,1033,-0.06761758562970141,-0.10856722933904134,-0.02564773383781061,1000,0,False,xgb,name_only,"Tocotrienol, alpha",nutrition
229,237,0.0893250800605889,0.042542450127628445,0.13962197025601028,1000,0,False,xgb,name_only,"Tocotrienol, beta",nutrition
230,235,0.014081356265294706,-0.00037326018976707243,0.028404187324092174,1000,0,False,xgb,name_only,"Tocotrienol, delta",nutrition
231,233,-0.15170675039819256,-0.21565012261434804,-0.08038335501192538,1000,0,False,xgb,name_only,"Tocotrienol, gamma",nutrition
232,109,-0.1530610727609288,-0.17646792649518456,-0.1313905521367621,1000,0,False,xgb,name_only,Tridecanoic acid (13:0),nutrition
233,2819,-0.11559298286538398,-0.12511011969836908,-0.10572757024354502,1000,0,False,xgb,name_only,Tryptophan,nutrition
234,1553,-0.09913018733278393,-0.10859878711853012,-0.089146760135484,1000,0,False,xgb,name_only,Tyrosine,nutrition
235,1566,-0.21687236436106255,-0.2329937365294815,-0.2013984996812176,1000,0,False,xgb,name_only,Valine,nutrition
236,282,-2.516445182559226,-2.608037656591036,-2.4260687746332765,1000,0,False,xgb,name_only,Vitamin B6 - Pyridoxin,nutrition
237,4761,0.028121577158609586,0.015616638839682227,0.04120361032478802,1000,0,False,xgb,name_only,Vitamin D (D2 + D3),nutrition
238,1168,-0.13745685968484497,-0.15308607792152296,-0.1197328139197665,1000,0,False,xgb,name_only,Vitamin D2 (ergocalciferol),nutrition
239,5247,0.03316700559598041,0.02875755883046296,0.037344488070742074,1000,0,False,xgb,name_only,Water,nutrition
241,5536,-0.014348470020733034,-0.022655662889374487,-0.006336978652063525,1000,0,False,xgb,name_only,Zinc,nutrition
242,250,-0.3810509986670657,-0.4352172173573778,-0.3223361793501344,1000,0,False,xgb,name_only,"cis,cis-Eicosadienoic acid (20:2n-6)",nutrition
243,70,0.11040708535325568,-0.04457583912415269,0.24889966634005237,1000,0,False,xgb,name_only,cis-Docosenoic acid (22:1 cis),nutrition
244,87,-0.19253889604943955,-0.2633004033567218,-0.11984442847370863,1000,0,False,xgb,name_only,cis-Hexadecenoic acid (16:1 cis),nutrition
245,153,-1.0689218912078327,-1.1730382736960172,-0.9622419156689156,1000,0,False,xgb,name_only,cis-Octadecenoic acid (18:1 cis),nutrition
246,108,-1.940387652705413,-2.1014370378242373,-1.7877245640418136,1000,0,False,xgb,name_only,cis-Tetracosenoic acid (24:1 cis),nutrition
247,21,-0.3557321087397523,-0.6196306384883692,-0.08769035847479534,1000,0,True,xgb,name_only,"trans,trans-Linoleic acid (18:2 trans,trans)",nutrition
248,51,-0.19680394553375027,-0.2598303909019871,-0.12865343817300956,1000,0,False,xgb,name_only,trans-Docosenoic acid (22:1 trans),nutrition
249,66,-0.2822945816611859,-0.4004857118444523,-0.16697506582842217,1000,0,False,xgb,name_only,trans-Hexadecenoic acid (16:1 trans),nutrition
250,75,-0.7098024718938919,-0.8681565577415118,-0.5454267931017401,1000,0,False,xgb,name_only,trans-Linoleic acid (18:2; isomer unspecified),nutrition
251,154,-1.1095044553585929,-1.2432906547167533,-0.9698624030548536,1000,0,False,xgb,name_only,trans-Octadecenoic acid (18:1 trans),nutrition
2,18,0.1486703457285788,0.006177390389325056,0.2868359024363447,1000,0,True,name_knn,name_only,Acetic acid,food_metabolome
7,38,-0.13005451582759828,-0.27850263346970977,0.0035837140296773482,1000,0,False,name_knn,name_only,Apigenin,food_metabolome
9,13,0.7557068410652978,-0.01229545994512654,1.5458538720156219,1000,0,True,name_knn,name_only,Benzoic acid,food_metabolome
11,12,0.24595133412612616,-0.08237959283085107,0.651795266152575,1000,0,True,name_knn,name_only,Cadaverine,food_metabolome
12,28,0.11443591205436357,-0.13054501095048793,0.3757149345875041,1000,0,True,name_knn,name_only,Caffeic acid,food_metabolome
13,1962,0.04209024205975291,0.03080625309438979,0.05433545241870004,1000,0,False,name_knn,name_only,Caffeine,food_metabolome
15,30,-0.0016600880547953255,-0.16766489411403346,0.16713066180286995,1000,0,False,name_knn,name_only,Catechin,food_metabolome
16,755,0.16043149999312578,0.14446064096295277,0.1781379399886942,1000,0,False,name_knn,name_only,Choline,food_metabolome
18,52,0.09608815047470864,0.026913607839192128,0.16256924627819347,1000,0,False,name_knn,name_only,Citric acid,food_metabolome
21,12,-0.5094977465219958,-0.8659945592814482,-0.1290659729215194,1000,0,True,name_knn,name_only,Cyanidin,food_metabolome
22,11,-0.25849647302885204,-0.5545549993017193,0.0925226458826556,1000,0,True,name_knn,name_only,Daidzein,food_metabolome
24,16,0.13455637953041108,-0.4036099474348737,0.600409991081008,1000,0,True,name_knn,name_only,Delphinidin,food_metabolome
25,5,0.4879144732001034,-0.25655237902895417,1.1083998194494877,994,6,True,name_knn,name_only,Ellagic acid,food_metabolome
26,28,-0.17089928114597355,-0.314331143177097,-0.04224433517059731,1000,0,True,name_knn,name_only,Epigallocatechin,food_metabolome
28,26,0.1738850082626237,-0.024595645400533165,0.3663447625767514,1000,0,True,name_knn,name_only,Ferulic acid,food_metabolome
33,19,0.0029498174427610214,-0.3154023155199966,0.27073147426773214,1000,0,True,name_knn,name_only,Gallic acid,food_metabolome
35,27,0.03574512780596765,-0.39064114629022184,0.46240142732910156,1000,0,True,name_knn,name_only,Genistein,food_metabolome
43,17,-0.19653205002576934,-0.3237328808382043,-0.06207549516704177,1000,0,True,name_knn,name_only,Glycitein,food_metabolome
47,34,0.24755549145798864,0.040920808333324205,0.4503252954364553,1000,0,False,name_knn,name_only,Histamine,food_metabolome
50,16,0.13249871537170718,-0.19064111464661707,0.4532801231861481,1000,0,True,name_knn,name_only,Isorhamnetin,food_metabolome
51,57,0.02765729314713094,-0.13208741428510443,0.17809332974154365,1000,0,False,name_knn,name_only,Kaempferol,food_metabolome
52,23,0.15433693375168991,0.06719472951645894,0.23969643645640448,1000,0,True,name_knn,name_only,Lactic acid,food_metabolome
53,4,0.466432145637113,-0.2643726306480225,1.2110432182659134,979,21,True,name_knn,name_only,Lariciresinol,food_metabolome
54,14,0.367978573384296,-0.0015692138654173295,0.7279541122585732,1000,0,True,name_knn,name_only,Lutein,food_metabolome
55,44,-0.14466725715727133,-0.2755305148512162,-0.015260030389524086,1000,0,False,name_knn,name_only,Luteolin,food_metabolome
56,49,0.12981369538890278,0.04565884416304999,0.20978068080478343,1000,0,False,name_knn,name_only,Malic acid,food_metabolome
58,5,0.0032570018581893566,-0.667925913439088,0.8192031607222979,995,5,True,name_knn,name_only,Matairesinol,food_metabolome
61,48,-0.13667821880800018,-0.27417569072157794,0.008683223141399864,1000,0,False,name_knn,name_only,Myricetin,food_metabolome
62,19,-0.013987802106084177,-0.5281818027317362,0.38201378477684267,1000,0,True,name_knn,name_only,Naringenin,food_metabolome
65,4,0.4173240095874483,-0.785404621039642,1.4367195282652863,987,13,True,name_knn,name_only,Oxalic acid,food_metabolome
66,14,0.13320449257175235,-0.34228909016482345,0.583473311698406,1000,0,True,name_knn,name_only,Pelargonidin,food_metabolome
67,13,0.023319807164594145,-0.2865524264672288,0.31397075566038635,1000,0,True,name_knn,name_only,Peonidin,food_metabolome
72,4,0.5190189742914991,0.01710662465597912,1.2356208384767486,979,21,True,name_knn,name_only,Pinoresinol,food_metabolome
77,17,0.1346298443712982,-0.13527115029904418,0.4321165509638987,1000,0,True,name_knn,name_only,Putrescine,food_metabolome
79,71,-0.11772128600809463,-0.2559035558508293,0.015424002143799678,1000,0,False,name_knn,name_only,Quercetin,food_metabolome
82,6,0.12684685216269753,-0.05724267476471326,0.3727568559474097,996,4,True,name_knn,name_only,Rosmarinic acid,food_metabolome
83,5,0.4306405209488049,-0.1580953181816144,1.1388746190480235,995,5,True,name_knn,name_only,Secoisolariciresinol,food_metabolome
88,11,-0.0978949581004981,-0.20521220097833756,-0.004193497546906168,1000,0,True,name_knn,name_only,Spermine,food_metabolome
90,13,0.516705264405511,0.13158876245736031,0.9125557772332485,1000,0,True,name_knn,name_only,Syringic acid,food_metabolome
91,5,0.45336228660112354,-0.018573267937832354,1.0361922427655195,993,7,True,name_knn,name_only,Tartaric acid,food_metabolome
92,9,0.560208287128255,0.1188815781581662,1.094691323769087,1000,0,True,name_knn,name_only,Taurine,food_metabolome
93,1928,0.012167163308254302,0.0035628966161250527,0.021010937999823228,1000,0,False,name_knn,name_only,Theobromine,food_metabolome
96,21,0.05054874320515995,-0.062167142470262046,0.16671880715958287,1000,0,True,name_knn,name_only,Tyramine,food_metabolome
98,11,0.0550656639758871,-0.23759242052333815,0.4098403800406299,1000,0,True,name_knn,name_only,Vanillic acid,food_metabolome
103,28,-0.08004668559666793,-0.21994224340983215,0.050489909436393386,1000,0,True,name_knn,name_only,p-Coumaric acid,food_metabolome
104,1547,0.13334051328966884,0.1252868560556259,0.14151772014431993,1000,0,False,name_knn,name_only,Alanine,nutrition
105,1128,0.11452548284079674,0.1005674781452122,0.13005746438060406,1000,0,False,name_knn,name_only,Arachidonic acid (20:4n-6),nutrition
106,1727,0.13768487023241208,0.1287067492619077,0.14724226787265746,1000,0,False,name_knn,name_only,Arginine,nutrition
107,102,0.08512113081087501,0.0006277630209219192,0.17633221666513463,1000,0,False,name_knn,name_only,Ascorbic acid (vitamin C),nutrition
108,3606,0.45957927857173575,0.4434863392425089,0.47538377309808166,1000,0,False,name_knn,name_only,Ash,nutrition
109,1519,0.13754926300104853,0.12883436325135644,0.1465373026814951,1000,0,False,name_knn,name_only,Aspartic acid,nutrition
110,756,0.15702634408264118,0.13736510137650587,0.17852801346363553,1000,0,False,name_knn,name_only,Available carbohydrate,nutrition
111,48,0.05709572514738446,0.005999897085158905,0.10612859034166766,1000,0,False,name_knn,name_only,Beta-sitosterol,nutrition
112,498,0.1068916052043177,0.07855419888862593,0.1335129158523969,1000,0,False,name_knn,name_only,Betaine,nutrition
113,1768,0.18092910252620537,0.15837896604816495,0.20316013758824822,1000,0,False,name_knn,name_only,Biotin,nutrition
114,2269,0.1662295699918238,0.14893700454547756,0.18313231085426898,1000,0,False,name_knn,name_only,Butyric acid (4:0),nutrition
115,6878,0.18252670762534584,0.173919987869851,0.1919938348226973,1000,0,False,name_knn,name_only,Calcium,nutrition
116,36,0.15737202135901074,-0.0004855162618387042,0.3116282819920361,1000,0,False,name_knn,name_only,Campesterol,nutrition
117,2524,0.04357052328069192,0.025700436052003936,0.062309930202458355,1000,0,False,name_knn,name_only,"Carotene, alpha",nutrition
118,3736,0.3815443748126769,0.35920196047416125,0.4046083198836673,1000,0,False,name_knn,name_only,"Carotene, beta",nutrition
119,15,0.14356816730332606,-0.22896798247236247,0.45751913480647105,1000,0,True,name_knn,name_only,Cellulose,nutrition
120,343,0.19107958078792864,0.14653543497848173,0.237925455034817,1000,0,False,name_knn,name_only,Chloride,nutrition
121,695,0.15396869212463846,0.12146351153148777,0.1920122289715539,1000,0,False,name_knn,name_only,Cholecalciferol (vitamin D3),nutrition
122,3992,0.08800398114533896,0.08163017299696869,0.09517506272081769,1000,0,False,name_knn,name_only,Cholesterol,nutrition
123,1897,0.15238043430359224,0.143085274343047,0.16336581875788825,1000,0,False,name_knn,name_only,"Choline, total",nutrition
124,278,2.8323827406168887,2.5803111477411145,3.0761051149654244,1000,0,False,name_knn,name_only,Chromium,nutrition
125,4402,0.14913214150402063,0.1395149718755262,0.16039858231802928,1000,0,False,name_knn,name_only,Cobalamin (vitamin B12),nutrition
126,98,-0.14022638729281425,-0.2086240276200604,-0.06968681112454675,1000,0,False,name_knn,name_only,Conjugated linoleic acids (18:2 CLA isomers),nutrition
127,5038,0.17903310231384562,0.16977938649398264,0.18891630428653927,1000,0,False,name_knn,name_only,Copper,nutrition
128,2450,0.029990920380537897,0.013717938443157855,0.0472090881994861,1000,0,False,name_knn,name_only,"Cryptoxanthin, beta",nutrition
129,1531,0.1340145506623628,0.12668248327530243,0.1419440003078546,1000,0,False,name_knn,name_only,Cystine,nutrition
130,2996,0.25750004864187737,0.23742657886658106,0.27697228376334987,1000,0,False,name_knn,name_only,Decanoic acid (10:0),nutrition
131,2543,0.17408601050215297,0.16281243801843664,0.1848737234323344,1000,0,False,name_knn,name_only,"Dietary fibre, total",nutrition
132,2886,0.16817340723370416,0.15334418734205507,0.18323747174777918,1000,0,False,name_knn,name_only,Docosahexaenoic acid (DHA; 22:6n-3),nutrition
133,1047,0.2787824897657036,0.24928239585979375,0.30883312396015977,1000,0,False,name_knn,name_only,Docosanoic acid (22:0),nutrition
134,2934,0.12956556143923945,0.11814898933357769,0.1406662997737485,1000,0,False,name_knn,name_only,Docosapentaenoic acid (DPA; 22:5n-3),nutrition
135,75,0.003298425990467795,-0.040395217839871635,0.0482702532862318,1000,0,False,name_knn,name_only,Docosatetraenoic acid (22:4; isomer unspecified),nutrition
136,733,0.08834958393024034,0.05940775629066959,0.12071876534653465,1000,0,False,name_knn,name_only,Docosenoic acid (22:1; cis/trans unspecified),nutrition
137,3352,0.3621868472579742,0.3370495744058751,0.3878023594424261,1000,0,False,name_knn,name_only,Dodecanoic acid (12:0),nutrition
138,998,0.28814920998818916,0.260163344651585,0.31479290939751325,1000,0,False,name_knn,name_only,Eicosanoic acid (20:0),nutrition
139,3202,0.13863832625492856,0.1234449052918827,0.15504385203330498,1000,0,False,name_knn,name_only,Eicosapentaenoic acid (EPA; 20:5n-3),nutrition
140,772,0.09258893197993844,0.07705640940157776,0.10789113905954799,1000,0,False,name_knn,name_only,Eicosatetraenoic acid (20:4; isomer unspecified),nutrition
141,224,0.10240693349035905,0.07140164404797933,0.1370645374331747,1000,0,False,name_knn,name_only,Eicosatrienoic acid (20:3; isomer unspecified),nutrition
142,63,0.04088262614213726,-0.09643580681460723,0.18401504531376894,1000,0,False,name_knn,name_only,Eicosatrienoic acid (20:3n-3),nutrition
143,230,0.12328758183761188,0.08478911726550475,0.16392677785483664,1000,0,False,name_knn,name_only,Eicosatrienoic acid (20:3n-6),nutrition
144,2654,0.19174138661945753,0.17592652796100877,0.20726421016122726,1000,0,False,name_knn,name_only,Eicosenoic acid (20:1; isomer unspecified),nutrition
147,3138,0.0069969128390865165,0.0037662506234821817,0.010733292652176443,1000,0,False,name_knn,name_only,Ethanol,nutrition
148,4833,0.19507175699044987,0.1871715289682967,0.20318007487853584,1000,0,False,name_knn,name_only,"Fat, total",nutrition
149,3886,0.1846365634041043,0.17493874216031774,0.19414739387627514,1000,0,False,name_knn,name_only,"Fatty acids, total monounsaturated",nutrition
150,3896,0.18715775247745708,0.176089223177041,0.19752979429164266,1000,0,False,name_knn,name_only,"Fatty acids, total polyunsaturated",nutrition
151,4023,0.2053256844654242,0.1946650740886399,0.21537064258623684,1000,0,False,name_knn,name_only,"Fatty acids, total saturated",nutrition
152,1172,0.1989332520524479,0.17782470363581185,0.2186125618148861,1000,0,False,name_knn,name_only,"Fatty acids, total trans",nutrition
153,521,0.13840236583744092,0.11002151987152932,0.16910070500356822,1000,0,False,name_knn,name_only,"Fatty acids, total trans-monoenoic",nutrition
154,457,0.2351377707813162,0.2038034827422252,0.26695557181170154,1000,0,False,name_knn,name_only,"Fatty acids, total trans-polyenoic",nutrition
155,3170,0.22089089522778368,0.21006110195343017,0.23238188251107686,1000,0,False,name_knn,name_only,"Folate, food",nutrition
156,3886,0.23205525209374625,0.21984568838701787,0.24413247078525824,1000,0,False,name_knn,name_only,"Folate, total",nutrition
157,3100,0.21217297816538264,0.19811548344784027,0.22557107878470753,1000,0,False,name_knn,name_only,Folic acid,nutrition
158,1959,0.11065755440022475,0.09466107539639441,0.12718160304796344,1000,0,False,name_knn,name_only,Fructose,nutrition
159,1460,0.04457752689010184,0.021644330350764955,0.06825891025688947,1000,0,False,name_knn,name_only,Galactose,nutrition
160,2003,0.1129305861250951,0.09702449428486197,0.12826394974968927,1000,0,False,name_knn,name_only,Glucose,nutrition
161,1555,0.13229890899680022,0.12495683292070214,0.1404750373584998,1000,0,False,name_knn,name_only,Glutamic acid,nutrition
162,1713,0.13695581046465308,0.12796094639146766,0.14577386738501916,1000,0,False,name_knn,name_only,Glycine,nutrition
165,1138,0.1412942240554543,0.12112291937476463,0.16224779214973226,1000,0,False,name_knn,name_only,Heptadecanoic acid (17:0),nutrition
166,880,0.12073572826285876,0.0994693722062109,0.14366495152823736,1000,0,False,name_knn,name_only,Heptadecenoic acid (17:1; isomer unspecified),nutrition
167,3436,0.1732827169767595,0.16322176247713666,0.1832270669193312,1000,0,False,name_knn,name_only,Hexadecanoic acid (16:0),nutrition
168,878,0.17922261616025167,0.15570183516562683,0.20381068662071772,1000,0,False,name_knn,name_only,Hexadecenoic acid (16:1; cis/trans unspecified),nutrition
169,2651,0.145441028111326,0.1319214053500969,0.1581623554805783,1000,0,False,name_knn,name_only,Hexanoic acid (6:0),nutrition
170,1562,0.15649153831927246,0.1480961683207756,0.16506706866445733,1000,0,False,name_knn,name_only,Histidine,nutrition
171,299,0.17295245217167296,0.1474567877415417,0.19798003200528205,1000,0,False,name_knn,name_only,Hydroxyproline,nutrition
172,20,0.16593634672035912,0.016963930509495167,0.33338802102998233,1000,0,True,name_knn,name_only,Insoluble dietary fibers,nutrition
173,5716,0.18533653205065814,0.17634121377964226,0.19512689263199168,1000,0,False,name_knn,name_only,Iron,nutrition
174,1564,0.13780295314174398,0.12978526029537985,0.1460421293774315,1000,0,False,name_knn,name_only,Isoleucine,nutrition
175,15,0.13833186650904278,-0.14918430458471368,0.3872993880630171,1000,0,True,name_knn,name_only,Isomeric linoleic acids (18:2),nutrition
176,17,-0.15165399719662914,-0.3542991061360303,0.07175505963716047,1000,0,True,name_knn,name_only,Isomeric linolenic acids (18:3),nutrition
177,1909,0.11349434913817613,0.09965411004658585,0.12693975954011538,1000,0,False,name_knn,name_only,Lactose,nutrition
178,1562,0.14540329689849085,0.13743733142671594,0.15382510871583,1000,0,False,name_knn,name_only,Leucine,nutrition
179,17,1.1173890360279277,0.42383115915546665,1.8134120012189816,1000,0,True,name_knn,name_only,Lignin,nutrition
180,1345,0.1574952144888514,0.13955369440291912,0.17487893002358396,1000,0,False,name_knn,name_only,Linoleic acid (18:2n-6),nutrition
181,1277,0.20027579779836296,0.17137846902615814,0.22886671114899557,1000,0,False,name_knn,name_only,Lutein + zeaxanthin,nutrition
182,2090,0.03926817762168683,0.02668188692272291,0.05107974354366303,1000,0,False,name_knn,name_only,Lycopene,nutrition
183,1571,0.1700228042759714,0.16080508876855437,0.1790955942026631,1000,0,False,name_knn,name_only,Lysine,nutrition
184,6213,0.1616654652229449,0.1550075440413124,0.16903326987783385,1000,0,False,name_knn,name_only,Magnesium,nutrition
185,1924,0.14484779435319967,0.12662256770692495,0.16459895419727072,1000,0,False,name_knn,name_only,Maltose,nutrition
186,3266,0.2188170971822281,0.20554952430257706,0.23456454906232152,1000,0,False,name_knn,name_only,Manganese,nutrition
188,10,0.14169109185465942,-0.029354458933425004,0.35905712224835873,1000,0,True,name_knn,name_only,Menaquinone-4,nutrition
189,1570,0.14971907343632757,0.1409583215791473,0.1582412379502979,1000,0,False,name_knn,name_only,Methionine,nutrition
190,190,0.25012198278213893,0.1914499207101634,0.31813142012633017,1000,0,False,name_knn,name_only,Molybdenum,nutrition
191,5427,0.16345561481280058,0.15476321285219793,0.17175852622081253,1000,0,False,name_knn,name_only,Niacin,nutrition
192,1168,0.19205349595677013,0.17298401432946714,0.2105322607913862,1000,0,False,name_knn,name_only,Nicotinic acid,nutrition
193,914,0.1433573629088947,0.11992658960616229,0.1657541233939371,1000,0,False,name_knn,name_only,Octadecadienoic acid (18:2; isomer unspecified),nutrition
194,3429,0.17799549808777435,0.1670095667339439,0.18926222759717795,1000,0,False,name_knn,name_only,Octadecanoic acid (18:0),nutrition
195,719,0.04021661713345715,0.023502997625634674,0.05671575678659351,1000,0,False,name_knn,name_only,Octadecatetraenoic acid (18:4; isomer unspecified),nutrition
196,899,0.12676787314439295,0.10541188989358587,0.14748180311807452,1000,0,False,name_knn,name_only,Octadecatrienoic acid (18:3; isomer unspecified),nutrition
197,912,0.14244285867463602,0.12310493224994772,0.16181565634630027,1000,0,False,name_knn,name_only,Octadecenoic acid (18:1; cis/trans unspecified),nutrition
198,2755,0.2272225069354124,0.20769402667366776,0.24518875602012807,1000,0,False,name_knn,name_only,Octanoic acid (8:0),nutrition
199,2974,0.19629495842856093,0.18708426716653312,0.20687192421530062,1000,0,False,name_knn,name_only,Pantothenic acid (vitamin B5),nutrition
200,1081,0.19542471414205861,0.17195655554307251,0.2201669383026928,1000,0,False,name_knn,name_only,Pentadecanoic acid (15:0),nutrition
201,777,0.028985811346419064,0.009459806078756485,0.050198219840857615,1000,0,False,name_knn,name_only,Pentadecenoic acid (15:1; isomer unspecified),nutrition
202,1573,0.13773057779805814,0.12977472902329945,0.14558235431626712,1000,0,False,name_knn,name_only,Phenylalanine,nutrition
203,5470,0.1544242793261403,0.14834538929271412,0.16033515162349254,1000,0,False,name_knn,name_only,Phosphorus,nutrition
204,66,0.08847493293764679,0.023092940130959777,0.14672735658499175,1000,0,False,name_knn,name_only,Phytosterols,nutrition
205,5513,0.14806553142239154,0.14144423981191523,0.1544715402065305,1000,0,False,name_knn,name_only,Potassium,nutrition
206,1546,0.13885602112556927,0.13091972193516832,0.1469514069810763,1000,0,False,name_knn,name_only,Proline,nutrition
207,4633,0.15992785744673574,0.154109490385469,0.16590819157608633,1000,0,False,name_knn,name_only,"Protein, total",nutrition
208,5057,0.18521633873690382,0.1714815154078775,0.19798974495228788,1000,0,False,name_knn,name_only,Retinol,nutrition
209,4691,0.150275393880217,0.14094334052814228,0.15980097695799303,1000,0,False,name_knn,name_only,Riboflavin (vitamin B2),nutrition
210,4249,0.19449253360828508,0.1835154320032223,0.20537711687529545,1000,0,False,name_knn,name_only,"Selenium, Se",nutrition
211,1542,0.13704402918756955,0.1287311253363749,0.14554337446634968,1000,0,False,name_knn,name_only,Serine,nutrition
212,4705,0.1796905834760953,0.16751305631074812,0.19232656344456775,1000,0,False,name_knn,name_only,Sodium,nutrition
213,14,-0.008277429046091736,-0.1924725117011225,0.2553423113470145,1000,0,True,name_knn,name_only,Sorbitol,nutrition
214,1292,0.1870798433909029,0.17002230240461072,0.20528577349772748,1000,0,False,name_knn,name_only,Starch,nutrition
215,140,0.11302197906359719,0.08349702002107934,0.14933530289905056,1000,0,False,name_knn,name_only,Stearidonic acid,nutrition
216,48,0.1624308643247817,0.06458648637402258,0.2587925873540076,1000,0,False,name_knn,name_only,Stigmasterol,nutrition
217,1021,0.15311322652912954,0.12686473500492235,0.18137350718079587,1000,0,False,name_knn,name_only,Sucrose,nutrition
218,3185,0.15909724500295547,0.1489963497689411,0.17013049995435423,1000,0,False,name_knn,name_only,"Sugars, total",nutrition
219,20,0.07863197503916196,-0.04300392666352455,0.2059039249572591,1000,0,True,name_knn,name_only,Sulfur,nutrition
220,806,0.3032343264600718,0.2730168226457825,0.3348235291508572,1000,0,False,name_knn,name_only,Tetracosanoic acid (24:0),nutrition
221,3308,0.2670339338041835,0.24811813711696182,0.283971675089812,1000,0,False,name_knn,name_only,Tetradecanoic acid (14:0),nutrition
222,1002,0.1345740721454362,0.11405876910726409,0.15602432769995933,1000,0,False,name_knn,name_only,Tetradecenoic acid (14:1; isomer unspecified),nutrition
223,5049,0.17767491157929824,0.16864176643871479,0.18736032085521323,1000,0,False,name_knn,name_only,Thiamin (vitamin B1),nutrition
224,1560,0.14108739630327083,0.13261274407488632,0.14904974940097837,1000,0,False,name_knn,name_only,Threonine,nutrition
225,1452,0.13957606020017818,0.12235660937115128,0.15796967054976466,1000,0,False,name_knn,name_only,"Tocopherol, beta",nutrition
226,1454,0.15970636070467145,0.1337904343142244,0.1843277175908693,1000,0,False,name_knn,name_only,"Tocopherol, delta",nutrition
227,1548,0.2398225677409928,0.21305675137738483,0.2652529135009435,1000,0,False,name_knn,name_only,"Tocopherol, gamma",nutrition
228,1033,0.2050299393266634,0.17557224699097274,0.2341457162794046,1000,0,False,name_knn,name_only,"Tocotrienol, alpha",nutrition
229,237,0.09989339672745016,0.06145845683205494,0.14368383953398917,1000,0,False,name_knn,name_only,"Tocotrienol, beta",nutrition
230,235,0.009575367920401628,-0.009882408608984514,0.027118845148553308,1000,0,False,name_knn,name_only,"Tocotrienol, delta",nutrition
231,233,0.08030342583442786,0.025368515446007392,0.1354109419417181,1000,0,False,name_knn,name_only,"Tocotrienol, gamma",nutrition
232,109,0.007143255039393082,-0.030565057829424307,0.04746082635167352,1000,0,False,name_knn,name_only,Tridecanoic acid (13:0),nutrition
233,2819,0.1231757840620256,0.11654673958323347,0.12973264747792415,1000,0,False,name_knn,name_only,Tryptophan,nutrition
234,1553,0.14079533842672787,0.1329889554812703,0.14893144424138982,1000,0,False,name_knn,name_only,Tyrosine,nutrition
235,1566,0.14057144729258328,0.13221396402099628,0.14912977815537565,1000,0,False,name_knn,name_only,Valine,nutrition
236,282,0.09767426685758673,0.06857066574617107,0.12861946767255295,1000,0,False,name_knn,name_only,Vitamin B6 - Pyridoxin,nutrition
237,4761,0.15734856662967084,0.1462684431223933,0.16815914420776076,1000,0,False,name_knn,name_only,Vitamin D (D2 + D3),nutrition
238,1168,-0.009828560585728438,-0.032700115543345724,0.015728013432117407,1000,0,False,name_knn,name_only,Vitamin D2 (ergocalciferol),nutrition
239,5247,0.1760780471101672,0.17113619721875928,0.18105400669801627,1000,0,False,name_knn,name_only,Water,nutrition
241,5536,0.19277841068047036,0.1849353942312944,0.20045811206025704,1000,0,False,name_knn,name_only,Zinc,nutrition
242,250,0.0813123084263202,0.05209722373667318,0.11079379415639021,1000,0,False,name_knn,name_only,"cis,cis-Eicosadienoic acid (20:2n-6)",nutrition
243,70,0.14273605295610906,0.045627606104613555,0.2358651516916571,1000,0,False,name_knn,name_only,cis-Docosenoic acid (22:1 cis),nutrition
244,87,0.06524644880457202,0.018345847623537217,0.11681103990265795,1000,0,False,name_knn,name_only,cis-Hexadecenoic acid (16:1 cis),nutrition
245,153,0.04615485111260307,-4.578499714806527e-05,0.08571231519060041,1000,0,False,name_knn,name_only,cis-Octadecenoic acid (18:1 cis),nutrition
246,108,-0.011038821416901665,-0.08081229886108886,0.05169887743813896,1000,0,False,name_knn,name_only,cis-Tetracosenoic acid (24:1 cis),nutrition
247,21,0.18287993047613632,0.0344593365986205,0.3541740253186644,1000,0,True,name_knn,name_only,"trans,trans-Linoleic acid (18:2 trans,trans)",nutrition
248,51,-0.031489721468020614,-0.07698558962376621,0.01906994627070226,1000,0,False,name_knn,name_only,trans-Docosenoic acid (22:1 trans),nutrition
249,66,0.01856059519051214,-0.042493247939402234,0.07278623273597386,1000,0,False,name_knn,name_only,trans-Hexadecenoic acid (16:1 trans),nutrition
250,75,0.026816399171607892,-0.024836070449608883,0.07067296275276735,1000,0,False,name_knn,name_only,trans-Linoleic acid (18:2; isomer unspecified),nutrition
251,154,0.04906265673588636,-0.02309010313517926,0.11179986143706004,1000,0,False,name_knn,name_only,trans-Octadecenoic acid (18:1 trans),nutrition
