axis_index,scaled_log_mae,log_mae,log_mse,raw_mae,positive_scaled_log_mae,zero_scaled_log_mae,candidate_support,canonical_name,loss_group,method,partition
2,0.03918996159674531,0.021566237376717475,0.0025572697413899035,0.08327005632729399,0.04108233787170255,0.007019564922472343,54,Acetic acid,food_metabolome,mae,train
7,0.24613986337669086,0.01060890924178792,0.013610534774697711,0.023794234981445707,0.7912014381252782,0.0026790266556552247,217,Apigenin,food_metabolome,mae,train
9,0.12272292956976387,0.002349995471582569,0.0001472839518081206,0.0025423306594150917,0.12316052008108624,0.1167716986157794,73,Benzoic acid,food_metabolome,mae,train
11,0.08822767418258934,0.0016800526446309689,3.2700630230002546e-05,0.0017636629408551963,0.08956445712474978,0.0,67,Cadaverine,food_metabolome,mae,train
12,0.28445547166225543,0.013926502745429791,0.00523477936393378,0.021640105529955635,0.32563037456536226,0.05237874620838063,146,Caffeic acid,food_metabolome,mae,train
13,0.08081813694876269,0.003785585086723746,0.0030816194403529055,0.006390017284954029,0.9609464353896895,4.4319195035798965e-06,10892,Caffeine,food_metabolome,mae,train
15,0.08161427126731201,0.005741216567142129,0.002124062974608633,0.00833759746632233,0.12960049776787125,0.002027359022482052,109,Catechin,food_metabolome,mae,train
16,0.1221820518491722,0.008523436940861204,0.0005616796859110671,0.009740984198061005,0.1221992407017285,0.12136792528718746,4256,Choline,food_metabolome,mae,train
18,0.08232302935414541,0.03983876758238304,0.007152808133540292,0.08565592167237461,0.08117440713763015,0.42346382765918206,298,Citric acid,food_metabolome,mae,train
21,0.20764334629188172,0.010628142637959056,0.0019930779486333114,0.013343995313523394,0.32219954183462235,1.0241870664316228e-05,90,Cyanidin,food_metabolome,mae,train
22,0.07902508653511514,0.0012172344258097692,1.0071328976909903e-05,0.0012502664604525447,0.08261713592307492,0.0,46,Daidzein,food_metabolome,mae,train
24,0.13831047843204897,0.0022776453166267418,6.0830502247558876e-05,0.002478802440618222,0.24967355360210164,0.00022026522118365953,56,Delphinidin,food_metabolome,mae,train
25,0.07543808879742793,0.0027646811139342793,5.893041706476448e-05,0.002973684223109602,0.12055431688812293,0.0002443753129362616,32,Ellagic acid,food_metabolome,mae,train
26,0.29892725968529044,0.006050743044359106,0.002741692765019489,0.007724545372820973,0.9937589894176991,7.490281113609962e-05,133,Epigallocatechin,food_metabolome,mae,train
28,0.1168056048017613,0.001585140918935688,2.1588712163807588e-05,0.0016574798010965354,0.1321809979412817,0.03783199458513386,135,Ferulic acid,food_metabolome,mae,train
33,0.17303005838462407,0.009098506815443686,0.005429907503119184,0.014072032052761464,0.2314779970950011,0.04569704905130261,89,Gallic acid,food_metabolome,mae,train
35,0.13394780089067507,0.0019749541404488775,3.811513237732803e-05,0.002061815672792033,0.1365044274517071,0.06065783947442397,89,Genistein,food_metabolome,mae,train
43,0.054809863151865604,0.00022296420722206893,3.980334844739825e-07,0.00022426366869915306,0.09676839048413603,0.0008631851532322,64,Glycitein,food_metabolome,mae,train
47,0.15756908589188165,0.00048321620158582823,2.935680983451178e-06,0.0004863331822968965,0.16147363990867594,0.03913094738245451,188,Histamine,food_metabolome,mae,train
50,0.16194479888330413,0.0036981751492813036,0.000488293175892496,0.004194246374016116,0.373443232080863,0.001362655159231679,95,Isorhamnetin,food_metabolome,mae,train
51,0.1314929297321625,0.001299716430656268,4.8229448746024133e-05,0.0014253454869758556,0.235870848365036,0.00492442997261518,281,Kaempferol,food_metabolome,mae,train
52,0.04013988229030323,0.0334501066430766,0.002856978407972489,0.06557502277251837,0.04183593365468224,0.0,74,Lactic acid,food_metabolome,mae,train
53,0.06357599797422883,0.00016302857978262971,5.901242641464568e-07,0.0001650739455092492,0.07030803252899782,0.00747571001782056,28,Lariciresinol,food_metabolome,mae,train
54,0.07413368838039726,0.0034784042756719614,0.0006542554262322438,0.004167115738360611,0.07413368838039726,,70,Lutein,food_metabolome,mae,train
55,0.18756917246885327,0.00493142170353821,0.0016508244809168495,0.006245756482711047,0.3981998731571305,0.0011092079251324573,230,Luteolin,food_metabolome,mae,train
56,0.081198408802371,0.03396948815735498,0.0050848152951213895,0.05575194659563335,0.081198408802371,,296,Malic acid,food_metabolome,mae,train
58,0.10789051245345259,0.0011719804176731487,1.5749673085754295e-05,0.0012012545307047591,0.18474613972399725,0.0035864468719991128,33,Matairesinol,food_metabolome,mae,train
61,0.16937433260435386,0.0006510591503916407,1.998666151460611e-05,0.0006624910871219488,0.3709848242456277,0.0002816621955435368,228,Myricetin,food_metabolome,mae,train
62,0.10970199247712124,0.019745378391281126,0.026048700994194297,0.04771140277211789,0.5042480991301252,0.0010588616596273817,88,Naringenin,food_metabolome,mae,train
65,0.15409039981772446,0.03740617708564498,0.005077005895991951,0.0570517802945457,0.15409039981772446,,20,Oxalic acid,food_metabolome,mae,train
66,0.19786395263377285,0.001375641603061055,5.126348637081001e-05,0.0014170247055592074,0.3953125612778972,0.0004153439896485016,52,Pelargonidin,food_metabolome,mae,train
67,0.08899216344396736,0.0005587330595350432,3.1993849862641906e-06,0.0005684477601363993,0.1827504242511768,0.002446076545004802,50,Peonidin,food_metabolome,mae,train
72,0.12014261218810493,0.0008508956848926347,1.0336761964859717e-05,0.0008682583976464755,0.13969212752035154,0.0028455201946252593,28,Pinoresinol,food_metabolome,mae,train
77,0.11934448599575166,0.0025518921015985343,5.421194849507227e-05,0.00272843571333577,0.11934448599575166,,84,Putrescine,food_metabolome,mae,train
79,0.16657185978105138,0.014387308936017237,0.02614478002506364,0.05534929625120902,0.21948136693992468,0.020614598653124983,327,Quercetin,food_metabolome,mae,train
82,0.050301376630759065,0.0457416164308426,0.006594221551032798,0.15901420137829067,0.07185910947251295,0.0,30,Rosmarinic acid,food_metabolome,mae,train
83,0.39654561792630927,0.007190816486247449,0.0016348854487975351,0.00807817359339446,0.4834254411370065,0.02006638401328831,32,Secoisolariciresinol,food_metabolome,mae,train
88,0.02454811860809433,0.00012666221728249935,4.369784138519005e-08,0.00012711772289709998,0.024144138155880436,0.04474714121878888,51,Spermine,food_metabolome,mae,train
90,0.1250397912232404,0.0006076046693601989,4.4288527859330595e-06,0.00062022766415708,0.17568100301073428,0.0017394494797770914,79,Syringic acid,food_metabolome,mae,train
91,0.07995976149918234,0.05423185798741786,0.021404621379702626,0.5446482982761288,0.08265375911985315,0.01799781622375374,24,Tartaric acid,food_metabolome,mae,train
92,0.09044917883380997,0.012504891524106911,0.0011282548545597602,0.016005769820828342,0.09044917883380997,,23,Taurine,food_metabolome,mae,train
93,0.046911213415809734,0.0064334723300274056,0.0020952547012369053,0.0077822509066851715,0.809053387192106,0.00012953011887586273,10738,Theobromine,food_metabolome,mae,train
96,0.08568715402778053,0.0013344585342583827,1.7460322259136594e-05,0.0013763204262507637,0.09374910759709036,0.005800523204619465,120,Tyramine,food_metabolome,mae,train
98,0.10891592513487766,0.0006767653470079615,5.790163525498285e-06,0.0006977895445738152,0.1359569356797682,0.012770109864155797,82,Vanillic acid,food_metabolome,mae,train
103,0.13490809512329718,0.0009408417856953718,8.549664271159231e-06,0.0009614893370675818,0.16553404270085476,0.01955035924783035,143,p-Coumaric acid,food_metabolome,mae,train
104,0.046105326159165405,0.0356986834738463,0.00614114749221864,0.07552292486926371,0.046643718385603467,0.006249437925797842,8576,Alanine,nutrition,mae,train
105,0.13502725044542183,0.013796894165577044,0.0015936880694730987,0.01595531885529986,0.2197629891108966,0.03736951488486799,6814,Arachidonic acid (20:4n-6),nutrition,mae,train
106,0.06583848638281302,0.05400399659539232,0.011864720968076298,0.11499641907319333,0.06479855396455558,0.09534068761808252,9593,Arginine,nutrition,mae,train
107,0.11986514570602884,0.004488836567588304,0.00030223707682861526,0.005216648237705517,0.1869640588695068,0.012981921197833873,586,Ascorbic acid (vitamin C),nutrition,mae,train
108,0.10463367028551676,0.1089925884407404,0.044027338490077166,0.4327474318541474,0.10539086136260276,0.05254451285007628,20257,Ash,nutrition,mae,train
109,0.046909114870772685,0.04888423539464088,0.007129623032785254,0.11162218703804141,0.047336095929784494,0.013921605838693089,8432,Aspartic acid,nutrition,mae,train
110,0.07753102531494886,0.19668903815942343,0.13216800981302357,2.532754092941884,0.0837197885306824,0.015691869109694737,4210,Available carbohydrate,nutrition,mae,train
111,0.04022677497483885,0.007656669379211497,0.0004142721072277942,0.00927721183344374,0.056079471173578956,0.0013876692879255957,207,Beta-sitosterol,nutrition,mae,train
112,0.1541599943294235,0.005236922371653271,0.0008676043748257443,0.005864874675659757,0.15442756030077803,0.14672389004219547,2764,Betaine,nutrition,mae,train
113,0.2937283426429021,0.0001031627791036443,5.14653596818419e-06,0.00010594434269669059,0.2981195397635335,0.26598243799106974,9884,Biotin,nutrition,mae,train
114,0.0815808889323822,0.011213854900283248,0.0017065029836632823,0.01602363969467832,0.20339843567861218,0.01758818338778679,12666,Butyric acid (4:0),nutrition,mae,train
115,0.30480372236083014,0.03210959000570267,0.007758511633712503,0.04172419023382824,0.30558375460979603,0.2629543599768225,39116,Calcium,nutrition,mae,train
116,0.05395174421484129,0.0026557392505701916,0.00010505441845207181,0.0030223871710534167,0.0642629461032068,0.001290963142117459,171,Campesterol,nutrition,mae,train
117,0.23521933069374962,3.948507548662867e-05,9.75675116107416e-08,3.953508017358731e-05,1.0867371801671883,0.007844946068465085,13702,"Carotene, alpha",nutrition,mae,train
118,0.3616449460941462,0.00044298164558222646,0.0006404471511580625,0.0020626647512389283,0.5709468516105598,0.05687592323290048,20968,"Carotene, beta",nutrition,mae,train
119,0.07406257439024151,0.06658381313379431,0.013140923140892527,0.5040660430604349,0.07053002575459472,0.3142758816142231,69,Cellulose,nutrition,mae,train
120,0.13695729817374455,0.05700616912995633,0.010396787641439966,0.14188083379407493,0.13574958128902492,0.26148632806483607,1874,Chloride,nutrition,mae,train
121,0.16506428847927715,4.670833749636844e-07,4.057599893565441e-11,4.671234410911334e-07,0.25007230194156155,0.060196551419078766,3865,Cholecalciferol (vitamin D3),nutrition,mae,train
122,0.11584719014337957,0.03015887233447974,0.0633948029481216,0.18395291802703806,0.1880797480186665,0.007294724173992138,22719,Cholesterol,nutrition,mae,train
123,0.11951079521996891,0.007547173553604769,0.0003155058516663379,0.008334252305501057,0.12009081792583706,0.09884547235568791,10549,"Choline, total",nutrition,mae,train
124,0.2117326247871698,1.7028874958315314e-05,1.946393603866101e-08,1.7058586846013592e-05,0.2834648509349328,0.04712375920313837,1560,Chromium,nutrition,mae,train
125,0.16628699840068795,7.338333232229612e-07,3.443796893675091e-11,7.33857354329765e-07,0.2588288152281305,0.01398475229944823,25560,Cobalamin (vitamin B12),nutrition,mae,train
126,0.07789577714600916,0.011509251727953671,0.0007308284564110235,0.016300642442616812,0.08504980226819339,0.02513484186990052,469,Conjugated linoleic acids (18:2 CLA isomers),nutrition,mae,train
127,0.23352792837313738,0.00021731300590497506,0.00022219972446580868,0.0005178873454762266,0.23535422275107543,0.1817710006334567,28684,Copper,nutrition,mae,train
128,0.21856399629888892,1.0773349394162565e-05,1.5244400179631702e-08,1.0780983543912203e-05,0.9443787159915468,0.004720589994185664,13291,"Cryptoxanthin, beta",nutrition,mae,train
129,0.06614045106805222,0.019834480542641544,0.0019348327141518109,0.025535364255112544,0.06523715386388804,0.1156675195814107,8477,Cystine,nutrition,mae,train
130,0.1667108439250036,0.019236479112812985,0.006308940657948534,0.034403465557359465,0.299187597175065,0.031218329953257063,16906,Decanoic acid (10:0),nutrition,mae,train
131,0.1640805441484747,0.21862714849607284,0.12827512464055935,1.079593468735432,0.19811055175645637,0.043291380897302924,14402,"Dietary fibre, total",nutrition,mae,train
132,0.10863673971699155,0.012787932445086513,0.003383903057388732,0.02448078057538326,0.32992860588117023,0.01467591912868657,16450,Docosahexaenoic acid (DHA; 22:6n-3),nutrition,mae,train
133,0.21540744133469547,0.012138206720589576,0.003446824245655513,0.016920957030218932,0.319492461671427,0.07736298043720191,5733,Docosanoic acid (22:0),nutrition,mae,train
134,0.12191226182267437,0.005332441585580242,0.0008010330722580903,0.007206667812330369,0.31359209984365993,0.029780802734709306,16689,Docosapentaenoic acid (DPA; 22:5n-3),nutrition,mae,train
135,0.06717286791241768,0.0012267857530636858,3.7285548175077264e-05,0.0013248448469288798,0.11616481079196239,0.01162786260949436,335,Docosatetraenoic acid (22:4; isomer unspecified),nutrition,mae,train
136,0.10040396806499238,0.009206469310482811,0.008480400092385352,0.02643017004139945,0.722147423145328,0.007764925582468871,3902,Docosenoic acid (22:1; cis/trans unspecified),nutrition,mae,train
137,0.2741207170226723,0.04618654727391049,0.03827165749563738,0.1434469946405443,0.41021848960785323,0.057008728228969525,19138,Dodecanoic acid (12:0),nutrition,mae,train
138,0.191948406743804,0.011987388554945364,0.0017436867464981124,0.015143564554232764,0.19404756200993883,0.18241591710070698,5470,Eicosanoic acid (20:0),nutrition,mae,train
139,0.1349616369857331,0.010177462559400547,0.0028803143154854946,0.018612277292149995,0.4064811417499756,0.020256877692254083,18180,Eicosapentaenoic acid (EPA; 20:5n-3),nutrition,mae,train
140,0.09600409539816866,0.00906076948877381,0.0009119329214081242,0.010614145234403604,0.1637494364244351,0.0411556972488408,4211,Eicosatetraenoic acid (20:4; isomer unspecified),nutrition,mae,train
141,0.09382819368107284,0.00197495258302046,6.128905535091381e-05,0.0020400875221529132,0.24252106053028966,0.012349689608173524,1065,Eicosatrienoic acid (20:3; isomer unspecified),nutrition,mae,train
142,0.07822154696401329,0.0011472281995252604,2.6161172270273647e-05,0.0011904514607333847,0.15120378222285744,0.01627151005825025,318,Eicosatrienoic acid (20:3n-3),nutrition,mae,train
143,0.11083445815394796,0.0026783673235775576,4.573974659465406e-05,0.002743727967050383,0.14033818412128535,0.04992581146720133,1284,Eicosatrienoic acid (20:3n-6),nutrition,mae,train
144,0.22953790174403688,0.023968710408325808,0.006029030762380861,0.036973612225551,0.267172527825265,0.15211605812949588,14951,Eicosenoic acid (20:1; isomer unspecified),nutrition,mae,train
147,0.016327910701165314,0.04744613523369482,0.12122750671738582,0.260120109015281,0.6891495748699106,5.589632521100307e-05,17741,Ethanol,nutrition,mae,train
148,0.07793734037270209,0.14213297549076032,0.09234430687312442,1.4676394924807903,0.08023507485572043,0.0245498138999986,27749,"Fat, total",nutrition,mae,train
149,0.09951370858852698,0.12514936900297222,0.04970785397433114,0.9127666588912285,0.10413951311464846,0.022814176627941198,22471,"Fatty acids, total monounsaturated",nutrition,mae,train
150,0.15574382777610254,0.1446833828395988,0.0633613188188312,0.7480186860501052,0.1612322559829072,0.05156743167736457,22517,"Fatty acids, total polyunsaturated",nutrition,mae,train
151,0.0967421951727264,0.11448723492930847,0.04051526172542989,0.7073659559067824,0.10015572019996268,0.03394013287072133,23183,"Fatty acids, total saturated",nutrition,mae,train
152,0.16016062357657337,0.05495974178186584,0.02641358363387159,0.12788940600989457,0.2316154358120773,0.03979584495422785,6323,"Fatty acids, total trans",nutrition,mae,train
153,0.12817089052711866,0.03580928170043202,0.014114146990729486,0.1193757926230893,0.14609752320785804,0.042322210650000316,2792,"Fatty acids, total trans-monoenoic",nutrition,mae,train
154,0.1452412933980029,0.014510205709163507,0.002882387798525061,0.024355139218497697,0.17437157445680848,0.05359220315651154,2496,"Fatty acids, total trans-polyenoic",nutrition,mae,train
155,0.2507512399457557,1.3780311214160562e-05,2.9937590871286283e-09,1.3782975382997695e-05,0.2616186007376846,0.13269151240729138,17790,"Folate, food",nutrition,mae,train
156,0.2568754609581178,2.4785737642519227e-05,2.361229666480144e-07,2.4908001350943066e-05,0.2671162891749636,0.1185061194336727,21997,"Folate, total",nutrition,mae,train
157,0.14061384812835362,1.3404130980844512e-05,4.942077055987884e-09,1.3408807921235868e-05,0.27121329590606624,0.028724900156044793,17266,Folic acid,nutrition,mae,train
158,0.22021060070915469,0.16873644819176803,0.10721939747949293,0.5652011121179621,0.3044419494528003,0.04262787199242059,10967,Fructose,nutrition,mae,train
159,0.18225458076491347,0.02167857451354683,0.01122713616524416,0.030717584777148584,0.9913926723908564,0.005911750836535658,8120,Galactose,nutrition,mae,train
160,0.2603685288629491,0.20487059613134215,0.14428416970674196,0.6626093935527791,0.3329672208108318,0.05815798996101432,11206,Glucose,nutrition,mae,train
161,0.04802886103955419,0.07217904808075022,0.015605906423146925,0.2483762764676563,0.04840643036583566,0.018779148724930212,8601,Glutamic acid,nutrition,mae,train
162,0.07970405828160192,0.056317716177542235,0.015234590765648849,0.1195123369145702,0.07903116407731788,0.10074052420452484,9525,Glycine,nutrition,mae,train
165,0.11459449036777171,0.009593162664189931,0.00046368248052211953,0.011099052199801616,0.134297799138596,0.05716289233171359,6293,Heptadecanoic acid (17:0),nutrition,mae,train
166,0.1367685112975313,0.006689267689889133,0.0003087881066548819,0.007304996123114148,0.1739294479176633,0.07924040295322966,4818,Heptadecenoic acid (17:1; isomer unspecified),nutrition,mae,train
167,0.09870912372067599,0.09686353400088582,0.031174664303034658,0.38553114646326286,0.10101586216087016,0.04023301334540353,19586,Hexadecanoic acid (16:0),nutrition,mae,train
168,0.17587781542256672,0.0412805976003451,0.010830564445306048,0.07380398805238582,0.20262286446526678,0.06201602798122905,4679,Hexadecenoic acid (16:1; cis/trans unspecified),nutrition,mae,train
169,0.06683507739102147,0.007911218726556256,0.0009053000421575748,0.010170737424183214,0.19424066412819907,0.01222089173208112,14771,Hexanoic acid (6:0),nutrition,mae,train
170,0.0544983392441339,0.029251704805000358,0.003027363861461871,0.04859547423277168,0.055262519758706406,0.00881024604310629,8652,Histidine,nutrition,mae,train
171,0.05830778723140086,0.015412646868487909,0.0009451573454392926,0.01871953384150527,0.0746347253631976,0.004470755340399335,1676,Hydroxyproline,nutrition,mae,train
172,0.05731267561874005,0.07232129507825726,0.011202461912476898,0.5122475453491491,0.06215265272936881,0.003328315538650051,158,Insoluble dietary fibers,nutrition,mae,train
173,0.22944233003028602,0.0012287792757111888,7.337025726255417e-05,0.0012839984857758106,0.23256765797654486,0.12029450337739768,32795,Iron,nutrition,mae,train
174,0.042017043710853824,0.029728606101364866,0.003020207637797691,0.05377843189348094,0.042561102593953744,0.010944291987741958,8660,Isoleucine,nutrition,mae,train
175,0.09477875460072505,0.057839536237119786,0.011971347286024846,0.2035077903802528,0.09698291168446284,0.0,44,Isomeric linoleic acids (18:2),nutrition,mae,train
176,0.11238233225917436,0.021986147574836773,0.0025535359829284045,0.034668208295600536,0.13573750974466392,0.08279910744422093,68,Isomeric linolenic acids (18:3),nutrition,mae,train
177,0.08164111351044769,0.07570547916862529,0.04701207443875498,0.27897769494678143,0.24698234443448006,0.011374345215499423,10711,Lactose,nutrition,mae,train
178,0.03742032083451355,0.0367240185445725,0.005851987868742986,0.08720127333759956,0.03789525590670469,0.002511344808916045,8661,Leucine,nutrition,mae,train
179,0.046065596687832104,0.027755161599848303,0.003353529123154466,0.30201868145665456,0.056101855054457785,0.01055268246746429,59,Lignin,nutrition,mae,train
180,0.16309200054690343,0.12574502243602745,0.05391369297425673,0.6362997411499948,0.16689507603883244,0.08003919881318229,7708,Linoleic acid (18:2n-6),nutrition,mae,train
181,0.2449417966045082,0.00011987444180806025,3.6572907447077235e-07,0.00012036458399064598,0.3288865564458342,0.07039617598388133,7134,Lutein + zeaxanthin,nutrition,mae,train
182,0.06320322306300691,0.0001744825416088226,1.635758163670071e-06,0.0001754612573754087,0.5763007426356866,0.0020858389967549945,11469,Lycopene,nutrition,mae,train
183,0.049330810915053355,0.042013816699994246,0.004758724592842,0.09542256778721284,0.049972142757373016,0.002685999561367783,8681,Lysine,nutrition,mae,train
184,0.15899434613483757,0.010812932062520987,0.0011949739772462561,0.012653057291020751,0.1603516259223693,0.08165548578003581,35492,Magnesium,nutrition,mae,train
185,0.23380853680502373,0.10477434411017018,0.08880014827265195,0.26289279851055103,0.5064326963474188,0.028996959720128966,10771,Maltose,nutrition,mae,train
186,0.2750583720606344,0.0003856953198617218,1.4662503512817365e-05,0.0003939518553967041,0.2787606713861665,0.18940768863353438,18010,Manganese,nutrition,mae,train
188,0.04270960185302457,6.729372938465095e-07,2.4329565416096463e-12,6.729491838243134e-07,0.04950565919397043,0.00036493688251573655,94,Menaquinone-4,nutrition,mae,train
189,0.05777432321787443,0.025112657611226916,0.002081856464322525,0.03656513030087461,0.05837308900532609,0.030643215593968657,8681,Methionine,nutrition,mae,train
190,0.13529020943472986,5.191750325501511e-06,5.858517593945048e-10,5.192630405765826e-06,0.15695789003566848,0.05612984756081394,1011,Molybdenum,nutrition,mae,train
191,0.19443866724938422,0.0011109789056240264,0.0001486177088772052,0.0012321028532877375,0.2003034443334554,0.04405990739912586,30892,Niacin,nutrition,mae,train
192,0.15870868118332956,0.0014496957383156573,0.0008074191193224869,0.0024454204056600344,0.16382896796850077,0.06687877592308614,6362,Nicotinic acid,nutrition,mae,train
193,0.20752468716002867,0.15179856999904184,0.08344741298949222,0.7934687961787866,0.21207382494914015,0.10065389790537965,4923,Octadecadienoic acid (18:2; isomer unspecified),nutrition,mae,train
194,0.12566276713686364,0.08466669748264775,0.026175430701554446,0.24142455641703375,0.13241982088309817,0.023917477863003085,19517,Octadecanoic acid (18:0),nutrition,mae,train
195,0.042407798155361644,0.002046922799865362,0.0002062012506062515,0.002723262046204632,0.4612307430632714,0.0047266055707438845,3901,Octadecatetraenoic acid (18:4; isomer unspecified),nutrition,mae,train
196,0.2738246853480909,0.05383834899219979,0.022452030425154538,0.10831181773969978,0.27834288754993486,0.22453621847132513,4835,Octadecatrienoic acid (18:3; isomer unspecified),nutrition,mae,train
197,0.1581713173197074,0.1885106826291722,0.11122841806286564,1.175382447739341,0.1625528315363738,0.05862416098646066,4910,Octadecenoic acid (18:1; cis/trans unspecified),nutrition,mae,train
198,0.1282028258942577,0.016734250286939846,0.007568544766983124,0.030695426040905187,0.316404106313929,0.012706758887049738,15315,Octanoic acid (8:0),nutrition,mae,train
199,0.20214639343682592,0.00026870303450788225,1.9332080783992035e-06,0.0002699449712218185,0.20742128162373946,0.12272019698955941,16490,Pantothenic acid (vitamin B5),nutrition,mae,train
200,0.1371946648299093,0.006497562172455696,0.0003653030613260112,0.007277392554481914,0.18006557893295802,0.05772751899168984,5999,Pentadecanoic acid (15:0),nutrition,mae,train
201,0.1009742844778799,0.0027838447482762896,0.0014462563507208906,0.004084929499371005,1.3474502033141476,0.0001472210861044725,4236,Pentadecenoic acid (15:1; isomer unspecified),nutrition,mae,train
202,0.03748786987776618,0.027018388226367283,0.0034457138391775625,0.048834183822583484,0.03797511255495548,0.006563843162080082,8673,Phenylalanine,nutrition,mae,train
203,0.13048320855181142,0.03436981139410074,0.005487272812372011,0.04501503939944437,0.13249946419050918,0.044319015828334404,31130,Phosphorus,nutrition,mae,train
204,0.07955679285374632,0.009398351497550096,0.0006604847732682335,0.011713884794572861,0.12123571152547448,0.0027484998729901825,398,Phytosterols,nutrition,mae,train
205,0.15736404231788859,0.06343792212505371,0.01548115227603857,0.10156205185170519,0.15853023035090172,0.07118814150012062,31399,Potassium,nutrition,mae,train
206,0.061786497574731425,0.052647043426935276,0.009320547067578823,0.10598571225084426,0.0625740290464175,0.007208253050510103,8583,Proline,nutrition,mae,train
207,0.08320182024176966,0.16782733732844116,0.07499886224596364,1.6626009140493583,0.08512450309422327,0.02487346206587393,26382,"Protein, total",nutrition,mae,train
208,0.22723428269630352,8.678186063952801e-05,8.014704214210722e-07,8.745133992251082e-05,0.3959491804598584,0.03917012736946013,28747,Retinol,nutrition,mae,train
209,0.19923961625250658,0.00010335606476232326,3.910525611991212e-06,0.00010548926840943902,0.20528261045013177,0.06743785327292075,27092,Riboflavin (vitamin B2),nutrition,mae,train
210,0.19571013526897332,7.0099339397110155e-06,3.34887124847599e-08,7.026897605302509e-06,0.2028372331637226,0.11476193237328194,24283,"Selenium, Se",nutrition,mae,train
211,0.039879131734567246,0.029474693519263673,0.0028814202432654434,0.05228055522917314,0.04010088843644701,0.024305536723342316,8568,Serine,nutrition,mae,train
212,0.2422428339788001,0.07169358701886774,0.026593639365499317,0.13968988571276814,0.24530243243268113,0.11728442076310558,26623,Sodium,nutrition,mae,train
213,0.040096140356323494,0.04009614168477058,0.0076184968944402395,0.9058748536862266,0.06348555556417886,0.0,76,Sorbitol,nutrition,mae,train
214,0.0997939227330939,0.29252329427705037,0.3449497423062895,2.93636618689308,0.14465222701565045,0.02151788446831521,7534,Starch,nutrition,mae,train
215,0.023682495313231244,0.009476554615528297,0.006703395514880982,0.015391379750011189,0.8985282020156532,8.933754248118186e-06,835,Stearidonic acid,nutrition,mae,train
216,0.054131370721508726,0.0016936789746036806,0.00012362899955231538,0.0019066730503640426,0.09670769417351346,0.0063942807904731145,210,Stigmasterol,nutrition,mae,train
217,0.25575911545023755,0.28401755049527205,0.28941827256304065,2.023762596557901,0.33121753599039355,0.07061014656355254,5683,Sucrose,nutrition,mae,train
218,0.20832692217989837,0.3291712546041753,0.2802995559271676,2.870786542267895,0.2242782577058353,0.10110298586153928,18095,"Sugars, total",nutrition,mae,train
219,0.029650375823092226,0.007801555520891833,0.00011458092724597915,0.009807060267034396,0.029650375823092226,,93,Sulfur,nutrition,mae,train
220,0.1699622094154067,0.007010733668310529,0.0017899793234624622,0.009181456774862588,0.23130943232143117,0.08648434122182819,4423,Tetracosanoic acid (24:0),nutrition,mae,train
221,0.16849554698074723,0.04834711620870708,0.017144048636255897,0.1044440087838985,0.19312560478000468,0.03744292482364005,18875,Tetradecanoic acid (14:0),nutrition,mae,train
222,0.12139677295307805,0.008389384006571684,0.0007036987336443383,0.010204945942459732,0.1860103443680597,0.031342118244729274,5438,Tetradecenoic acid (14:1; isomer unspecified),nutrition,mae,train
223,0.23215331193061137,9.072000544850884e-05,2.648300564501367e-06,9.215030490229572e-05,0.23911495424117044,0.10100025327243824,29067,Thiamin (vitamin B1),nutrition,mae,train
224,0.04464778095487956,0.02984900860469464,0.0025529134627150156,0.05230648656281059,0.0452063463432663,0.0027813684664803836,8656,Threonine,nutrition,mae,train
225,0.22161403712027392,3.803095127972938e-05,6.868586302152999e-08,3.806984096079718e-05,0.31208458091913754,0.07034431190688764,7747,"Tocopherol, beta",nutrition,mae,train
226,0.23738852886965517,0.0001256071156585137,7.713849341617703e-07,0.00012616946349421193,0.3606614059347767,0.0778413803005719,7687,"Tocopherol, delta",nutrition,mae,train
227,0.32564472966738717,0.0006750098078384739,7.738112766508658e-06,0.0006836791145740736,0.36966995746448283,0.1465716734770645,8262,"Tocopherol, gamma",nutrition,mae,train
228,0.3454590331728334,7.33329661284043e-05,2.278260131332959e-07,7.345823623826082e-05,0.45195994703987624,0.12289339905003638,5437,"Tocotrienol, alpha",nutrition,mae,train
229,0.06337875048277784,2.5937455664779315e-05,7.615059862313848e-09,2.5950639933014688e-05,0.27876047442507984,0.006433475922339802,1186,"Tocotrienol, beta",nutrition,mae,train
230,0.057884798066942675,1.3039174476913637e-05,8.40252648302251e-09,1.3043377163055877e-05,0.8834477169383819,5.7349371800390954e-05,1161,"Tocotrienol, delta",nutrition,mae,train
231,0.20774363859396813,6.996891559030959e-05,8.676949495289717e-08,7.005860378686327e-05,0.5476000405544603,0.008724468424169008,1167,"Tocotrienol, gamma",nutrition,mae,train
232,0.05774331438362403,0.00073954841263722,3.2654558045155024e-05,0.0007562582427845581,1.1331046422695206,7.409490709329554e-05,668,Tridecanoic acid (13:0),nutrition,mae,train
233,0.09424552555761269,0.02223270300758919,0.0020595332783708087,0.02733486037950434,0.09488583230468231,0.07992461464820125,15731,Tryptophan,nutrition,mae,train
234,0.049317721678119535,0.029277851564706265,0.002648484526639809,0.04723939542052419,0.05001168241667142,0.007484040417782586,8612,Tyrosine,nutrition,mae,train
235,0.04171803525759701,0.032258310212024,0.004726252220308653,0.06680639573498695,0.04225192403546594,0.002633605807161785,8661,Valine,nutrition,mae,train
236,0.17846815165097074,0.00026732389792633195,3.2491945108550995e-05,0.0002847370341474169,0.18533970353623277,0.09436856141343555,1774,Vitamin B6 - Pyridoxin,nutrition,mae,train
237,0.21873199459420606,8.617474770070267e-07,2.907058659978638e-10,8.619018941133778e-07,0.3835016513393739,0.07945717448779886,27304,Vitamin D (D2 + D3),nutrition,mae,train
238,0.23418964094812283,1.6972766622974567e-07,2.5311268599997106e-12,1.6972893181097612e-07,1.186565276646317,1.3848396997759675e-05,6511,Vitamin D2 (ergocalciferol),nutrition,mae,train
239,0.06574978454862229,0.24663206684381767,0.2500884516396827,7.254765663640849,0.06589463459523942,0.049887003642091865,30210,Water,nutrition,mae,train
241,0.1861406082293019,0.0006936462702674082,0.0001138090675652599,0.000782278426527729,0.18877455044924768,0.08297918094285557,31918,Zinc,nutrition,mae,train
242,0.1049317223633898,0.00449265998684399,0.00031151534950221347,0.0049596851479417805,0.2040483181667374,0.0035062541120440783,1216,"cis,cis-Eicosadienoic acid (20:2n-6)",nutrition,mae,train
243,0.07994574576628685,0.0010352387435152732,1.492105060292557e-05,0.0010765963623275004,0.17104130794148956,0.005514005940206576,298,cis-Docosenoic acid (22:1 cis),nutrition,mae,train
244,0.06595495914115931,0.01744559413992615,0.0009300617072450859,0.02283058128562671,0.06706686658096805,0.013556321040172428,385,cis-Hexadecenoic acid (16:1 cis),nutrition,mae,train
245,0.08884389738116605,0.12674905957030552,0.042609797985099354,1.1685265453546057,0.08894247282073098,0.05153309350584251,759,cis-Octadecenoic acid (18:1 cis),nutrition,mae,train
246,0.11537590160688835,0.0026933973797530243,0.00043698177360087213,0.0031105330737594113,0.2418559115857669,0.032869228430702356,461,cis-Tetracosenoic acid (24:1 cis),nutrition,mae,train
247,0.07298200952217992,0.006847442965170454,0.0003315130891320607,0.008950479818031537,0.0689809336988714,0.20661794202068426,172,"trans,trans-Linoleic acid (18:2 trans,trans)",nutrition,mae,train
248,0.13443832860367566,0.0002850986211454301,1.4055340141320692e-06,0.00028580379338005897,0.9705616290065896,0.0001387311296324982,224,trans-Docosenoic acid (22:1 trans),nutrition,mae,train
249,0.06361817894342117,0.0019180716131674816,1.2972379552024723e-05,0.0019877972943009563,0.0938333915295128,0.004433741919117972,287,trans-Hexadecenoic acid (16:1 trans),nutrition,mae,train
250,0.08922901459530082,0.011225356021631624,0.0009753150133837011,0.015343792813017775,0.09657994743848095,0.02622101879661397,335,trans-Linoleic acid (18:2; isomer unspecified),nutrition,mae,train
251,0.11869133874364136,0.055899226152554125,0.024977409576733296,0.271350902452909,0.12298821005643906,0.0843163682412597,774,trans-Octadecenoic acid (18:1 trans),nutrition,mae,train
2,0.05294203352149159,0.02931914204094275,0.0034591992701697447,0.0999872329334418,0.05605627078746169,0.0,54,Acetic acid,food_metabolome,axisvalue,train
7,0.20232462819247146,0.0103804760032574,0.013440473325301053,0.023561008003126716,0.6549146845177838,0.00016773636716528524,217,Apigenin,food_metabolome,axisvalue,train
9,0.18179608524434065,0.0032433251694362892,0.00028194110298985716,0.0034691940580950983,0.19516344445348335,0.0,73,Benzoic acid,food_metabolome,axisvalue,train
11,0.14781880736601574,0.00157687060043405,1.4888796678582629e-05,0.0016323731777895794,0.1500584862655008,0.0,67,Cadaverine,food_metabolome,axisvalue,train
12,0.2204974031004173,0.008783488295423721,0.001817766867272693,0.013970750665377932,0.24383671084742117,0.08894857761730456,146,Caffeic acid,food_metabolome,axisvalue,train
13,0.06395660062476355,0.0035389273760381007,0.0030024890657184516,0.006140256346437247,0.7206445925400689,0.003659266964537043,10892,Caffeine,food_metabolome,axisvalue,train
15,0.0907615760879962,0.00688046636019832,0.002688124936577029,0.009746316453606138,0.1371868020715005,0.013763640310476881,109,Catechin,food_metabolome,axisvalue,train
16,0.12345059837327463,0.008433681415165631,0.0004793328735515584,0.009601487974298448,0.12375706317685135,0.10893531085841325,4256,Choline,food_metabolome,axisvalue,train
18,0.08178951478519778,0.03773571058163691,0.006199940232947623,0.07178526151012254,0.08048116957212212,0.47036804306866764,298,Citric acid,food_metabolome,axisvalue,train
21,0.1620762771431506,0.00776966162536992,0.0009216510867468749,0.009916436030924354,0.2513840024871151,0.0002060249572148792,90,Cyanidin,food_metabolome,axisvalue,train
22,0.09592774955019648,0.0012688511607872731,7.400965266500795e-06,0.0012931550148077662,0.09967699571334832,0.013444333960856033,46,Daidzein,food_metabolome,axisvalue,train
24,0.10296257845378014,0.0020597264379358547,5.226340001361613e-05,0.002247615120106038,0.18580071842133786,0.0002432848940085702,56,Delphinidin,food_metabolome,axisvalue,train
25,0.19493815371988804,0.005544373246103605,0.0005686835201172285,0.005926187703298662,0.3118332113966803,0.00011305759190101559,32,Ellagic acid,food_metabolome,axisvalue,train
26,0.23820317000970626,0.005612576706099081,0.0023574356521867284,0.007277216240838514,0.7919792192761248,1.9923013397260523e-05,133,Epigallocatechin,food_metabolome,axisvalue,train
28,0.13093833746259737,0.0020459585184582443,4.613046702733114e-05,0.0021373465449379195,0.14993296512437598,0.03337502265437072,135,Ferulic acid,food_metabolome,axisvalue,train
33,0.1098344041400137,0.00743331010625496,0.0032901247874161836,0.012026617574873543,0.14155891972667128,0.040720280897652575,89,Gallic acid,food_metabolome,axisvalue,train
35,0.12190542621592816,0.0016219792856036887,2.4706949686063266e-05,0.001672848014530938,0.12416170440130458,0.05722545156847087,89,Genistein,food_metabolome,axisvalue,train
43,0.06539289247488292,0.0002883046055610636,7.379540212747084e-07,0.0002901733129437399,0.11589858539325644,0.00045700157983124276,64,Glycitein,food_metabolome,axisvalue,train
47,0.18305544866687404,0.000522988198666922,3.965979279108279e-06,0.000526107783487821,0.18793855378806992,0.034934593323931805,188,Histamine,food_metabolome,axisvalue,train
50,0.5730581514007372,0.00541296470753603,0.0009270671516923482,0.005921127995717419,1.3209604601795106,0.005206398439076019,95,Isorhamnetin,food_metabolome,axisvalue,train
51,0.1962444355623392,0.0020948400292670616,0.00018179787393244527,0.002281780960652438,0.3430507138150224,0.018227373744124975,281,Kaempferol,food_metabolome,axisvalue,train
52,0.055423835235903184,0.045646880631588185,0.011240643714308347,0.0842238808316959,0.057765687428969516,0.0,74,Lactic acid,food_metabolome,axisvalue,train
53,0.08941345265399359,0.00035025586334328727,1.6729814820800756e-06,0.0003531743814850048,0.10014306697247281,0.0,28,Lariciresinol,food_metabolome,axisvalue,train
54,0.07663663751907633,0.0034001283290589716,0.0005941688558531446,0.004077087575053105,0.07663663751907633,,70,Lutein,food_metabolome,axisvalue,train
55,0.2549159911341927,0.004913968475936846,0.0016199162431768989,0.006208878512979503,0.5409953964275392,0.0016653700548367398,230,Luteolin,food_metabolome,axisvalue,train
56,0.07808523302680163,0.032740057915514556,0.004461560582293583,0.05283113446737061,0.07808523302680163,,296,Malic acid,food_metabolome,axisvalue,train
58,0.10376708138618373,0.0009914695904204946,1.9169855310810247e-05,0.0010190807407796426,0.1802270360917928,0.0,33,Matairesinol,food_metabolome,axisvalue,train
61,0.16781265388721064,0.0006199766002724051,1.906056436376376e-05,0.0006310840197079439,0.3659691085881873,0.0016169176863914858,228,Myricetin,food_metabolome,axisvalue,train
62,0.1197540860402388,0.01909814331433872,0.027299788697001358,0.04673526045587781,0.5518877648506826,0.0007607541938847094,88,Naringenin,food_metabolome,axisvalue,train
65,0.1369860825358367,0.026403002195981823,0.002644968983778262,0.03921646392232826,0.1369860825358367,,20,Oxalic acid,food_metabolome,axisvalue,train
66,0.24300974234322983,0.0012708192708470747,7.218175772208671e-05,0.0013081211804584826,0.48393000035034994,0.0020894843361097424,52,Pelargonidin,food_metabolome,axisvalue,train
67,0.0696803634505455,0.0005358065128846803,5.756830503139108e-06,0.0005450133886954921,0.14516742385530312,0.0,50,Peonidin,food_metabolome,axisvalue,train
72,0.12443232369563971,0.0009961472325148294,1.417365909974506e-05,0.0010155891686896602,0.14258010508293525,0.015545635371866538,28,Pinoresinol,food_metabolome,axisvalue,train
77,0.1371852202032,0.003134152959981453,8.431473684334568e-05,0.0033536144365605247,0.1371852202032,,84,Putrescine,food_metabolome,axisvalue,train
79,0.17696758805113005,0.01304825025266268,0.01903393765632692,0.05348127950737222,0.23411170609879436,0.019328641712745783,327,Quercetin,food_metabolome,axisvalue,train
82,0.037288253927414555,0.032611849906171116,0.0028968374627874947,0.09133252714699987,0.0532689341820208,0.0,30,Rosmarinic acid,food_metabolome,axisvalue,train
83,0.3682203418408868,0.00719577481966965,0.0016382315245015878,0.008083134730620913,0.43361773463285846,0.08483163974234303,32,Secoisolariciresinol,food_metabolome,axisvalue,train
88,0.03476837846369714,0.0002060239702247024,2.4293314408836855e-07,0.00020684541375386568,0.03546374603297108,0.0,51,Spermine,food_metabolome,axisvalue,train
90,0.08256096689767806,0.0007005794276522326,7.50115699155603e-06,0.0007205208047513212,0.11485343319389227,0.003935831567765187,79,Syringic acid,food_metabolome,axisvalue,train
91,0.06729743190439548,0.040012975427199914,0.007970183892577804,0.30444812242365016,0.07019102568412132,0.0007447749707009559,24,Tartaric acid,food_metabolome,axisvalue,train
92,0.11583513191736165,0.01662697284906986,0.0020896141652376322,0.022860475346897884,0.11583513191736165,,23,Taurine,food_metabolome,axisvalue,train
93,0.04766593642979675,0.006493277005697742,0.002106294845207208,0.007842887817206538,0.8217327662466842,0.00015229589245493706,10738,Theobromine,food_metabolome,axisvalue,train
96,0.15893198137177328,0.004226615550510281,0.00019058494452785186,0.004498033991549781,0.17285331194593004,0.02098425113694741,120,Tyramine,food_metabolome,axisvalue,train
98,0.13027351014107721,0.0006621000320436376,6.474979015558741e-06,0.0006756065962961884,0.1622290968752185,0.01665364619746371,82,Vanillic acid,food_metabolome,axisvalue,train
103,0.11980314082243859,0.0009362911060526388,1.1725394061809038e-05,0.000960420952428309,0.14695571063910082,0.017528461179677476,143,p-Coumaric acid,food_metabolome,axisvalue,train
104,0.04798288692865467,0.03721864762649326,0.006312790640775047,0.07861493007343141,0.04855086010343362,0.006106266165540454,8576,Alanine,nutrition,axisvalue,train
105,0.13528438369191495,0.013792170186404556,0.0015326973863155169,0.015698541016625378,0.2232446715128082,0.03353271405904401,6814,Arachidonic acid (20:4n-6),nutrition,axisvalue,train
106,0.06744237741284526,0.05541800366225761,0.011927883581302248,0.11806662224460175,0.06778541313010136,0.06354684608748232,9593,Arginine,nutrition,axisvalue,train
107,0.1376562232986171,0.005013089452876307,0.0003778169367709082,0.005668723926661516,0.21428414968666687,0.015594039671635205,586,Ascorbic acid (vitamin C),nutrition,axisvalue,train
108,0.10021390607998444,0.10442123361663411,0.039353124171413796,0.3906997268779833,0.10095671372884876,0.05055536775720178,20257,Ash,nutrition,axisvalue,train
109,0.049365377817093894,0.05142231013647322,0.007460772099763931,0.11842182000377369,0.04982453202817855,0.014014780204244525,8432,Aspartic acid,nutrition,axisvalue,train
110,0.07856408870287666,0.1923328568110008,0.12653388482082942,2.679624244313387,0.08588824039998016,0.00537994106628375,4210,Available carbohydrate,nutrition,axisvalue,train
111,0.053927840292085756,0.011837889352738992,0.0024313987318643035,0.015525029412078633,0.07520329731597507,0.0018029705835569028,207,Beta-sitosterol,nutrition,axisvalue,train
112,0.15636639024929455,0.005169190294115735,0.0008486678766923264,0.005787085071356714,0.157340409619786,0.12929676857771968,2764,Betaine,nutrition,axisvalue,train
113,0.2945447858808004,0.0001054886771554453,4.962761375766484e-06,0.00010828065973120623,0.29363325430139947,0.31282384139843755,9884,Biotin,nutrition,axisvalue,train
114,0.0794739765029915,0.011002569489838809,0.0017487382429966477,0.015759576120345568,0.20630021697930084,0.012800842410117474,12666,Butyric acid (4:0),nutrition,axisvalue,train
115,0.29982445188540147,0.03180519134081368,0.007567953021854465,0.04137357187701957,0.3006242824485512,0.25789467745347716,39116,Calcium,nutrition,axisvalue,train
116,0.060568817340678274,0.0034999259468999453,0.00027292532907036013,0.004125220417767871,0.07077627294108459,0.00843788338146028,171,Campesterol,nutrition,axisvalue,train
117,0.2627488945021506,4.035341489363256e-05,9.988789160572712e-08,4.0403447644559325e-05,1.2431577323152292,0.0005973887013854019,13702,"Carotene, alpha",nutrition,axisvalue,train
118,0.3503264966230628,0.0004305405802280085,0.0006386365774352227,0.0020502041738924715,0.5527380964780892,0.055935446842201315,20968,"Carotene, beta",nutrition,axisvalue,train
119,0.07421983433131334,0.06687546831423255,0.013188433918315179,0.7357438061002682,0.07080120544705695,0.30668659846074703,69,Cellulose,nutrition,axisvalue,train
120,0.1417497565783963,0.060207718027053415,0.011652954868775309,0.18396930083622884,0.1406556104078109,0.25456838394542525,1874,Chloride,nutrition,axisvalue,train
121,0.16773297181588293,5.340213773552503e-07,6.389540653842956e-11,5.34065929863875e-07,0.27150777862598996,0.04016975428848773,3865,Cholecalciferol (vitamin D3),nutrition,axisvalue,train
122,0.11738023124538906,0.03038760053981439,0.06325783522298312,0.18407292969076303,0.1906291776137029,0.007263955046603065,22719,Cholesterol,nutrition,axisvalue,train
123,0.1227870823674019,0.007736196380762502,0.00033636457555617885,0.008515073004097727,0.12361619101383016,0.093247207988929,10549,"Choline, total",nutrition,axisvalue,train
124,0.22163640232156803,2.0466725941248405e-05,2.140247258980026e-08,2.0501002885251756e-05,0.29761863016213075,0.048201348692190144,1560,Chromium,nutrition,axisvalue,train
125,0.16529451527307693,7.163290514050805e-07,3.279615944914978e-11,7.163536019292566e-07,0.256898899768544,0.014588421298732451,25560,Cobalamin (vitamin B12),nutrition,axisvalue,train
126,0.09270683581199422,0.014988365804660127,0.0013065971764273975,0.021818250435967815,0.10255176090226216,0.020100513271268307,469,Conjugated linoleic acids (18:2 CLA isomers),nutrition,axisvalue,train
127,0.2363582561717184,0.00021865762508269465,0.00022220817584081128,0.0005192325631839577,0.23869042018289033,0.1675867850705014,28684,Copper,nutrition,axisvalue,train
128,0.21830021744075476,1.077361096547752e-05,1.524604155069202e-08,1.0781245315635626e-05,0.9379566827811758,0.006274221898741446,13291,"Cryptoxanthin, beta",nutrition,axisvalue,train
129,0.0678833292781852,0.02037820182367998,0.001942518789735674,0.026250835787726964,0.06691074297362498,0.12112099747863263,8477,Cystine,nutrition,axisvalue,train
130,0.1657928689493699,0.0193885128922333,0.006641965727049789,0.033234852395857994,0.2989071145405415,0.02959472655122082,16906,Decanoic acid (10:0),nutrition,axisvalue,train
131,0.16189214350063583,0.21519868734984837,0.12359988925092347,1.0829385391795603,0.19612760785676558,0.04039916961796731,14402,"Dietary fibre, total",nutrition,axisvalue,train
132,0.11380543813322488,0.014072249774546707,0.004091165082666829,0.026514575703011727,0.3512099855222576,0.01295845374988414,16450,Docosahexaenoic acid (DHA; 22:6n-3),nutrition,axisvalue,train
133,0.22710585719481693,0.012150219321903124,0.0035890568380997456,0.016739614444545598,0.3333227328292562,0.08616618054915769,5733,Docosanoic acid (22:0),nutrition,axisvalue,train
134,0.11803062990526192,0.005261400980860239,0.0007904013671147111,0.007174924485871305,0.3152740112511194,0.023299051625243223,16689,Docosapentaenoic acid (DPA; 22:5n-3),nutrition,axisvalue,train
135,0.06055413299864854,0.0015693887096940565,0.00010271786380656522,0.0017802576647291061,0.10516425982786279,0.009977046529857864,335,Docosatetraenoic acid (22:4; isomer unspecified),nutrition,axisvalue,train
136,0.09728372671165476,0.00903566951874486,0.00637350559542209,0.02620249195554174,0.702760085428138,0.007068462427043315,3902,Docosenoic acid (22:1; cis/trans unspecified),nutrition,axisvalue,train
137,0.2686098503965103,0.045950212845252546,0.038343245214746836,0.14997494353510665,0.39977503937360176,0.0593491382563601,19138,Dodecanoic acid (12:0),nutrition,axisvalue,train
138,0.19600859478069968,0.012559036450293342,0.0021339645069004803,0.01575688451073272,0.19339908398702282,0.20778737615995696,5470,Eicosanoic acid (20:0),nutrition,axisvalue,train
139,0.13585132332235,0.010984067069638616,0.0036639476426819696,0.01966197665943722,0.4165246680391367,0.016976068848533664,18180,Eicosapentaenoic acid (EPA; 20:5n-3),nutrition,axisvalue,train
140,0.08978592285668237,0.008581960073922675,0.0008963861011258276,0.009985199698909158,0.1687061214591594,0.025890068036284134,4211,Eicosatetraenoic acid (20:4; isomer unspecified),nutrition,axisvalue,train
141,0.10019764664067894,0.0020972963768274254,8.079482546844516e-05,0.0021729897443958667,0.26529801705338923,0.00972840296976066,1065,Eicosatrienoic acid (20:3; isomer unspecified),nutrition,axisvalue,train
142,0.07828250927958394,0.001327157879365019,2.805570508248355e-05,0.0013793118947988665,0.15575202621604994,0.01252350071723489,318,Eicosatrienoic acid (20:3n-3),nutrition,axisvalue,train
143,0.11498318538684729,0.0027578034105865705,4.8021318177577675e-05,0.002822896520263817,0.14623897669637018,0.05045750643043373,1284,Eicosatrienoic acid (20:3n-6),nutrition,axisvalue,train
144,0.2201510630944329,0.02354310079041907,0.006195385026351745,0.03723651607624356,0.26729875030942984,0.12275450815565389,14951,Eicosenoic acid (20:1; isomer unspecified),nutrition,axisvalue,train
147,0.016441761030375052,0.04841021030115087,0.12111532584876987,0.2610883562173863,0.6890414224464818,0.00017510176932125838,17741,Ethanol,nutrition,axisvalue,train
148,0.07807972544278474,0.1399629682820465,0.09130385284811263,1.4428241302983316,0.08008347304004647,0.031603704442796865,27749,"Fat, total",nutrition,axisvalue,train
149,0.10208415282018198,0.12802515914291948,0.051752907101542754,0.9338645950140166,0.10685333745525927,0.023101511093892482,22471,"Fatty acids, total monounsaturated",nutrition,axisvalue,train
150,0.15921402277142319,0.14797037589078216,0.06600351734410406,0.7791456470760488,0.16480114479138833,0.05326680708452962,22517,"Fatty acids, total polyunsaturated",nutrition,axisvalue,train
151,0.09938073894689088,0.1172183033244773,0.042930425091607514,0.764875715578348,0.10302314581403813,0.032417696322590624,23183,"Fatty acids, total saturated",nutrition,axisvalue,train
152,0.1554155480011543,0.05301915948125373,0.02395878368124978,0.12528407057230354,0.22251982082688568,0.04236044221179384,6323,"Fatty acids, total trans",nutrition,axisvalue,train
153,0.13127296070722402,0.03618171991408082,0.013924938389212799,0.12067279966581085,0.14975106629591445,0.04278164653102945,2792,"Fatty acids, total trans-monoenoic",nutrition,axisvalue,train
154,0.14010254050829443,0.013652014917119574,0.0027292652835900944,0.021852587788417564,0.168936324805641,0.04938628227046311,2496,"Fatty acids, total trans-polyenoic",nutrition,axisvalue,train
155,0.2513176671567418,1.3703442335115673e-05,2.697107414947678e-09,1.3705979958071535e-05,0.25919802563051897,0.16586751035107083,17790,"Folate, food",nutrition,axisvalue,train
156,0.2600134833444692,2.4611121260982946e-05,2.3543650476720022e-07,2.4733193297779606e-05,0.27034769073315856,0.12015766984166198,21997,"Folate, total",nutrition,axisvalue,train
157,0.14558584555004322,1.4052043493915074e-05,4.931241614315325e-09,1.405677355588591e-05,0.2821619524627128,0.028426897080056506,17266,Folic acid,nutrition,axisvalue,train
158,0.2167024024094978,0.16657741033904472,0.10778481175118099,0.5712760493707474,0.30261372206269677,0.03563088938379995,10967,Fructose,nutrition,axisvalue,train
159,0.11667274477771299,0.01372870048171571,0.005655600288449596,0.02117397594073273,0.618165785474408,0.007377801305041931,8120,Galactose,nutrition,axisvalue,train
160,0.24787220149767142,0.19522712638452655,0.13370922206417538,0.639233602225985,0.3170306328562007,0.05525332516937119,11206,Glucose,nutrition,axisvalue,train
161,0.04935206460914201,0.07364522720544607,0.01582260114229876,0.25796050374748464,0.049754453796754285,0.018019851210531467,8601,Glutamic acid,nutrition,axisvalue,train
162,0.07815984047865344,0.055301664947186274,0.014685815989511542,0.11763678112086899,0.07875370149288495,0.06991356568349441,9525,Glycine,nutrition,axisvalue,train
165,0.11470819987595776,0.009539280196499222,0.000496240309208237,0.010979227148565805,0.13555810080607758,0.053902268701583295,6293,Heptadecanoic acid (17:0),nutrition,axisvalue,train
166,0.13937274580481598,0.00664228636845934,0.00028625974429838315,0.007207897864502647,0.1728677098545773,0.08735181914734114,4818,Heptadecenoic acid (17:1; isomer unspecified),nutrition,axisvalue,train
167,0.09812010014734653,0.09630107151548549,0.031833791604558494,0.3856289758318645,0.10042621044456222,0.039673356276741185,19586,Hexadecanoic acid (16:0),nutrition,axisvalue,train
168,0.1687866064238249,0.040487580161083045,0.010317673518408704,0.07257503122094425,0.19448503063807937,0.059380618392577404,4679,Hexadecenoic acid (16:1; cis/trans unspecified),nutrition,axisvalue,train
169,0.06871036354515964,0.008092353605919839,0.0011159429578375408,0.010453812921061444,0.20866889108003409,0.008664703547489043,14771,Hexanoic acid (6:0),nutrition,axisvalue,train
170,0.054586939526786296,0.029292328850264806,0.002987103513598811,0.04860602252404296,0.05535159335902467,0.00897271996618476,8652,Histidine,nutrition,axisvalue,train
171,0.06308611869137451,0.0169514213443348,0.0010417415358952057,0.02071379803372519,0.07855761251173961,0.012069859581145035,1676,Hydroxyproline,nutrition,axisvalue,train
172,0.05950335684863291,0.07841727101790495,0.013736470766624933,0.3955858566873153,0.06420616961131659,0.007048906803314831,158,Insoluble dietary fibers,nutrition,axisvalue,train
173,0.231393513588506,0.0012279115950900134,7.195904479131357e-05,0.001283001631727112,0.23452637285782363,0.12221628665805007,32795,Iron,nutrition,axisvalue,train
174,0.04453282653382038,0.03166742632944918,0.0032837376651618467,0.05773440850506187,0.04508920458601998,0.01245338754768641,8660,Isoleucine,nutrition,axisvalue,train
175,0.07144518839089979,0.043876328584814335,0.00691368649612904,0.15668324381840118,0.07310670439999048,0.0,44,Isomeric linoleic acids (18:2),nutrition,axisvalue,train
176,0.1407100927625067,0.02844145332600497,0.0038690470249849885,0.047359961401845785,0.18156283894141617,0.08896328093588807,68,Isomeric linolenic acids (18:3),nutrition,axisvalue,train
177,0.08538342868696355,0.0792752316865886,0.05537514566410357,0.2963967474153365,0.25672724947829423,0.012629111131038073,10711,Lactose,nutrition,axisvalue,train
178,0.039665418385335716,0.03893997812453457,0.005955942754375776,0.09378154859448512,0.040157461122308426,0.00323547305192674,8661,Leucine,nutrition,axisvalue,train
179,0.057935804481550154,0.03454117437904095,0.004985529122333128,0.34105811951496495,0.06458108960793836,0.03442171864971495,59,Lignin,nutrition,axisvalue,train
180,0.16752178849460392,0.1294086666105772,0.054883002856227395,0.6568727100323718,0.171636761528732,0.07755575338577607,7708,Linoleic acid (18:2n-6),nutrition,axisvalue,train
181,0.24463413272592424,0.0001325185853334849,4.907303069224318e-07,0.00013319170763645587,0.33498638178810247,0.05677334044310308,7134,Lutein + zeaxanthin,nutrition,axisvalue,train
182,0.07571662174730664,0.00019402944185142358,1.9109521566038867e-06,0.00019502788181892099,0.6912444797702778,0.002395716118250632,11469,Lycopene,nutrition,axisvalue,train
183,0.0518798552071478,0.04427379565781039,0.00525448318882263,0.10146814447175925,0.052535592312347064,0.003982410807632218,8681,Lysine,nutrition,axisvalue,train
184,0.15929941415474805,0.01086939715096078,0.0012156319238955284,0.012726054089478741,0.1607844309289009,0.07487690104310252,35492,Magnesium,nutrition,axisvalue,train
185,0.22954837718048313,0.10255512687584578,0.08484487196201514,0.2575918042325487,0.4983694713577644,0.027483644675400695,10771,Maltose,nutrition,axisvalue,train
186,0.276881488804627,0.00038857334564899475,1.472185850639931e-05,0.0003968349033298575,0.2808493723291956,0.18410991932590737,18010,Manganese,nutrition,axisvalue,train
188,0.043510057770525565,7.232263207997688e-07,3.1471311367012166e-12,7.232404902317659e-07,0.050387000279203426,0.0006614159856865949,94,Menaquinone-4,nutrition,axisvalue,train
189,0.06027783497505495,0.026356871564531086,0.0022328716072385233,0.038668464723396495,0.06091132756973773,0.031377975289946916,8681,Methionine,nutrition,axisvalue,train
190,0.14046353940580908,5.697962546936029e-06,9.979081006044452e-10,5.698928216620928e-06,0.16984918280486785,0.031310816389504906,1011,Molybdenum,nutrition,axisvalue,train
191,0.19201348195033183,0.001089639937548083,0.00014856071172629923,0.001210638449523427,0.19783353568454282,0.04289541530883471,30892,Niacin,nutrition,axisvalue,train
192,0.15174964537483235,0.0013894174316280174,0.0008076898444331898,0.002384713649399038,0.15664336543618707,0.063983106417322,6362,Nicotinic acid,nutrition,axisvalue,train
193,0.2095696959380821,0.15366341978496895,0.08351549785703616,0.7863498000778305,0.21466747002689107,0.08981004794128607,4923,Octadecadienoic acid (18:2; isomer unspecified),nutrition,axisvalue,train
194,0.12683571505878294,0.08586372225022916,0.02728097668574791,0.24946668731974034,0.13364652840994778,0.02429447863517628,19517,Octadecanoic acid (18:0),nutrition,axisvalue,train
195,0.041856118753738986,0.0020624503316579936,0.00023031588954045367,0.0027935688069316207,0.4525063582468119,0.004910218469645805,3901,Octadecatetraenoic acid (18:4; isomer unspecified),nutrition,axisvalue,train
196,0.27709668909241847,0.054309712808867754,0.02215859630856541,0.10951277444592898,0.28221446533799815,0.22126754871884072,4835,Octadecatrienoic acid (18:3; isomer unspecified),nutrition,axisvalue,train
197,0.16195009674537253,0.19260978681679164,0.11660505814541738,1.2003679443471187,0.16636202351458448,0.06171197309511262,4910,Octadecenoic acid (18:1; cis/trans unspecified),nutrition,axisvalue,train
198,0.12824951668373694,0.01726628037640635,0.008678613784525557,0.03185819880398136,0.31857678512063403,0.011455882459628244,15315,Octanoic acid (8:0),nutrition,axisvalue,train
199,0.20100062417978612,0.00026600213173186754,1.946130338050169e-06,0.0002672365005235176,0.2063173393468563,0.12089554684532065,16490,Pantothenic acid (vitamin B5),nutrition,axisvalue,train
200,0.13681104448203937,0.00615318254881006,0.0003334706243505472,0.006806936383220594,0.18187877698213495,0.05312961202739717,5999,Pentadecanoic acid (15:0),nutrition,axisvalue,train
201,0.06721703547720445,0.002234427380653656,0.001412221406287213,0.0035243909641227786,0.9023830496730229,9.874943529998412e-07,4236,Pentadecenoic acid (15:1; isomer unspecified),nutrition,axisvalue,train
202,0.039377277053761345,0.02850934938427877,0.003537418649090398,0.05202889123906131,0.03987468804845223,0.007837918222993314,8673,Phenylalanine,nutrition,axisvalue,train
203,0.13115654987970551,0.03447308076556458,0.005440527134331982,0.04503237117154298,0.13327896440845266,0.04015471293661719,31130,Phosphorus,nutrition,axisvalue,train
204,0.07932164999661924,0.01119260021920188,0.0017218865163675288,0.014459434323917499,0.11796812406614783,0.008101719211345124,398,Phytosterols,nutrition,axisvalue,train
205,0.1571163561328049,0.06343422579200929,0.015606499675499772,0.1016989598197893,0.158290507547318,0.06884782224154799,31399,Potassium,nutrition,axisvalue,train
206,0.06327689186318287,0.05394126321955396,0.010069823460518572,0.10878252978105263,0.06406404303160594,0.008807912636342695,8583,Proline,nutrition,axisvalue,train
207,0.08325848709534284,0.16704303451013897,0.07594945906758922,1.6626926054930669,0.08539789793636124,0.018559219084241164,26382,"Protein, total",nutrition,axisvalue,train
208,0.23367378983937645,8.84254994061293e-05,8.229353077859664e-07,8.911332742290983e-05,0.41339654009738347,0.0332680421893785,28747,Retinol,nutrition,axisvalue,train
209,0.19516586548363643,0.00010140436011836452,3.907182861748171e-06,0.00010353603298443675,0.20109939561301815,0.06595574607235094,27092,Riboflavin (vitamin B2),nutrition,axisvalue,train
210,0.19760146186970376,7.078467756446773e-06,3.349935593229803e-08,7.095433889717743e-06,0.20563230779043032,0.10416936477870115,24283,"Selenium, Se",nutrition,axisvalue,train
211,0.04172397868284467,0.030948456928254556,0.0030857644953569984,0.055312020603829205,0.04194960180173879,0.025628712082282,8568,Serine,nutrition,axisvalue,train
212,0.2468942827642823,0.07328427166447118,0.027500228751204107,0.1413928998116424,0.24985078790556886,0.13290272456149652,26623,Sodium,nutrition,axisvalue,train
213,0.09260800649212954,0.09260800695874447,0.28159601080895225,1.4505492269739044,0.1462288059479315,0.0006866359964690366,76,Sorbitol,nutrition,axisvalue,train
214,0.09919621661644897,0.2940948646843892,0.3488316167698604,2.878735582606187,0.14321432208304768,0.024858408252018366,7534,Starch,nutrition,axisvalue,train
215,0.025947295902425106,0.010401927326354714,0.00851659714797438,0.016754187855957732,0.9794718252319607,0.00014466411244996898,835,Stearidonic acid,nutrition,axisvalue,train
216,0.038484670946872614,0.0008378512600968835,7.625501595610123e-06,0.0009045098491001065,0.07219810027231528,0.0006847653395581124,210,Stigmasterol,nutrition,axisvalue,train
217,0.25769965727581545,0.2865909453069472,0.28755048829729385,1.935749042913629,0.33490168706857326,0.06707672953733322,5683,Sucrose,nutrition,axisvalue,train
218,0.19783346148566724,0.31394914637793814,0.2659531485162034,2.699514788675193,0.21617108401754348,0.07395688219346007,18095,"Sugars, total",nutrition,axisvalue,train
219,0.03363499578126102,0.009481725756564242,0.00028701057761228984,0.01241516878834335,0.03363499578126102,,93,Sulfur,nutrition,axisvalue,train
220,0.17114254319101802,0.006832404611036117,0.0018937078880936955,0.00894278495346794,0.23474739982946724,0.08448489174618416,4423,Tetracosanoic acid (24:0),nutrition,axisvalue,train
221,0.16598680495548532,0.04812403892725158,0.017973672762748038,0.10988623253261874,0.19028188511595018,0.03656783327948504,18875,Tetradecanoic acid (14:0),nutrition,axisvalue,train
222,0.11914689125313882,0.008245086768866825,0.0007520071581732469,0.010090944786408347,0.1803973170231107,0.03373677420936016,5438,Tetradecenoic acid (14:1; isomer unspecified),nutrition,axisvalue,train
223,0.23250928690061734,9.092806836309233e-05,2.646184350635921e-06,9.23586881700884e-05,0.2395987266010295,0.09894608359097146,29067,Thiamin (vitamin B1),nutrition,axisvalue,train
224,0.04544759359439101,0.030422159946236482,0.002612939887393356,0.053372059659900994,0.04600180577079977,0.0036925828769028596,8656,Threonine,nutrition,axisvalue,train
225,0.22101210640920518,3.7983747586817374e-05,6.932530844470913e-08,3.802265150096656e-05,0.31616821731022937,0.06182128435419956,7747,"Tocopherol, beta",nutrition,axisvalue,train
226,0.23916493762585256,0.00012768004689498228,7.798168393329132e-07,0.00012825491704494078,0.3677408608344072,0.07271565545239285,7687,"Tocopherol, delta",nutrition,axisvalue,train
227,0.331035112869907,0.0007085030368195157,8.998380621558276e-06,0.00071776016115832,0.3797669388538286,0.13171721100833028,8262,"Tocopherol, gamma",nutrition,axisvalue,train
228,0.3592958066547227,7.641702351646754e-05,2.2689560619268215e-07,7.654509610061823e-05,0.4686672078498957,0.1308262387352455,5437,"Tocotrienol, alpha",nutrition,axisvalue,train
229,0.06676088074362334,2.724170230183301e-05,9.762935445557694e-09,2.7255531994693567e-05,0.2975542569465202,0.005740883623880896,1186,"Tocotrienol, beta",nutrition,axisvalue,train
230,0.05834848345336334,1.3076773801468805e-05,8.40194872383644e-09,1.3080976531210584e-05,0.884809633020926,0.000458117216372776,1161,"Tocotrienol, delta",nutrition,axisvalue,train
231,0.2064542259893507,6.697414825732308e-05,8.012358621409704e-08,6.706258706065679e-05,0.533064609298396,0.015191895546146132,1167,"Tocotrienol, gamma",nutrition,axisvalue,train
232,0.05781033879473831,0.0007398165656572367,3.265388339405827e-05,0.0007565263960246053,1.133044528571083,0.00014793745026556255,668,Tridecanoic acid (13:0),nutrition,axisvalue,train
233,0.09317090264376272,0.022033601218121854,0.0020463269582320486,0.027099412370185334,0.09390356800439124,0.0769396170403666,15731,Tryptophan,nutrition,axisvalue,train
234,0.050488092759452964,0.029941331804971973,0.0025980941324946515,0.04804007758631689,0.0511714416565573,0.00884733497226779,8612,Tyrosine,nutrition,axisvalue,train
235,0.04318096314259954,0.033420590754506194,0.004953613605700794,0.0690686220077549,0.04371952716129542,0.0035398880716835056,8661,Valine,nutrition,axisvalue,train
236,0.1792652317299199,0.00026646049216293605,3.2495140378377006e-05,0.00028386783566328465,0.18688704940971929,0.08598328400700189,1774,Vitamin B6 - Pyridoxin,nutrition,axisvalue,train
237,0.22787020147705786,8.947543766760619e-07,2.9321776588563976e-10,8.949101012155886e-07,0.4142441362997922,0.07043719140750278,27304,Vitamin D (D2 + D3),nutrition,axisvalue,train
238,0.1765263374395093,1.5131304797312377e-07,2.4907660901137583e-12,1.5131430347379766e-07,0.8773844930909198,0.004195160628934769,6511,Vitamin D2 (ergocalciferol),nutrition,axisvalue,train
239,0.0635511496462724,0.24062976934014307,0.24327753719197986,6.9704431818902925,0.06377050390764008,0.03798858551580862,30210,Water,nutrition,axisvalue,train
241,0.1879603846657794,0.0006950010594985957,0.00011351090199926978,0.000783619300677451,0.19060670373439753,0.08586852481180773,31918,Zinc,nutrition,axisvalue,train
242,0.09922538557929204,0.00452729838850886,0.0003618823799390011,0.005061219008980039,0.19100078524295666,0.005312123028287451,1216,"cis,cis-Eicosadienoic acid (20:2n-6)",nutrition,axisvalue,train
243,0.09620573414564293,0.0012239693597759416,1.5102937607095808e-05,0.0012608545363503674,0.20805982303669115,0.004812759076127907,298,cis-Docosenoic acid (22:1 cis),nutrition,axisvalue,train
244,0.06779131789951119,0.017201286569363802,0.001100827626032098,0.022163871800084296,0.068859075444921,0.01747324357207389,385,cis-Hexadecenoic acid (16:1 cis),nutrition,axisvalue,train
245,0.08482856372050994,0.12219187391082051,0.05093636985864551,1.0147240078638704,0.08499505706080454,0.021810834419005914,759,cis-Octadecenoic acid (18:1 cis),nutrition,axisvalue,train
246,0.12914050044397057,0.002812292582777669,0.0004644986062232475,0.0032237375914001567,0.31060477056822555,0.010765958642485229,461,cis-Tetracosenoic acid (24:1 cis),nutrition,axisvalue,train
247,0.07161146290247418,0.007755815081513685,0.0006579691387020273,0.010381189350558572,0.07070318357763881,0.10194799235197557,172,"trans,trans-Linoleic acid (18:2 trans,trans)",nutrition,axisvalue,train
248,0.1348350456282555,0.0002854955076755609,1.4053305036282345e-06,0.00028620068007145755,0.9701004325187145,0.0006732477339330573,224,trans-Docosenoic acid (22:1 trans),nutrition,axisvalue,train
249,0.0595183528552927,0.0017022917643291211,1.0079976157052915e-05,0.0017611032782927133,0.0871166156953592,0.005459899869595434,287,trans-Hexadecenoic acid (16:1 trans),nutrition,axisvalue,train
250,0.08744460972625583,0.009627154323782467,0.0006705318493959118,0.012099359125108988,0.09624365488901065,0.012024222616928735,335,trans-Linoleic acid (18:2; isomer unspecified),nutrition,axisvalue,train
251,0.11264460903002112,0.05350998435033178,0.02557170542237281,0.2755503743019895,0.1222962288093957,0.03543165079502462,774,trans-Octadecenoic acid (18:1 trans),nutrition,axisvalue,train
2,0.4349334055678706,0.2121820333746751,0.1334997586715236,0.406494536375006,0.4349334055678706,,18,Acetic acid,food_metabolome,mae,validation
7,0.3027266598639402,0.001559152372854,5.3060432244793096e-05,0.0015988723802063,0.8277281015658068,0.0297259101789696,38,Apigenin,food_metabolome,mae,validation
9,0.905983089756493,0.0010875007608709,7.579022289449668e-06,0.001092071360763,0.905983089756493,,13,Benzoic acid,food_metabolome,mae,validation
11,0.6542259732108686,0.0030057730157898,3.205441900839091e-05,0.0030268392802443,0.7103199305005127,0.0371924430247839,12,Cadaverine,food_metabolome,mae,validation
12,1.2178365133846805,0.0703860604954479,0.0571680691920905,0.1116698808722172,1.3512227562595984,0.1062844894270295,28,Caffeic acid,food_metabolome,mae,validation
13,0.0761999365168131,0.0025877222864538,0.0010939592342532,0.0033412179659241,0.8934670946889929,5.571699386496932e-06,1962,Caffeine,food_metabolome,mae,validation
15,0.7273084467859562,0.0106693168323504,0.0020018962980253,0.0118587757588024,0.8185423327834556,0.5144293794584577,30,Catechin,food_metabolome,mae,validation
16,0.1404966627184999,0.0097906582070062,0.0005037697911937,0.0107509778342313,0.1429243740853621,0.0207295686199614,755,Choline,food_metabolome,mae,validation
18,0.2548163595724733,0.1142641584108121,0.0342712961575372,0.1709235457479953,0.2548163595724733,,52,Citric acid,food_metabolome,mae,validation
21,0.5974627171964739,0.0099004624443958,0.0004549721249773,0.0102520564754488,0.6352861555680466,0.5445099034762723,12,Cyanidin,food_metabolome,mae,validation
22,0.4070994362175973,0.0024085655430724,1.4982234172668712e-05,0.0024340492915104,0.4572557602253049,0.2733492388637105,11,Daidzein,food_metabolome,mae,validation
24,0.6210191684090841,0.0041408467820263,9.495972070569484e-05,0.0041979362964607,1.4194723849350497,0.0,16,Delphinidin,food_metabolome,mae,validation
25,2.2878459426669147,0.1210571450832383,0.0597607390512566,0.1580424699618578,2.2878459426669147,,5,Ellagic acid,food_metabolome,mae,validation
26,0.4344471859247583,0.000908360301141,8.190550339226022e-06,0.0009124725190738,1.3725640077814332,0.0592004571820883,28,Epigallocatechin,food_metabolome,mae,validation
28,0.6080944972898653,0.0105980765362602,0.0005387744821975,0.0110174386329673,0.6571827589343915,0.0190353575555505,26,Ferulic acid,food_metabolome,mae,validation
33,1.6981812648402257,0.2240946983772754,0.3585284264774529,0.6346894687086899,2.143733852684981,0.0273590604223932,19,Gallic acid,food_metabolome,mae,validation
35,1.1467280331276433,0.0126453327241981,0.0017679763728137,0.0136443344769776,1.1082702794587165,2.1466296285197446,27,Genistein,food_metabolome,mae,validation
43,0.334421887904103,0.0012275874632895,7.447531737423351e-06,0.0012324749207062,0.8914668404429413,0.0305791865192821,17,Glycitein,food_metabolome,mae,validation
47,0.5749575810653903,0.0012867577197493,1.603625453723628e-05,0.0012954880871038,0.5912160008110964,0.0384297294570881,34,Histamine,food_metabolome,mae,validation
50,0.8372879327544502,0.0051611954077186,0.0002458306596718,0.0052867435187067,1.8773784624332197,0.2132336149471887,16,Isorhamnetin,food_metabolome,mae,validation
51,0.5961670734604321,0.0027970306616612,6.092611370226891e-05,0.0028320010131043,0.9566309242079356,0.1663832514153316,57,Kaempferol,food_metabolome,mae,validation
52,0.1541542209054107,0.1274146363303295,0.0309159645523946,0.2378551688790321,0.1541542209054107,,23,Lactic acid,food_metabolome,mae,validation
53,0.9744295065778974,0.0001838749457173,1.1253550793329049e-07,0.0001839315508634,0.9744295065778974,,4,Lariciresinol,food_metabolome,mae,validation
54,0.4619689200830745,0.0008668835530112,3.242355038406311e-06,0.0008689861493016,0.4619689200830745,,14,Lutein,food_metabolome,mae,validation
55,0.519095022264411,0.0053129612870122,0.0004174021318652,0.0055468534670523,1.2398089082725263,0.0201392550280235,44,Luteolin,food_metabolome,mae,validation
56,0.2549015220166228,0.1023390913903854,0.0276569457759549,0.1516936279681264,0.2549015220166228,,49,Malic acid,food_metabolome,mae,validation
58,1.2890975729862415,0.000134674624631,8.92549026326305e-08,0.000134719263764,1.6106373198885886,0.0029385853768537,5,Matairesinol,food_metabolome,mae,validation
61,0.3815590938074704,0.0009263806259248,5.649777113321705e-06,0.0009314332029482,0.57391938896631,0.1342387143175337,48,Myricetin,food_metabolome,mae,validation
62,0.317756542871844,0.003583284124611,9.237835788570392e-05,0.003660325830341,0.5849267216919342,0.1619072718934581,19,Naringenin,food_metabolome,mae,validation
65,1.087549917405509,0.0487754725147029,0.003491568995609,0.054317791900151,1.087549917405509,,4,Oxalic acid,food_metabolome,mae,validation
66,0.2931492165665867,8.555307903781478e-05,5.760478769456632e-08,8.57420551409645e-05,0.8244735788399958,0.080619471657223,14,Pelargonidin,food_metabolome,mae,validation
67,0.2246576265109379,0.000812312501993,6.838572078555552e-06,0.0008161765278915,0.7263548184915033,0.0016810967417978,13,Peonidin,food_metabolome,mae,validation
72,0.5971076441746824,5.106968475221155e-05,6.876575315716684e-09,5.1073342178691445e-05,0.5971076441746824,,4,Pinoresinol,food_metabolome,mae,validation
77,0.2964625975249628,0.0022033475833479,3.839325877541344e-05,0.00229225257401,0.2964625975249628,,17,Putrescine,food_metabolome,mae,validation
79,0.5278309678453172,0.00459491634916,0.00011786621158,0.0046741518055038,0.6207627484838796,0.2326358999345897,71,Quercetin,food_metabolome,mae,validation
82,0.2992656002858631,0.258750681732205,0.1436959905391097,0.5229818666974704,0.4488984004287947,0.0,6,Rosmarinic acid,food_metabolome,mae,validation
83,1.084936547290475,0.0001147140048969,2.2349913216306347e-08,0.0001147278776967,1.084936547290475,,5,Secoisolariciresinol,food_metabolome,mae,validation
88,0.1904455175901999,0.0007876449921044,2.5517068939259506e-06,0.0007890963436366,0.201358879464835,0.0813118988438484,11,Spermine,food_metabolome,mae,validation
90,1.25024956659772,0.0074932583293795,0.0003001496196918,0.0076458649970777,1.3402512799752335,0.950243855339342,13,Syringic acid,food_metabolome,mae,validation
91,0.4930692143929594,0.2123549843597152,0.1452465588723282,0.3390377334594726,0.4930692143929594,,5,Tartaric acid,food_metabolome,mae,validation
92,0.1362641695445036,0.0005101123041175,1.6028947894281927e-06,0.0005148454028258,0.1362641695445036,,9,Taurine,food_metabolome,mae,validation
93,0.0487838284252405,0.0070262415978291,0.0028096252374308,0.0089435029940176,0.8259456561096828,0.0003985465914433,1928,Theobromine,food_metabolome,mae,validation
96,0.2005852723250183,0.0019234951192574,3.0753475960743225e-05,0.0019583576524454,0.2297063458114045,0.0258588314067011,21,Tyramine,food_metabolome,mae,validation
98,0.3602649017267783,0.0006150648012614,1.20727145591977e-06,0.0006167561521388,0.2819449750093851,0.7127045719550473,11,Vanillic acid,food_metabolome,mae,validation
103,0.6091671708005465,0.0056310444253006,0.0001517618535326,0.0057595076901259,0.7050211083679404,0.0340435453961829,28,p-Coumaric acid,food_metabolome,mae,validation
104,0.0478821284430622,0.0371353985190255,0.0046409883747829,0.0736591359281662,0.0484951791951838,0.0053865649437296,1547,Alanine,nutrition,mae,validation
105,0.1457768699229536,0.0145093508817333,0.0018216723442142,0.0169560797502672,0.228506308241266,0.0462479481290513,1128,Arachidonic acid (20:4n-6),nutrition,mae,validation
106,0.0676402468050922,0.0556813117158581,0.0100812311924408,0.1204144268346793,0.0674969244209254,0.0737525998222993,1727,Arginine,nutrition,mae,validation
107,0.3154799211416216,0.0078511982396139,0.0002528733843641,0.0081627857953714,0.4521183553044039,0.0853520320253569,102,Ascorbic acid (vitamin C),nutrition,mae,validation
108,0.1043238776078683,0.1087033160964787,0.0429927481148425,0.4591968025524374,0.1055582116728036,0.021716371741968,3606,Ash,nutrition,mae,validation
109,0.050700602507356,0.0527824133364986,0.0091056385805601,0.1261290067756035,0.0506798100420018,0.0522589977856554,1519,Aspartic acid,nutrition,mae,validation
110,0.0816178746909077,0.199247405940942,0.1291233145748665,2.566525830076621,0.0883130730350535,0.0092260425948309,756,Available carbohydrate,nutrition,mae,validation
111,0.108161286980056,0.0180175118311564,0.0017302682991876,0.021282726905244,0.1524245331105505,0.0006648320917121,48,Beta-sitosterol,nutrition,mae,validation
112,0.1804782588899432,0.0066649247586676,0.0019716435698263,0.0080783349593384,0.1742901855859641,0.3372637698747833,498,Betaine,nutrition,mae,validation
113,0.334327168552848,8.822361666800027e-05,1.9059089071793557e-06,8.928738933544423e-05,0.3358479957354561,0.3208429795309095,1768,Biotin,nutrition,mae,validation
114,0.1006439307459229,0.0136632862000125,0.0021082372610015,0.0184359881063964,0.2375978798356236,0.0274146078292237,2269,Butyric acid (4:0),nutrition,mae,validation
115,0.3073949109878908,0.031853432130749,0.0080734352095022,0.0436133906597855,0.3083957261804667,0.2712951713320253,6878,Calcium,nutrition,mae,validation
116,0.2097987502237953,0.0055572076160126,0.0001137177626064,0.0058703491837168,0.2433996377600023,0.0921956438470706,36,Campesterol,nutrition,mae,validation
117,0.2558378335761108,4.844153933575312e-05,1.241854605430932e-07,4.850451267011676e-05,1.114232284022839,0.0080813409862381,2524,"Carotene, alpha",nutrition,mae,validation
118,0.4077336933153287,0.0003329997935633,3.2273450468566465e-06,0.0003353174426244,0.6294746647908949,0.0728020280087874,3736,"Carotene, beta",nutrition,mae,validation
119,0.482925232840749,0.4460811009781934,0.7629059431666677,3.842569276372592,0.4498912919436989,0.6976458486715742,15,Cellulose,nutrition,mae,validation
120,0.1816546229173644,0.0815404476045898,0.019644080989251,0.2320611900024175,0.1816546229173644,,343,Chloride,nutrition,mae,validation
121,0.232782760231851,6.977830129142933e-07,2.196214801182441e-11,6.977969736580995e-07,0.3279470882075158,0.1089430883959693,695,Cholecalciferol (vitamin D3),nutrition,mae,validation
122,0.1162121341490202,0.028636917816625,0.0566199483191707,0.1632141688106148,0.1910879123007745,0.0076942056425454,3992,Cholesterol,nutrition,mae,validation
123,0.1250507247316577,0.0076201781646789,0.0003373425517509,0.0083497408518401,0.1270713999906149,0.0573764733316728,1897,"Choline, total",nutrition,mae,validation
124,0.375880458348235,4.17431315598921e-05,5.617605820088196e-08,4.179003513774428e-05,0.4715914255321087,0.1182767577212612,278,Chromium,nutrition,mae,validation
125,0.166542222580499,6.801857939652334e-07,1.3433277584960072e-11,6.801980711754546e-07,0.2628696298335194,0.0143669751463183,4402,Cobalamin (vitamin B12),nutrition,mae,validation
126,0.1115666795559481,0.0125518887776006,0.0007043488393608,0.0176956635542613,0.1214825520159271,0.0405029269260985,98,Conjugated linoleic acids (18:2 CLA isomers),nutrition,mae,validation
127,0.2430702575204741,0.0001227108868623,1.5707659180480243e-06,0.000123559693908,0.245657520590333,0.1719509664625734,5038,Copper,nutrition,mae,validation
128,0.25387311599839,1.950793662711649e-05,4.898834695655285e-08,1.9532474255101572e-05,1.058753664867313,0.0040033378869125,2450,"Cryptoxanthin, beta",nutrition,mae,validation
129,0.0708024360324476,0.0213084973015225,0.0013586773415687,0.0265959436879433,0.0717375905641839,0.01871086507943,1531,Cystine,nutrition,mae,validation
130,0.1975305017305338,0.0237465812781717,0.0104109275312327,0.0399505142147635,0.3423015366473294,0.0500917099286552,2996,Decanoic acid (10:0),nutrition,mae,validation
131,0.1659683157794404,0.2208352221031917,0.1175137334845351,1.060503980532142,0.1995068180171137,0.0367426745239777,2543,"Dietary fibre, total",nutrition,mae,validation
132,0.1136849268025825,0.0134869512700781,0.0053056174020286,0.0294769535649378,0.3511191406693837,0.0180062144206493,2886,Docosahexaenoic acid (DHA; 22:6n-3),nutrition,mae,validation
133,0.2629689543689376,0.0169039475559906,0.0082922442098268,0.0265312280271939,0.3840292414720747,0.1049887947642628,1047,Docosanoic acid (22:0),nutrition,mae,validation
134,0.1305253207655619,0.0056307669020783,0.001104344049851,0.0074225340252761,0.3364019043108671,0.0322603649765874,2934,Docosapentaenoic acid (DPA; 22:5n-3),nutrition,mae,validation
135,0.1507800220514596,0.0016177683866222,1.7944823093521058e-05,0.0016310731945366,0.2789493577831019,0.0119299083421804,75,Docosatetraenoic acid (22:4; isomer unspecified),nutrition,mae,validation
136,0.1372454086568249,0.0122856521204937,0.0095396601164873,0.0421510050751584,0.7423214174991729,0.0315510417276327,733,Docosenoic acid (22:1; cis/trans unspecified),nutrition,mae,validation
137,0.3076849583404808,0.0561029740632165,0.063682545879722,0.1811233013391641,0.4427637013127275,0.080933714058206,3352,Dodecanoic acid (12:0),nutrition,mae,validation
138,0.2336098833324622,0.0143053273891372,0.0023874171730432,0.0170372696503026,0.2406520127919625,0.2009455427321815,998,Eicosanoic acid (20:0),nutrition,mae,validation
139,0.151068870250627,0.0120024190327301,0.0050342641250001,0.0230497011164795,0.4534956022836208,0.0242463863147603,3202,Eicosapentaenoic acid (EPA; 20:5n-3),nutrition,mae,validation
140,0.0994949853583987,0.0091359674456943,0.001071448826633,0.0108572865191226,0.1567968890375259,0.0571638493071516,772,Eicosatetraenoic acid (20:4; isomer unspecified),nutrition,mae,validation
141,0.1771555345946263,0.0043321614401055,0.0004638764240323,0.0046044745551488,0.3746459222632719,0.0563880313440158,224,Eicosatrienoic acid (20:3; isomer unspecified),nutrition,mae,validation
142,0.1718568643074494,0.0014654636953694,1.0792129420388016e-05,0.0014863932965215,0.2334340773280576,0.1122039391937351,63,Eicosatrienoic acid (20:3n-3),nutrition,mae,validation
143,0.1297608982781169,0.0034541368012456,9.036796174436494e-05,0.0035782311041742,0.1771749509112195,0.053251858801974,230,Eicosatrienoic acid (20:3n-6),nutrition,mae,validation
144,0.2380804391375317,0.0237870805139933,0.0053396191957528,0.0362641431922331,0.2792043733597236,0.1601467218216876,2654,Eicosenoic acid (20:1; isomer unspecified),nutrition,mae,validation
147,0.0163832122555775,0.0467728378317898,0.1223314157598417,0.2621238039061737,0.8132482889132249,5.719605088429446e-05,3138,Ethanol,nutrition,mae,validation
148,0.0818806141641493,0.1493442041121195,0.1084954364593943,1.5179075120268852,0.0840535036317139,0.0269350309277557,4833,"Fat, total",nutrition,mae,validation
149,0.1039740070944616,0.1307969655135998,0.0562619685536152,0.9561980344904302,0.1080625822024657,0.0340520026996567,3886,"Fatty acids, total monounsaturated",nutrition,mae,validation
150,0.1692366496565336,0.1571753606581613,0.0803511553942041,0.7834676435370038,0.1737141967115865,0.0750553423703684,3896,"Fatty acids, total polyunsaturated",nutrition,mae,validation
151,0.1043774664540864,0.122620926270911,0.049796207934262,0.8266286553811552,0.1085965426990353,0.0232217030751146,4023,"Fatty acids, total saturated",nutrition,mae,validation
152,0.1853032756867524,0.0642034474577469,0.0379638769903609,0.1609277327854599,0.2572612706600591,0.0611338983142092,1172,"Fatty acids, total trans",nutrition,mae,validation
153,0.1719634593804225,0.0503274597110178,0.0302573985307316,0.1407229400949276,0.1883890586550657,0.0742858956938773,521,"Fatty acids, total trans-monoenoic",nutrition,mae,validation
154,0.1894277082775655,0.0197940220434324,0.0042961252447966,0.0303070570227165,0.2187480961831046,0.0911345983466155,457,"Fatty acids, total trans-polyenoic",nutrition,mae,validation
155,0.25815578723323,1.4253620524262064e-05,1.8301023785094623e-09,1.4255747222274447e-05,0.271315069818329,0.1142178428508056,3170,"Folate, food",nutrition,mae,validation
156,0.2612572852713524,2.129276445612029e-05,6.0485227488327664e-09,2.1298679464577235e-05,0.2737116209901377,0.1038956609789108,3886,"Folate, total",nutrition,mae,validation
157,0.1472142123225321,1.535589565992266e-05,4.886095614989808e-09,1.5361139539332414e-05,0.2816496257237992,0.0277263184791933,3100,Folic acid,nutrition,mae,validation
158,0.2660386507288728,0.2043541919689689,0.1484961082318064,0.6479279107509868,0.3545130586750404,0.0509933421321342,1959,Fructose,nutrition,mae,validation
159,0.2129018529078734,0.0256507039401506,0.0145582627166985,0.0381411739079263,1.061035901696444,0.0072436637771448,1460,Galactose,nutrition,mae,validation
160,0.3038490388943798,0.2400524554797778,0.1919887935189116,0.7480339843507854,0.3734672945530174,0.075600398014992,2003,Glucose,nutrition,mae,validation
161,0.0487194892555977,0.0735925355422505,0.0180038984237829,0.2489579093832818,0.0492900493119418,0.0,1555,Glutamic acid,nutrition,mae,validation
162,0.079457301388215,0.0563599404204165,0.0122573672878295,0.1168825230467716,0.0796941711493901,0.0736027374047918,1713,Glycine,nutrition,mae,validation
165,0.1394775115095779,0.0115820607767885,0.0007145534990903,0.0131822888409718,0.1597460088013866,0.077261867481103,1138,Heptadecanoic acid (17:0),nutrition,mae,validation
166,0.1616593137632364,0.0074885996713594,0.000334354335657,0.0081717929993791,0.1994837645899732,0.1037283656128557,880,Heptadecenoic acid (17:1; isomer unspecified),nutrition,mae,validation
167,0.1049375171890036,0.1029871528664108,0.0379517993849893,0.4194549819971561,0.1073053425430589,0.0400669300097201,3436,Hexadecanoic acid (16:0),nutrition,mae,validation
168,0.2200161340647286,0.0511925473725197,0.0130124053808507,0.0893827810546409,0.2439812422060212,0.1037054758856553,878,Hexadecenoic acid (16:1; cis/trans unspecified),nutrition,mae,validation
169,0.0818579705406022,0.0091945535199025,0.0012316671469029,0.0111972317628777,0.2281482764725483,0.0188741787825859,2651,Hexanoic acid (6:0),nutrition,mae,validation
170,0.0570581773227766,0.0307225854774838,0.0028696175803545,0.0504543612426544,0.0579373891174488,0.0094711832623806,1562,Histidine,nutrition,mae,validation
171,0.0679598460304077,0.0171321554787712,0.0013023506070468,0.0201409060150011,0.0847848293948323,0.0097002021416542,299,Hydroxyproline,nutrition,mae,validation
172,0.2118971311782976,0.2678060664772473,0.097102956200461,1.7589308111648745,0.2230496117666291,0.0,20,Insoluble dietary fibers,nutrition,mae,validation
173,0.2315463629499761,0.0012329482512449,2.4808248911395405e-05,0.0012521908559215,0.2354406009965585,0.1070238439481415,5716,Iron,nutrition,mae,validation
174,0.0441307008616098,0.0312517463418323,0.0031483104800471,0.0560798155338467,0.0447509108422218,0.0103274072655528,1564,Isoleucine,nutrition,mae,validation
175,0.5497325059955523,0.2395723137934173,0.1123354609067635,0.4869152530136207,0.5497325059955523,,15,Isomeric linoleic acids (18:2),nutrition,mae,validation
176,0.7461911201442286,0.1318173165365908,0.0531445033186208,0.2044422397796503,0.420936724192064,1.210840257218749,17,Isomeric linolenic acids (18:3),nutrition,mae,validation
177,0.0880278468165076,0.0814704019031976,0.0458601729292476,0.2668219325710236,0.2437928402914425,0.0149567854459686,1909,Lactose,nutrition,mae,validation
178,0.0383140736475924,0.0376045658919072,0.0043407594465692,0.0848384647690066,0.0387511101122447,0.0046185622229033,1562,Leucine,nutrition,mae,validation
179,0.3588432666693044,0.2298753575989576,0.1651637164923644,1.819233606746968,0.3878688377853088,0.2645101605422901,17,Lignin,nutrition,mae,validation
180,0.1792652824521373,0.1391786446288363,0.0600063373996322,0.7354793180137618,0.1834840419179726,0.0743642057343473,1345,Linoleic acid (18:2n-6),nutrition,mae,validation
181,0.3014765265433848,0.0001969349572926,1.047489486866751e-06,0.000197885916836,0.381241188475486,0.1051732749460719,1277,Lutein + zeaxanthin,nutrition,mae,validation
182,0.0805251300964437,0.000233012829784,2.3825492932752163e-06,0.0002343649416943,0.7132227919988955,0.0057089311637852,2090,Lycopene,nutrition,mae,validation
183,0.0524861459673045,0.0447047795690035,0.0055408771312109,0.101608047291739,0.0531786303453448,0.0037289504407365,1571,Lysine,nutrition,mae,validation
184,0.1661599079308429,0.0113540065692752,0.0010958277594971,0.0128865659372799,0.1680602004085011,0.0556569389469958,6213,Magnesium,nutrition,mae,validation
185,0.2524304477721096,0.1088609153086816,0.0750187904795075,0.2166702433725156,0.502544481497224,0.0517942052120763,1924,Maltose,nutrition,mae,validation
186,0.2836365625517711,0.000386600605285,7.607049350641637e-06,0.0003910166797634,0.2850260605415722,0.2674979445320306,3266,Manganese,nutrition,mae,validation
188,0.1539333882033489,1.3231126914626097e-06,3.48542123242934e-12,1.32311942275419e-06,0.1710370980037211,0.0,10,Menaquinone-4,nutrition,mae,validation
189,0.0592255316327984,0.0260315203459906,0.0019758474712716,0.0379825744191063,0.0602401683459724,0.0123447835469475,1570,Methionine,nutrition,mae,validation
190,0.2980404801925565,1.958043318763744e-05,7.732105473718723e-09,1.9585552550050795e-05,0.3367026011745692,0.1071462578438689,190,Molybdenum,nutrition,mae,validation
191,0.1965879583083676,0.0009870877666981,6.837150898050469e-06,0.0009943322970466,0.2024255946527945,0.0578281311261334,5427,Niacin,nutrition,mae,validation
192,0.1642943656486834,0.0011858286991436,1.1575771619570383e-05,0.0012001851994194,0.1714908959214241,0.0380695092775966,1168,Nicotinic acid,nutrition,mae,validation
193,0.2634969500103974,0.1940937605559489,0.1321999569111432,0.9852900094902236,0.2637813327910396,0.2553966275811359,914,Octadecadienoic acid (18:2; isomer unspecified),nutrition,mae,validation
194,0.1366246308381423,0.0921738827831625,0.0322448263817956,0.2648458754144773,0.1426804807534917,0.0359831615025771,3429,Octadecanoic acid (18:0),nutrition,mae,validation
195,0.0634656206169188,0.0036068620605719,0.0007097869623169,0.0058784089209116,0.5574986591497813,0.0143644776434692,719,Octadecatetraenoic acid (18:4; isomer unspecified),nutrition,mae,validation
196,0.3420350597863988,0.065355529144612,0.0222971397070675,0.1116232334884676,0.3419422329983844,0.3430699530311536,899,Octadecatrienoic acid (18:3; isomer unspecified),nutrition,mae,validation
197,0.1914196999232209,0.2265190228219882,0.1433694294341991,1.5273807977687195,0.1960677973753256,0.07495165805191,912,Octadecenoic acid (18:1; cis/trans unspecified),nutrition,mae,validation
198,0.1567853181914384,0.020262629087276,0.0106342403679118,0.032809918704873,0.364394212913289,0.0300984745760333,2755,Octanoic acid (8:0),nutrition,mae,validation
199,0.2074565233896415,0.0003095021703193,6.314930914157344e-06,0.0003130540847396,0.213491026959246,0.1210877119183294,2974,Pantothenic acid (vitamin B5),nutrition,mae,validation
200,0.178380628203643,0.0088749225233794,0.0009730041806627,0.0100466506866047,0.2202521736907083,0.0973458529061658,1081,Pentadecanoic acid (15:0),nutrition,mae,validation
201,0.1121373847319696,0.0028755797377962,0.0006651153503629,0.0032612403301919,1.5161758313299962,0.000283798869458,777,Pentadecenoic acid (15:1; isomer unspecified),nutrition,mae,validation
202,0.0398505461452276,0.0286564553466329,0.0025486884724131,0.049686808316993,0.0404158747198587,0.0080981861540383,1573,Phenylalanine,nutrition,mae,validation
203,0.1276898110657118,0.0332551444266813,0.0044519922940557,0.0425932918046493,0.130753090234124,0.0128774330701898,5470,Phosphorus,nutrition,mae,validation
204,0.15098881521757,0.0148634037627642,0.0011309279559555,0.0167392768070395,0.2142662966973971,0.0750558374417773,66,Phytosterols,nutrition,mae,validation
205,0.1591669615153565,0.0644369161539294,0.0157314937765934,0.1017549174895406,0.1612581415273117,0.0429558385272665,5513,Potassium,nutrition,mae,validation
206,0.0613711054906284,0.0523990731123463,0.0084365519755727,0.104239147095301,0.0622491133157633,0.0056907759133238,1546,Proline,nutrition,mae,validation
207,0.0821316531476351,0.1664072099029401,0.0728541786171397,1.6219945962513267,0.0841039519276875,0.0323631606810643,4633,"Protein, total",nutrition,mae,validation
208,0.2287066055122889,6.883871080476854e-05,3.367724395281595e-07,6.918243841395407e-05,0.4015570906688371,0.0474433247322619,5057,Retinol,nutrition,mae,validation
209,0.1992606327415747,8.115544518019905e-05,5.543931773336161e-08,8.121179664682557e-05,0.2060058966764628,0.0564457316251515,4691,Riboflavin (vitamin B2),nutrition,mae,validation
210,0.1992301425648075,5.731875873581285e-06,1.426928158728568e-09,5.732686283684458e-06,0.2067152740363188,0.106806569350258,4249,"Selenium, Se",nutrition,mae,validation
211,0.0407159405390096,0.0302149183727399,0.0028920338406192,0.0539987228576687,0.04123105456385,0.0051262442773124,1542,Serine,nutrition,mae,validation
212,0.2607061518846424,0.0777912438771616,0.0403655458503808,0.1760608040403171,0.2639902053947088,0.12135226716999,4705,Sodium,nutrition,mae,validation
213,0.1127562773444029,0.1127562740812252,0.0334311720047433,0.2161012692761063,0.1931487668628527,0.0055662913198032,14,Sorbitol,nutrition,mae,validation
214,0.1204579080981262,0.3302364261981295,0.4695344390732675,3.5665232187439613,0.1644345812809181,0.0365060700420281,1292,Starch,nutrition,mae,validation
215,0.044301483741221,0.0148947397732166,0.0062842308747249,0.0187374423246841,0.8858565632508615,9.111135450536597e-06,140,Stearidonic acid,nutrition,mae,validation
216,0.1973236104073827,0.0031742792964,6.956876995133872e-05,0.0032377307209162,0.2655993328562531,0.0835307396592654,48,Stigmasterol,nutrition,mae,validation
217,0.3191361682695934,0.3529594424941872,0.3701654248588515,2.2991625736014214,0.3957869433164316,0.1171148752012269,1021,Sucrose,nutrition,mae,validation
218,0.2224943834532617,0.3463443313319003,0.2981827656798421,3.218365825887605,0.2355984091657046,0.1205472197348641,3185,"Sugars, total",nutrition,mae,validation
219,0.4011222491624673,0.0996189168602095,0.0180103757926958,0.1187986508567631,0.4011222491624673,,20,Sulfur,nutrition,mae,validation
220,0.1985462405609233,0.0061411647365806,0.0005237170540719,0.0067977312234351,0.2648600376177399,0.1151431736743389,806,Tetracosanoic acid (24:0),nutrition,mae,validation
221,0.1963340069337165,0.0593340462858956,0.0322626986505364,0.1480883965401969,0.2246006538730365,0.0364876764849496,3308,Tetradecanoic acid (14:0),nutrition,mae,validation
222,0.1560877652052763,0.011383449082412,0.0014236372189907,0.0139533109112779,0.2339920531810845,0.0509314650447134,1002,Tetradecenoic acid (14:1; isomer unspecified),nutrition,mae,validation
223,0.2367288995173686,7.8289214066128e-05,8.597613425697314e-08,7.83550194532483e-05,0.2449915957080601,0.0960894068180317,5049,Thiamin (vitamin B1),nutrition,mae,validation
224,0.04619792274749,0.0309538073148644,0.0027188343736945,0.0544956262033127,0.0467905030179855,0.0047711747464853,1560,Threonine,nutrition,mae,validation
225,0.2720841852423148,4.793814667309274e-05,6.76579631418652e-08,4.7977136581321954e-05,0.3547680735860735,0.1211146423723722,1452,"Tocopherol, beta",nutrition,mae,validation
226,0.2924923620517562,0.0001691442337917,1.0548505654320702e-06,0.0001699876174174,0.4230862345644492,0.1188066079677056,1454,"Tocopherol, delta",nutrition,mae,validation
227,0.4066609515193324,0.0008605500901739,1.180100658154388e-05,0.0008717061949491,0.4491996356487916,0.2285138775895086,1548,"Tocopherol, gamma",nutrition,mae,validation
228,0.4131742680220852,8.323217996302258e-05,2.461759141780778e-07,8.336151522559761e-05,0.5308389586484412,0.1825649603188544,1033,"Tocotrienol, alpha",nutrition,mae,validation
229,0.1180160667817298,4.97206224122126e-05,2.3612977705634843e-08,4.974042431145345e-05,0.4289952988345707,0.0471192470391133,237,"Tocotrienol, beta",nutrition,mae,validation
230,0.0328799600540903,4.552893345417309e-06,7.968038958684341e-10,4.553291792163865e-06,0.5942917608137004,4.494243842922658e-06,235,"Tocotrienol, delta",nutrition,mae,validation
231,0.3798595731842462,8.763250429812826e-05,1.072036552921014e-07,8.769598035967482e-05,0.7395922385323397,0.1451403872833625,233,"Tocotrienol, gamma",nutrition,mae,validation
232,0.0556043832075336,0.0005990845311948,1.3364785935663776e-05,0.0006058237570525,1.2102910218523788,9.06025034545215e-05,109,Tridecanoic acid (13:0),nutrition,mae,validation
233,0.0960946202807913,0.0224513806882121,0.0015958518026008,0.027054296949445,0.0970966190951807,0.0772632416650947,2819,Tryptophan,nutrition,mae,validation
234,0.052121579402906,0.0311764342507341,0.0029549504973428,0.0505859159765092,0.0529240322735762,0.0086797164890307,1553,Tyrosine,nutrition,mae,validation
235,0.0445107876168768,0.034448494897663,0.0037251960350395,0.0652608230748425,0.0451066564582218,0.0045357605649066,1566,Valine,nutrition,mae,validation
236,0.2031432587269446,7.636243180711761e-05,5.3493769917261274e-08,7.641989785490531e-05,0.2105879132925469,0.0793758765738078,282,Vitamin B6 - Pyridoxin,nutrition,mae,validation
237,0.2184576791715759,5.802733375765383e-07,2.9073726404543194e-11,5.802921849156297e-07,0.3837306473641756,0.0881271238782295,4761,Vitamin D (D2 + D3),nutrition,mae,validation
238,0.1809839524424601,1.1012052527490165e-07,8.448254843776578e-13,1.1012094769082373e-07,1.005638047692621,1.3613939280181587e-05,1168,Vitamin D2 (ergocalciferol),nutrition,mae,validation
239,0.0658247712035138,0.2462416434801622,0.2541247843569304,7.291141510380748,0.0659897089843345,0.0473198144870233,5247,Water,nutrition,mae,validation
241,0.1879512347229255,0.000584989134745,5.093700636403162e-06,0.0005890120512932,0.1907338666221651,0.0872440138230241,5536,Zinc,nutrition,mae,validation
242,0.187267775378629,0.0093427297515835,0.0011492988164278,0.0102814181567295,0.323658603408085,0.0418593719422669,250,"cis,cis-Eicosadienoic acid (20:2n-6)",nutrition,mae,validation
243,0.3802693871751761,0.0044021207908786,0.0002737807508741,0.0045618925283485,0.5531429328956484,0.1864414722764648,70,cis-Docosenoic acid (22:1 cis),nutrition,mae,validation
244,0.0979342915045873,0.0201599508620255,0.0007938174084101,0.0238613628728272,0.0948247185227751,0.1624579308771897,87,cis-Hexadecenoic acid (16:1 cis),nutrition,mae,validation
245,0.1548234764438602,0.2219030708563135,0.1142096985242715,1.9628312498695808,0.1548234764438602,,153,cis-Octadecenoic acid (18:1 cis),nutrition,mae,validation
246,0.2449006342022963,0.0032543502082935,0.0001038447901,0.0033585442797766,0.4605141655861435,0.1129580254450167,108,cis-Tetracosenoic acid (24:1 cis),nutrition,mae,validation
247,0.2378398298624861,0.0195373839898415,0.0019984481177007,0.0212588128614283,0.1334004010829118,1.2300144032684424,21,"trans,trans-Linoleic acid (18:2 trans,trans)",nutrition,mae,validation
248,0.0759863481443576,0.0001176491681547,1.5659393844293501e-07,0.0001177275212077,0.7741187636668266,0.0001023899353936,51,trans-Docosenoic acid (22:1 trans),nutrition,mae,validation
249,0.0999476510035534,0.002623337463464,1.9030864030166752e-05,0.0026871821873218,0.145844520614168,0.0015972161236651,66,trans-Hexadecenoic acid (16:1 trans),nutrition,mae,validation
250,0.2252559954461105,0.0257562850173775,0.0046587969252675,0.0309484038730959,0.240926029895852,0.0450505992740832,75,trans-Linoleic acid (18:2; isomer unspecified),nutrition,mae,validation
251,0.2519483236501782,0.1310239792688795,0.1658865673076706,0.5030161205437881,0.2534978399537236,0.2431228177473758,154,trans-Octadecenoic acid (18:1 trans),nutrition,mae,validation
2,0.3951040588219741,0.1880820050425497,0.1029702321991725,0.3539037266539203,0.3951040588219741,,18,Acetic acid,food_metabolome,axisvalue,validation
7,0.293457439181866,0.0016271556009831,5.390841689833886e-05,0.0016674276413091,0.8576445296690545,8.015212852806832e-05,38,Apigenin,food_metabolome,axisvalue,validation
9,0.901031624527244,0.0012992221594856,9.262429282629056e-06,0.001304114213884,0.901031624527244,,13,Benzoic acid,food_metabolome,axisvalue,validation
11,0.5000002008336806,0.0021355128912985,2.143546751250958e-05,0.0021526597497798,0.5353089664143849,0.1116037794459329,12,Cadaverine,food_metabolome,axisvalue,validation
12,1.2206924203906728,0.0691858276411293,0.0577078850113573,0.1104485369512416,1.2456323882970812,1.0128593545039346,28,Caffeic acid,food_metabolome,axisvalue,validation
13,0.0601850242910707,0.0023398982440509,0.0010602864177514,0.0030896712313095,0.6425524834739645,0.0058765734817911,1962,Caffeine,food_metabolome,axisvalue,validation
15,0.6334343378927225,0.0102864800359514,0.0020731050658291,0.0114696876654028,0.749983641390924,0.3614859630635855,30,Catechin,food_metabolome,axisvalue,validation
16,0.138417350660831,0.0092978511962783,0.0004542927082951,0.0100931715281019,0.1408312876552603,0.0193297922689874,755,Choline,food_metabolome,axisvalue,validation
18,0.2361400341342188,0.1042985952854389,0.0297495533361832,0.1500869307013658,0.2361400341342188,,52,Citric acid,food_metabolome,axisvalue,validation
21,0.575821715943701,0.0040562493128611,3.778906995160853e-05,0.004082761544545,0.7740927764063592,0.2982422312959795,12,Cyanidin,food_metabolome,axisvalue,validation
22,0.6242588137390661,0.004066866948097,4.008438702049866e-05,0.0041097442534218,0.7041963946319723,0.4110919313579833,11,Daidzein,food_metabolome,axisvalue,validation
24,0.6264584227115351,0.0040301113872045,7.881010217900134e-05,0.0040865285929501,1.428959377642851,0.0022910133205113,16,Delphinidin,food_metabolome,axisvalue,validation
25,1.919914124467241,0.1184052126791237,0.0582264087149241,0.1553643980280884,1.919914124467241,,5,Ellagic acid,food_metabolome,axisvalue,validation
26,0.4253894437443749,0.0009505826260462,8.332506706260261e-06,0.0009548034074203,1.2698150605828125,0.0876191970089999,28,Epigallocatechin,food_metabolome,axisvalue,validation
28,0.4926860632951056,0.0082768284546912,0.0003624390469244,0.0086186272862325,0.5321637504021532,0.018953818010534,26,Ferulic acid,food_metabolome,axisvalue,validation
33,1.7033362723772836,0.2206099739571741,0.3593675783163469,0.6310207919403075,2.12787448360786,0.1113179802626229,19,Gallic acid,food_metabolome,axisvalue,validation
35,0.957779207413843,0.0099939099301944,0.0016213294292501,0.0108775992658453,0.9438129713624376,1.320901344750382,27,Genistein,food_metabolome,axisvalue,validation
43,0.3825517866850015,0.0012920100668095,7.70768954957599e-06,0.0012968797691865,0.9796763343016264,0.0568474879850243,17,Glycitein,food_metabolome,axisvalue,validation
47,0.5992554150979854,0.0012019113286338,1.584271667612033e-05,0.0012104292097643,0.6159455983657549,0.0484793672615908,34,Histamine,food_metabolome,axisvalue,validation
50,0.7227980224727045,0.0049877842071612,0.0002456886634221,0.0051131523042617,1.9186560104378731,0.0052832296936032,16,Isorhamnetin,food_metabolome,axisvalue,validation
51,0.6890587094418785,0.0022607564516063,2.8206090119087916e-05,0.0022758093160043,1.004949154335865,0.3124201020682791,57,Kaempferol,food_metabolome,axisvalue,validation
52,0.1735395597108929,0.1435317701783747,0.0403617054206379,0.2659197721079639,0.1735395597108929,,23,Lactic acid,food_metabolome,axisvalue,validation
53,0.8273464787246281,0.0001761080944278,1.104484609916027e-07,0.0001761645971206,0.8273464787246281,,4,Lariciresinol,food_metabolome,axisvalue,validation
54,0.4792803284649448,0.0008665364118543,3.5915327003996787e-06,0.0008686283681148,0.4792803284649448,,14,Lutein,food_metabolome,axisvalue,validation
55,0.6376204377187412,0.0058349689463875,0.0004663585811254,0.0060771118808155,1.5196970748113,0.0269519966546621,44,Luteolin,food_metabolome,axisvalue,validation
56,0.2720256290170941,0.1106245506183955,0.0317761644748022,0.166592485989843,0.2720256290170941,,49,Malic acid,food_metabolome,axisvalue,validation
58,1.4024611360794927,0.0001354951543747,8.925101827760141e-08,0.0001355397969493,1.7530764200993658,0.0,5,Matairesinol,food_metabolome,axisvalue,validation
61,0.6359000779303962,0.0014242024980476,1.2308429765705858e-05,0.0014307811412644,0.8165275263373951,0.4036647871213975,48,Myricetin,food_metabolome,axisvalue,validation
62,0.3470779419233527,0.010630489891009,0.0008782033070216,0.0125529897444455,0.9356545991795824,0.0037415585238854,19,Naringenin,food_metabolome,axisvalue,validation
65,0.9104403092141576,0.1416963975726015,0.0416888366127632,0.1816731490603462,0.9104403092141576,,4,Oxalic acid,food_metabolome,axisvalue,validation
66,0.2262651585965161,4.088068141676028e-05,1.1391597720595396e-08,4.095642321759701e-05,0.5895094740892273,0.0809674323994316,14,Pelargonidin,food_metabolome,axisvalue,validation
67,0.40122139439552,0.0012351284476639,8.707593732771008e-06,0.0012401311188569,1.2441392112921963,0.0265912535525526,13,Peonidin,food_metabolome,axisvalue,validation
72,0.6317778107468282,5.483168184211816e-05,6.075808065509037e-09,5.483553955487666e-05,0.6317778107468282,,4,Pinoresinol,food_metabolome,axisvalue,validation
77,0.4426489282615153,0.0020712758787922,1.548314578149417e-05,0.0021058784075716,0.4426489282615153,,17,Putrescine,food_metabolome,axisvalue,validation
79,0.6646850089522154,0.0049923291643047,0.0001066321425668,0.0050614353292409,0.7870333001659757,0.276049260390859,71,Quercetin,food_metabolome,axisvalue,validation
82,0.4581514785153426,0.3985729063907778,0.2747838032826976,0.8364773461222649,0.6872272177730139,0.0,6,Rosmarinic acid,food_metabolome,axisvalue,validation
83,0.9736145627796484,0.000109020521907,2.1663642410022782e-08,0.0001090342537805,0.9736145627796484,,5,Secoisolariciresinol,food_metabolome,axisvalue,validation
88,0.1503313357011193,0.0005210616419788,8.554855320021151e-07,0.0005216023184764,0.1513570884269728,0.1400738084425844,11,Spermine,food_metabolome,axisvalue,validation
90,0.7162020087465066,0.0060507337850712,0.0001955013887913,0.0061971780667314,0.7084294327823131,0.7421105952938188,13,Syringic acid,food_metabolome,axisvalue,validation
91,0.3716550238378638,0.2239385891985994,0.155168577481992,0.758018847322464,0.3716550238378638,,5,Tartaric acid,food_metabolome,axisvalue,validation
92,0.1843033625016756,0.0003183636665027,2.765001790718066e-07,0.0003199881973758,0.1843033625016756,,9,Taurine,food_metabolome,axisvalue,validation
93,0.0491894243759656,0.0070580114740408,0.0028146234375294,0.0089756713255206,0.8371264117007492,0.0001332923827421,1928,Theobromine,food_metabolome,axisvalue,validation
96,0.211290706845475,0.0015546197418754,1.1802552991781674e-05,0.0015716398053331,0.2347464393217965,0.0705563119875458,21,Tyramine,food_metabolome,axisvalue,validation
98,0.328997075534628,0.0005188746893785,5.232151444763532e-07,0.0005200926386459,0.3298285214944444,0.3252555687154535,11,Vanillic acid,food_metabolome,axisvalue,validation
103,0.5009453066623174,0.0041128133148215,0.0001092794912834,0.0042148122197254,0.5785360213055079,0.0354010188031753,28,p-Coumaric acid,food_metabolome,axisvalue,validation
104,0.049354924068295,0.0382565698324893,0.0048383171565971,0.0752669791176254,0.0499925000609018,0.0051593154898701,1547,Alanine,nutrition,axisvalue,validation
105,0.1459836620247049,0.0138055154928857,0.001042020426617,0.0151955575870594,0.2301178008403368,0.0436602536714755,1128,Arachidonic acid (20:4n-6),nutrition,axisvalue,validation
106,0.0674302214071546,0.0554762294410092,0.010262922087119,0.1184499000469646,0.0677902017374783,0.0574848550310405,1727,Arginine,nutrition,axisvalue,validation
107,0.3257459650371805,0.0096141958522784,0.000440588605573,0.0100613412076557,0.457566587791386,0.103732284609045,102,Ascorbic acid (vitamin C),nutrition,axisvalue,validation
108,0.1006223063457077,0.104876938014706,0.0351535272246368,0.4540754257891397,0.1017278972366053,0.0260122557824466,3606,Ash,nutrition,axisvalue,validation
109,0.0514184852324469,0.053540338985188,0.0085537139214906,0.1272897701784731,0.0514204448770094,0.0512716098724901,1519,Aspartic acid,nutrition,axisvalue,validation
110,0.0862035425421172,0.2045485986763776,0.1377397281503644,2.837208649382742,0.0938042678047844,0.0040207006395281,756,Available carbohydrate,nutrition,axisvalue,validation
111,0.113524326210296,0.0199909467649896,0.0017135912589781,0.023709933236551,0.160076854319568,0.0004681865163497,48,Beta-sitosterol,nutrition,axisvalue,validation
112,0.1853406133389962,0.0067882115811049,0.0020985145876038,0.0082071029197838,0.1827956248276834,0.2442715637148605,498,Betaine,nutrition,axisvalue,validation
113,0.3491024183500684,9.718599082035328e-05,1.7573217464927995e-06,9.827370727236154e-05,0.3315168390996584,0.5075570475215568,1768,Biotin,nutrition,axisvalue,validation
114,0.0930706707588795,0.012957566964745,0.001961796253747,0.0182187875153063,0.2343687825161064,0.0175889583069592,2269,Butyric acid (4:0),nutrition,axisvalue,validation
115,0.3040157504956265,0.0314398004638502,0.0077174151881102,0.0427076232584169,0.3051988940907755,0.2498660249975959,6878,Calcium,nutrition,axisvalue,validation
116,0.1745490228763257,0.0053015993545914,0.0001549487583839,0.0056646673198013,0.2106053483770665,0.0483518836237329,36,Campesterol,nutrition,axisvalue,validation
117,0.2757493080985104,4.866106433900515e-05,1.2571972171758192e-07,4.872400722152679e-05,1.2284398209347114,0.0006356735685873,2524,"Carotene, alpha",nutrition,axisvalue,validation
118,0.4078983344578881,0.0003295579107235,3.5303658212151444e-06,0.0003318934430609,0.6229822048554291,0.0834739885276052,3736,"Carotene, beta",nutrition,axisvalue,validation
119,0.5332298088378288,0.4913908644674694,0.9588091497941914,3.9973350055217742,0.5269743326355879,0.5738904041523942,15,Cellulose,nutrition,axisvalue,validation
120,0.1884979071628482,0.0844865079977542,0.0227306830365906,0.3162323392317287,0.1884979071628482,,343,Chloride,nutrition,axisvalue,validation
121,0.2206811193758085,5.931827657889962e-07,8.187651127958683e-12,5.931893550281616e-07,0.3317823707575813,0.0761023386041638,695,Cholecalciferol (vitamin D3),nutrition,axisvalue,validation
122,0.1166013127937419,0.0285271851122842,0.0563285856722351,0.1627063344660422,0.1910546876636961,0.0085754712402682,3992,Cholesterol,nutrition,axisvalue,validation
123,0.1247332116476128,0.0075202161054877,0.0003089336848849,0.0081981379255829,0.1270422094019717,0.0474027777652646,1897,"Choline, total",nutrition,axisvalue,validation
124,0.3814922678330659,3.906859982758624e-05,5.500496235992981e-08,3.911543283936152e-05,0.4757444518317628,0.1260525362053414,278,Chromium,nutrition,axisvalue,validation
125,0.1634946449892139,6.463274798461704e-07,1.2973885690123955e-11,6.463396216301036e-07,0.2575275714068957,0.0149862057568517,4402,Cobalamin (vitamin B12),nutrition,axisvalue,validation
126,0.1313976714244048,0.0158190334349449,0.0012181757890953,0.0223835322169921,0.1448359983777264,0.0350896615922661,98,Conjugated linoleic acids (18:2 CLA isomers),nutrition,axisvalue,validation
127,0.2436494616597126,0.0001227818989409,1.5616572200384956e-06,0.0001236301287197,0.2466357381264614,0.1514885780641981,5038,Copper,nutrition,axisvalue,validation
128,0.2551722492354709,1.9520893366556163e-05,4.89935029920227e-08,1.954543109170524e-05,1.0580720616698205,0.0059145235894543,2450,"Cryptoxanthin, beta",nutrition,axisvalue,validation
129,0.0722522990376683,0.0217433269515686,0.0014813985389334,0.0272271143003161,0.0731824603916773,0.0204388665773157,1531,Cystine,nutrition,axisvalue,validation
130,0.194113128149181,0.0225206502081639,0.0085525647618315,0.0350994608171718,0.3453302629110326,0.0400460669218146,2996,Decanoic acid (10:0),nutrition,axisvalue,validation
131,0.1641705031893559,0.2181128979938456,0.1161476033058615,1.0414618068756625,0.1974990508931459,0.0357538279718901,2543,"Dietary fibre, total",nutrition,axisvalue,validation
132,0.1189720493602127,0.0142714294161746,0.0054850448444037,0.0307970217896383,0.3773660409420449,0.0149169248273836,2886,Docosahexaenoic acid (DHA; 22:6n-3),nutrition,axisvalue,validation
133,0.275668835812662,0.0169756439762502,0.0079973924887188,0.0264745848184802,0.4019996494281508,0.1100485457117673,1047,Docosanoic acid (22:0),nutrition,axisvalue,validation
134,0.1278818190461226,0.0055484383919362,0.0011832884820525,0.0074819283904601,0.3365121919327251,0.0282979874302329,2934,Docosapentaenoic acid (DPA; 22:5n-3),nutrition,axisvalue,validation
135,0.1614896252109,0.0018039097392441,2.094609238706509e-05,0.0018200427043008,0.3006787072102471,0.0107014530449407,75,Docosatetraenoic acid (22:4; isomer unspecified),nutrition,axisvalue,validation
136,0.1432916882604684,0.0140565640455369,0.0123459569842698,0.0467442359790943,0.7848702077361221,0.0312210814930866,733,Docosenoic acid (22:1; cis/trans unspecified),nutrition,axisvalue,validation
137,0.3016051439572386,0.0540698575478077,0.059147805144282,0.1741093206169584,0.4348943794674851,0.0779909903513532,3352,Dodecanoic acid (12:0),nutrition,axisvalue,validation
138,0.2314541674946671,0.0151160034661465,0.0024556651983404,0.0181437041419381,0.2353123175109229,0.2135584547074014,998,Eicosanoic acid (20:0),nutrition,axisvalue,validation
139,0.1514638793127211,0.0122120816294219,0.0050071347021911,0.023174469274082,0.4553470937647974,0.0240308246838334,3202,Eicosapentaenoic acid (EPA; 20:5n-3),nutrition,axisvalue,validation
140,0.089740823106123,0.0085660012573992,0.0014205893422959,0.0104470945712213,0.1652534891254503,0.0339566914522056,772,Eicosatetraenoic acid (20:4; isomer unspecified),nutrition,axisvalue,validation
141,0.1999534325278018,0.0047234193288869,0.0004754727636966,0.0049996906703119,0.4730457628077415,0.0329545255220832,224,Eicosatrienoic acid (20:3; isomer unspecified),nutrition,axisvalue,validation
142,0.1707742375379478,0.001853320472877,2.1432607969595445e-05,0.0018923446766291,0.2625608549317888,0.0818559519376643,63,Eicosatrienoic acid (20:3n-3),nutrition,axisvalue,validation
143,0.1324308091158682,0.0035746132376881,8.966769854332874e-05,0.0037029209573649,0.1808818743950638,0.0542484083244389,230,Eicosatrienoic acid (20:3n-6),nutrition,axisvalue,validation
144,0.2238953015650956,0.0219006972626975,0.0049170139442306,0.0333193953141801,0.2714103601360921,0.1331084126086719,2654,Eicosenoic acid (20:1; isomer unspecified),nutrition,axisvalue,validation
147,0.0164925197793687,0.0477002177288038,0.1221721476778737,0.2630531497662228,0.8130663308344233,0.000172470967509,3138,Ethanol,nutrition,axisvalue,validation
148,0.0787877043147423,0.140932366436455,0.0903338655494091,1.435957065943463,0.081067315624195,0.0212625836315699,4833,"Fat, total",nutrition,axisvalue,validation
149,0.1051419861086528,0.1320273033011615,0.0548851393651173,0.972848266975488,0.1091533660000513,0.0364617797798929,3886,"Fatty acids, total monounsaturated",nutrition,axisvalue,validation
150,0.173380698176982,0.1611629454036205,0.0817565584676243,0.8312223972790691,0.1780764530295707,0.0745725181167505,3896,"Fatty acids, total polyunsaturated",nutrition,axisvalue,validation
151,0.1070014861453752,0.1255078557741042,0.0506640654878002,0.8709718332697042,0.1113065275063041,0.0241468175736888,4023,"Fatty acids, total saturated",nutrition,axisvalue,validation
152,0.1870664627781187,0.0650248368126075,0.0414970028134532,0.1819844012448346,0.2605861239967972,0.0602023031868176,1172,"Fatty acids, total trans",nutrition,axisvalue,validation
153,0.1621048913135509,0.0464967460609393,0.0350229459354424,0.1772070793041843,0.1747297900840604,0.0870288266249215,521,"Fatty acids, total trans-monoenoic",nutrition,axisvalue,validation
154,0.2110919838382383,0.0230503978100479,0.0075241352068862,0.0378571713354642,0.2289452424630181,0.1512410596865953,457,"Fatty acids, total trans-polyenoic",nutrition,axisvalue,validation
155,0.2591874688021298,1.4479808789250858e-05,1.802257042483439e-09,1.4481911085852164e-05,0.2705190011119548,0.1346276206818437,3170,"Folate, food",nutrition,axisvalue,validation
156,0.2637515741089083,2.152745575666601e-05,5.937626999575638e-09,2.1533236138799563e-05,0.2765272432281925,0.1023298741140237,3886,"Folate, total",nutrition,axisvalue,validation
157,0.1500736008158508,1.564326813400282e-05,4.595506476371629e-09,1.5648386718066197e-05,0.2894992896608067,0.0261273549978658,3100,Folic acid,nutrition,axisvalue,validation
158,0.2652601859842808,0.2030937544394657,0.1444322186095419,0.6273317684667408,0.3550410216168191,0.0470858361959813,1959,Fructose,nutrition,axisvalue,validation
159,0.1503608919926727,0.0176940341342357,0.0091848784803908,0.028589381771125,0.7062926744050086,0.0155702087107044,1460,Galactose,nutrition,axisvalue,validation
160,0.2923027991802819,0.2305005543646499,0.1743511994411673,0.6962546096014827,0.3626350181780265,0.0617868223800891,2003,Glucose,nutrition,axisvalue,validation
161,0.0502821955178889,0.0752428180965613,0.017748883648228,0.2622492505600059,0.0508710566234985,0.0,1555,Glutamic acid,nutrition,axisvalue,validation
162,0.0791019967472188,0.0562055114318305,0.0119209905401263,0.1162563843241333,0.0799041816745009,0.0568512594384819,1713,Glycine,nutrition,axisvalue,validation
165,0.1301208907690549,0.010386775479278,0.0005462463826547,0.0117136439496048,0.1489175690334539,0.0724331871006754,1138,Heptadecanoic acid (17:0),nutrition,axisvalue,validation
166,0.1553896933678339,0.0074057103488515,0.0002985413378252,0.0081226439565998,0.1930964984031703,0.0972343564758025,880,Heptadecenoic acid (17:1; isomer unspecified),nutrition,axisvalue,validation
167,0.1047804232448212,0.1028364282926443,0.037120167775447,0.4203785883156987,0.1070733903923165,0.0419607034601364,3436,Hexadecanoic acid (16:0),nutrition,axisvalue,validation
168,0.1993499133277392,0.0462094319338125,0.010828279034208,0.0728825001091564,0.2203949588084465,0.0972112925947066,878,Hexadecenoic acid (16:1; cis/trans unspecified),nutrition,axisvalue,validation
169,0.0795008112396792,0.0091117402735949,0.0013194780214212,0.0114146619664222,0.2383924925909275,0.0110743030396611,2651,Hexanoic acid (6:0),nutrition,axisvalue,validation
170,0.0556515549257486,0.0299040569034122,0.0027436350244826,0.0491490692270399,0.0564877128287018,0.010266921093782,1562,Histidine,nutrition,axisvalue,validation
171,0.0785363358035416,0.0197138734916434,0.0013209950524823,0.023078055405976,0.0955230611050057,0.0197166302820538,299,Hydroxyproline,nutrition,axisvalue,validation
172,0.1853774947791992,0.2382273089773456,0.0866175812276027,1.4063942172111028,0.195134205030736,0.0,20,Insoluble dietary fibers,nutrition,axisvalue,validation
173,0.2351556547283802,0.0012477712803335,2.534064661496836e-05,0.0012671150660763,0.2390242018302306,0.1043303876498039,5716,Iron,nutrition,axisvalue,validation
174,0.0467155924973446,0.0333297902896338,0.0036131863340069,0.0609351134628851,0.0473662840112843,0.0111016550288203,1564,Isoleucine,nutrition,axisvalue,validation
175,0.534405878814023,0.2525612675766696,0.1487972791742721,0.5277726255923509,0.534405878814023,,15,Isomeric linoleic acids (18:2),nutrition,axisvalue,validation
176,0.987698605509369,0.1695040990105014,0.1028499486077856,0.2643394843956715,0.8203857761690984,1.2267169331383272,17,Isomeric linolenic acids (18:3),nutrition,axisvalue,validation
177,0.0922823566772178,0.0856529465569912,0.0565650808938877,0.301668861658715,0.2544106697744967,0.0162339867218197,1909,Lactose,nutrition,axisvalue,validation
178,0.0406681045762395,0.0399212876645626,0.0046064169118349,0.0911925755991652,0.0411377231763729,0.0044605105059515,1562,Leucine,nutrition,axisvalue,validation
179,0.5948836787213597,0.4225931231692559,0.532612860661685,3.197003809945548,0.6626792447858795,0.3745480890116702,17,Lignin,nutrition,axisvalue,validation
180,0.1856280763727928,0.1444282710455381,0.0625718508031018,0.8001781942003433,0.1903348885119894,0.0685913822193081,1345,Linoleic acid (18:2n-6),nutrition,axisvalue,validation
181,0.3148337222411647,0.0002283398229386,1.3869366451098465e-06,0.0002296306487153,0.4144338254090919,0.0697963528704005,1277,Lutein + zeaxanthin,nutrition,axisvalue,validation
182,0.0900856650427364,0.0002480765936738,2.6516993275912194e-06,0.0002494440684972,0.8262265740863931,0.0030392424987663,2090,Lycopene,nutrition,axisvalue,validation
183,0.0534553740409336,0.0455077033614319,0.0055452293471926,0.1027499435340728,0.054149238393358,0.0046010157725029,1571,Lysine,nutrition,axisvalue,validation
184,0.1657305956366612,0.0113906689331321,0.0011051241212784,0.0129421130109223,0.1679081313585048,0.0437504905177266,6213,Magnesium,nutrition,axisvalue,validation
185,0.2496719445224176,0.1069282878046787,0.0757431229507926,0.2131711247996489,0.5031774383686441,0.0468284010806036,1924,Maltose,nutrition,axisvalue,validation
186,0.2885953878369235,0.0003914028153116,7.596237662114382e-06,0.0003958240115431,0.2906955289498484,0.2432627373241912,3266,Manganese,nutrition,axisvalue,validation
188,0.2101832382041054,2.4628242745607173e-06,3.744506813651234e-11,2.462846752466728e-06,0.2331350878183529,0.0036165916758784,10,Menaquinone-4,nutrition,axisvalue,validation
189,0.0610148505045359,0.0269178641305912,0.0021363239627024,0.039578540913611,0.0620376201062401,0.0132876172160589,1570,Methionine,nutrition,axisvalue,validation
190,0.2985304904138932,1.949382969866472e-05,6.794546160873939e-09,1.9498983836034286e-05,0.3453268093447118,0.0674736656929765,190,Molybdenum,nutrition,axisvalue,validation
191,0.1940685165690521,0.0009702445650542,6.66562338938774e-06,0.0009773678927596,0.1998035835893865,0.0571587872581851,5427,Niacin,nutrition,axisvalue,validation
192,0.1612688556378448,0.0011657368586788,1.2081021682078931e-05,0.0011801043291037,0.1683047725949218,0.0378611058351459,1168,Nicotinic acid,nutrition,axisvalue,validation
193,0.2622159664987731,0.1942219031422573,0.1368854819353095,0.972995423089077,0.2643275244930059,0.2020706210501436,914,Octadecadienoic acid (18:2; isomer unspecified),nutrition,axisvalue,validation
194,0.1391683130405739,0.094409180341214,0.0325875134379448,0.2757817996787187,0.1453430639663158,0.036468536228533,3429,Octadecanoic acid (18:0),nutrition,axisvalue,validation
195,0.0591432702531211,0.0034914206250493,0.0006148027440764,0.005758167513449,0.5495025294688946,0.0104072582515535,719,Octadecatetraenoic acid (18:4; isomer unspecified),nutrition,axisvalue,validation
196,0.3413170799341902,0.06433226837512,0.0261472781191535,0.1069947920534514,0.3447118492847883,0.3034699892011699,899,Octadecatrienoic acid (18:3; isomer unspecified),nutrition,axisvalue,validation
197,0.1956179785448368,0.2311627875886294,0.1511245991643826,1.6020054088315172,0.2018381199261255,0.0397590073622587,912,Octadecenoic acid (18:1; cis/trans unspecified),nutrition,axisvalue,validation
198,0.1517469144803321,0.0193670234238141,0.0093460921025831,0.0312844570260234,0.3601965363971059,0.0245805004998741,2755,Octanoic acid (8:0),nutrition,axisvalue,validation
199,0.2038186620407117,0.0003042955951233,6.356282045633165e-06,0.000307832865346,0.2100208701458172,0.1134686726571065,2974,Pantothenic acid (vitamin B5),nutrition,axisvalue,validation
200,0.1708996429851393,0.0085299407767798,0.0009610360526365,0.009680916269207,0.216860882149739,0.0827150685606932,1081,Pentadecanoic acid (15:0),nutrition,axisvalue,validation
201,0.0743229808586128,0.002231954118147,0.0006185522991167,0.0026033073078069,1.0128998099468154,1.800726302361151e-05,777,Pentadecenoic acid (15:1; isomer unspecified),nutrition,axisvalue,validation
202,0.0419627755308774,0.0303499252401106,0.0029729527195977,0.0537842401167284,0.0425405058140627,0.0094118151358343,1573,Phenylalanine,nutrition,axisvalue,validation
203,0.1289022149764873,0.0334218453137976,0.0044444811548046,0.0425985522087621,0.1320018736420473,0.0092678872560133,5470,Phosphorus,nutrition,axisvalue,validation
204,0.1615644087138397,0.0150945570561012,0.0009746938318584,0.0168224985963139,0.2409955318764148,0.0662470609187497,66,Phytosterols,nutrition,axisvalue,validation
205,0.1593085667364569,0.0646397102761987,0.015616729094755,0.102506195925571,0.1611361551820366,0.058576452532731,5513,Potassium,nutrition,axisvalue,validation
206,0.0621519989766156,0.0530563598723998,0.0085135206705935,0.1049160432778664,0.0630587201389749,0.004650765263666,1546,Proline,nutrition,axisvalue,validation
207,0.0815155874483083,0.1640837348788978,0.0743164627725496,1.607251963491672,0.0840019026064074,0.0190371784929567,4633,"Protein, total",nutrition,axisvalue,validation
208,0.2354877921191235,6.671362103555317e-05,2.920549371614365e-07,6.702183377052711e-05,0.4165897338898318,0.0441179637799786,5057,Retinol,nutrition,axisvalue,validation
209,0.1934502656501148,7.857763483853046e-05,5.4108158507615584e-08,7.86323797796014e-05,0.1995685350020901,0.0639215287579185,4691,Riboflavin (vitamin B2),nutrition,axisvalue,validation
210,0.1987828077952229,5.718036044374823e-06,1.4244488356731015e-09,5.718844093325817e-06,0.2070884496878172,0.0922357882028469,4249,"Selenium, Se",nutrition,axisvalue,validation
211,0.042996725282886,0.032011421840902,0.0031794370414035,0.0577438164060585,0.0435280116775979,0.0062896652846058,1542,Serine,nutrition,axisvalue,validation
212,0.2654088567035046,0.0787544716905941,0.0412259483784188,0.1781320818024486,0.2687296412833813,0.1255151790840317,4705,Sodium,nutrition,axisvalue,validation
213,0.1275231077387665,0.127523105034528,0.0413930702862706,0.2038595772699174,0.1797847218081234,0.0578409556462907,14,Sorbitol,nutrition,axisvalue,validation
214,0.1149383602973544,0.3254689087421455,0.4292378889267056,3.413776803909644,0.1608147717080703,0.0286427937014502,1292,Starch,nutrition,axisvalue,validation
215,0.0444254260993493,0.0149226299909325,0.0062839940400653,0.0187653334683173,0.8858179422689318,0.0001416094588449,140,Stearidonic acid,nutrition,axisvalue,validation
216,0.1852615651517066,0.0037159162615931,0.0001253255880373,0.0038164175899269,0.2962592852772313,0.0002653649424989,48,Stigmasterol,nutrition,axisvalue,validation
217,0.3168203587216706,0.3508521469432933,0.3972283165026018,2.2793027503149097,0.3785870698823765,0.1528088293403606,1021,Sucrose,nutrition,axisvalue,validation
218,0.2128665594626798,0.3295834765003042,0.2954003738260458,3.087189521003526,0.2261871547183374,0.1091320380097055,3185,"Sugars, total",nutrition,axisvalue,validation
219,0.4288104046084388,0.1043429649143166,0.0174073865737266,0.123531769112572,0.4288104046084388,,20,Sulfur,nutrition,axisvalue,validation
220,0.1955310710966042,0.0056301829973033,0.000351384867992,0.006102009569308,0.2685772477008787,0.1036606697091553,806,Tetracosanoic acid (24:0),nutrition,axisvalue,validation
221,0.1964381453189283,0.0605086584471708,0.033895657792909,0.1515108179164516,0.2235368510032024,0.0464151887787309,3308,Tetradecanoic acid (14:0),nutrition,axisvalue,validation
222,0.1591298595618549,0.0114258194427124,0.0015372015328363,0.014092379928857,0.2376888315721673,0.0525972806135573,1002,Tetradecenoic acid (14:1; isomer unspecified),nutrition,axisvalue,validation
223,0.2360129984097577,7.84692626241569e-05,8.526458786254425e-08,7.853540698477305e-05,0.2439479281580016,0.1011470331949376,5049,Thiamin (vitamin B1),nutrition,axisvalue,validation
224,0.0472567693367415,0.0317546772038183,0.0028290536409035,0.0563725461833133,0.0478604004259091,0.0050574686485747,1560,Threonine,nutrition,axisvalue,validation
225,0.2667171964208593,4.6119702913789976e-05,6.674787013619538e-08,4.6158168321876295e-05,0.3572823881910077,0.1014442873762279,1452,"Tocopherol, beta",nutrition,axisvalue,validation
226,0.2922983881762315,0.0001729990423115,1.2331734824760796e-06,0.000173869408281,0.4278621933926948,0.1120381686254842,1454,"Tocopherol, delta",nutrition,axisvalue,validation
227,0.4080257243047249,0.0008602348500406,1.0941644119452448e-05,0.0008716707447685,0.4473365928017415,0.2432057265846171,1548,"Tocopherol, gamma",nutrition,axisvalue,validation
228,0.4133852176533786,8.175145119851035e-05,2.4843099245771e-07,8.188094988088157e-05,0.5260235600177137,0.1926269764579483,1033,"Tocotrienol, alpha",nutrition,axisvalue,validation
229,0.1251478789178307,5.6460365262892765e-05,3.7931418046613406e-08,5.648553541470465e-05,0.4730185947802945,0.0458405654569581,237,"Tocotrienol, beta",nutrition,axisvalue,validation
230,0.0332896195972571,4.585674456714984e-06,7.964896303660721e-10,4.586072903491776e-06,0.593900544025223,0.0004610519505744,235,"Tocotrienol, delta",nutrition,axisvalue,validation
231,0.3595460439473261,8.374416638047959e-05,1.342981191103998e-07,8.381267740815659e-05,0.7008382321125495,0.1368589424494499,233,"Tocotrienol, gamma",nutrition,axisvalue,validation
232,0.0556422809403272,0.0005992361618558,1.336464992672008e-05,0.0006059753878782,1.2102574095442935,0.0001319382189826,109,Tridecanoic acid (13:0),nutrition,axisvalue,validation
233,0.0932482169995637,0.0218927583227275,0.0015979728652933,0.02643077056148,0.0946260410696528,0.0647156451638154,2819,Tryptophan,nutrition,axisvalue,validation
234,0.053241161103326,0.0318532001710664,0.0028503865370683,0.0514809729700123,0.0540581325326602,0.009017762673828,1553,Tyrosine,nutrition,axisvalue,validation
235,0.0464949787783035,0.0360446271333522,0.0040700464409807,0.0692110724935357,0.0471021834111299,0.0057594679760781,1566,Valine,nutrition,axisvalue,validation
236,0.205519618497504,7.915115841181385e-05,5.833008303565762e-08,7.921156575143154e-05,0.2144095804697489,0.0577240007089334,282,Vitamin B6 - Pyridoxin,nutrition,axisvalue,validation
237,0.2268839787472136,6.102953485888001e-07,3.032751283201476e-11,6.103147927052522e-07,0.4241428601706168,0.0708199337277352,4761,Vitamin D (D2 + D3),nutrition,axisvalue,validation
238,0.148226479666756,1.0208723466336762e-07,8.280923225236973e-13,1.0208765375888433e-07,0.7928387612297374,0.007174215470649,1168,Vitamin D2 (ergocalciferol),nutrition,axisvalue,validation
239,0.0633377232392593,0.2376785066094204,0.2437706525853839,6.979640468832298,0.0635416676363272,0.0403424605496963,5247,Water,nutrition,axisvalue,validation
241,0.1870580225655112,0.0005803431113895,4.99790284559548e-06,0.0005843363629631,0.1900198484910695,0.0786223432868299,5536,Zinc,nutrition,axisvalue,validation
242,0.1921792158011477,0.0098109570802947,0.0012146217066153,0.0108404157651264,0.3341133918845153,0.0408609619602021,250,"cis,cis-Eicosadienoic acid (20:2n-6)",nutrition,axisvalue,validation
243,0.5013903318260132,0.0065662020223062,0.0003710853826529,0.0067798199375578,0.6438481422902885,0.3416649079721289,70,cis-Docosenoic acid (22:1 cis),nutrition,axisvalue,validation
244,0.100798464804128,0.0217623552621785,0.0009509312480528,0.0259474291201445,0.1001002041273665,0.1152873738469294,87,cis-Hexadecenoic acid (16:1 cis),nutrition,axisvalue,validation
245,0.1478387050025094,0.2149766959289766,0.0989951800086787,1.7419073017428517,0.1478387050025094,,153,cis-Octadecenoic acid (18:1 cis),nutrition,axisvalue,validation
246,0.2657698783974065,0.0034286161482298,0.0001201035383592,0.0035348355661642,0.5673516155364514,0.0812198601481403,108,cis-Tetracosenoic acid (24:1 cis),nutrition,axisvalue,validation
247,0.1989153451875714,0.0144973964850762,0.0007333762656044,0.0154705198479018,0.1440072275409795,0.7205424628301939,21,"trans,trans-Linoleic acid (18:2 trans,trans)",nutrition,axisvalue,validation
248,0.076454236010863,0.0001181172443601,1.5648934450409418e-07,0.0001181955975931,0.7736612383999177,0.0006708661859657,51,trans-Docosenoic acid (22:1 trans),nutrition,axisvalue,validation
249,0.1031986172394776,0.0025245571149501,1.4933352046987446e-05,0.0025742626144375,0.1511132597778788,0.0005243832286179,66,trans-Hexadecenoic acid (16:1 trans),nutrition,axisvalue,validation
250,0.2195695245122245,0.0218855817137207,0.0032454647271112,0.0253903943827574,0.2380512301094326,0.0070299101443314,75,trans-Linoleic acid (18:2; isomer unspecified),nutrition,axisvalue,validation
251,0.2543969316493703,0.1213263150252258,0.1078307674342564,0.5290309680434164,0.255809132446098,0.2463535271114863,154,trans-Octadecenoic acid (18:1 trans),nutrition,axisvalue,validation
