axis_index,scaled_log_mae,log_mae,log_mse,raw_mae,positive_scaled_log_mae,zero_scaled_log_mae,candidate_support,canonical_name,loss_group,method,partition
2,0.03918996159674531,0.021566237376717475,0.0025572697413899035,0.08327005632729399,0.04108233787170255,0.007019564922472343,54,Acetic acid,food_metabolome,mae,train
7,0.24613986337669086,0.01060890924178792,0.013610534774697711,0.023794234981445707,0.7912014381252782,0.0026790266556552247,217,Apigenin,food_metabolome,mae,train
9,0.12272292956976387,0.002349995471582569,0.0001472839518081206,0.0025423306594150917,0.12316052008108624,0.1167716986157794,73,Benzoic acid,food_metabolome,mae,train
11,0.08822767418258934,0.0016800526446309689,3.2700630230002546e-05,0.0017636629408551963,0.08956445712474978,0.0,67,Cadaverine,food_metabolome,mae,train
12,0.28445547166225543,0.013926502745429791,0.00523477936393378,0.021640105529955635,0.32563037456536226,0.05237874620838063,146,Caffeic acid,food_metabolome,mae,train
13,0.08081813694876269,0.003785585086723746,0.0030816194403529055,0.006390017284954029,0.9609464353896895,4.4319195035798965e-06,10892,Caffeine,food_metabolome,mae,train
15,0.08161427126731201,0.005741216567142129,0.002124062974608633,0.00833759746632233,0.12960049776787125,0.002027359022482052,109,Catechin,food_metabolome,mae,train
16,0.1221820518491722,0.008523436940861204,0.0005616796859110671,0.009740984198061005,0.1221992407017285,0.12136792528718746,4256,Choline,food_metabolome,mae,train
18,0.08232302935414541,0.03983876758238304,0.007152808133540292,0.08565592167237461,0.08117440713763015,0.42346382765918206,298,Citric acid,food_metabolome,mae,train
21,0.20764334629188172,0.010628142637959056,0.0019930779486333114,0.013343995313523394,0.32219954183462235,1.0241870664316228e-05,90,Cyanidin,food_metabolome,mae,train
22,0.07902508653511514,0.0012172344258097692,1.0071328976909903e-05,0.0012502664604525447,0.08261713592307492,0.0,46,Daidzein,food_metabolome,mae,train
24,0.13831047843204897,0.0022776453166267418,6.0830502247558876e-05,0.002478802440618222,0.24967355360210164,0.00022026522118365953,56,Delphinidin,food_metabolome,mae,train
25,0.07543808879742793,0.0027646811139342793,5.893041706476448e-05,0.002973684223109602,0.12055431688812293,0.0002443753129362616,32,Ellagic acid,food_metabolome,mae,train
26,0.29892725968529044,0.006050743044359106,0.002741692765019489,0.007724545372820973,0.9937589894176991,7.490281113609962e-05,133,Epigallocatechin,food_metabolome,mae,train
28,0.1168056048017613,0.001585140918935688,2.1588712163807588e-05,0.0016574798010965354,0.1321809979412817,0.03783199458513386,135,Ferulic acid,food_metabolome,mae,train
33,0.17303005838462407,0.009098506815443686,0.005429907503119184,0.014072032052761464,0.2314779970950011,0.04569704905130261,89,Gallic acid,food_metabolome,mae,train
35,0.13394780089067507,0.0019749541404488775,3.811513237732803e-05,0.002061815672792033,0.1365044274517071,0.06065783947442397,89,Genistein,food_metabolome,mae,train
43,0.054809863151865604,0.00022296420722206893,3.980334844739825e-07,0.00022426366869915306,0.09676839048413603,0.0008631851532322,64,Glycitein,food_metabolome,mae,train
47,0.15756908589188165,0.00048321620158582823,2.935680983451178e-06,0.0004863331822968965,0.16147363990867594,0.03913094738245451,188,Histamine,food_metabolome,mae,train
50,0.16194479888330413,0.0036981751492813036,0.000488293175892496,0.004194246374016116,0.373443232080863,0.001362655159231679,95,Isorhamnetin,food_metabolome,mae,train
51,0.1314929297321625,0.001299716430656268,4.8229448746024133e-05,0.0014253454869758556,0.235870848365036,0.00492442997261518,281,Kaempferol,food_metabolome,mae,train
52,0.04013988229030323,0.0334501066430766,0.002856978407972489,0.06557502277251837,0.04183593365468224,0.0,74,Lactic acid,food_metabolome,mae,train
53,0.06357599797422883,0.00016302857978262971,5.901242641464568e-07,0.0001650739455092492,0.07030803252899782,0.00747571001782056,28,Lariciresinol,food_metabolome,mae,train
54,0.07413368838039726,0.0034784042756719614,0.0006542554262322438,0.004167115738360611,0.07413368838039726,,70,Lutein,food_metabolome,mae,train
55,0.18756917246885327,0.00493142170353821,0.0016508244809168495,0.006245756482711047,0.3981998731571305,0.0011092079251324573,230,Luteolin,food_metabolome,mae,train
56,0.081198408802371,0.03396948815735498,0.0050848152951213895,0.05575194659563335,0.081198408802371,,296,Malic acid,food_metabolome,mae,train
58,0.10789051245345259,0.0011719804176731487,1.5749673085754295e-05,0.0012012545307047591,0.18474613972399725,0.0035864468719991128,33,Matairesinol,food_metabolome,mae,train
61,0.16937433260435386,0.0006510591503916407,1.998666151460611e-05,0.0006624910871219488,0.3709848242456277,0.0002816621955435368,228,Myricetin,food_metabolome,mae,train
62,0.10970199247712124,0.019745378391281126,0.026048700994194297,0.04771140277211789,0.5042480991301252,0.0010588616596273817,88,Naringenin,food_metabolome,mae,train
65,0.15409039981772446,0.03740617708564498,0.005077005895991951,0.0570517802945457,0.15409039981772446,,20,Oxalic acid,food_metabolome,mae,train
66,0.19786395263377285,0.001375641603061055,5.126348637081001e-05,0.0014170247055592074,0.3953125612778972,0.0004153439896485016,52,Pelargonidin,food_metabolome,mae,train
67,0.08899216344396736,0.0005587330595350432,3.1993849862641906e-06,0.0005684477601363993,0.1827504242511768,0.002446076545004802,50,Peonidin,food_metabolome,mae,train
72,0.12014261218810493,0.0008508956848926347,1.0336761964859717e-05,0.0008682583976464755,0.13969212752035154,0.0028455201946252593,28,Pinoresinol,food_metabolome,mae,train
77,0.11934448599575166,0.0025518921015985343,5.421194849507227e-05,0.00272843571333577,0.11934448599575166,,84,Putrescine,food_metabolome,mae,train
79,0.16657185978105138,0.014387308936017237,0.02614478002506364,0.05534929625120902,0.21948136693992468,0.020614598653124983,327,Quercetin,food_metabolome,mae,train
82,0.050301376630759065,0.0457416164308426,0.006594221551032798,0.15901420137829067,0.07185910947251295,0.0,30,Rosmarinic acid,food_metabolome,mae,train
83,0.39654561792630927,0.007190816486247449,0.0016348854487975351,0.00807817359339446,0.4834254411370065,0.02006638401328831,32,Secoisolariciresinol,food_metabolome,mae,train
88,0.02454811860809433,0.00012666221728249935,4.369784138519005e-08,0.00012711772289709998,0.024144138155880436,0.04474714121878888,51,Spermine,food_metabolome,mae,train
90,0.1250397912232404,0.0006076046693601989,4.4288527859330595e-06,0.00062022766415708,0.17568100301073428,0.0017394494797770914,79,Syringic acid,food_metabolome,mae,train
91,0.07995976149918234,0.05423185798741786,0.021404621379702626,0.5446482982761288,0.08265375911985315,0.01799781622375374,24,Tartaric acid,food_metabolome,mae,train
92,0.09044917883380997,0.012504891524106911,0.0011282548545597602,0.016005769820828342,0.09044917883380997,,23,Taurine,food_metabolome,mae,train
93,0.046911213415809734,0.0064334723300274056,0.0020952547012369053,0.0077822509066851715,0.809053387192106,0.00012953011887586273,10738,Theobromine,food_metabolome,mae,train
96,0.08568715402778053,0.0013344585342583827,1.7460322259136594e-05,0.0013763204262507637,0.09374910759709036,0.005800523204619465,120,Tyramine,food_metabolome,mae,train
98,0.10891592513487766,0.0006767653470079615,5.790163525498285e-06,0.0006977895445738152,0.1359569356797682,0.012770109864155797,82,Vanillic acid,food_metabolome,mae,train
103,0.13490809512329718,0.0009408417856953718,8.549664271159231e-06,0.0009614893370675818,0.16553404270085476,0.01955035924783035,143,p-Coumaric acid,food_metabolome,mae,train
104,0.046105326159165405,0.0356986834738463,0.00614114749221864,0.07552292486926371,0.046643718385603467,0.006249437925797842,8576,Alanine,nutrition,mae,train
105,0.13502725044542183,0.013796894165577044,0.0015936880694730987,0.01595531885529986,0.2197629891108966,0.03736951488486799,6814,Arachidonic acid (20:4n-6),nutrition,mae,train
106,0.06583848638281302,0.05400399659539232,0.011864720968076298,0.11499641907319333,0.06479855396455558,0.09534068761808252,9593,Arginine,nutrition,mae,train
107,0.11986514570602884,0.004488836567588304,0.00030223707682861526,0.005216648237705517,0.1869640588695068,0.012981921197833873,586,Ascorbic acid (vitamin C),nutrition,mae,train
108,0.10463367028551676,0.1089925884407404,0.044027338490077166,0.4327474318541474,0.10539086136260276,0.05254451285007628,20257,Ash,nutrition,mae,train
109,0.046909114870772685,0.04888423539464088,0.007129623032785254,0.11162218703804141,0.047336095929784494,0.013921605838693089,8432,Aspartic acid,nutrition,mae,train
110,0.07753102531494886,0.19668903815942343,0.13216800981302357,2.532754092941884,0.0837197885306824,0.015691869109694737,4210,Available carbohydrate,nutrition,mae,train
111,0.04022677497483885,0.007656669379211497,0.0004142721072277942,0.00927721183344374,0.056079471173578956,0.0013876692879255957,207,Beta-sitosterol,nutrition,mae,train
112,0.1541599943294235,0.005236922371653271,0.0008676043748257443,0.005864874675659757,0.15442756030077803,0.14672389004219547,2764,Betaine,nutrition,mae,train
113,0.2937283426429021,0.0001031627791036443,5.14653596818419e-06,0.00010594434269669059,0.2981195397635335,0.26598243799106974,9884,Biotin,nutrition,mae,train
114,0.0815808889323822,0.011213854900283248,0.0017065029836632823,0.01602363969467832,0.20339843567861218,0.01758818338778679,12666,Butyric acid (4:0),nutrition,mae,train
115,0.30480372236083014,0.03210959000570267,0.007758511633712503,0.04172419023382824,0.30558375460979603,0.2629543599768225,39116,Calcium,nutrition,mae,train
116,0.05395174421484129,0.0026557392505701916,0.00010505441845207181,0.0030223871710534167,0.0642629461032068,0.001290963142117459,171,Campesterol,nutrition,mae,train
117,0.23521933069374962,3.948507548662867e-05,9.75675116107416e-08,3.953508017358731e-05,1.0867371801671883,0.007844946068465085,13702,"Carotene, alpha",nutrition,mae,train
118,0.3616449460941462,0.00044298164558222646,0.0006404471511580625,0.0020626647512389283,0.5709468516105598,0.05687592323290048,20968,"Carotene, beta",nutrition,mae,train
119,0.07406257439024151,0.06658381313379431,0.013140923140892527,0.5040660430604349,0.07053002575459472,0.3142758816142231,69,Cellulose,nutrition,mae,train
120,0.13695729817374455,0.05700616912995633,0.010396787641439966,0.14188083379407493,0.13574958128902492,0.26148632806483607,1874,Chloride,nutrition,mae,train
121,0.16506428847927715,4.670833749636844e-07,4.057599893565441e-11,4.671234410911334e-07,0.25007230194156155,0.060196551419078766,3865,Cholecalciferol (vitamin D3),nutrition,mae,train
122,0.11584719014337957,0.03015887233447974,0.0633948029481216,0.18395291802703806,0.1880797480186665,0.007294724173992138,22719,Cholesterol,nutrition,mae,train
123,0.11951079521996891,0.007547173553604769,0.0003155058516663379,0.008334252305501057,0.12009081792583706,0.09884547235568791,10549,"Choline, total",nutrition,mae,train
124,0.2117326247871698,1.7028874958315314e-05,1.946393603866101e-08,1.7058586846013592e-05,0.2834648509349328,0.04712375920313837,1560,Chromium,nutrition,mae,train
125,0.16628699840068795,7.338333232229612e-07,3.443796893675091e-11,7.33857354329765e-07,0.2588288152281305,0.01398475229944823,25560,Cobalamin (vitamin B12),nutrition,mae,train
126,0.07789577714600916,0.011509251727953671,0.0007308284564110235,0.016300642442616812,0.08504980226819339,0.02513484186990052,469,Conjugated linoleic acids (18:2 CLA isomers),nutrition,mae,train
127,0.23352792837313738,0.00021731300590497506,0.00022219972446580868,0.0005178873454762266,0.23535422275107543,0.1817710006334567,28684,Copper,nutrition,mae,train
128,0.21856399629888892,1.0773349394162565e-05,1.5244400179631702e-08,1.0780983543912203e-05,0.9443787159915468,0.004720589994185664,13291,"Cryptoxanthin, beta",nutrition,mae,train
129,0.06614045106805222,0.019834480542641544,0.0019348327141518109,0.025535364255112544,0.06523715386388804,0.1156675195814107,8477,Cystine,nutrition,mae,train
130,0.1667108439250036,0.019236479112812985,0.006308940657948534,0.034403465557359465,0.299187597175065,0.031218329953257063,16906,Decanoic acid (10:0),nutrition,mae,train
131,0.1640805441484747,0.21862714849607284,0.12827512464055935,1.079593468735432,0.19811055175645637,0.043291380897302924,14402,"Dietary fibre, total",nutrition,mae,train
132,0.10863673971699155,0.012787932445086513,0.003383903057388732,0.02448078057538326,0.32992860588117023,0.01467591912868657,16450,Docosahexaenoic acid (DHA; 22:6n-3),nutrition,mae,train
133,0.21540744133469547,0.012138206720589576,0.003446824245655513,0.016920957030218932,0.319492461671427,0.07736298043720191,5733,Docosanoic acid (22:0),nutrition,mae,train
134,0.12191226182267437,0.005332441585580242,0.0008010330722580903,0.007206667812330369,0.31359209984365993,0.029780802734709306,16689,Docosapentaenoic acid (DPA; 22:5n-3),nutrition,mae,train
135,0.06717286791241768,0.0012267857530636858,3.7285548175077264e-05,0.0013248448469288798,0.11616481079196239,0.01162786260949436,335,Docosatetraenoic acid (22:4; isomer unspecified),nutrition,mae,train
136,0.10040396806499238,0.009206469310482811,0.008480400092385352,0.02643017004139945,0.722147423145328,0.007764925582468871,3902,Docosenoic acid (22:1; cis/trans unspecified),nutrition,mae,train
137,0.2741207170226723,0.04618654727391049,0.03827165749563738,0.1434469946405443,0.41021848960785323,0.057008728228969525,19138,Dodecanoic acid (12:0),nutrition,mae,train
138,0.191948406743804,0.011987388554945364,0.0017436867464981124,0.015143564554232764,0.19404756200993883,0.18241591710070698,5470,Eicosanoic acid (20:0),nutrition,mae,train
139,0.1349616369857331,0.010177462559400547,0.0028803143154854946,0.018612277292149995,0.4064811417499756,0.020256877692254083,18180,Eicosapentaenoic acid (EPA; 20:5n-3),nutrition,mae,train
140,0.09600409539816866,0.00906076948877381,0.0009119329214081242,0.010614145234403604,0.1637494364244351,0.0411556972488408,4211,Eicosatetraenoic acid (20:4; isomer unspecified),nutrition,mae,train
141,0.09382819368107284,0.00197495258302046,6.128905535091381e-05,0.0020400875221529132,0.24252106053028966,0.012349689608173524,1065,Eicosatrienoic acid (20:3; isomer unspecified),nutrition,mae,train
142,0.07822154696401329,0.0011472281995252604,2.6161172270273647e-05,0.0011904514607333847,0.15120378222285744,0.01627151005825025,318,Eicosatrienoic acid (20:3n-3),nutrition,mae,train
143,0.11083445815394796,0.0026783673235775576,4.573974659465406e-05,0.002743727967050383,0.14033818412128535,0.04992581146720133,1284,Eicosatrienoic acid (20:3n-6),nutrition,mae,train
144,0.22953790174403688,0.023968710408325808,0.006029030762380861,0.036973612225551,0.267172527825265,0.15211605812949588,14951,Eicosenoic acid (20:1; isomer unspecified),nutrition,mae,train
147,0.016327910701165314,0.04744613523369482,0.12122750671738582,0.260120109015281,0.6891495748699106,5.589632521100307e-05,17741,Ethanol,nutrition,mae,train
148,0.07793734037270209,0.14213297549076032,0.09234430687312442,1.4676394924807903,0.08023507485572043,0.0245498138999986,27749,"Fat, total",nutrition,mae,train
149,0.09951370858852698,0.12514936900297222,0.04970785397433114,0.9127666588912285,0.10413951311464846,0.022814176627941198,22471,"Fatty acids, total monounsaturated",nutrition,mae,train
150,0.15574382777610254,0.1446833828395988,0.0633613188188312,0.7480186860501052,0.1612322559829072,0.05156743167736457,22517,"Fatty acids, total polyunsaturated",nutrition,mae,train
151,0.0967421951727264,0.11448723492930847,0.04051526172542989,0.7073659559067824,0.10015572019996268,0.03394013287072133,23183,"Fatty acids, total saturated",nutrition,mae,train
152,0.16016062357657337,0.05495974178186584,0.02641358363387159,0.12788940600989457,0.2316154358120773,0.03979584495422785,6323,"Fatty acids, total trans",nutrition,mae,train
153,0.12817089052711866,0.03580928170043202,0.014114146990729486,0.1193757926230893,0.14609752320785804,0.042322210650000316,2792,"Fatty acids, total trans-monoenoic",nutrition,mae,train
154,0.1452412933980029,0.014510205709163507,0.002882387798525061,0.024355139218497697,0.17437157445680848,0.05359220315651154,2496,"Fatty acids, total trans-polyenoic",nutrition,mae,train
155,0.2507512399457557,1.3780311214160562e-05,2.9937590871286283e-09,1.3782975382997695e-05,0.2616186007376846,0.13269151240729138,17790,"Folate, food",nutrition,mae,train
156,0.2568754609581178,2.4785737642519227e-05,2.361229666480144e-07,2.4908001350943066e-05,0.2671162891749636,0.1185061194336727,21997,"Folate, total",nutrition,mae,train
157,0.14061384812835362,1.3404130980844512e-05,4.942077055987884e-09,1.3408807921235868e-05,0.27121329590606624,0.028724900156044793,17266,Folic acid,nutrition,mae,train
158,0.22021060070915469,0.16873644819176803,0.10721939747949293,0.5652011121179621,0.3044419494528003,0.04262787199242059,10967,Fructose,nutrition,mae,train
159,0.18225458076491347,0.02167857451354683,0.01122713616524416,0.030717584777148584,0.9913926723908564,0.005911750836535658,8120,Galactose,nutrition,mae,train
160,0.2603685288629491,0.20487059613134215,0.14428416970674196,0.6626093935527791,0.3329672208108318,0.05815798996101432,11206,Glucose,nutrition,mae,train
161,0.04802886103955419,0.07217904808075022,0.015605906423146925,0.2483762764676563,0.04840643036583566,0.018779148724930212,8601,Glutamic acid,nutrition,mae,train
162,0.07970405828160192,0.056317716177542235,0.015234590765648849,0.1195123369145702,0.07903116407731788,0.10074052420452484,9525,Glycine,nutrition,mae,train
165,0.11459449036777171,0.009593162664189931,0.00046368248052211953,0.011099052199801616,0.134297799138596,0.05716289233171359,6293,Heptadecanoic acid (17:0),nutrition,mae,train
166,0.1367685112975313,0.006689267689889133,0.0003087881066548819,0.007304996123114148,0.1739294479176633,0.07924040295322966,4818,Heptadecenoic acid (17:1; isomer unspecified),nutrition,mae,train
167,0.09870912372067599,0.09686353400088582,0.031174664303034658,0.38553114646326286,0.10101586216087016,0.04023301334540353,19586,Hexadecanoic acid (16:0),nutrition,mae,train
168,0.17587781542256672,0.0412805976003451,0.010830564445306048,0.07380398805238582,0.20262286446526678,0.06201602798122905,4679,Hexadecenoic acid (16:1; cis/trans unspecified),nutrition,mae,train
169,0.06683507739102147,0.007911218726556256,0.0009053000421575748,0.010170737424183214,0.19424066412819907,0.01222089173208112,14771,Hexanoic acid (6:0),nutrition,mae,train
170,0.0544983392441339,0.029251704805000358,0.003027363861461871,0.04859547423277168,0.055262519758706406,0.00881024604310629,8652,Histidine,nutrition,mae,train
171,0.05830778723140086,0.015412646868487909,0.0009451573454392926,0.01871953384150527,0.0746347253631976,0.004470755340399335,1676,Hydroxyproline,nutrition,mae,train
172,0.05731267561874005,0.07232129507825726,0.011202461912476898,0.5122475453491491,0.06215265272936881,0.003328315538650051,158,Insoluble dietary fibers,nutrition,mae,train
173,0.22944233003028602,0.0012287792757111888,7.337025726255417e-05,0.0012839984857758106,0.23256765797654486,0.12029450337739768,32795,Iron,nutrition,mae,train
174,0.042017043710853824,0.029728606101364866,0.003020207637797691,0.05377843189348094,0.042561102593953744,0.010944291987741958,8660,Isoleucine,nutrition,mae,train
175,0.09477875460072505,0.057839536237119786,0.011971347286024846,0.2035077903802528,0.09698291168446284,0.0,44,Isomeric linoleic acids (18:2),nutrition,mae,train
176,0.11238233225917436,0.021986147574836773,0.0025535359829284045,0.034668208295600536,0.13573750974466392,0.08279910744422093,68,Isomeric linolenic acids (18:3),nutrition,mae,train
177,0.08164111351044769,0.07570547916862529,0.04701207443875498,0.27897769494678143,0.24698234443448006,0.011374345215499423,10711,Lactose,nutrition,mae,train
178,0.03742032083451355,0.0367240185445725,0.005851987868742986,0.08720127333759956,0.03789525590670469,0.002511344808916045,8661,Leucine,nutrition,mae,train
179,0.046065596687832104,0.027755161599848303,0.003353529123154466,0.30201868145665456,0.056101855054457785,0.01055268246746429,59,Lignin,nutrition,mae,train
180,0.16309200054690343,0.12574502243602745,0.05391369297425673,0.6362997411499948,0.16689507603883244,0.08003919881318229,7708,Linoleic acid (18:2n-6),nutrition,mae,train
181,0.2449417966045082,0.00011987444180806025,3.6572907447077235e-07,0.00012036458399064598,0.3288865564458342,0.07039617598388133,7134,Lutein + zeaxanthin,nutrition,mae,train
182,0.06320322306300691,0.0001744825416088226,1.635758163670071e-06,0.0001754612573754087,0.5763007426356866,0.0020858389967549945,11469,Lycopene,nutrition,mae,train
183,0.049330810915053355,0.042013816699994246,0.004758724592842,0.09542256778721284,0.049972142757373016,0.002685999561367783,8681,Lysine,nutrition,mae,train
184,0.15899434613483757,0.010812932062520987,0.0011949739772462561,0.012653057291020751,0.1603516259223693,0.08165548578003581,35492,Magnesium,nutrition,mae,train
185,0.23380853680502373,0.10477434411017018,0.08880014827265195,0.26289279851055103,0.5064326963474188,0.028996959720128966,10771,Maltose,nutrition,mae,train
186,0.2750583720606344,0.0003856953198617218,1.4662503512817365e-05,0.0003939518553967041,0.2787606713861665,0.18940768863353438,18010,Manganese,nutrition,mae,train
188,0.04270960185302457,6.729372938465095e-07,2.4329565416096463e-12,6.729491838243134e-07,0.04950565919397043,0.00036493688251573655,94,Menaquinone-4,nutrition,mae,train
189,0.05777432321787443,0.025112657611226916,0.002081856464322525,0.03656513030087461,0.05837308900532609,0.030643215593968657,8681,Methionine,nutrition,mae,train
190,0.13529020943472986,5.191750325501511e-06,5.858517593945048e-10,5.192630405765826e-06,0.15695789003566848,0.05612984756081394,1011,Molybdenum,nutrition,mae,train
191,0.19443866724938422,0.0011109789056240264,0.0001486177088772052,0.0012321028532877375,0.2003034443334554,0.04405990739912586,30892,Niacin,nutrition,mae,train
192,0.15870868118332956,0.0014496957383156573,0.0008074191193224869,0.0024454204056600344,0.16382896796850077,0.06687877592308614,6362,Nicotinic acid,nutrition,mae,train
193,0.20752468716002867,0.15179856999904184,0.08344741298949222,0.7934687961787866,0.21207382494914015,0.10065389790537965,4923,Octadecadienoic acid (18:2; isomer unspecified),nutrition,mae,train
194,0.12566276713686364,0.08466669748264775,0.026175430701554446,0.24142455641703375,0.13241982088309817,0.023917477863003085,19517,Octadecanoic acid (18:0),nutrition,mae,train
195,0.042407798155361644,0.002046922799865362,0.0002062012506062515,0.002723262046204632,0.4612307430632714,0.0047266055707438845,3901,Octadecatetraenoic acid (18:4; isomer unspecified),nutrition,mae,train
196,0.2738246853480909,0.05383834899219979,0.022452030425154538,0.10831181773969978,0.27834288754993486,0.22453621847132513,4835,Octadecatrienoic acid (18:3; isomer unspecified),nutrition,mae,train
197,0.1581713173197074,0.1885106826291722,0.11122841806286564,1.175382447739341,0.1625528315363738,0.05862416098646066,4910,Octadecenoic acid (18:1; cis/trans unspecified),nutrition,mae,train
198,0.1282028258942577,0.016734250286939846,0.007568544766983124,0.030695426040905187,0.316404106313929,0.012706758887049738,15315,Octanoic acid (8:0),nutrition,mae,train
199,0.20214639343682592,0.00026870303450788225,1.9332080783992035e-06,0.0002699449712218185,0.20742128162373946,0.12272019698955941,16490,Pantothenic acid (vitamin B5),nutrition,mae,train
200,0.1371946648299093,0.006497562172455696,0.0003653030613260112,0.007277392554481914,0.18006557893295802,0.05772751899168984,5999,Pentadecanoic acid (15:0),nutrition,mae,train
201,0.1009742844778799,0.0027838447482762896,0.0014462563507208906,0.004084929499371005,1.3474502033141476,0.0001472210861044725,4236,Pentadecenoic acid (15:1; isomer unspecified),nutrition,mae,train
202,0.03748786987776618,0.027018388226367283,0.0034457138391775625,0.048834183822583484,0.03797511255495548,0.006563843162080082,8673,Phenylalanine,nutrition,mae,train
203,0.13048320855181142,0.03436981139410074,0.005487272812372011,0.04501503939944437,0.13249946419050918,0.044319015828334404,31130,Phosphorus,nutrition,mae,train
204,0.07955679285374632,0.009398351497550096,0.0006604847732682335,0.011713884794572861,0.12123571152547448,0.0027484998729901825,398,Phytosterols,nutrition,mae,train
205,0.15736404231788859,0.06343792212505371,0.01548115227603857,0.10156205185170519,0.15853023035090172,0.07118814150012062,31399,Potassium,nutrition,mae,train
206,0.061786497574731425,0.052647043426935276,0.009320547067578823,0.10598571225084426,0.0625740290464175,0.007208253050510103,8583,Proline,nutrition,mae,train
207,0.08320182024176966,0.16782733732844116,0.07499886224596364,1.6626009140493583,0.08512450309422327,0.02487346206587393,26382,"Protein, total",nutrition,mae,train
208,0.22723428269630352,8.678186063952801e-05,8.014704214210722e-07,8.745133992251082e-05,0.3959491804598584,0.03917012736946013,28747,Retinol,nutrition,mae,train
209,0.19923961625250658,0.00010335606476232326,3.910525611991212e-06,0.00010548926840943902,0.20528261045013177,0.06743785327292075,27092,Riboflavin (vitamin B2),nutrition,mae,train
210,0.19571013526897332,7.0099339397110155e-06,3.34887124847599e-08,7.026897605302509e-06,0.2028372331637226,0.11476193237328194,24283,"Selenium, Se",nutrition,mae,train
211,0.039879131734567246,0.029474693519263673,0.0028814202432654434,0.05228055522917314,0.04010088843644701,0.024305536723342316,8568,Serine,nutrition,mae,train
212,0.2422428339788001,0.07169358701886774,0.026593639365499317,0.13968988571276814,0.24530243243268113,0.11728442076310558,26623,Sodium,nutrition,mae,train
213,0.040096140356323494,0.04009614168477058,0.0076184968944402395,0.9058748536862266,0.06348555556417886,0.0,76,Sorbitol,nutrition,mae,train
214,0.0997939227330939,0.29252329427705037,0.3449497423062895,2.93636618689308,0.14465222701565045,0.02151788446831521,7534,Starch,nutrition,mae,train
215,0.023682495313231244,0.009476554615528297,0.006703395514880982,0.015391379750011189,0.8985282020156532,8.933754248118186e-06,835,Stearidonic acid,nutrition,mae,train
216,0.054131370721508726,0.0016936789746036806,0.00012362899955231538,0.0019066730503640426,0.09670769417351346,0.0063942807904731145,210,Stigmasterol,nutrition,mae,train
217,0.25575911545023755,0.28401755049527205,0.28941827256304065,2.023762596557901,0.33121753599039355,0.07061014656355254,5683,Sucrose,nutrition,mae,train
218,0.20832692217989837,0.3291712546041753,0.2802995559271676,2.870786542267895,0.2242782577058353,0.10110298586153928,18095,"Sugars, total",nutrition,mae,train
219,0.029650375823092226,0.007801555520891833,0.00011458092724597915,0.009807060267034396,0.029650375823092226,,93,Sulfur,nutrition,mae,train
220,0.1699622094154067,0.007010733668310529,0.0017899793234624622,0.009181456774862588,0.23130943232143117,0.08648434122182819,4423,Tetracosanoic acid (24:0),nutrition,mae,train
221,0.16849554698074723,0.04834711620870708,0.017144048636255897,0.1044440087838985,0.19312560478000468,0.03744292482364005,18875,Tetradecanoic acid (14:0),nutrition,mae,train
222,0.12139677295307805,0.008389384006571684,0.0007036987336443383,0.010204945942459732,0.1860103443680597,0.031342118244729274,5438,Tetradecenoic acid (14:1; isomer unspecified),nutrition,mae,train
223,0.23215331193061137,9.072000544850884e-05,2.648300564501367e-06,9.215030490229572e-05,0.23911495424117044,0.10100025327243824,29067,Thiamin (vitamin B1),nutrition,mae,train
224,0.04464778095487956,0.02984900860469464,0.0025529134627150156,0.05230648656281059,0.0452063463432663,0.0027813684664803836,8656,Threonine,nutrition,mae,train
225,0.22161403712027392,3.803095127972938e-05,6.868586302152999e-08,3.806984096079718e-05,0.31208458091913754,0.07034431190688764,7747,"Tocopherol, beta",nutrition,mae,train
226,0.23738852886965517,0.0001256071156585137,7.713849341617703e-07,0.00012616946349421193,0.3606614059347767,0.0778413803005719,7687,"Tocopherol, delta",nutrition,mae,train
227,0.32564472966738717,0.0006750098078384739,7.738112766508658e-06,0.0006836791145740736,0.36966995746448283,0.1465716734770645,8262,"Tocopherol, gamma",nutrition,mae,train
228,0.3454590331728334,7.33329661284043e-05,2.278260131332959e-07,7.345823623826082e-05,0.45195994703987624,0.12289339905003638,5437,"Tocotrienol, alpha",nutrition,mae,train
229,0.06337875048277784,2.5937455664779315e-05,7.615059862313848e-09,2.5950639933014688e-05,0.27876047442507984,0.006433475922339802,1186,"Tocotrienol, beta",nutrition,mae,train
230,0.057884798066942675,1.3039174476913637e-05,8.40252648302251e-09,1.3043377163055877e-05,0.8834477169383819,5.7349371800390954e-05,1161,"Tocotrienol, delta",nutrition,mae,train
231,0.20774363859396813,6.996891559030959e-05,8.676949495289717e-08,7.005860378686327e-05,0.5476000405544603,0.008724468424169008,1167,"Tocotrienol, gamma",nutrition,mae,train
232,0.05774331438362403,0.00073954841263722,3.2654558045155024e-05,0.0007562582427845581,1.1331046422695206,7.409490709329554e-05,668,Tridecanoic acid (13:0),nutrition,mae,train
233,0.09424552555761269,0.02223270300758919,0.0020595332783708087,0.02733486037950434,0.09488583230468231,0.07992461464820125,15731,Tryptophan,nutrition,mae,train
234,0.049317721678119535,0.029277851564706265,0.002648484526639809,0.04723939542052419,0.05001168241667142,0.007484040417782586,8612,Tyrosine,nutrition,mae,train
235,0.04171803525759701,0.032258310212024,0.004726252220308653,0.06680639573498695,0.04225192403546594,0.002633605807161785,8661,Valine,nutrition,mae,train
236,0.17846815165097074,0.00026732389792633195,3.2491945108550995e-05,0.0002847370341474169,0.18533970353623277,0.09436856141343555,1774,Vitamin B6 - Pyridoxin,nutrition,mae,train
237,0.21873199459420606,8.617474770070267e-07,2.907058659978638e-10,8.619018941133778e-07,0.3835016513393739,0.07945717448779886,27304,Vitamin D (D2 + D3),nutrition,mae,train
238,0.23418964094812283,1.6972766622974567e-07,2.5311268599997106e-12,1.6972893181097612e-07,1.186565276646317,1.3848396997759675e-05,6511,Vitamin D2 (ergocalciferol),nutrition,mae,train
239,0.06574978454862229,0.24663206684381767,0.2500884516396827,7.254765663640849,0.06589463459523942,0.049887003642091865,30210,Water,nutrition,mae,train
241,0.1861406082293019,0.0006936462702674082,0.0001138090675652599,0.000782278426527729,0.18877455044924768,0.08297918094285557,31918,Zinc,nutrition,mae,train
242,0.1049317223633898,0.00449265998684399,0.00031151534950221347,0.0049596851479417805,0.2040483181667374,0.0035062541120440783,1216,"cis,cis-Eicosadienoic acid (20:2n-6)",nutrition,mae,train
243,0.07994574576628685,0.0010352387435152732,1.492105060292557e-05,0.0010765963623275004,0.17104130794148956,0.005514005940206576,298,cis-Docosenoic acid (22:1 cis),nutrition,mae,train
244,0.06595495914115931,0.01744559413992615,0.0009300617072450859,0.02283058128562671,0.06706686658096805,0.013556321040172428,385,cis-Hexadecenoic acid (16:1 cis),nutrition,mae,train
245,0.08884389738116605,0.12674905957030552,0.042609797985099354,1.1685265453546057,0.08894247282073098,0.05153309350584251,759,cis-Octadecenoic acid (18:1 cis),nutrition,mae,train
246,0.11537590160688835,0.0026933973797530243,0.00043698177360087213,0.0031105330737594113,0.2418559115857669,0.032869228430702356,461,cis-Tetracosenoic acid (24:1 cis),nutrition,mae,train
247,0.07298200952217992,0.006847442965170454,0.0003315130891320607,0.008950479818031537,0.0689809336988714,0.20661794202068426,172,"trans,trans-Linoleic acid (18:2 trans,trans)",nutrition,mae,train
248,0.13443832860367566,0.0002850986211454301,1.4055340141320692e-06,0.00028580379338005897,0.9705616290065896,0.0001387311296324982,224,trans-Docosenoic acid (22:1 trans),nutrition,mae,train
249,0.06361817894342117,0.0019180716131674816,1.2972379552024723e-05,0.0019877972943009563,0.0938333915295128,0.004433741919117972,287,trans-Hexadecenoic acid (16:1 trans),nutrition,mae,train
250,0.08922901459530082,0.011225356021631624,0.0009753150133837011,0.015343792813017775,0.09657994743848095,0.02622101879661397,335,trans-Linoleic acid (18:2; isomer unspecified),nutrition,mae,train
251,0.11869133874364136,0.055899226152554125,0.024977409576733296,0.271350902452909,0.12298821005643906,0.0843163682412597,774,trans-Octadecenoic acid (18:1 trans),nutrition,mae,train
2,0.07367257513474947,0.04511178025807433,0.011585015125098517,0.19609327619826353,0.07800625602502885,0.0,54,Acetic acid,food_metabolome,source0,train
7,0.2501039046261282,0.009775235273210099,0.012472591514846589,0.022918425652402236,0.8095634448892248,0.0002119766419450702,217,Apigenin,food_metabolome,source0,train
9,0.21035689451976425,0.0036429767315453027,0.0003484528894856399,0.003874841661930906,0.2219190305842854,0.05311184404227649,73,Benzoic acid,food_metabolome,source0,train
11,0.09984388337337977,0.001517995293305748,2.6847786198297622e-05,0.0016172701224238097,0.10135666948509764,0.0,67,Cadaverine,food_metabolome,source0,train
12,0.20001126602437747,0.011930583605435216,0.0030952008019529656,0.01852475739922225,0.22900902602637926,0.03656934601309449,146,Caffeic acid,food_metabolome,source0,train
13,0.0540921035748648,0.0031070213785107034,0.0020882003881029535,0.005657525303955306,0.610669308937492,0.0029869792653051982,10892,Caffeine,food_metabolome,source0,train
15,0.10534277318662864,0.005251111235128194,0.0010491395092288782,0.007616345191568157,0.16827929656103954,0.0009602466144350226,109,Catechin,food_metabolome,source0,train
16,0.12475289037533886,0.008493433241145378,0.00040909663286032693,0.00960785599579627,0.12506512618060814,0.10996426723485757,4256,Choline,food_metabolome,source0,train
18,0.09597834622299314,0.04705022168827288,0.008532024090885937,0.10544308495077512,0.0946927505978553,0.47780024688893746,298,Citric acid,food_metabolome,source0,train
21,0.15465249385230484,0.007339504451667154,0.0007603699892971269,0.009292346302102161,0.23984159059199903,0.0002472560116091441,90,Cyanidin,food_metabolome,source0,train
22,0.10364591651869497,0.0012178391710405206,5.824433522593574e-06,0.0012408371545074668,0.1082801348700665,0.0016931127885207939,46,Daidzein,food_metabolome,source0,train
24,0.12163070983830525,0.003861214379927696,0.00017927839776768367,0.004264137146423775,0.219204833831253,0.0006387960870500476,56,Delphinidin,food_metabolome,source0,train
25,0.1031374107137153,0.003619848341786329,0.00010208410227088461,0.003918056256928046,0.16412102801936998,0.001498048537624145,32,Ellagic acid,food_metabolome,source0,train
26,0.23472633205656773,0.005401118742723758,0.0021846171856513942,0.0070552789303664765,0.7803688472512322,4.1379284669032844e-05,133,Epigallocatechin,food_metabolome,source0,train
28,0.18384535201631297,0.0019936047332093005,2.4938315475907504e-05,0.00206241755660444,0.2133308593705147,0.03239706424245838,135,Ferulic acid,food_metabolome,source0,train
33,0.11652467041254576,0.006366329593208537,0.0017538037862876764,0.010369441195936385,0.1679713728461122,0.004444354396561809,89,Gallic acid,food_metabolome,source0,train
35,0.14337191128247667,0.0018308348556474137,2.1542434948875512e-05,0.0018793290304929104,0.14707514171968117,0.03721263874928064,89,Genistein,food_metabolome,source0,train
43,0.08130990152701001,0.00023403360019618605,2.765802416086707e-07,0.00023505292421379645,0.14382290816724075,0.000936035846713328,64,Glycitein,food_metabolome,source0,train
47,0.1653293400129294,0.0005293907362487494,3.5715709869598067e-06,0.0005328735018556417,0.16957307542511857,0.036602699176524645,188,Histamine,food_metabolome,source0,train
50,0.1731355979195076,0.0037009133229828598,0.0006433259285445788,0.0041882461995014246,0.3788942798523018,0.016911413489052757,95,Isorhamnetin,food_metabolome,source0,train
51,0.15191142818181125,0.0014934891124192512,4.107276639757643e-05,0.001605707267920059,0.2675009203859658,0.011747791965749883,281,Kaempferol,food_metabolome,source0,train
52,0.07486255623428417,0.06186226643778782,0.012169933861640834,0.11675458183014717,0.0780257628357328,0.0,74,Lactic acid,food_metabolome,source0,train
53,0.0840277149258019,0.0002497728110175329,8.154144431108336e-07,0.00025199698276232106,0.09350696598186728,0.005033956125257076,28,Lariciresinol,food_metabolome,source0,train
54,0.10544677796983908,0.003669749894014171,0.000612805779992196,0.004359923190160497,0.10544677796983908,,70,Lutein,food_metabolome,source0,train
55,0.22123002940066944,0.004231400262231718,0.001266615763942768,0.005460368571674823,0.46863551683903804,0.002215335602769383,230,Luteolin,food_metabolome,source0,train
56,0.1044805417361761,0.04360643508404309,0.007095879643606476,0.06866423494392956,0.1044805417361761,,296,Malic acid,food_metabolome,source0,train
58,0.16351966229788428,0.0015389588104145508,3.598562551644587e-05,0.0015862488804465847,0.28351905563134483,0.000663342773902097,33,Matairesinol,food_metabolome,source0,train
61,0.14853273187800645,0.000649722178561013,1.9471251738253704e-05,0.0006614695320404526,0.31599522942280633,0.00808031458236785,228,Myricetin,food_metabolome,source0,train
62,0.08933314311585167,0.013098445976437473,0.009760316276717697,0.03753326771970785,0.41364095139365553,3.099301036944826e-05,88,Naringenin,food_metabolome,source0,train
65,0.17711772948875426,0.04994087219403604,0.00938005618095033,0.07889651630750374,0.17711772948875426,,20,Oxalic acid,food_metabolome,source0,train
66,0.12453477761046622,0.0011763180509839284,2.8718568198431477e-05,0.0012158069825063083,0.24797660064509014,0.001092954575842299,52,Pelargonidin,food_metabolome,source0,train
67,0.05919362703805601,0.0003460911239055283,1.125937466019127e-06,0.00035100601682558184,0.10800016818246505,0.014141435212447668,50,Peonidin,food_metabolome,source0,train
72,0.14449123703986647,0.0010991093813144139,1.5483564349232362e-05,0.001121248600397409,0.16805806768061707,0.003090253195362694,28,Pinoresinol,food_metabolome,source0,train
77,0.0764992296741734,0.00255668396401105,0.00010054128776404081,0.0028354772052046305,0.0764992296741734,,84,Putrescine,food_metabolome,source0,train
79,0.22003913203960654,0.014877553805780177,0.026044853597939892,0.055808561596102785,0.27634709113002676,0.06470683110051624,327,Quercetin,food_metabolome,source0,train
82,0.06093253591732591,0.05509313097417338,0.009594472001432193,0.185783156110005,0.0865783237680881,0.0010923642655474618,30,Rosmarinic acid,food_metabolome,source0,train
83,0.4091583324615019,0.0071928607886629775,0.0016348197288649652,0.00808021823404486,0.48169041747662766,0.09485263072929008,32,Secoisolariciresinol,food_metabolome,source0,train
88,0.026335950405213516,0.00012777636558062512,3.6672564187575254e-08,0.0001281923188084156,0.026862669413317785,0.0,51,Spermine,food_metabolome,source0,train
90,0.14576909518360762,0.0007951595327516916,6.4367686566538575e-06,0.000811167950556783,0.203895647849875,0.004243575648347866,79,Syringic acid,food_metabolome,source0,train
91,0.06187802219634675,0.04154595021282109,0.014484642789229897,0.3420050054420655,0.06456837098749225,0.0,24,Tartaric acid,food_metabolome,source0,train
92,0.12558567712893254,0.015766587253186144,0.002358733690584709,0.0200381617418058,0.12558567712893254,,23,Taurine,food_metabolome,source0,train
93,0.02089852006272421,0.0030490490791595087,0.0004277674924111742,0.003798565325765527,0.3128023928693405,0.0029809254187676323,10738,Theobromine,food_metabolome,source0,train
96,0.12780442178709364,0.0017079782439143923,2.275521427514477e-05,0.001773121543946779,0.13718891521655682,0.034812623258776716,120,Tyramine,food_metabolome,source0,train
98,0.12454819368927991,0.0010070678018964257,1.9842341788609426e-05,0.0010514768684065955,0.15722281562446092,0.008371760141969749,82,Vanillic acid,food_metabolome,source0,train
103,0.15130508070234078,0.00120340781233178,1.6935704556363043e-05,0.0012350243451019064,0.18465872464917518,0.025673021835931103,143,p-Coumaric acid,food_metabolome,source0,train
104,0.047353361059897715,0.036707427512028594,0.00598190138037608,0.07782319958069471,0.047903304382552,0.006750443552226173,8576,Alanine,nutrition,source0,train
105,0.1340559656704637,0.013603622303360555,0.0014494614368381026,0.015481455909096399,0.21811395098783448,0.03697645141298008,6814,Arachidonic acid (20:4n-6),nutrition,source0,train
106,0.0668413880643001,0.05491021843619304,0.011712826185071929,0.1175754750565727,0.06600713599481595,0.09099831409029553,9593,Arginine,nutrition,source0,train
107,0.1437036233271417,0.005503795331384412,0.0005737333779655166,0.006251593743706119,0.21909926628153215,0.02360436906351091,586,Ascorbic acid (vitamin C),nutrition,source0,train
108,0.10456684979078872,0.1089111964666117,0.0462010615905934,0.42865831051590886,0.10526562052569435,0.057030703597068286,20257,Ash,nutrition,source0,train
109,0.048501404600903686,0.05053145875727901,0.007168772650554637,0.11602038087213626,0.04894467749839622,0.014208032021441582,8432,Aspartic acid,nutrition,source0,train
110,0.07493197220705591,0.1894983533849632,0.11485142235295474,2.432529033259639,0.08149351490157633,0.009367941157631164,4210,Available carbohydrate,nutrition,source0,train
111,0.04942031795273043,0.009323990899426883,0.00046152081221457954,0.011192852762766329,0.06856809265443087,0.002508269933564355,207,Beta-sitosterol,nutrition,source0,train
112,0.15879970605003116,0.005280362376483714,0.0008293430375806877,0.005906259058252449,0.1594182688010059,0.14160881626252544,2764,Betaine,nutrition,source0,train
113,0.31211974357559885,0.00010527543438923373,5.096096491093319e-06,0.00010805482198354874,0.31173730684921597,0.32413528478253084,9884,Biotin,nutrition,source0,train
114,0.08204077597893442,0.011170568233129886,0.0016777367326829102,0.015678858950424673,0.21097029925025745,0.014317571880600559,12666,Butyric acid (4:0),nutrition,source0,train
115,0.3053428334924135,0.032209466971561816,0.007728328041217282,0.04172618759246914,0.30611634106707947,0.2630806455937828,39116,Calcium,nutrition,source0,train
116,0.05779788017423239,0.002880556428247249,0.00014566024537442083,0.003300880958106081,0.06754002675767312,0.00804334583737431,171,Campesterol,nutrition,source0,train
117,0.19049449087716977,2.9495811098164488e-05,6.449959203829987e-08,2.953907648704183e-05,0.8843921758563772,0.0051499767645403595,13702,"Carotene, alpha",nutrition,source0,train
118,0.3553672306290874,0.00043577208831910703,0.0006393939713769923,0.0020554525052280553,0.5581570368790721,0.06033116890819876,20968,"Carotene, beta",nutrition,source0,train
119,0.07569284929618493,0.06897644434207291,0.014252784932869425,0.7175206380440057,0.07377307555094381,0.20623746397258078,69,Cellulose,nutrition,source0,train
120,0.13611864257227466,0.056983468934958634,0.010897183209464485,0.1371279363576152,0.13486530960537874,0.2653511973810989,1874,Chloride,nutrition,source0,train
121,0.19644170946339867,5.099690651308107e-07,4.003414814568874e-11,5.100088741739607e-07,0.3158274701311355,0.04965047062364588,3865,Cholecalciferol (vitamin D3),nutrition,source0,train
122,0.11552793758559493,0.030380199631628597,0.06323764319705821,0.18420025811339927,0.18778236501648587,0.007010969599226638,22719,Cholesterol,nutrition,source0,train
123,0.12067748163639888,0.007621084235880492,0.0003003004176507669,0.008394491039426855,0.12154779925766643,0.08966939444255786,10549,"Choline, total",nutrition,source0,train
124,0.23428042166285398,2.6493745281031295e-05,4.472503213071946e-08,2.6549146623582327e-05,0.32233667565907087,0.03518739659872507,1560,Chromium,nutrition,source0,train
125,0.1687156468090501,7.758882876049611e-07,3.603664141406164e-11,7.759162540121305e-07,0.26275613238634987,0.014039279026454559,25560,Cobalamin (vitamin B12),nutrition,source0,train
126,0.0814095240333068,0.012080827308687012,0.0007968908264406068,0.01712849302507465,0.08992240701466687,0.018627012045776402,469,Conjugated linoleic acids (18:2 CLA isomers),nutrition,source0,train
127,0.23717449998486584,0.0002190699855720168,0.00022220611458526336,0.0005196451740839078,0.2398619417454479,0.15782072177117507,28684,Copper,nutrition,source0,train
128,0.21921032358078651,1.0771623404953128e-05,1.524696954007983e-08,1.0779257519133111e-05,0.9485316233895866,0.004300971121589697,13291,"Cryptoxanthin, beta",nutrition,source0,train
129,0.06873712099370281,0.020670249052707604,0.001919049373385475,0.026541930770264056,0.06774698190298219,0.12298169952554383,8477,Cystine,nutrition,source0,train
130,0.16609596941132612,0.018410324383870667,0.005378402486942074,0.02995431281694439,0.2930235460867357,0.03641351583938087,16906,Decanoic acid (10:0),nutrition,source0,train
131,0.1601014507840387,0.21320160880888642,0.12314000998923548,1.0518973995594734,0.19335112912584876,0.042085713362216455,14402,"Dietary fibre, total",nutrition,source0,train
132,0.1117779871851936,0.013951559083539481,0.004038519753618349,0.027211416929342622,0.3389214191055654,0.015289060600279868,16450,Docosahexaenoic acid (DHA; 22:6n-3),nutrition,source0,train
133,0.2177089932566272,0.012013412835459598,0.0033305237504608854,0.016970174822064584,0.31953317956876837,0.08373147848395936,5733,Docosanoic acid (22:0),nutrition,source0,train
134,0.11846452523640487,0.005349380480530417,0.000858146776161258,0.007335816220380251,0.31173325612008895,0.025728738884909935,16689,Docosapentaenoic acid (DPA; 22:5n-3),nutrition,source0,train
135,0.06701738335376708,0.0012703862436993162,4.102622766891736e-05,0.0013833312053896055,0.11488940730296432,0.012742095054677218,335,Docosatetraenoic acid (22:4; isomer unspecified),nutrition,source0,train
136,0.09582465988418488,0.008466239422800715,0.005777849296493838,0.02502101720748935,0.6972952819614505,0.006206245640634707,3902,Docosenoic acid (22:1; cis/trans unspecified),nutrition,source0,train
137,0.2692211984944021,0.04468179523169646,0.033913394208014765,0.14820010885933974,0.39825204137310133,0.06361397951836063,19138,Dodecanoic acid (12:0),nutrition,source0,train
138,0.18815852986199605,0.0123687622760865,0.0019052109383620496,0.015885235698403253,0.18824309555638874,0.18771815930516905,5470,Eicosanoic acid (20:0),nutrition,source0,train
139,0.135884198268923,0.01062805852692105,0.003029864386536546,0.019095639859217327,0.4046406291430412,0.022242158897766574,18180,Eicosapentaenoic acid (EPA; 20:5n-3),nutrition,source0,train
140,0.09277677359492853,0.008785151579395644,0.0008549507940053406,0.010125636068137484,0.18036646963474198,0.02186186713209719,4211,Eicosatetraenoic acid (20:4; isomer unspecified),nutrition,source0,train
141,0.11478406230285396,0.0021487371892073815,5.40005613274454e-05,0.00219739602522545,0.3132655804124129,0.006023114152703186,1065,Eicosatrienoic acid (20:3; isomer unspecified),nutrition,source0,train
142,0.08523537484211684,0.0014990502085474376,2.479331495801828e-05,0.0015592005139080016,0.1450747686165217,0.034441470824308054,318,Eicosatrienoic acid (20:3n-3),nutrition,source0,train
143,0.1224239882498764,0.002966901857640899,5.2640799358398136e-05,0.0030393161945196,0.15374206583652641,0.057769723065026105,1284,Eicosatrienoic acid (20:3n-6),nutrition,source0,train
144,0.22674725691706885,0.023807941577539214,0.005583849388643898,0.03606545299071276,0.26814415512870937,0.14155008882519643,14951,Eicosenoic acid (20:1; isomer unspecified),nutrition,source0,train
147,0.01644909226808038,0.04847327797497738,0.12108862736885344,0.2611505732886781,0.689008043130235,0.00018340643957685443,17741,Ethanol,nutrition,source0,train
148,0.08156125817894325,0.14611255500002465,0.09828737156954914,1.562686984263129,0.08383651934383328,0.02891743369333506,27749,"Fat, total",nutrition,source0,train
149,0.10024639360283889,0.12564586911846778,0.049344134889606685,0.9384268110015332,0.1049471463948718,0.022322144174965815,22471,"Fatty acids, total monounsaturated",nutrition,source0,train
150,0.15758868396364448,0.14641787163428552,0.06365957154482559,0.759708111407451,0.16327009715742294,0.04961652932900393,22517,"Fatty acids, total polyunsaturated",nutrition,source0,train
151,0.09984308783336991,0.11789573689854939,0.04098386228153287,0.7579516607343142,0.10334345203262188,0.03534836564654057,23183,"Fatty acids, total saturated",nutrition,source0,train
152,0.15715434866367217,0.053392666906478356,0.023645673319294205,0.12557706893284099,0.22428648259894515,0.04407695463283146,6323,"Fatty acids, total trans",nutrition,source0,train
153,0.1380169918469928,0.03871681872587445,0.017896402126552784,0.13375286401541797,0.15934723235281004,0.0358731800138302,2792,"Fatty acids, total trans-monoenoic",nutrition,source0,train
154,0.14588909170901632,0.014620871021341447,0.0031563050252972334,0.02414245648662248,0.1774694336950277,0.04653167024472126,2496,"Fatty acids, total trans-polyenoic",nutrition,source0,train
155,0.24931543110042195,1.3889129902913376e-05,2.924336143140589e-09,1.3891739725912855e-05,0.2595675582105271,0.1375424911277298,17790,"Folate, food",nutrition,source0,train
156,0.25753838358002845,2.4732123201595833e-05,2.3585623261952814e-07,2.4854306984114262e-05,0.26834648394332633,0.11077607659127114,21997,"Folate, total",nutrition,source0,train
157,0.1453317847949962,1.4159245130659958e-05,5.062008727279012e-09,1.416427833907764e-05,0.2754426964304802,0.034061733954618284,17266,Folic acid,nutrition,source0,train
158,0.22137457657041662,0.16996313827417686,0.11003875946225422,0.5795449454310799,0.307534415903139,0.03984202289112138,10967,Fructose,nutrition,source0,train
159,0.12273443103627207,0.014137832842587366,0.005817949813065518,0.021613212075881395,0.6423326949549977,0.009493651454164951,8120,Galactose,nutrition,source0,train
160,0.2543768193277848,0.20073368227447871,0.13780835377001688,0.6673114256487106,0.3258536423201042,0.055303793736433994,11206,Glucose,nutrition,source0,train
161,0.049057699694442784,0.07325690137181445,0.015345009149030855,0.256690732536271,0.049434880137958416,0.019575947888098594,8601,Glutamic acid,nutrition,source0,train
162,0.08169318179621157,0.05796393486480093,0.015118112114263086,0.123954204328167,0.08137694956177101,0.09452351681902564,9525,Glycine,nutrition,source0,train
165,0.11690751066081896,0.00975641151204412,0.00045915977752444793,0.0112608299252468,0.13711845427165703,0.05788263559082335,6293,Heptadecanoic acid (17:0),nutrition,source0,train
166,0.14518877474240074,0.006970307766275582,0.00031742862738114196,0.007563620604362352,0.18134317365024277,0.08890308133723994,4818,Heptadecenoic acid (17:1; isomer unspecified),nutrition,source0,train
167,0.10193578178259796,0.10003599961199178,0.032435044874322166,0.3959073218765452,0.10430272263543408,0.04189183193351498,19586,Hexadecanoic acid (16:0),nutrition,source0,train
168,0.17153595608828265,0.040722239907211265,0.010880391174318143,0.07380369411196493,0.19645638191669185,0.06544214320756078,4679,Hexadecenoic acid (16:1; cis/trans unspecified),nutrition,source0,train
169,0.07217780707807593,0.008498293517860904,0.0014093910195871057,0.011206046513355314,0.21583918665600155,0.010582301498793764,14771,Hexanoic acid (6:0),nutrition,source0,train
170,0.05487824052946969,0.029453533918586135,0.0030024713635771823,0.04875284789409681,0.05565243142742814,0.008641263471926421,8652,Histidine,nutrition,source0,train
171,0.06752508061786362,0.018238351486734857,0.00114506277748797,0.022168176452180263,0.08588229093305734,0.006993356347763276,1676,Hydroxyproline,nutrition,source0,train
172,0.06127554730170531,0.07805725150119502,0.013959152351032312,0.5497581715503754,0.06629086182084047,0.005335500742120909,158,Insoluble dietary fibers,nutrition,source0,train
173,0.2271770240262817,0.0012137606263118883,7.267096912649079e-05,0.0012688143561472558,0.23055123929653887,0.1090207300700939,32795,Iron,nutrition,source0,train
174,0.04401009167433044,0.03126163910408146,0.0030998056296608458,0.05683903853580477,0.044568290842703674,0.011852377261744283,8660,Isoleucine,nutrition,source0,train
175,0.12470813104805836,0.08069066983554372,0.02382350015735493,0.3120649125222117,0.12760832014219925,0.0,44,Isomeric linoleic acids (18:2),nutrition,source0,train
176,0.14454342801873687,0.033059480660380426,0.005621786094871713,0.05465960965840687,0.1738760729696503,0.10738874441424659,68,Isomeric linolenic acids (18:3),nutrition,source0,train
177,0.08236470710348794,0.07638387374591402,0.04884025568613145,0.2782736410427137,0.25141986601826827,0.010498857686880773,10711,Lactose,nutrition,source0,train
178,0.038771831441640044,0.03805648479904845,0.0054428984834308655,0.09084904149213664,0.0392566446789227,0.0029979318927042587,8661,Leucine,nutrition,source0,train
179,0.058577392663938285,0.04061045463018,0.009612111502842517,0.5548890957125399,0.0724756778865062,0.009398844953313364,59,Lignin,nutrition,source0,train
180,0.1649266580060188,0.12716670492021498,0.05281628394593751,0.6399028421049471,0.1691749400634383,0.07210706829999511,7708,Linoleic acid (18:2n-6),nutrition,source0,train
181,0.2583779975308314,0.00013745920240984435,5.130618350304347e-07,0.00013808431710731395,0.35341834880874906,0.06076879468009385,7134,Lutein + zeaxanthin,nutrition,source0,train
182,0.05147027657457944,0.00013325707016221023,1.0424443040401038e-06,0.00013405858126136754,0.4633931881593267,0.0024071294424143816,11469,Lycopene,nutrition,source0,train
183,0.05089667021542772,0.04338057432800705,0.0049254037527818924,0.0986360293011562,0.05154179578566738,0.003668490513440294,8681,Lysine,nutrition,source0,train
184,0.15870786502061462,0.0108103985188754,0.0011858337132708142,0.012653018380552248,0.16027337193206403,0.06929905659325357,35492,Magnesium,nutrition,source0,train
185,0.22401317910931437,0.1003462709366232,0.08386663225137378,0.2549890186651211,0.48288561821129883,0.029315348011117997,10771,Maltose,nutrition,source0,train
186,0.2802301446362436,0.00039204235790807785,1.4740197551772893e-05,0.00040031015556576385,0.28489656263009167,0.1688391812672311,18010,Manganese,nutrition,source0,train
188,0.04090828546907963,6.943498178612926e-07,3.110821981464841e-12,6.943654149637607e-07,0.047094924652254774,0.0023607644046806675,94,Menaquinone-4,nutrition,source0,train
189,0.059071150053007664,0.025670467797779924,0.002102223348427249,0.03733085631556036,0.059669454128022964,0.03191447327148042,8681,Methionine,nutrition,source0,train
190,0.14944931259910332,6.107845138389359e-06,1.0607520529955232e-09,6.109142329436427e-06,0.17311485032034094,0.06187505046450598,1011,Molybdenum,nutrition,source0,train
191,0.19299140171078732,0.0010992327700685947,0.00014856196853146002,0.0012203209902095678,0.19890587662548037,0.041434132779027535,30892,Niacin,nutrition,source0,train
192,0.16031279434821774,0.0014658579957670813,0.000808002367818675,0.0024618569790802202,0.16619994110719874,0.05472962062911175,6362,Nicotinic acid,nutrition,source0,train
193,0.2110579565002343,0.15485007957182934,0.0839857496120959,0.8106109927600927,0.21624329159683728,0.08924127826063576,4923,Octadecadienoic acid (18:2; isomer unspecified),nutrition,source0,train
194,0.12734534361670208,0.08598726044483172,0.026256027057990763,0.24579151005995886,0.13403685086727024,0.026404503545145244,19517,Octadecanoic acid (18:0),nutrition,source0,train
195,0.04104264763987873,0.0019966460635552183,0.00018155737351787334,0.0025240051235168267,0.4493157867775396,0.004310613327968465,3901,Octadecatetraenoic acid (18:4; isomer unspecified),nutrition,source0,train
196,0.2769243415906633,0.054218757925275536,0.021736612662696237,0.10926353171464198,0.28161574030500874,0.22574649699500834,4835,Octadecatrienoic acid (18:3; isomer unspecified),nutrition,source0,train
197,0.1640608083064039,0.1953072923093857,0.1169387282404262,1.2129397853174468,0.16858002676920641,0.061385038110461275,4910,Octadecenoic acid (18:1; cis/trans unspecified),nutrition,source0,train
198,0.12669537319134946,0.01656484661452721,0.007306951396333086,0.03036632274097695,0.311272840353607,0.013434838685718497,15315,Octanoic acid (8:0),nutrition,source0,train
199,0.19930594806081495,0.00026387635126250706,1.9268626795947734e-06,0.00026510165198872636,0.20460861047726223,0.11974569682687192,16490,Pantothenic acid (vitamin B5),nutrition,source0,train
200,0.14203920869337922,0.006473085896996264,0.0003175028371665503,0.007133584947982626,0.18442689356579076,0.0632973869106404,5999,Pentadecanoic acid (15:0),nutrition,source0,train
201,0.10092360479961808,0.002783634177424161,0.0014462296205107366,0.00408471889558343,1.3469958725569335,0.00012962908793160558,4236,Pentadecenoic acid (15:1; isomer unspecified),nutrition,source0,train
202,0.03835227543094942,0.02769975559564779,0.0032303064017454542,0.050365342083050144,0.03883196095456457,0.007801670777998001,8673,Phenylalanine,nutrition,source0,train
203,0.1293468196253138,0.03408729076039367,0.005495759823791528,0.04462423179385138,0.1313924804913297,0.0416269851959761,31130,Phosphorus,nutrition,source0,train
204,0.0856707962679958,0.010839340200876164,0.0011897001350315356,0.013721882940763428,0.1264600866693521,0.010501961099782058,398,Phytosterols,nutrition,source0,train
205,0.1580797551871854,0.0637533414556243,0.016052744250353634,0.102197618813017,0.15916109510169296,0.07816974336075526,31399,Potassium,nutrition,source0,train
206,0.06287666166583487,0.053602326507471966,0.009547043507590133,0.1083682645588389,0.06366745127048182,0.007690615564415447,8583,Proline,nutrition,source0,train
207,0.0817388818822415,0.16502933371437062,0.07357212418086098,1.6331470954402492,0.08378605949984373,0.019607324052769933,26382,"Protein, total",nutrition,source0,train
208,0.23569990263058094,8.644997083962593e-05,8.160341779304487e-07,8.709705162498572e-05,0.4102637220355166,0.0409635734858665,28747,Retinol,nutrition,source0,train
209,0.19821810270303827,0.00010363806865680677,3.911383515335666e-06,0.00010577276199256992,0.20426166107803484,0.06627095549429338,27092,Riboflavin (vitamin B2),nutrition,source0,train
210,0.20106067216706505,7.180488665841513e-06,3.350111279515623e-08,7.197458739181427e-06,0.20940885586189403,0.10549994438394307,24283,"Selenium, Se",nutrition,source0,train
211,0.03943771377052931,0.029173716382371803,0.002670502756203017,0.05209807788075196,0.03966471983227544,0.023275272077614192,8568,Serine,nutrition,source0,train
212,0.252070346869251,0.07510071752138996,0.027387255721468932,0.14564289679111755,0.2549240662576312,0.13561877495724506,26623,Sodium,nutrition,source0,train
213,0.1051339238324992,0.10513392213026568,0.2900473303264379,1.5358431872243343,0.1656316810448312,0.0014234828970729235,76,Sorbitol,nutrition,source0,train
214,0.09695781615246842,0.2883518751139055,0.336010828754243,2.8610470212120247,0.14028197135426587,0.023043799237009385,7534,Starch,nutrition,source0,train
215,0.023420442654020147,0.009363178417870769,0.006561090018122501,0.01654350393609517,0.8872731545277204,4.4354509836379036e-05,835,Stearidonic acid,nutrition,source0,train
216,0.05503931872786747,0.0014645993041547416,6.639372266470186e-05,0.0016319201564262997,0.09273533568150258,0.012774087598034169,210,Stigmasterol,nutrition,source0,train
217,0.24740656332171795,0.2749550128822489,0.27437205396390246,1.8783243943376322,0.32366458554408367,0.059188838037480145,5683,Sucrose,nutrition,source0,train
218,0.2047512474534787,0.3244758646410493,0.2715905516089747,2.795476736254288,0.22273497077328117,0.08367319415084806,18095,"Sugars, total",nutrition,source0,train
219,0.04405661981262694,0.013128533311449045,0.0007178785374215076,0.01771348373033026,0.04405661981262694,,93,Sulfur,nutrition,source0,train
220,0.1659015179999825,0.006835940818513206,0.0015015782640154306,0.009183875701458935,0.23066183516269786,0.07740790446602,4423,Tetracosanoic acid (24:0),nutrition,source0,train
221,0.17108685809327426,0.0496644798926986,0.016631330341418425,0.11226850854651925,0.19597926038776195,0.0384772376574874,18875,Tetradecanoic acid (14:0),nutrition,source0,train
222,0.12611266457628523,0.008945258339287415,0.0008742844776820688,0.010950178560111495,0.18906106361605216,0.0382904496024461,5438,Tetradecenoic acid (14:1; isomer unspecified),nutrition,source0,train
223,0.23239550390562086,9.174710416265118e-05,2.647379125325489e-06,9.317860425701328e-05,0.2394843687670614,0.0986041433555994,29067,Thiamin (vitamin B1),nutrition,source0,train
224,0.045710419837975934,0.030602924093338407,0.0025393730166505053,0.05358610667374757,0.04626019337131588,0.0045279072991412745,8656,Threonine,nutrition,source0,train
225,0.22016777508725976,3.7770204156809336e-05,6.863801069266238e-08,3.7809075713493075e-05,0.31728354570505174,0.057568537929806624,7747,"Tocopherol, beta",nutrition,source0,train
226,0.2440203265032341,0.00013406139356739492,8.322183877977726e-07,0.00013465543488213092,0.38306484891812725,0.06384590948736013,7687,"Tocopherol, delta",nutrition,source0,train
227,0.3263006687083769,0.0006955867556054673,8.278799348765164e-06,0.0007046876818448332,0.373900510030894,0.13337659233079688,8262,"Tocopherol, gamma",nutrition,source0,train
228,0.34155696197409174,7.424393875557779e-05,2.2977441743133907e-07,7.437139918560135e-05,0.4405559419881214,0.1349754354033726,5437,"Tocotrienol, alpha",nutrition,source0,train
229,0.06642358036924877,2.711498578400637e-05,7.952499554690583e-09,2.7128342178358102e-05,0.2925054207223151,0.006649277162894352,1186,"Tocotrienol, beta",nutrition,source0,train
230,0.046444061064042655,1.1058409406755222e-05,7.078108768131188e-09,1.106236695995712e-05,0.7092575935077049,1.6569390569538344e-05,1161,"Tocotrienol, delta",nutrition,source0,train
231,0.2131364688079022,6.688967044140945e-05,8.51669034489804e-08,6.700181139995993e-05,0.5399130311241229,0.021776824299354448,1167,"Tocotrienol, gamma",nutrition,source0,train
232,0.05527094614325635,0.0007219023717490535,3.245492072840198e-05,0.0007385372759455347,1.0851207552523572,4.240748440866782e-05,668,Tridecanoic acid (13:0),nutrition,source0,train
233,0.09408644082689274,0.022140086178903246,0.0020193504381009622,0.027182877467038513,0.09510284684867952,0.07056537327952958,15731,Tryptophan,nutrition,source0,train
234,0.04995145040827133,0.029569540484238783,0.0024504620640152294,0.047452916046619276,0.05062291517391455,0.009017330916323788,8612,Tyrosine,nutrition,source0,train
235,0.0421694350949849,0.03262436067314132,0.004443085588922097,0.06735294320024772,0.04269208442103809,0.0037535747787033704,8661,Valine,nutrition,source0,train
236,0.17905219993195556,0.0002696184077625701,3.251070772642774e-05,0.0002870361546589668,0.1868077386674778,0.0841336661539227,1774,Vitamin B6 - Pyridoxin,nutrition,source0,train
237,0.22636173718561486,8.789868902530146e-07,2.789383132355059e-10,8.791410834172966e-07,0.4089481386431806,0.07200162767258028,27304,Vitamin D (D2 + D3),nutrition,source0,train
238,0.17124040049931016,1.4843826803839607e-07,2.4846309831383795e-12,1.4843952116154536e-07,0.856390958955926,0.0027715012232383614,6511,Vitamin D2 (ergocalciferol),nutrition,source0,train
239,0.0656091953970091,0.2504255127980296,0.25377847018577315,7.204977176728565,0.0657026847035591,0.05507091334896125,30210,Water,nutrition,source0,train
241,0.18880095998415705,0.000702444296893697,0.00011403843135818524,0.0007911111983718965,0.191529910159581,0.08087945117430942,31918,Zinc,nutrition,source0,train
242,0.09671704747525355,0.004089941633952529,0.0002545559779912189,0.004497225547738019,0.18645090879508125,0.004892879901719363,1216,"cis,cis-Eicosadienoic acid (20:2n-6)",nutrition,source0,train
243,0.08764540112522928,0.001261848582631098,2.8657799135066918e-05,0.001321848379338649,0.19005793895024795,0.0039668641218603955,298,cis-Docosenoic acid (22:1 cis),nutrition,source0,train
244,0.07178024062750743,0.017807106534604506,0.0009160181515557286,0.02251879235903563,0.07278506548837023,0.024427869059348215,385,cis-Hexadecenoic acid (16:1 cis),nutrition,source0,train
245,0.08653241397845103,0.1256914204168999,0.03942108735412744,1.0491895058701435,0.08623422976142926,0.1993951401211902,759,cis-Octadecenoic acid (18:1 cis),nutrition,source0,train
246,0.10549983235523776,0.002542665983410757,0.0004688574805512419,0.002932816197284564,0.24470491614187703,0.014692214974706035,461,cis-Tetracosenoic acid (24:1 cis),nutrition,source0,train
247,0.07260420639036479,0.007939542333603332,0.00046032733538721796,0.010626487035921579,0.07294264753635754,0.06130027211420647,172,"trans,trans-Linoleic acid (18:2 trans,trans)",nutrition,source0,train
248,0.13405285006277928,0.0002846855691074984,1.3913382611973355e-06,0.00028539071165146465,0.966938147234063,0.0002733463720549455,224,trans-Docosenoic acid (22:1 trans),nutrition,source0,train
249,0.05540208447928688,0.001732347521689577,1.171665805845602e-05,0.0017968810571101794,0.0825055815178111,0.002312760383208516,287,trans-Hexadecenoic acid (16:1 trans),nutrition,source0,train
250,0.09246272311684602,0.0110998603738019,0.00075281562879328,0.014673778409185713,0.10109500867910574,0.01847170401176257,335,trans-Linoleic acid (18:2; isomer unspecified),nutrition,source0,train
251,0.11128709049865841,0.05629626564033894,0.02540210114318197,0.36186855384494304,0.12256546592400978,0.02106008709584756,774,trans-Octadecenoic acid (18:1 trans),nutrition,source0,train
2,0.4349334055678706,0.2121820333746751,0.1334997586715236,0.406494536375006,0.4349334055678706,,18,Acetic acid,food_metabolome,mae,validation
7,0.3027266598639402,0.001559152372854,5.3060432244793096e-05,0.0015988723802063,0.8277281015658068,0.0297259101789696,38,Apigenin,food_metabolome,mae,validation
9,0.905983089756493,0.0010875007608709,7.579022289449668e-06,0.001092071360763,0.905983089756493,,13,Benzoic acid,food_metabolome,mae,validation
11,0.6542259732108686,0.0030057730157898,3.205441900839091e-05,0.0030268392802443,0.7103199305005127,0.0371924430247839,12,Cadaverine,food_metabolome,mae,validation
12,1.2178365133846805,0.0703860604954479,0.0571680691920905,0.1116698808722172,1.3512227562595984,0.1062844894270295,28,Caffeic acid,food_metabolome,mae,validation
13,0.0761999365168131,0.0025877222864538,0.0010939592342532,0.0033412179659241,0.8934670946889929,5.571699386496932e-06,1962,Caffeine,food_metabolome,mae,validation
15,0.7273084467859562,0.0106693168323504,0.0020018962980253,0.0118587757588024,0.8185423327834556,0.5144293794584577,30,Catechin,food_metabolome,mae,validation
16,0.1404966627184999,0.0097906582070062,0.0005037697911937,0.0107509778342313,0.1429243740853621,0.0207295686199614,755,Choline,food_metabolome,mae,validation
18,0.2548163595724733,0.1142641584108121,0.0342712961575372,0.1709235457479953,0.2548163595724733,,52,Citric acid,food_metabolome,mae,validation
21,0.5974627171964739,0.0099004624443958,0.0004549721249773,0.0102520564754488,0.6352861555680466,0.5445099034762723,12,Cyanidin,food_metabolome,mae,validation
22,0.4070994362175973,0.0024085655430724,1.4982234172668712e-05,0.0024340492915104,0.4572557602253049,0.2733492388637105,11,Daidzein,food_metabolome,mae,validation
24,0.6210191684090841,0.0041408467820263,9.495972070569484e-05,0.0041979362964607,1.4194723849350497,0.0,16,Delphinidin,food_metabolome,mae,validation
25,2.2878459426669147,0.1210571450832383,0.0597607390512566,0.1580424699618578,2.2878459426669147,,5,Ellagic acid,food_metabolome,mae,validation
26,0.4344471859247583,0.000908360301141,8.190550339226022e-06,0.0009124725190738,1.3725640077814332,0.0592004571820883,28,Epigallocatechin,food_metabolome,mae,validation
28,0.6080944972898653,0.0105980765362602,0.0005387744821975,0.0110174386329673,0.6571827589343915,0.0190353575555505,26,Ferulic acid,food_metabolome,mae,validation
33,1.6981812648402257,0.2240946983772754,0.3585284264774529,0.6346894687086899,2.143733852684981,0.0273590604223932,19,Gallic acid,food_metabolome,mae,validation
35,1.1467280331276433,0.0126453327241981,0.0017679763728137,0.0136443344769776,1.1082702794587165,2.1466296285197446,27,Genistein,food_metabolome,mae,validation
43,0.334421887904103,0.0012275874632895,7.447531737423351e-06,0.0012324749207062,0.8914668404429413,0.0305791865192821,17,Glycitein,food_metabolome,mae,validation
47,0.5749575810653903,0.0012867577197493,1.603625453723628e-05,0.0012954880871038,0.5912160008110964,0.0384297294570881,34,Histamine,food_metabolome,mae,validation
50,0.8372879327544502,0.0051611954077186,0.0002458306596718,0.0052867435187067,1.8773784624332197,0.2132336149471887,16,Isorhamnetin,food_metabolome,mae,validation
51,0.5961670734604321,0.0027970306616612,6.092611370226891e-05,0.0028320010131043,0.9566309242079356,0.1663832514153316,57,Kaempferol,food_metabolome,mae,validation
52,0.1541542209054107,0.1274146363303295,0.0309159645523946,0.2378551688790321,0.1541542209054107,,23,Lactic acid,food_metabolome,mae,validation
53,0.9744295065778974,0.0001838749457173,1.1253550793329049e-07,0.0001839315508634,0.9744295065778974,,4,Lariciresinol,food_metabolome,mae,validation
54,0.4619689200830745,0.0008668835530112,3.242355038406311e-06,0.0008689861493016,0.4619689200830745,,14,Lutein,food_metabolome,mae,validation
55,0.519095022264411,0.0053129612870122,0.0004174021318652,0.0055468534670523,1.2398089082725263,0.0201392550280235,44,Luteolin,food_metabolome,mae,validation
56,0.2549015220166228,0.1023390913903854,0.0276569457759549,0.1516936279681264,0.2549015220166228,,49,Malic acid,food_metabolome,mae,validation
58,1.2890975729862415,0.000134674624631,8.92549026326305e-08,0.000134719263764,1.6106373198885886,0.0029385853768537,5,Matairesinol,food_metabolome,mae,validation
61,0.3815590938074704,0.0009263806259248,5.649777113321705e-06,0.0009314332029482,0.57391938896631,0.1342387143175337,48,Myricetin,food_metabolome,mae,validation
62,0.317756542871844,0.003583284124611,9.237835788570392e-05,0.003660325830341,0.5849267216919342,0.1619072718934581,19,Naringenin,food_metabolome,mae,validation
65,1.087549917405509,0.0487754725147029,0.003491568995609,0.054317791900151,1.087549917405509,,4,Oxalic acid,food_metabolome,mae,validation
66,0.2931492165665867,8.555307903781478e-05,5.760478769456632e-08,8.57420551409645e-05,0.8244735788399958,0.080619471657223,14,Pelargonidin,food_metabolome,mae,validation
67,0.2246576265109379,0.000812312501993,6.838572078555552e-06,0.0008161765278915,0.7263548184915033,0.0016810967417978,13,Peonidin,food_metabolome,mae,validation
72,0.5971076441746824,5.106968475221155e-05,6.876575315716684e-09,5.1073342178691445e-05,0.5971076441746824,,4,Pinoresinol,food_metabolome,mae,validation
77,0.2964625975249628,0.0022033475833479,3.839325877541344e-05,0.00229225257401,0.2964625975249628,,17,Putrescine,food_metabolome,mae,validation
79,0.5278309678453172,0.00459491634916,0.00011786621158,0.0046741518055038,0.6207627484838796,0.2326358999345897,71,Quercetin,food_metabolome,mae,validation
82,0.2992656002858631,0.258750681732205,0.1436959905391097,0.5229818666974704,0.4488984004287947,0.0,6,Rosmarinic acid,food_metabolome,mae,validation
83,1.084936547290475,0.0001147140048969,2.2349913216306347e-08,0.0001147278776967,1.084936547290475,,5,Secoisolariciresinol,food_metabolome,mae,validation
88,0.1904455175901999,0.0007876449921044,2.5517068939259506e-06,0.0007890963436366,0.201358879464835,0.0813118988438484,11,Spermine,food_metabolome,mae,validation
90,1.25024956659772,0.0074932583293795,0.0003001496196918,0.0076458649970777,1.3402512799752335,0.950243855339342,13,Syringic acid,food_metabolome,mae,validation
91,0.4930692143929594,0.2123549843597152,0.1452465588723282,0.3390377334594726,0.4930692143929594,,5,Tartaric acid,food_metabolome,mae,validation
92,0.1362641695445036,0.0005101123041175,1.6028947894281927e-06,0.0005148454028258,0.1362641695445036,,9,Taurine,food_metabolome,mae,validation
93,0.0487838284252405,0.0070262415978291,0.0028096252374308,0.0089435029940176,0.8259456561096828,0.0003985465914433,1928,Theobromine,food_metabolome,mae,validation
96,0.2005852723250183,0.0019234951192574,3.0753475960743225e-05,0.0019583576524454,0.2297063458114045,0.0258588314067011,21,Tyramine,food_metabolome,mae,validation
98,0.3602649017267783,0.0006150648012614,1.20727145591977e-06,0.0006167561521388,0.2819449750093851,0.7127045719550473,11,Vanillic acid,food_metabolome,mae,validation
103,0.6091671708005465,0.0056310444253006,0.0001517618535326,0.0057595076901259,0.7050211083679404,0.0340435453961829,28,p-Coumaric acid,food_metabolome,mae,validation
104,0.0478821284430622,0.0371353985190255,0.0046409883747829,0.0736591359281662,0.0484951791951838,0.0053865649437296,1547,Alanine,nutrition,mae,validation
105,0.1457768699229536,0.0145093508817333,0.0018216723442142,0.0169560797502672,0.228506308241266,0.0462479481290513,1128,Arachidonic acid (20:4n-6),nutrition,mae,validation
106,0.0676402468050922,0.0556813117158581,0.0100812311924408,0.1204144268346793,0.0674969244209254,0.0737525998222993,1727,Arginine,nutrition,mae,validation
107,0.3154799211416216,0.0078511982396139,0.0002528733843641,0.0081627857953714,0.4521183553044039,0.0853520320253569,102,Ascorbic acid (vitamin C),nutrition,mae,validation
108,0.1043238776078683,0.1087033160964787,0.0429927481148425,0.4591968025524374,0.1055582116728036,0.021716371741968,3606,Ash,nutrition,mae,validation
109,0.050700602507356,0.0527824133364986,0.0091056385805601,0.1261290067756035,0.0506798100420018,0.0522589977856554,1519,Aspartic acid,nutrition,mae,validation
110,0.0816178746909077,0.199247405940942,0.1291233145748665,2.566525830076621,0.0883130730350535,0.0092260425948309,756,Available carbohydrate,nutrition,mae,validation
111,0.108161286980056,0.0180175118311564,0.0017302682991876,0.021282726905244,0.1524245331105505,0.0006648320917121,48,Beta-sitosterol,nutrition,mae,validation
112,0.1804782588899432,0.0066649247586676,0.0019716435698263,0.0080783349593384,0.1742901855859641,0.3372637698747833,498,Betaine,nutrition,mae,validation
113,0.334327168552848,8.822361666800027e-05,1.9059089071793557e-06,8.928738933544423e-05,0.3358479957354561,0.3208429795309095,1768,Biotin,nutrition,mae,validation
114,0.1006439307459229,0.0136632862000125,0.0021082372610015,0.0184359881063964,0.2375978798356236,0.0274146078292237,2269,Butyric acid (4:0),nutrition,mae,validation
115,0.3073949109878908,0.031853432130749,0.0080734352095022,0.0436133906597855,0.3083957261804667,0.2712951713320253,6878,Calcium,nutrition,mae,validation
116,0.2097987502237953,0.0055572076160126,0.0001137177626064,0.0058703491837168,0.2433996377600023,0.0921956438470706,36,Campesterol,nutrition,mae,validation
117,0.2558378335761108,4.844153933575312e-05,1.241854605430932e-07,4.850451267011676e-05,1.114232284022839,0.0080813409862381,2524,"Carotene, alpha",nutrition,mae,validation
118,0.4077336933153287,0.0003329997935633,3.2273450468566465e-06,0.0003353174426244,0.6294746647908949,0.0728020280087874,3736,"Carotene, beta",nutrition,mae,validation
119,0.482925232840749,0.4460811009781934,0.7629059431666677,3.842569276372592,0.4498912919436989,0.6976458486715742,15,Cellulose,nutrition,mae,validation
120,0.1816546229173644,0.0815404476045898,0.019644080989251,0.2320611900024175,0.1816546229173644,,343,Chloride,nutrition,mae,validation
121,0.232782760231851,6.977830129142933e-07,2.196214801182441e-11,6.977969736580995e-07,0.3279470882075158,0.1089430883959693,695,Cholecalciferol (vitamin D3),nutrition,mae,validation
122,0.1162121341490202,0.028636917816625,0.0566199483191707,0.1632141688106148,0.1910879123007745,0.0076942056425454,3992,Cholesterol,nutrition,mae,validation
123,0.1250507247316577,0.0076201781646789,0.0003373425517509,0.0083497408518401,0.1270713999906149,0.0573764733316728,1897,"Choline, total",nutrition,mae,validation
124,0.375880458348235,4.17431315598921e-05,5.617605820088196e-08,4.179003513774428e-05,0.4715914255321087,0.1182767577212612,278,Chromium,nutrition,mae,validation
125,0.166542222580499,6.801857939652334e-07,1.3433277584960072e-11,6.801980711754546e-07,0.2628696298335194,0.0143669751463183,4402,Cobalamin (vitamin B12),nutrition,mae,validation
126,0.1115666795559481,0.0125518887776006,0.0007043488393608,0.0176956635542613,0.1214825520159271,0.0405029269260985,98,Conjugated linoleic acids (18:2 CLA isomers),nutrition,mae,validation
127,0.2430702575204741,0.0001227108868623,1.5707659180480243e-06,0.000123559693908,0.245657520590333,0.1719509664625734,5038,Copper,nutrition,mae,validation
128,0.25387311599839,1.950793662711649e-05,4.898834695655285e-08,1.9532474255101572e-05,1.058753664867313,0.0040033378869125,2450,"Cryptoxanthin, beta",nutrition,mae,validation
129,0.0708024360324476,0.0213084973015225,0.0013586773415687,0.0265959436879433,0.0717375905641839,0.01871086507943,1531,Cystine,nutrition,mae,validation
130,0.1975305017305338,0.0237465812781717,0.0104109275312327,0.0399505142147635,0.3423015366473294,0.0500917099286552,2996,Decanoic acid (10:0),nutrition,mae,validation
131,0.1659683157794404,0.2208352221031917,0.1175137334845351,1.060503980532142,0.1995068180171137,0.0367426745239777,2543,"Dietary fibre, total",nutrition,mae,validation
132,0.1136849268025825,0.0134869512700781,0.0053056174020286,0.0294769535649378,0.3511191406693837,0.0180062144206493,2886,Docosahexaenoic acid (DHA; 22:6n-3),nutrition,mae,validation
133,0.2629689543689376,0.0169039475559906,0.0082922442098268,0.0265312280271939,0.3840292414720747,0.1049887947642628,1047,Docosanoic acid (22:0),nutrition,mae,validation
134,0.1305253207655619,0.0056307669020783,0.001104344049851,0.0074225340252761,0.3364019043108671,0.0322603649765874,2934,Docosapentaenoic acid (DPA; 22:5n-3),nutrition,mae,validation
135,0.1507800220514596,0.0016177683866222,1.7944823093521058e-05,0.0016310731945366,0.2789493577831019,0.0119299083421804,75,Docosatetraenoic acid (22:4; isomer unspecified),nutrition,mae,validation
136,0.1372454086568249,0.0122856521204937,0.0095396601164873,0.0421510050751584,0.7423214174991729,0.0315510417276327,733,Docosenoic acid (22:1; cis/trans unspecified),nutrition,mae,validation
137,0.3076849583404808,0.0561029740632165,0.063682545879722,0.1811233013391641,0.4427637013127275,0.080933714058206,3352,Dodecanoic acid (12:0),nutrition,mae,validation
138,0.2336098833324622,0.0143053273891372,0.0023874171730432,0.0170372696503026,0.2406520127919625,0.2009455427321815,998,Eicosanoic acid (20:0),nutrition,mae,validation
139,0.151068870250627,0.0120024190327301,0.0050342641250001,0.0230497011164795,0.4534956022836208,0.0242463863147603,3202,Eicosapentaenoic acid (EPA; 20:5n-3),nutrition,mae,validation
140,0.0994949853583987,0.0091359674456943,0.001071448826633,0.0108572865191226,0.1567968890375259,0.0571638493071516,772,Eicosatetraenoic acid (20:4; isomer unspecified),nutrition,mae,validation
141,0.1771555345946263,0.0043321614401055,0.0004638764240323,0.0046044745551488,0.3746459222632719,0.0563880313440158,224,Eicosatrienoic acid (20:3; isomer unspecified),nutrition,mae,validation
142,0.1718568643074494,0.0014654636953694,1.0792129420388016e-05,0.0014863932965215,0.2334340773280576,0.1122039391937351,63,Eicosatrienoic acid (20:3n-3),nutrition,mae,validation
143,0.1297608982781169,0.0034541368012456,9.036796174436494e-05,0.0035782311041742,0.1771749509112195,0.053251858801974,230,Eicosatrienoic acid (20:3n-6),nutrition,mae,validation
144,0.2380804391375317,0.0237870805139933,0.0053396191957528,0.0362641431922331,0.2792043733597236,0.1601467218216876,2654,Eicosenoic acid (20:1; isomer unspecified),nutrition,mae,validation
147,0.0163832122555775,0.0467728378317898,0.1223314157598417,0.2621238039061737,0.8132482889132249,5.719605088429446e-05,3138,Ethanol,nutrition,mae,validation
148,0.0818806141641493,0.1493442041121195,0.1084954364593943,1.5179075120268852,0.0840535036317139,0.0269350309277557,4833,"Fat, total",nutrition,mae,validation
149,0.1039740070944616,0.1307969655135998,0.0562619685536152,0.9561980344904302,0.1080625822024657,0.0340520026996567,3886,"Fatty acids, total monounsaturated",nutrition,mae,validation
150,0.1692366496565336,0.1571753606581613,0.0803511553942041,0.7834676435370038,0.1737141967115865,0.0750553423703684,3896,"Fatty acids, total polyunsaturated",nutrition,mae,validation
151,0.1043774664540864,0.122620926270911,0.049796207934262,0.8266286553811552,0.1085965426990353,0.0232217030751146,4023,"Fatty acids, total saturated",nutrition,mae,validation
152,0.1853032756867524,0.0642034474577469,0.0379638769903609,0.1609277327854599,0.2572612706600591,0.0611338983142092,1172,"Fatty acids, total trans",nutrition,mae,validation
153,0.1719634593804225,0.0503274597110178,0.0302573985307316,0.1407229400949276,0.1883890586550657,0.0742858956938773,521,"Fatty acids, total trans-monoenoic",nutrition,mae,validation
154,0.1894277082775655,0.0197940220434324,0.0042961252447966,0.0303070570227165,0.2187480961831046,0.0911345983466155,457,"Fatty acids, total trans-polyenoic",nutrition,mae,validation
155,0.25815578723323,1.4253620524262064e-05,1.8301023785094623e-09,1.4255747222274447e-05,0.271315069818329,0.1142178428508056,3170,"Folate, food",nutrition,mae,validation
156,0.2612572852713524,2.129276445612029e-05,6.0485227488327664e-09,2.1298679464577235e-05,0.2737116209901377,0.1038956609789108,3886,"Folate, total",nutrition,mae,validation
157,0.1472142123225321,1.535589565992266e-05,4.886095614989808e-09,1.5361139539332414e-05,0.2816496257237992,0.0277263184791933,3100,Folic acid,nutrition,mae,validation
158,0.2660386507288728,0.2043541919689689,0.1484961082318064,0.6479279107509868,0.3545130586750404,0.0509933421321342,1959,Fructose,nutrition,mae,validation
159,0.2129018529078734,0.0256507039401506,0.0145582627166985,0.0381411739079263,1.061035901696444,0.0072436637771448,1460,Galactose,nutrition,mae,validation
160,0.3038490388943798,0.2400524554797778,0.1919887935189116,0.7480339843507854,0.3734672945530174,0.075600398014992,2003,Glucose,nutrition,mae,validation
161,0.0487194892555977,0.0735925355422505,0.0180038984237829,0.2489579093832818,0.0492900493119418,0.0,1555,Glutamic acid,nutrition,mae,validation
162,0.079457301388215,0.0563599404204165,0.0122573672878295,0.1168825230467716,0.0796941711493901,0.0736027374047918,1713,Glycine,nutrition,mae,validation
165,0.1394775115095779,0.0115820607767885,0.0007145534990903,0.0131822888409718,0.1597460088013866,0.077261867481103,1138,Heptadecanoic acid (17:0),nutrition,mae,validation
166,0.1616593137632364,0.0074885996713594,0.000334354335657,0.0081717929993791,0.1994837645899732,0.1037283656128557,880,Heptadecenoic acid (17:1; isomer unspecified),nutrition,mae,validation
167,0.1049375171890036,0.1029871528664108,0.0379517993849893,0.4194549819971561,0.1073053425430589,0.0400669300097201,3436,Hexadecanoic acid (16:0),nutrition,mae,validation
168,0.2200161340647286,0.0511925473725197,0.0130124053808507,0.0893827810546409,0.2439812422060212,0.1037054758856553,878,Hexadecenoic acid (16:1; cis/trans unspecified),nutrition,mae,validation
169,0.0818579705406022,0.0091945535199025,0.0012316671469029,0.0111972317628777,0.2281482764725483,0.0188741787825859,2651,Hexanoic acid (6:0),nutrition,mae,validation
170,0.0570581773227766,0.0307225854774838,0.0028696175803545,0.0504543612426544,0.0579373891174488,0.0094711832623806,1562,Histidine,nutrition,mae,validation
171,0.0679598460304077,0.0171321554787712,0.0013023506070468,0.0201409060150011,0.0847848293948323,0.0097002021416542,299,Hydroxyproline,nutrition,mae,validation
172,0.2118971311782976,0.2678060664772473,0.097102956200461,1.7589308111648745,0.2230496117666291,0.0,20,Insoluble dietary fibers,nutrition,mae,validation
173,0.2315463629499761,0.0012329482512449,2.4808248911395405e-05,0.0012521908559215,0.2354406009965585,0.1070238439481415,5716,Iron,nutrition,mae,validation
174,0.0441307008616098,0.0312517463418323,0.0031483104800471,0.0560798155338467,0.0447509108422218,0.0103274072655528,1564,Isoleucine,nutrition,mae,validation
175,0.5497325059955523,0.2395723137934173,0.1123354609067635,0.4869152530136207,0.5497325059955523,,15,Isomeric linoleic acids (18:2),nutrition,mae,validation
176,0.7461911201442286,0.1318173165365908,0.0531445033186208,0.2044422397796503,0.420936724192064,1.210840257218749,17,Isomeric linolenic acids (18:3),nutrition,mae,validation
177,0.0880278468165076,0.0814704019031976,0.0458601729292476,0.2668219325710236,0.2437928402914425,0.0149567854459686,1909,Lactose,nutrition,mae,validation
178,0.0383140736475924,0.0376045658919072,0.0043407594465692,0.0848384647690066,0.0387511101122447,0.0046185622229033,1562,Leucine,nutrition,mae,validation
179,0.3588432666693044,0.2298753575989576,0.1651637164923644,1.819233606746968,0.3878688377853088,0.2645101605422901,17,Lignin,nutrition,mae,validation
180,0.1792652824521373,0.1391786446288363,0.0600063373996322,0.7354793180137618,0.1834840419179726,0.0743642057343473,1345,Linoleic acid (18:2n-6),nutrition,mae,validation
181,0.3014765265433848,0.0001969349572926,1.047489486866751e-06,0.000197885916836,0.381241188475486,0.1051732749460719,1277,Lutein + zeaxanthin,nutrition,mae,validation
182,0.0805251300964437,0.000233012829784,2.3825492932752163e-06,0.0002343649416943,0.7132227919988955,0.0057089311637852,2090,Lycopene,nutrition,mae,validation
183,0.0524861459673045,0.0447047795690035,0.0055408771312109,0.101608047291739,0.0531786303453448,0.0037289504407365,1571,Lysine,nutrition,mae,validation
184,0.1661599079308429,0.0113540065692752,0.0010958277594971,0.0128865659372799,0.1680602004085011,0.0556569389469958,6213,Magnesium,nutrition,mae,validation
185,0.2524304477721096,0.1088609153086816,0.0750187904795075,0.2166702433725156,0.502544481497224,0.0517942052120763,1924,Maltose,nutrition,mae,validation
186,0.2836365625517711,0.000386600605285,7.607049350641637e-06,0.0003910166797634,0.2850260605415722,0.2674979445320306,3266,Manganese,nutrition,mae,validation
188,0.1539333882033489,1.3231126914626097e-06,3.48542123242934e-12,1.32311942275419e-06,0.1710370980037211,0.0,10,Menaquinone-4,nutrition,mae,validation
189,0.0592255316327984,0.0260315203459906,0.0019758474712716,0.0379825744191063,0.0602401683459724,0.0123447835469475,1570,Methionine,nutrition,mae,validation
190,0.2980404801925565,1.958043318763744e-05,7.732105473718723e-09,1.9585552550050795e-05,0.3367026011745692,0.1071462578438689,190,Molybdenum,nutrition,mae,validation
191,0.1965879583083676,0.0009870877666981,6.837150898050469e-06,0.0009943322970466,0.2024255946527945,0.0578281311261334,5427,Niacin,nutrition,mae,validation
192,0.1642943656486834,0.0011858286991436,1.1575771619570383e-05,0.0012001851994194,0.1714908959214241,0.0380695092775966,1168,Nicotinic acid,nutrition,mae,validation
193,0.2634969500103974,0.1940937605559489,0.1321999569111432,0.9852900094902236,0.2637813327910396,0.2553966275811359,914,Octadecadienoic acid (18:2; isomer unspecified),nutrition,mae,validation
194,0.1366246308381423,0.0921738827831625,0.0322448263817956,0.2648458754144773,0.1426804807534917,0.0359831615025771,3429,Octadecanoic acid (18:0),nutrition,mae,validation
195,0.0634656206169188,0.0036068620605719,0.0007097869623169,0.0058784089209116,0.5574986591497813,0.0143644776434692,719,Octadecatetraenoic acid (18:4; isomer unspecified),nutrition,mae,validation
196,0.3420350597863988,0.065355529144612,0.0222971397070675,0.1116232334884676,0.3419422329983844,0.3430699530311536,899,Octadecatrienoic acid (18:3; isomer unspecified),nutrition,mae,validation
197,0.1914196999232209,0.2265190228219882,0.1433694294341991,1.5273807977687195,0.1960677973753256,0.07495165805191,912,Octadecenoic acid (18:1; cis/trans unspecified),nutrition,mae,validation
198,0.1567853181914384,0.020262629087276,0.0106342403679118,0.032809918704873,0.364394212913289,0.0300984745760333,2755,Octanoic acid (8:0),nutrition,mae,validation
199,0.2074565233896415,0.0003095021703193,6.314930914157344e-06,0.0003130540847396,0.213491026959246,0.1210877119183294,2974,Pantothenic acid (vitamin B5),nutrition,mae,validation
200,0.178380628203643,0.0088749225233794,0.0009730041806627,0.0100466506866047,0.2202521736907083,0.0973458529061658,1081,Pentadecanoic acid (15:0),nutrition,mae,validation
201,0.1121373847319696,0.0028755797377962,0.0006651153503629,0.0032612403301919,1.5161758313299962,0.000283798869458,777,Pentadecenoic acid (15:1; isomer unspecified),nutrition,mae,validation
202,0.0398505461452276,0.0286564553466329,0.0025486884724131,0.049686808316993,0.0404158747198587,0.0080981861540383,1573,Phenylalanine,nutrition,mae,validation
203,0.1276898110657118,0.0332551444266813,0.0044519922940557,0.0425932918046493,0.130753090234124,0.0128774330701898,5470,Phosphorus,nutrition,mae,validation
204,0.15098881521757,0.0148634037627642,0.0011309279559555,0.0167392768070395,0.2142662966973971,0.0750558374417773,66,Phytosterols,nutrition,mae,validation
205,0.1591669615153565,0.0644369161539294,0.0157314937765934,0.1017549174895406,0.1612581415273117,0.0429558385272665,5513,Potassium,nutrition,mae,validation
206,0.0613711054906284,0.0523990731123463,0.0084365519755727,0.104239147095301,0.0622491133157633,0.0056907759133238,1546,Proline,nutrition,mae,validation
207,0.0821316531476351,0.1664072099029401,0.0728541786171397,1.6219945962513267,0.0841039519276875,0.0323631606810643,4633,"Protein, total",nutrition,mae,validation
208,0.2287066055122889,6.883871080476854e-05,3.367724395281595e-07,6.918243841395407e-05,0.4015570906688371,0.0474433247322619,5057,Retinol,nutrition,mae,validation
209,0.1992606327415747,8.115544518019905e-05,5.543931773336161e-08,8.121179664682557e-05,0.2060058966764628,0.0564457316251515,4691,Riboflavin (vitamin B2),nutrition,mae,validation
210,0.1992301425648075,5.731875873581285e-06,1.426928158728568e-09,5.732686283684458e-06,0.2067152740363188,0.106806569350258,4249,"Selenium, Se",nutrition,mae,validation
211,0.0407159405390096,0.0302149183727399,0.0028920338406192,0.0539987228576687,0.04123105456385,0.0051262442773124,1542,Serine,nutrition,mae,validation
212,0.2607061518846424,0.0777912438771616,0.0403655458503808,0.1760608040403171,0.2639902053947088,0.12135226716999,4705,Sodium,nutrition,mae,validation
213,0.1127562773444029,0.1127562740812252,0.0334311720047433,0.2161012692761063,0.1931487668628527,0.0055662913198032,14,Sorbitol,nutrition,mae,validation
214,0.1204579080981262,0.3302364261981295,0.4695344390732675,3.5665232187439613,0.1644345812809181,0.0365060700420281,1292,Starch,nutrition,mae,validation
215,0.044301483741221,0.0148947397732166,0.0062842308747249,0.0187374423246841,0.8858565632508615,9.111135450536597e-06,140,Stearidonic acid,nutrition,mae,validation
216,0.1973236104073827,0.0031742792964,6.956876995133872e-05,0.0032377307209162,0.2655993328562531,0.0835307396592654,48,Stigmasterol,nutrition,mae,validation
217,0.3191361682695934,0.3529594424941872,0.3701654248588515,2.2991625736014214,0.3957869433164316,0.1171148752012269,1021,Sucrose,nutrition,mae,validation
218,0.2224943834532617,0.3463443313319003,0.2981827656798421,3.218365825887605,0.2355984091657046,0.1205472197348641,3185,"Sugars, total",nutrition,mae,validation
219,0.4011222491624673,0.0996189168602095,0.0180103757926958,0.1187986508567631,0.4011222491624673,,20,Sulfur,nutrition,mae,validation
220,0.1985462405609233,0.0061411647365806,0.0005237170540719,0.0067977312234351,0.2648600376177399,0.1151431736743389,806,Tetracosanoic acid (24:0),nutrition,mae,validation
221,0.1963340069337165,0.0593340462858956,0.0322626986505364,0.1480883965401969,0.2246006538730365,0.0364876764849496,3308,Tetradecanoic acid (14:0),nutrition,mae,validation
222,0.1560877652052763,0.011383449082412,0.0014236372189907,0.0139533109112779,0.2339920531810845,0.0509314650447134,1002,Tetradecenoic acid (14:1; isomer unspecified),nutrition,mae,validation
223,0.2367288995173686,7.8289214066128e-05,8.597613425697314e-08,7.83550194532483e-05,0.2449915957080601,0.0960894068180317,5049,Thiamin (vitamin B1),nutrition,mae,validation
224,0.04619792274749,0.0309538073148644,0.0027188343736945,0.0544956262033127,0.0467905030179855,0.0047711747464853,1560,Threonine,nutrition,mae,validation
225,0.2720841852423148,4.793814667309274e-05,6.76579631418652e-08,4.7977136581321954e-05,0.3547680735860735,0.1211146423723722,1452,"Tocopherol, beta",nutrition,mae,validation
226,0.2924923620517562,0.0001691442337917,1.0548505654320702e-06,0.0001699876174174,0.4230862345644492,0.1188066079677056,1454,"Tocopherol, delta",nutrition,mae,validation
227,0.4066609515193324,0.0008605500901739,1.180100658154388e-05,0.0008717061949491,0.4491996356487916,0.2285138775895086,1548,"Tocopherol, gamma",nutrition,mae,validation
228,0.4131742680220852,8.323217996302258e-05,2.461759141780778e-07,8.336151522559761e-05,0.5308389586484412,0.1825649603188544,1033,"Tocotrienol, alpha",nutrition,mae,validation
229,0.1180160667817298,4.97206224122126e-05,2.3612977705634843e-08,4.974042431145345e-05,0.4289952988345707,0.0471192470391133,237,"Tocotrienol, beta",nutrition,mae,validation
230,0.0328799600540903,4.552893345417309e-06,7.968038958684341e-10,4.553291792163865e-06,0.5942917608137004,4.494243842922658e-06,235,"Tocotrienol, delta",nutrition,mae,validation
231,0.3798595731842462,8.763250429812826e-05,1.072036552921014e-07,8.769598035967482e-05,0.7395922385323397,0.1451403872833625,233,"Tocotrienol, gamma",nutrition,mae,validation
232,0.0556043832075336,0.0005990845311948,1.3364785935663776e-05,0.0006058237570525,1.2102910218523788,9.06025034545215e-05,109,Tridecanoic acid (13:0),nutrition,mae,validation
233,0.0960946202807913,0.0224513806882121,0.0015958518026008,0.027054296949445,0.0970966190951807,0.0772632416650947,2819,Tryptophan,nutrition,mae,validation
234,0.052121579402906,0.0311764342507341,0.0029549504973428,0.0505859159765092,0.0529240322735762,0.0086797164890307,1553,Tyrosine,nutrition,mae,validation
235,0.0445107876168768,0.034448494897663,0.0037251960350395,0.0652608230748425,0.0451066564582218,0.0045357605649066,1566,Valine,nutrition,mae,validation
236,0.2031432587269446,7.636243180711761e-05,5.3493769917261274e-08,7.641989785490531e-05,0.2105879132925469,0.0793758765738078,282,Vitamin B6 - Pyridoxin,nutrition,mae,validation
237,0.2184576791715759,5.802733375765383e-07,2.9073726404543194e-11,5.802921849156297e-07,0.3837306473641756,0.0881271238782295,4761,Vitamin D (D2 + D3),nutrition,mae,validation
238,0.1809839524424601,1.1012052527490165e-07,8.448254843776578e-13,1.1012094769082373e-07,1.005638047692621,1.3613939280181587e-05,1168,Vitamin D2 (ergocalciferol),nutrition,mae,validation
239,0.0658247712035138,0.2462416434801622,0.2541247843569304,7.291141510380748,0.0659897089843345,0.0473198144870233,5247,Water,nutrition,mae,validation
241,0.1879512347229255,0.000584989134745,5.093700636403162e-06,0.0005890120512932,0.1907338666221651,0.0872440138230241,5536,Zinc,nutrition,mae,validation
242,0.187267775378629,0.0093427297515835,0.0011492988164278,0.0102814181567295,0.323658603408085,0.0418593719422669,250,"cis,cis-Eicosadienoic acid (20:2n-6)",nutrition,mae,validation
243,0.3802693871751761,0.0044021207908786,0.0002737807508741,0.0045618925283485,0.5531429328956484,0.1864414722764648,70,cis-Docosenoic acid (22:1 cis),nutrition,mae,validation
244,0.0979342915045873,0.0201599508620255,0.0007938174084101,0.0238613628728272,0.0948247185227751,0.1624579308771897,87,cis-Hexadecenoic acid (16:1 cis),nutrition,mae,validation
245,0.1548234764438602,0.2219030708563135,0.1142096985242715,1.9628312498695808,0.1548234764438602,,153,cis-Octadecenoic acid (18:1 cis),nutrition,mae,validation
246,0.2449006342022963,0.0032543502082935,0.0001038447901,0.0033585442797766,0.4605141655861435,0.1129580254450167,108,cis-Tetracosenoic acid (24:1 cis),nutrition,mae,validation
247,0.2378398298624861,0.0195373839898415,0.0019984481177007,0.0212588128614283,0.1334004010829118,1.2300144032684424,21,"trans,trans-Linoleic acid (18:2 trans,trans)",nutrition,mae,validation
248,0.0759863481443576,0.0001176491681547,1.5659393844293501e-07,0.0001177275212077,0.7741187636668266,0.0001023899353936,51,trans-Docosenoic acid (22:1 trans),nutrition,mae,validation
249,0.0999476510035534,0.002623337463464,1.9030864030166752e-05,0.0026871821873218,0.145844520614168,0.0015972161236651,66,trans-Hexadecenoic acid (16:1 trans),nutrition,mae,validation
250,0.2252559954461105,0.0257562850173775,0.0046587969252675,0.0309484038730959,0.240926029895852,0.0450505992740832,75,trans-Linoleic acid (18:2; isomer unspecified),nutrition,mae,validation
251,0.2519483236501782,0.1310239792688795,0.1658865673076706,0.5030161205437881,0.2534978399537236,0.2431228177473758,154,trans-Octadecenoic acid (18:1 trans),nutrition,mae,validation
2,0.3820690539380441,0.1811808865585026,0.0927901822743684,0.3349206542596221,0.3820690539380441,,18,Acetic acid,food_metabolome,source0,validation
7,0.3398251610614447,0.0017115071081767,7.845621421998574e-05,0.0017523047517008,0.8277082200349404,0.0861259703952269,38,Apigenin,food_metabolome,source0,validation
9,0.7725566308287257,0.0013520918720268,9.123641795677235e-06,0.0013583212135798,0.7725566308287257,,13,Benzoic acid,food_metabolome,source0,validation
11,0.8186346292802279,0.0034700931720036,3.606428486512006e-05,0.0034910562737734,0.8819684209485888,0.1219629209282579,12,Cadaverine,food_metabolome,source0,validation
12,1.1404580399222854,0.0686928152451868,0.0568639052675015,0.1101275949683288,1.1605795948262871,0.9727784157222712,28,Caffeic acid,food_metabolome,source0,validation
13,0.0523832311603248,0.0022540003305656,0.0006981817659738,0.0030054764460444,0.5641510554062885,0.0052675498834219,1962,Caffeine,food_metabolome,source0,validation
15,0.6728329301368583,0.0100658509517709,0.0021426148631171,0.0112448189222152,0.8152452583108669,0.3405374977308384,30,Catechin,food_metabolome,source0,validation
16,0.1434440963699855,0.0096560985488575,0.0004371911614442,0.0105164008625109,0.1460416347339595,0.0152988704139364,755,Choline,food_metabolome,source0,validation
18,0.2412363110844515,0.1095509209159395,0.0291515480820448,0.1631501418455289,0.2412363110844515,,52,Citric acid,food_metabolome,source0,validation
21,0.6453235958834109,0.0053108915431633,7.341700305813714e-05,0.0053567335881125,0.4812736898859474,0.87499346427986,12,Cyanidin,food_metabolome,source0,validation
22,0.6302710892297326,0.0048876900264104,5.848331657404967e-05,0.0049512464334196,0.6712696698360833,0.5209415409461308,11,Daidzein,food_metabolome,source0,validation
24,0.6187919951802896,0.0038711891513818,0.0001073198610566,0.0039255603397302,1.4143817032692334,0.0,16,Delphinidin,food_metabolome,source0,validation
25,2.5467703772552963,0.1216987702742351,0.0609960461634902,0.1586839577207928,2.5467703772552963,,5,Ellagic acid,food_metabolome,source0,validation
26,0.4257652228669526,0.0009517235269575,8.365653197056347e-06,0.0009559500130589,1.2561615169450029,0.0936067052357325,28,Epigallocatechin,food_metabolome,source0,validation
28,0.4980517545453051,0.0083956249730921,0.0003788380035523,0.0087451611398283,0.5379278776463866,0.0195382773323268,26,Ferulic acid,food_metabolome,source0,validation
33,1.779350769983127,0.221303581291395,0.3598350124971426,0.6317213463088379,2.2443986698966465,0.0354211453074285,19,Gallic acid,food_metabolome,source0,validation
35,1.3254365732083528,0.0117104399916507,0.0016713666931904,0.0126325305515686,1.2098194069901669,4.331482894881195,27,Genistein,food_metabolome,source0,validation
43,0.3758979216696025,0.0011938233035868,6.899813630654556e-06,0.0011982534446029,0.8445810886430891,0.1202525578658826,17,Glycitein,food_metabolome,source0,validation
47,0.506212360517296,0.0013923721646954,1.826664389027146e-05,0.0014034864786319,0.520228467009777,0.0436808462654233,34,Histamine,food_metabolome,source0,validation
50,0.8072994154314675,0.0051015430065028,0.000245665278432,0.0052269927862429,1.802135104043919,0.2103980022639965,16,Isorhamnetin,food_metabolome,source0,validation
51,0.5962072026370119,0.0020809807299783,2.426786013852173e-05,0.002095826789153,0.8536082366632375,0.2893059697595891,57,Kaempferol,food_metabolome,source0,validation
52,0.1538317184681966,0.1259050877403845,0.0273098076307798,0.2236779169479142,0.1538317184681966,,23,Lactic acid,food_metabolome,source0,validation
53,0.9007759948262872,0.0001821520822945,1.1254222555565965e-07,0.0001822088673853,0.9007759948262872,,4,Lariciresinol,food_metabolome,source0,validation
54,0.4826886422984963,0.000956124311716,3.258084085796855e-06,0.0009584939533381,0.4826886422984963,,14,Lutein,food_metabolome,source0,validation
55,0.5179595305882808,0.0053244067190916,0.0004201195280131,0.0055608797480245,1.1329475134989364,0.0921986193424424,44,Luteolin,food_metabolome,source0,validation
56,0.2616799132406673,0.1085620423544512,0.0355987181400099,0.1652677021768628,0.2616799132406673,,49,Malic acid,food_metabolome,source0,validation
58,1.5248925965217126,0.0001362040493142,8.92394241571266e-08,0.0001362486940816,1.9061157456521407,0.0,5,Matairesinol,food_metabolome,source0,validation
61,0.4964238307716019,0.001093963956045,5.200461295661783e-06,0.0010990226856424,0.6180225738123338,0.3400825897192324,48,Myricetin,food_metabolome,source0,validation
62,0.3980709966322004,0.0053805781482418,0.0001425274135728,0.0056517650829424,0.9128920542402066,0.0977587130275302,19,Naringenin,food_metabolome,source0,validation
65,0.7976853378089903,0.0894010331594893,0.0134322826752795,0.1065398090791251,0.7976853378089903,,4,Oxalic acid,food_metabolome,source0,validation
66,0.4951564206448874,0.0007895281532605,6.546027231135069e-06,0.0007946101318161,1.3625084515394934,0.148215608287045,14,Pelargonidin,food_metabolome,source0,validation
67,0.2844747033470791,0.0010483295234976,6.1860122696821225e-06,0.0010531163598539,0.9204023707140626,0.0018401845173086,13,Peonidin,food_metabolome,source0,validation
72,0.4945037858771884,9.839692910586352e-05,2.8836759883324396e-08,9.84254877591274e-05,0.4945037858771884,,4,Pinoresinol,food_metabolome,source0,validation
77,0.2819019400225541,0.0018778234634204,1.7412795609796173e-05,0.0019315370352527,0.2819019400225541,,17,Putrescine,food_metabolome,source0,validation
79,0.5627798220161219,0.0041026041408584,6.715823058401017e-05,0.0041640398742002,0.645563385286524,0.2998202680983741,71,Quercetin,food_metabolome,source0,validation
82,0.281904312037526,0.246357029662159,0.0968746096805423,0.5185511304934819,0.422856468056289,0.0,6,Rosmarinic acid,food_metabolome,source0,validation
83,1.0994917865974216,0.0001139444612681,2.338268916739133e-08,0.0001139582681376,1.0994917865974216,,5,Secoisolariciresinol,food_metabolome,source0,validation
88,0.1521221471394928,0.0005619399294963,1.257421711440337e-06,0.0005626924502027,0.1553757217164379,0.1195864013700421,11,Spermine,food_metabolome,source0,validation
90,0.5382492426106928,0.0033448512511256,6.493414392823508e-05,0.0034454301324927,0.6657891945154917,0.1131160695946966,13,Syringic acid,food_metabolome,source0,validation
91,0.3205039740750018,0.1900788057875734,0.1097999184488135,0.59583610496521,0.3205039740750018,,5,Tartaric acid,food_metabolome,source0,validation
92,0.2051413995949632,0.0009240331349176,5.666307754568987e-06,0.0009342941498686,0.2051413995949632,,9,Taurine,food_metabolome,source0,validation
93,0.0224242646504705,0.0033729331110633,0.0005691082505894,0.0042710516522059,0.3068875500087897,0.0047138782893189,1928,Theobromine,food_metabolome,source0,validation
96,0.1566982202729006,0.0014749909591289,1.643991083177911e-05,0.0014987579878868,0.174120677415736,0.0521634774158882,21,Tyramine,food_metabolome,source0,validation
98,0.2408681159222243,0.0003832843492037,3.1434643612300453e-07,0.0003842643848269,0.2192055304977081,0.3383497503325474,11,Vanillic acid,food_metabolome,source0,validation
103,0.690444869689971,0.0073091075877314,0.0003194635292312,0.0074868298021761,0.7999123116827539,0.0336402177332738,28,p-Coumaric acid,food_metabolome,source0,validation
104,0.0495414570219002,0.0383423958398139,0.0049267351929865,0.0752211004534181,0.0501574624857315,0.0068410782790519,1547,Alanine,nutrition,source0,validation
105,0.144617069999771,0.013852942646998,0.0010506100597517,0.0152765463928381,0.2292010805920628,0.0420550910475216,1128,Arachidonic acid (20:4n-6),nutrition,source0,validation
106,0.0676291030217499,0.0557493824016201,0.0099499255479515,0.1209100810397648,0.0676980042793095,0.0664656185237554,1727,Arginine,nutrition,source0,validation
107,0.3210420252675129,0.0075151061225454,0.0002211526444441,0.0077678076474291,0.4287847092462893,0.1395806627769421,102,Ascorbic acid (vitamin C),nutrition,source0,validation
108,0.1042652071245893,0.1086632714709978,0.0436824809793143,0.4463920652449644,0.1054178127610875,0.027363068654726,3606,Ash,nutrition,source0,validation
109,0.0527240831752542,0.0548848687450891,0.0094466004800027,0.1300126198600341,0.0527334764828905,0.0520200547679167,1519,Aspartic acid,nutrition,source0,validation
110,0.0805305288892065,0.1934600790044858,0.1128787359331365,2.6566339054783743,0.0870665259044913,0.0098600611614397,756,Available carbohydrate,nutrition,source0,validation
111,0.1247370559202846,0.0230418871309039,0.0030678924599571,0.0275282503920226,0.1751189280467814,0.0023810807559353,48,Beta-sitosterol,nutrition,source0,validation
112,0.1865243364372343,0.0068478128437012,0.0020353326112637,0.0082712449741048,0.1802058864469259,0.347311490970489,498,Betaine,nutrition,source0,validation
113,0.3609675113070833,8.729298955756591e-05,1.8466587983415712e-06,8.834385296254968e-05,0.3498747527437269,0.4562201208320995,1768,Biotin,nutrition,source0,validation
114,0.099566814952462,0.0136109159033567,0.0021916617867882,0.0181071374819342,0.247848521963662,0.0203592891898206,2269,Butyric acid (4:0),nutrition,source0,validation
115,0.3060616298472311,0.0316474360295868,0.0078987152615672,0.0430126809748923,0.3071539427122646,0.2603301248835702,6878,Calcium,nutrition,source0,validation
116,0.2541478996802861,0.0071494776448805,0.000252339075818,0.0075901854761139,0.2873101530522049,0.1380800128785707,36,Campesterol,nutrition,source0,validation
117,0.2209931832163325,3.7379347542164605e-05,8.411735918501333e-08,3.743008856288961e-05,0.949512737587796,0.010659897746414,2524,"Carotene, alpha",nutrition,source0,validation
118,0.4009757271328933,0.0003211891114085,3.192686761919728e-06,0.0003234864569522,0.6130325814084484,0.0809512560423337,3736,"Carotene, beta",nutrition,source0,validation
119,0.5880507949603294,0.5422809863247946,1.0229602441585912,4.597499451756478,0.5478977676209176,0.8490454726665064,15,Cellulose,nutrition,source0,validation
120,0.1786327402053685,0.0782820133295653,0.0177649995609469,0.2152019135823232,0.1786327402053685,,343,Chloride,nutrition,source0,validation
121,0.2571441473107771,7.04799096225806e-07,1.839033953786789e-11,7.048110071320331e-07,0.3896810295007922,0.0846706549244332,695,Cholecalciferol (vitamin D3),nutrition,source0,validation
122,0.1129801401589892,0.0281426506430443,0.0559779494293942,0.1623426181584918,0.185301895663117,0.0081406181801182,3992,Cholesterol,nutrition,source0,validation
123,0.1242084723386512,0.0075067643397408,0.0003007581106258,0.0082057261013388,0.1263704775502306,0.0518009523435729,1897,"Choline, total",nutrition,source0,validation
124,0.3573607370777378,6.061497919283247e-05,1.088027762008615e-07,6.070388578621732e-05,0.4485060462145018,0.1153176043975925,278,Chromium,nutrition,source0,validation
125,0.1690717859684605,7.578051593137188e-07,1.9262515815343497e-11,7.578241355741197e-07,0.2674013656703229,0.0137339240771151,4402,Cobalamin (vitamin B12),nutrition,source0,validation
126,0.099301350485523,0.0111737152358907,0.0005938090892638,0.0155785327933099,0.1077060288235341,0.0390678223964436,98,Conjugated linoleic acids (18:2 CLA isomers),nutrition,source0,validation
127,0.2448427882104044,0.0001243982656542,1.5730488427720146e-06,0.000125248033345,0.2482493973778064,0.1406290151050284,5038,Copper,nutrition,source0,validation
128,0.2558763001104037,1.9521167065488503e-05,4.899522351339346e-08,1.9545704661494008e-05,1.06725379894747,0.0039727311136306,2450,"Cryptoxanthin, beta",nutrition,source0,validation
129,0.0734974287332184,0.0222314832391475,0.001465503771095,0.0278565948962862,0.0744810808975782,0.0187043600222126,1531,Cystine,nutrition,source0,validation
130,0.200477418620098,0.0238492813012627,0.0100638514245306,0.0383027971931421,0.3440560029007214,0.0542842200693192,2996,Decanoic acid (10:0),nutrition,source0,validation
131,0.1634658358771322,0.2173312121649555,0.1196720370987415,1.0389517356219875,0.1965739781608086,0.0358983945207528,2543,"Dietary fibre, total",nutrition,source0,validation
132,0.1141378935679389,0.0140809309015761,0.0055367330766814,0.0302143946964804,0.3565129170592283,0.0164875268256969,2886,Docosahexaenoic acid (DHA; 22:6n-3),nutrition,source0,validation
133,0.2823119397360547,0.0174978315984033,0.00835560018521,0.026777355759612,0.4055660744121638,0.1208456213417559,1047,Docosanoic acid (22:0),nutrition,source0,validation
134,0.1285720285259126,0.0058131222156835,0.001358540278289,0.0078994098705517,0.3307230527150733,0.031981089274338,2934,Docosapentaenoic acid (DPA; 22:5n-3),nutrition,source0,validation
135,0.1578072990819417,0.0019078755519599,2.706595938630227e-05,0.0019282877023381,0.2799233701964194,0.0255148887079242,75,Docosatetraenoic acid (22:4; isomer unspecified),nutrition,source0,validation
136,0.1362923913366788,0.0119903709786436,0.0087068309795293,0.0412842721809004,0.7144902543746658,0.0352930851329279,733,Docosenoic acid (22:1; cis/trans unspecified),nutrition,source0,validation
137,0.3098025931834069,0.055555133873757,0.0597727475857308,0.1816031506047364,0.4420800564874044,0.0892337006228345,3352,Dodecanoic acid (12:0),nutrition,source0,validation
138,0.2275350772209273,0.0140953580175976,0.0022860004842573,0.0168487782577252,0.2327940458043356,0.2031417822662479,998,Eicosanoic acid (20:0),nutrition,source0,validation
139,0.1479083567686373,0.0118988124039685,0.0053034624332386,0.0229513285400086,0.4336726000068561,0.0280883368498505,3202,Eicosapentaenoic acid (EPA; 20:5n-3),nutrition,source0,validation
140,0.0960353948536891,0.0092134314129335,0.0012900787250205,0.0107805151011185,0.1839596868871133,0.0310823142524207,772,Eicosatetraenoic acid (20:4; isomer unspecified),nutrition,source0,validation
141,0.185928966047991,0.0043540534811928,0.000458887173659,0.004622716618659,0.4390685688351968,0.0311313672212825,224,Eicosatrienoic acid (20:3; isomer unspecified),nutrition,source0,validation
142,0.1712651240295216,0.0017140393028076,1.7603099854336992e-05,0.0017449291342695,0.2431067276029911,0.101668570567723,63,Eicosatrienoic acid (20:3n-3),nutrition,source0,validation
143,0.1377117142771974,0.0036002132028612,8.366456140597401e-05,0.0037254338311389,0.1855375311953784,0.0605382369774053,230,Eicosatrienoic acid (20:3n-6),nutrition,source0,validation
144,0.2351578416006042,0.0230755957280345,0.0051914043590691,0.0349494103144048,0.2746391326215028,0.1606514856645384,2654,Eicosenoic acid (20:1; isomer unspecified),nutrition,source0,validation
147,0.0164994304521218,0.0477594458101961,0.1221473765836819,0.2631118252254575,0.8130172986206449,0.0001805277872057,3138,Ethanol,nutrition,source0,validation
148,0.0830405585940216,0.1484989084179747,0.1034797122601193,1.5434346010018207,0.0846249801979051,0.0417249966982572,4833,"Fat, total",nutrition,source0,validation
149,0.1027907836747348,0.1289827860587385,0.0557667379988475,0.9527345165445196,0.1067517526877382,0.0350810996142583,3886,"Fatty acids, total monounsaturated",nutrition,source0,validation
150,0.170225884401053,0.1580375132786196,0.0799588153599312,0.7736741512666477,0.1746998067032533,0.0759206735338856,3896,"Fatty acids, total polyunsaturated",nutrition,source0,validation
151,0.1078051662535444,0.1264705537084746,0.0492128924123562,0.8641443519197225,0.1120188259821614,0.0264986316390332,4023,"Fatty acids, total saturated",nutrition,source0,validation
152,0.1850274025407321,0.0619265428895331,0.028799291369573,0.1422076495689048,0.2554585959640664,0.0634926455172111,1172,"Fatty acids, total trans",nutrition,source0,validation
153,0.1731919634262045,0.0467272972430852,0.020713036105767,0.1485599751663497,0.1834532901626888,0.1121712737665779,521,"Fatty acids, total trans-monoenoic",nutrition,source0,validation
154,0.2121905372954039,0.0231353212528698,0.0072543292229288,0.0366910425200543,0.2435874620148433,0.1069360849026165,457,"Fatty acids, total trans-polyenoic",nutrition,source0,validation
155,0.2578548697066097,1.4650310145433175e-05,2.058477546113667e-09,1.4652504647847409e-05,0.2708161874831092,0.1163647233321886,3170,"Folate, food",nutrition,source0,validation
156,0.2637956375277308,2.131456875507666e-05,5.410189272508543e-09,2.132011687337344e-05,0.2770706493222531,0.0960646990292219,3886,"Folate, total",nutrition,source0,validation
157,0.1496255554339763,1.5889360884825197e-05,4.6740075474755905e-09,1.589489412252641e-05,0.2813052733629006,0.0326037675517916,3100,Folic acid,nutrition,source0,validation
158,0.2566479293076107,0.1979422115848868,0.1379930419748384,0.6327382391622951,0.3403840341465239,0.053277344688965,1959,Fructose,nutrition,source0,validation
159,0.1502503680626152,0.0173941801808583,0.0089384013907906,0.0281553129605468,0.70423490299348,0.0159377935161658,1460,Galactose,nutrition,source0,validation
160,0.2902366642859374,0.2291048846908715,0.1661294545718495,0.707892815051566,0.3564549283862916,0.0733066877872099,2003,Glucose,nutrition,source0,validation
161,0.0512975056552036,0.0770086559639064,0.0191542399053529,0.2661405319467075,0.0518856089089682,0.0010800222643067,1555,Glutamic acid,nutrition,source0,validation
162,0.082526030607245,0.0588747880688671,0.0122203600285161,0.1233706638087686,0.0830054411133738,0.0677734555728867,1713,Glycine,nutrition,source0,validation
165,0.136100112114244,0.0114402478430519,0.0006930940400081,0.0131087183650566,0.1578078062860984,0.0694834387580539,1138,Heptadecanoic acid (17:0),nutrition,source0,validation
166,0.1640913704795372,0.007675907835158,0.0003255734482006,0.0083869706079963,0.2020900288508658,0.1056847673054274,880,Heptadecenoic acid (17:1; isomer unspecified),nutrition,source0,validation
167,0.1090766650646208,0.1070513004805548,0.0382099292606925,0.4363278563963675,0.1115826655632662,0.0404205357009075,3436,Hexadecanoic acid (16:0),nutrition,source0,validation
168,0.2123359182903761,0.04914206877663,0.011079570539418,0.0783608914989812,0.2322902977041037,0.1154906635357512,878,Hexadecenoic acid (16:1; cis/trans unspecified),nutrition,source0,validation
169,0.0844899183293559,0.0094251807611534,0.0013401308574093,0.0115602937198291,0.255029255961525,0.0110412884083363,2651,Hexanoic acid (6:0),nutrition,source0,validation
170,0.0581309223082177,0.03122130360429,0.0030705446264451,0.051088173342246,0.0590207546581364,0.0096869123939422,1562,Histidine,nutrition,source0,validation
171,0.078908981555049,0.0204883851290049,0.0014951036533351,0.0243408591187521,0.0989341326512874,0.0095681598486713,299,Hydroxyproline,nutrition,source0,validation
172,0.1919911260190841,0.2443882540683136,0.1177901401576853,1.5773648605100692,0.2020959221253516,0.0,20,Insoluble dietary fibers,nutrition,source0,validation
173,0.2324346502908266,0.0012444687332254,2.497162471818485e-05,0.0012639371654832,0.2363117546158213,0.1038798433014748,5716,Iron,nutrition,source0,validation
174,0.0471930986609052,0.033576104073891,0.0036012050467101,0.0607025374033239,0.0478481381025912,0.0113892746232345,1564,Isoleucine,nutrition,source0,validation
175,0.3759394830991436,0.1645286841681284,0.0593217030846889,0.3592439666397869,0.3759394830991436,,15,Isomeric linoleic acids (18:2),nutrition,source0,validation
176,0.9276307258044794,0.1414715823080102,0.0567658623772553,0.2130660169928532,0.7653356810774763,1.1594807897001982,17,Isomeric linolenic acids (18:3),nutrition,source0,validation
177,0.0901065731428096,0.0833797665016214,0.0459845166959001,0.2790159993814651,0.2511265514464039,0.014583336564509,1909,Lactose,nutrition,source0,validation
178,0.0408306631600445,0.0400755327815234,0.0049814303195865,0.0906274969721745,0.0412928952423266,0.0051925696160987,1562,Leucine,nutrition,source0,validation
179,0.6704212092848933,0.481022493961458,0.9116017177864456,3.468623065100435,0.7902895174312149,0.2808492078093486,17,Lignin,nutrition,source0,validation
180,0.1807374066430234,0.140518917836352,0.0634768169821829,0.7346083450052993,0.1851774494803663,0.0703340337837086,1345,Linoleic acid (18:2n-6),nutrition,source0,validation
181,0.3124744337600043,0.0002244850192587,1.2893629051095458e-06,0.0002257204489524,0.4050334059740043,0.0846610892344616,1277,Lutein + zeaxanthin,nutrition,source0,validation
182,0.0677326632293652,0.0001814437858012,1.3840611076964682e-06,0.0001825166036433,0.5962601598111129,0.0052343247259809,2090,Lycopene,nutrition,source0,validation
183,0.0551211643327014,0.0469324016216522,0.0062916783457225,0.1057665517672814,0.0558221092465051,0.0057682701744321,1571,Lysine,nutrition,source0,validation
184,0.1662425088387432,0.0114201506928332,0.0011085537765842,0.0129702651066512,0.1685614931177885,0.033398669682142,6213,Magnesium,nutrition,source0,validation
185,0.2450411164395723,0.1058271849878303,0.0713853780225538,0.2119483952766815,0.4882600762270672,0.0501920921391243,1924,Maltose,nutrition,source0,validation
186,0.2895095190561987,0.0003939532472116,7.658793953141636e-06,0.0003983809290827,0.2912500074626866,0.2509248953555088,3266,Manganese,nutrition,source0,validation
188,0.1635705112306722,1.4187063478516494e-06,5.130451511391052e-12,1.4187126816283257e-06,0.1809382878585778,0.0072605215795218,10,Menaquinone-4,nutrition,source0,validation
189,0.0609080090412427,0.0267954112089229,0.0021732574147631,0.0391286984810058,0.0619272143176699,0.0135243785578782,1570,Methionine,nutrition,source0,validation
190,0.2913998852949679,1.9648595889620324e-05,7.692729106858721e-09,1.965379482423497e-05,0.3228156052486884,0.1362847680234731,190,Molybdenum,nutrition,source0,validation
191,0.1966050234915762,0.0009872272903347,6.802387515228762e-06,0.0009945457031154,0.2026862166699264,0.0514179402006065,5427,Niacin,nutrition,source0,validation
192,0.164397107712395,0.00119849540482,1.1414933617304364e-05,0.0012131924975336,0.1721117672750783,0.0290844280812027,1168,Nicotinic acid,nutrition,source0,validation
193,0.2788011980085161,0.206762823789139,0.1504356243245928,1.075426768993158,0.2806708494509202,0.2255462875684251,914,Octadecadienoic acid (18:2; isomer unspecified),nutrition,source0,validation
194,0.1354342389071227,0.0913021617554065,0.0289660459608697,0.2624843818781326,0.141506385501011,0.0346918459427792,3429,Octadecanoic acid (18:0),nutrition,source0,validation
195,0.062397608405894,0.0038721960513716,0.0009209006560151,0.0065866250909169,0.556481862055947,0.013291375244956,719,Octadecatetraenoic acid (18:4; isomer unspecified),nutrition,source0,validation
196,0.3480258154123878,0.0668094554531568,0.0254394394419425,0.1151898773982491,0.3470427983573185,0.3589851271749844,899,Octadecatrienoic acid (18:3; isomer unspecified),nutrition,source0,validation
197,0.1963648516996516,0.2325681297331758,0.1504703853179311,1.527927911528614,0.2010449482188965,0.0790950046317158,912,Octadecenoic acid (18:1; cis/trans unspecified),nutrition,source0,validation
198,0.1587360188871635,0.0203955815119008,0.010367902596599,0.0331605324952959,0.3727116577984568,0.0281961781983172,2755,Octanoic acid (8:0),nutrition,source0,validation
199,0.2032049267271767,0.0003014900582393,6.337212394904235e-06,0.0003050198361927,0.2087477980475923,0.1214973079240936,2974,Pantothenic acid (vitamin B5),nutrition,source0,validation
200,0.1700632713933346,0.0085941137614143,0.0009042955652971,0.0097603336873168,0.2107316169628173,0.0916769404983445,1081,Pentadecanoic acid (15:0),nutrition,source0,validation
201,0.1119991906476388,0.0028749893844374,0.0006651162204675,0.0032606498133612,1.5162002261607983,0.0001330439477498,777,Pentadecenoic acid (15:1; isomer unspecified),nutrition,source0,validation
202,0.0417318170633818,0.0301032873894809,0.003085197296918,0.0529009759688245,0.0422942634146525,0.0100417009042173,1573,Phenylalanine,nutrition,source0,validation
203,0.1262181994208987,0.0328574823005646,0.0044319279230344,0.0420100389991282,0.1292078668216782,0.0117008830219487,5470,Phosphorus,nutrition,source0,validation
204,0.1695570599053062,0.0160387194020583,0.0013619663498039,0.0178783568195758,0.208924747293435,0.1223158350395515,66,Phytosterols,nutrition,source0,validation
205,0.1577132191707046,0.0636156723195028,0.0150402281246642,0.1001173618319934,0.1598055201296079,0.0451819363067246,5513,Potassium,nutrition,source0,validation
206,0.0619425093874168,0.0528654220231536,0.0083095081022998,0.1045103444513664,0.0628197842830953,0.0063086597531408,1546,Proline,nutrition,source0,validation
207,0.0799659482088401,0.1619456747077274,0.0699718268477186,1.5672271608476398,0.0824573267463075,0.0173282250748816,4633,"Protein, total",nutrition,source0,validation
208,0.237023853232158,7.41510920489674e-05,4.2528767974966796e-07,7.450819445171372e-05,0.415631347999623,0.0495114396214399,5057,Retinol,nutrition,source0,validation
209,0.1961790747530276,8.105456098762666e-05,5.4737823580159504e-08,8.111237690749082e-05,0.2026839700780557,0.0585346706941981,4691,Riboflavin (vitamin B2),nutrition,source0,validation
210,0.2031708803949547,5.802667194496766e-06,1.4268200235564927e-09,5.803477032703604e-06,0.2119565254453081,0.0904381935996678,4249,"Selenium, Se",nutrition,source0,validation
211,0.0409048534244714,0.0303265423063047,0.0029605155641147,0.0539246087489206,0.0413968604917028,0.0069116378703054,1542,Serine,nutrition,source0,validation
212,0.2635947559381669,0.0781458064447135,0.037598066488971,0.1655591615868321,0.2666484447210991,0.1346154490995708,4705,Sodium,nutrition,source0,validation
213,0.1565478648007402,0.1565478632347404,0.0720737649482564,0.2986831260813388,0.2556740625814894,0.0243796010930746,14,Sorbitol,nutrition,source0,validation
214,0.112481203059675,0.312988152515777,0.3986579082203919,3.405171622914816,0.158762662814924,0.0249190662064859,1292,Starch,nutrition,source0,validation
215,0.0443371413994269,0.0149027631641907,0.0062840142747136,0.0187454658370876,0.8858225438217916,4.843600877621886e-05,140,Stearidonic acid,nutrition,source0,validation
216,0.1498674409018847,0.0025247572485021,2.6573899855153337e-05,0.0025821075092123,0.2136312328818434,0.04359445426862,48,Stigmasterol,nutrition,source0,validation
217,0.3184377001802713,0.3529162647518069,0.4143831808699939,2.2226982849660053,0.3858067080306327,0.1452880286008428,1021,Sucrose,nutrition,source0,validation
218,0.2213900223822165,0.3428615381868419,0.3057961287903299,3.2401240023401625,0.2343912416741491,0.1203939039046007,3185,"Sugars, total",nutrition,source0,validation
219,0.4507644611877982,0.1101141605473922,0.0186106307216884,0.1304299864076823,0.4507644611877982,,20,Sulfur,nutrition,source0,validation
220,0.2035567768169652,0.006331404998268,0.0005574403257951,0.0069740929348875,0.2755117041200773,0.1130588430379811,806,Tetracosanoic acid (24:0),nutrition,source0,validation
221,0.202650337477483,0.0628813975701555,0.0344111209019954,0.1616901514228184,0.2300481279915776,0.0514336919649321,3308,Tetradecanoic acid (14:0),nutrition,source0,validation
222,0.1613005550193162,0.0120430148741782,0.0016574744949057,0.0148779869871945,0.234750174288868,0.0620988077930759,1002,Tetradecenoic acid (14:1; isomer unspecified),nutrition,source0,validation
223,0.2347628828940319,7.870083759176183e-05,8.643109162526254e-08,7.876765949014733e-05,0.2427306725842578,0.0999028900513918,5049,Thiamin (vitamin B1),nutrition,source0,validation
224,0.0479475231708445,0.0321949729831256,0.0030571283547329,0.0566462403552934,0.0485484281570139,0.0059388018649989,1560,Threonine,nutrition,source0,validation
225,0.2808257335500659,4.837671000154241e-05,6.766378811245424e-08,4.841560268763929e-05,0.367502352308629,0.1224175343359029,1452,"Tocopherol, beta",nutrition,source0,validation
226,0.3034547800646541,0.0001775880690568,1.3438403521826404e-06,0.0001784466752128,0.4422159148296691,0.1188365236188671,1454,"Tocopherol, delta",nutrition,source0,validation
227,0.4171979878741861,0.000903033607516,1.2754270621164814e-05,0.0009151164958134,0.4529960509835984,0.2669602528240805,1548,"Tocopherol, gamma",nutrition,source0,validation
228,0.4107123096156082,8.33507401995391e-05,2.479643301963951e-07,8.34811127901682e-05,0.5313792456464218,0.174218945016535,1033,"Tocotrienol, alpha",nutrition,source0,validation
229,0.1275439991124761,5.4137048105571874e-05,3.3498217358386733e-08,5.415947438900252e-05,0.4389659107153777,0.0565462576071514,237,"Tocotrienol, beta",nutrition,source0,validation
230,0.0400028805418349,6.0239016774533685e-06,1.3047384028100935e-09,6.0245540087086124e-06,0.5943458428575714,0.007541355721544,235,"Tocotrienol, delta",nutrition,source0,validation
231,0.3438456255716807,8.031697522331547e-05,1.2734911229749686e-07,8.039767201564991e-05,0.7268343753179083,0.0939522569429365,233,"Tocotrienol, gamma",nutrition,source0,validation
232,0.0555567452063417,0.000598893967492,1.3364975688570774e-05,0.0006056331933088,1.210303854478499,4.005726056490334e-05,109,Tridecanoic acid (13:0),nutrition,source0,validation
233,0.0962177789881238,0.0223785364504422,0.0016368232115881,0.0269321047260487,0.0977803416932651,0.0639096916567526,2819,Tryptophan,nutrition,source0,validation
234,0.0529954507270308,0.0316819105451709,0.002770175672989,0.0510698569428023,0.0538029431711695,0.0092114109888318,1553,Tyrosine,nutrition,source0,validation
235,0.0465205788976453,0.0360113100435422,0.0041709408481269,0.0681318989955784,0.0471327759314613,0.0054501431072963,1566,Valine,nutrition,source0,validation
236,0.2013857729573305,7.909353813225934e-05,6.47580023423008e-08,7.915473432526629e-05,0.209252555971187,0.0706005053519662,282,Vitamin B6 - Pyridoxin,nutrition,source0,validation
237,0.2213925264797835,6.178785628129995e-07,3.2915096279846905e-11,6.178991949510966e-07,0.4068593264745214,0.0749345538457263,4761,Vitamin D (D2 + D3),nutrition,source0,validation
238,0.1451930800237574,9.941321869387188e-08,8.257953321655605e-13,9.941363592308369e-08,0.7848526065038255,0.0052411735494993,1168,Vitamin D2 (ergocalciferol),nutrition,source0,validation
239,0.0657790727260396,0.2519843592816949,0.2553624927343592,7.2498455211750255,0.0657739176363424,0.0653849309782177,5247,Water,nutrition,source0,validation
241,0.1875692588173496,0.0005879073381136,5.217731087256719e-06,0.0005919537777306,0.1904993363199558,0.0770089806119128,5536,Zinc,nutrition,source0,validation
242,0.1928857491776735,0.0099986488392275,0.001218583359944,0.0109946661641226,0.3233410949942819,0.053805256530215,250,"cis,cis-Eicosadienoic acid (20:2n-6)",nutrition,source0,validation
243,0.4644563473577953,0.0057852561543875,0.0003296496598101,0.0059714684001095,0.5830478446271907,0.3314901231466551,70,cis-Docosenoic acid (22:1 cis),nutrition,source0,validation
244,0.1127637118447484,0.0238818836255345,0.0012754652205852,0.0282987824719313,0.1131360956656676,0.105036747560674,87,cis-Hexadecenoic acid (16:1 cis),nutrition,source0,validation
245,0.1571129753304084,0.226499397126192,0.1181213223120892,1.7819129954658302,0.1571129753304084,,153,cis-Octadecenoic acid (18:1 cis),nutrition,source0,validation
246,0.2212756641793491,0.0031649802901652,0.000118786759802,0.0032702540347228,0.4018342540099035,0.1107845868203532,108,cis-Tetracosenoic acid (24:1 cis),nutrition,source0,validation
247,0.1758258193619986,0.0129051530981091,0.0005453779016062,0.0138080501978596,0.1433659615291984,0.4841944687736012,21,"trans,trans-Linoleic acid (18:2 trans,trans)",nutrition,source0,validation
248,0.0761379629340441,0.0001178008307544,1.5659563262374116e-07,0.0001178791838541,0.7740753387067496,0.0002752046978804,51,trans-Docosenoic acid (22:1 trans),nutrition,source0,validation
249,0.0988852839520249,0.0024867485578508,1.4864322776376231e-05,0.0025458234964248,0.1433598471040144,0.0035826486263332,66,trans-Hexadecenoic acid (16:1 trans),nutrition,source0,validation
250,0.2492445374041176,0.0290937834058112,0.0050998920769486,0.0355133541059121,0.2685885339122478,0.0267885775606197,75,trans-Linoleic acid (18:2; isomer unspecified),nutrition,source0,validation
251,0.2712077571595144,0.1443741301890012,0.1826311092867533,0.6572146823160341,0.2589425242770547,0.3410662574900454,154,trans-Octadecenoic acid (18:1 trans),nutrition,source0,validation
