axis_index,scaled_log_mae,log_mae,log_mse,raw_mae,positive_scaled_log_mae,zero_scaled_log_mae,candidate_support,canonical_name,loss_group,method,partition
2,0.03918996159674531,0.021566237376717475,0.0025572697413899035,0.08327005632729399,0.04108233787170255,0.007019564922472343,54,Acetic acid,food_metabolome,mae,train
7,0.24613986337669086,0.01060890924178792,0.013610534774697711,0.023794234981445707,0.7912014381252782,0.0026790266556552247,217,Apigenin,food_metabolome,mae,train
9,0.12272292956976387,0.002349995471582569,0.0001472839518081206,0.0025423306594150917,0.12316052008108624,0.1167716986157794,73,Benzoic acid,food_metabolome,mae,train
11,0.08822767418258934,0.0016800526446309689,3.2700630230002546e-05,0.0017636629408551963,0.08956445712474978,0.0,67,Cadaverine,food_metabolome,mae,train
12,0.28445547166225543,0.013926502745429791,0.00523477936393378,0.021640105529955635,0.32563037456536226,0.05237874620838063,146,Caffeic acid,food_metabolome,mae,train
13,0.08081813694876269,0.003785585086723746,0.0030816194403529055,0.006390017284954029,0.9609464353896895,4.4319195035798965e-06,10892,Caffeine,food_metabolome,mae,train
15,0.08161427126731201,0.005741216567142129,0.002124062974608633,0.00833759746632233,0.12960049776787125,0.002027359022482052,109,Catechin,food_metabolome,mae,train
16,0.1221820518491722,0.008523436940861204,0.0005616796859110671,0.009740984198061005,0.1221992407017285,0.12136792528718746,4256,Choline,food_metabolome,mae,train
18,0.08232302935414541,0.03983876758238304,0.007152808133540292,0.08565592167237461,0.08117440713763015,0.42346382765918206,298,Citric acid,food_metabolome,mae,train
21,0.20764334629188172,0.010628142637959056,0.0019930779486333114,0.013343995313523394,0.32219954183462235,1.0241870664316228e-05,90,Cyanidin,food_metabolome,mae,train
22,0.07902508653511514,0.0012172344258097692,1.0071328976909903e-05,0.0012502664604525447,0.08261713592307492,0.0,46,Daidzein,food_metabolome,mae,train
24,0.13831047843204897,0.0022776453166267418,6.0830502247558876e-05,0.002478802440618222,0.24967355360210164,0.00022026522118365953,56,Delphinidin,food_metabolome,mae,train
25,0.07543808879742793,0.0027646811139342793,5.893041706476448e-05,0.002973684223109602,0.12055431688812293,0.0002443753129362616,32,Ellagic acid,food_metabolome,mae,train
26,0.29892725968529044,0.006050743044359106,0.002741692765019489,0.007724545372820973,0.9937589894176991,7.490281113609962e-05,133,Epigallocatechin,food_metabolome,mae,train
28,0.1168056048017613,0.001585140918935688,2.1588712163807588e-05,0.0016574798010965354,0.1321809979412817,0.03783199458513386,135,Ferulic acid,food_metabolome,mae,train
33,0.17303005838462407,0.009098506815443686,0.005429907503119184,0.014072032052761464,0.2314779970950011,0.04569704905130261,89,Gallic acid,food_metabolome,mae,train
35,0.13394780089067507,0.0019749541404488775,3.811513237732803e-05,0.002061815672792033,0.1365044274517071,0.06065783947442397,89,Genistein,food_metabolome,mae,train
43,0.054809863151865604,0.00022296420722206893,3.980334844739825e-07,0.00022426366869915306,0.09676839048413603,0.0008631851532322,64,Glycitein,food_metabolome,mae,train
47,0.15756908589188165,0.00048321620158582823,2.935680983451178e-06,0.0004863331822968965,0.16147363990867594,0.03913094738245451,188,Histamine,food_metabolome,mae,train
50,0.16194479888330413,0.0036981751492813036,0.000488293175892496,0.004194246374016116,0.373443232080863,0.001362655159231679,95,Isorhamnetin,food_metabolome,mae,train
51,0.1314929297321625,0.001299716430656268,4.8229448746024133e-05,0.0014253454869758556,0.235870848365036,0.00492442997261518,281,Kaempferol,food_metabolome,mae,train
52,0.04013988229030323,0.0334501066430766,0.002856978407972489,0.06557502277251837,0.04183593365468224,0.0,74,Lactic acid,food_metabolome,mae,train
53,0.06357599797422883,0.00016302857978262971,5.901242641464568e-07,0.0001650739455092492,0.07030803252899782,0.00747571001782056,28,Lariciresinol,food_metabolome,mae,train
54,0.07413368838039726,0.0034784042756719614,0.0006542554262322438,0.004167115738360611,0.07413368838039726,,70,Lutein,food_metabolome,mae,train
55,0.18756917246885327,0.00493142170353821,0.0016508244809168495,0.006245756482711047,0.3981998731571305,0.0011092079251324573,230,Luteolin,food_metabolome,mae,train
56,0.081198408802371,0.03396948815735498,0.0050848152951213895,0.05575194659563335,0.081198408802371,,296,Malic acid,food_metabolome,mae,train
58,0.10789051245345259,0.0011719804176731487,1.5749673085754295e-05,0.0012012545307047591,0.18474613972399725,0.0035864468719991128,33,Matairesinol,food_metabolome,mae,train
61,0.16937433260435386,0.0006510591503916407,1.998666151460611e-05,0.0006624910871219488,0.3709848242456277,0.0002816621955435368,228,Myricetin,food_metabolome,mae,train
62,0.10970199247712124,0.019745378391281126,0.026048700994194297,0.04771140277211789,0.5042480991301252,0.0010588616596273817,88,Naringenin,food_metabolome,mae,train
65,0.15409039981772446,0.03740617708564498,0.005077005895991951,0.0570517802945457,0.15409039981772446,,20,Oxalic acid,food_metabolome,mae,train
66,0.19786395263377285,0.001375641603061055,5.126348637081001e-05,0.0014170247055592074,0.3953125612778972,0.0004153439896485016,52,Pelargonidin,food_metabolome,mae,train
67,0.08899216344396736,0.0005587330595350432,3.1993849862641906e-06,0.0005684477601363993,0.1827504242511768,0.002446076545004802,50,Peonidin,food_metabolome,mae,train
72,0.12014261218810493,0.0008508956848926347,1.0336761964859717e-05,0.0008682583976464755,0.13969212752035154,0.0028455201946252593,28,Pinoresinol,food_metabolome,mae,train
77,0.11934448599575166,0.0025518921015985343,5.421194849507227e-05,0.00272843571333577,0.11934448599575166,,84,Putrescine,food_metabolome,mae,train
79,0.16657185978105138,0.014387308936017237,0.02614478002506364,0.05534929625120902,0.21948136693992468,0.020614598653124983,327,Quercetin,food_metabolome,mae,train
82,0.050301376630759065,0.0457416164308426,0.006594221551032798,0.15901420137829067,0.07185910947251295,0.0,30,Rosmarinic acid,food_metabolome,mae,train
83,0.39654561792630927,0.007190816486247449,0.0016348854487975351,0.00807817359339446,0.4834254411370065,0.02006638401328831,32,Secoisolariciresinol,food_metabolome,mae,train
88,0.02454811860809433,0.00012666221728249935,4.369784138519005e-08,0.00012711772289709998,0.024144138155880436,0.04474714121878888,51,Spermine,food_metabolome,mae,train
90,0.1250397912232404,0.0006076046693601989,4.4288527859330595e-06,0.00062022766415708,0.17568100301073428,0.0017394494797770914,79,Syringic acid,food_metabolome,mae,train
91,0.07995976149918234,0.05423185798741786,0.021404621379702626,0.5446482982761288,0.08265375911985315,0.01799781622375374,24,Tartaric acid,food_metabolome,mae,train
92,0.09044917883380997,0.012504891524106911,0.0011282548545597602,0.016005769820828342,0.09044917883380997,,23,Taurine,food_metabolome,mae,train
93,0.046911213415809734,0.0064334723300274056,0.0020952547012369053,0.0077822509066851715,0.809053387192106,0.00012953011887586273,10738,Theobromine,food_metabolome,mae,train
96,0.08568715402778053,0.0013344585342583827,1.7460322259136594e-05,0.0013763204262507637,0.09374910759709036,0.005800523204619465,120,Tyramine,food_metabolome,mae,train
98,0.10891592513487766,0.0006767653470079615,5.790163525498285e-06,0.0006977895445738152,0.1359569356797682,0.012770109864155797,82,Vanillic acid,food_metabolome,mae,train
103,0.13490809512329718,0.0009408417856953718,8.549664271159231e-06,0.0009614893370675818,0.16553404270085476,0.01955035924783035,143,p-Coumaric acid,food_metabolome,mae,train
104,0.046105326159165405,0.0356986834738463,0.00614114749221864,0.07552292486926371,0.046643718385603467,0.006249437925797842,8576,Alanine,nutrition,mae,train
105,0.13502725044542183,0.013796894165577044,0.0015936880694730987,0.01595531885529986,0.2197629891108966,0.03736951488486799,6814,Arachidonic acid (20:4n-6),nutrition,mae,train
106,0.06583848638281302,0.05400399659539232,0.011864720968076298,0.11499641907319333,0.06479855396455558,0.09534068761808252,9593,Arginine,nutrition,mae,train
107,0.11986514570602884,0.004488836567588304,0.00030223707682861526,0.005216648237705517,0.1869640588695068,0.012981921197833873,586,Ascorbic acid (vitamin C),nutrition,mae,train
108,0.10463367028551676,0.1089925884407404,0.044027338490077166,0.4327474318541474,0.10539086136260276,0.05254451285007628,20257,Ash,nutrition,mae,train
109,0.046909114870772685,0.04888423539464088,0.007129623032785254,0.11162218703804141,0.047336095929784494,0.013921605838693089,8432,Aspartic acid,nutrition,mae,train
110,0.07753102531494886,0.19668903815942343,0.13216800981302357,2.532754092941884,0.0837197885306824,0.015691869109694737,4210,Available carbohydrate,nutrition,mae,train
111,0.04022677497483885,0.007656669379211497,0.0004142721072277942,0.00927721183344374,0.056079471173578956,0.0013876692879255957,207,Beta-sitosterol,nutrition,mae,train
112,0.1541599943294235,0.005236922371653271,0.0008676043748257443,0.005864874675659757,0.15442756030077803,0.14672389004219547,2764,Betaine,nutrition,mae,train
113,0.2937283426429021,0.0001031627791036443,5.14653596818419e-06,0.00010594434269669059,0.2981195397635335,0.26598243799106974,9884,Biotin,nutrition,mae,train
114,0.0815808889323822,0.011213854900283248,0.0017065029836632823,0.01602363969467832,0.20339843567861218,0.01758818338778679,12666,Butyric acid (4:0),nutrition,mae,train
115,0.30480372236083014,0.03210959000570267,0.007758511633712503,0.04172419023382824,0.30558375460979603,0.2629543599768225,39116,Calcium,nutrition,mae,train
116,0.05395174421484129,0.0026557392505701916,0.00010505441845207181,0.0030223871710534167,0.0642629461032068,0.001290963142117459,171,Campesterol,nutrition,mae,train
117,0.23521933069374962,3.948507548662867e-05,9.75675116107416e-08,3.953508017358731e-05,1.0867371801671883,0.007844946068465085,13702,"Carotene, alpha",nutrition,mae,train
118,0.3616449460941462,0.00044298164558222646,0.0006404471511580625,0.0020626647512389283,0.5709468516105598,0.05687592323290048,20968,"Carotene, beta",nutrition,mae,train
119,0.07406257439024151,0.06658381313379431,0.013140923140892527,0.5040660430604349,0.07053002575459472,0.3142758816142231,69,Cellulose,nutrition,mae,train
120,0.13695729817374455,0.05700616912995633,0.010396787641439966,0.14188083379407493,0.13574958128902492,0.26148632806483607,1874,Chloride,nutrition,mae,train
121,0.16506428847927715,4.670833749636844e-07,4.057599893565441e-11,4.671234410911334e-07,0.25007230194156155,0.060196551419078766,3865,Cholecalciferol (vitamin D3),nutrition,mae,train
122,0.11584719014337957,0.03015887233447974,0.0633948029481216,0.18395291802703806,0.1880797480186665,0.007294724173992138,22719,Cholesterol,nutrition,mae,train
123,0.11951079521996891,0.007547173553604769,0.0003155058516663379,0.008334252305501057,0.12009081792583706,0.09884547235568791,10549,"Choline, total",nutrition,mae,train
124,0.2117326247871698,1.7028874958315314e-05,1.946393603866101e-08,1.7058586846013592e-05,0.2834648509349328,0.04712375920313837,1560,Chromium,nutrition,mae,train
125,0.16628699840068795,7.338333232229612e-07,3.443796893675091e-11,7.33857354329765e-07,0.2588288152281305,0.01398475229944823,25560,Cobalamin (vitamin B12),nutrition,mae,train
126,0.07789577714600916,0.011509251727953671,0.0007308284564110235,0.016300642442616812,0.08504980226819339,0.02513484186990052,469,Conjugated linoleic acids (18:2 CLA isomers),nutrition,mae,train
127,0.23352792837313738,0.00021731300590497506,0.00022219972446580868,0.0005178873454762266,0.23535422275107543,0.1817710006334567,28684,Copper,nutrition,mae,train
128,0.21856399629888892,1.0773349394162565e-05,1.5244400179631702e-08,1.0780983543912203e-05,0.9443787159915468,0.004720589994185664,13291,"Cryptoxanthin, beta",nutrition,mae,train
129,0.06614045106805222,0.019834480542641544,0.0019348327141518109,0.025535364255112544,0.06523715386388804,0.1156675195814107,8477,Cystine,nutrition,mae,train
130,0.1667108439250036,0.019236479112812985,0.006308940657948534,0.034403465557359465,0.299187597175065,0.031218329953257063,16906,Decanoic acid (10:0),nutrition,mae,train
131,0.1640805441484747,0.21862714849607284,0.12827512464055935,1.079593468735432,0.19811055175645637,0.043291380897302924,14402,"Dietary fibre, total",nutrition,mae,train
132,0.10863673971699155,0.012787932445086513,0.003383903057388732,0.02448078057538326,0.32992860588117023,0.01467591912868657,16450,Docosahexaenoic acid (DHA; 22:6n-3),nutrition,mae,train
133,0.21540744133469547,0.012138206720589576,0.003446824245655513,0.016920957030218932,0.319492461671427,0.07736298043720191,5733,Docosanoic acid (22:0),nutrition,mae,train
134,0.12191226182267437,0.005332441585580242,0.0008010330722580903,0.007206667812330369,0.31359209984365993,0.029780802734709306,16689,Docosapentaenoic acid (DPA; 22:5n-3),nutrition,mae,train
135,0.06717286791241768,0.0012267857530636858,3.7285548175077264e-05,0.0013248448469288798,0.11616481079196239,0.01162786260949436,335,Docosatetraenoic acid (22:4; isomer unspecified),nutrition,mae,train
136,0.10040396806499238,0.009206469310482811,0.008480400092385352,0.02643017004139945,0.722147423145328,0.007764925582468871,3902,Docosenoic acid (22:1; cis/trans unspecified),nutrition,mae,train
137,0.2741207170226723,0.04618654727391049,0.03827165749563738,0.1434469946405443,0.41021848960785323,0.057008728228969525,19138,Dodecanoic acid (12:0),nutrition,mae,train
138,0.191948406743804,0.011987388554945364,0.0017436867464981124,0.015143564554232764,0.19404756200993883,0.18241591710070698,5470,Eicosanoic acid (20:0),nutrition,mae,train
139,0.1349616369857331,0.010177462559400547,0.0028803143154854946,0.018612277292149995,0.4064811417499756,0.020256877692254083,18180,Eicosapentaenoic acid (EPA; 20:5n-3),nutrition,mae,train
140,0.09600409539816866,0.00906076948877381,0.0009119329214081242,0.010614145234403604,0.1637494364244351,0.0411556972488408,4211,Eicosatetraenoic acid (20:4; isomer unspecified),nutrition,mae,train
141,0.09382819368107284,0.00197495258302046,6.128905535091381e-05,0.0020400875221529132,0.24252106053028966,0.012349689608173524,1065,Eicosatrienoic acid (20:3; isomer unspecified),nutrition,mae,train
142,0.07822154696401329,0.0011472281995252604,2.6161172270273647e-05,0.0011904514607333847,0.15120378222285744,0.01627151005825025,318,Eicosatrienoic acid (20:3n-3),nutrition,mae,train
143,0.11083445815394796,0.0026783673235775576,4.573974659465406e-05,0.002743727967050383,0.14033818412128535,0.04992581146720133,1284,Eicosatrienoic acid (20:3n-6),nutrition,mae,train
144,0.22953790174403688,0.023968710408325808,0.006029030762380861,0.036973612225551,0.267172527825265,0.15211605812949588,14951,Eicosenoic acid (20:1; isomer unspecified),nutrition,mae,train
147,0.016327910701165314,0.04744613523369482,0.12122750671738582,0.260120109015281,0.6891495748699106,5.589632521100307e-05,17741,Ethanol,nutrition,mae,train
148,0.07793734037270209,0.14213297549076032,0.09234430687312442,1.4676394924807903,0.08023507485572043,0.0245498138999986,27749,"Fat, total",nutrition,mae,train
149,0.09951370858852698,0.12514936900297222,0.04970785397433114,0.9127666588912285,0.10413951311464846,0.022814176627941198,22471,"Fatty acids, total monounsaturated",nutrition,mae,train
150,0.15574382777610254,0.1446833828395988,0.0633613188188312,0.7480186860501052,0.1612322559829072,0.05156743167736457,22517,"Fatty acids, total polyunsaturated",nutrition,mae,train
151,0.0967421951727264,0.11448723492930847,0.04051526172542989,0.7073659559067824,0.10015572019996268,0.03394013287072133,23183,"Fatty acids, total saturated",nutrition,mae,train
152,0.16016062357657337,0.05495974178186584,0.02641358363387159,0.12788940600989457,0.2316154358120773,0.03979584495422785,6323,"Fatty acids, total trans",nutrition,mae,train
153,0.12817089052711866,0.03580928170043202,0.014114146990729486,0.1193757926230893,0.14609752320785804,0.042322210650000316,2792,"Fatty acids, total trans-monoenoic",nutrition,mae,train
154,0.1452412933980029,0.014510205709163507,0.002882387798525061,0.024355139218497697,0.17437157445680848,0.05359220315651154,2496,"Fatty acids, total trans-polyenoic",nutrition,mae,train
155,0.2507512399457557,1.3780311214160562e-05,2.9937590871286283e-09,1.3782975382997695e-05,0.2616186007376846,0.13269151240729138,17790,"Folate, food",nutrition,mae,train
156,0.2568754609581178,2.4785737642519227e-05,2.361229666480144e-07,2.4908001350943066e-05,0.2671162891749636,0.1185061194336727,21997,"Folate, total",nutrition,mae,train
157,0.14061384812835362,1.3404130980844512e-05,4.942077055987884e-09,1.3408807921235868e-05,0.27121329590606624,0.028724900156044793,17266,Folic acid,nutrition,mae,train
158,0.22021060070915469,0.16873644819176803,0.10721939747949293,0.5652011121179621,0.3044419494528003,0.04262787199242059,10967,Fructose,nutrition,mae,train
159,0.18225458076491347,0.02167857451354683,0.01122713616524416,0.030717584777148584,0.9913926723908564,0.005911750836535658,8120,Galactose,nutrition,mae,train
160,0.2603685288629491,0.20487059613134215,0.14428416970674196,0.6626093935527791,0.3329672208108318,0.05815798996101432,11206,Glucose,nutrition,mae,train
161,0.04802886103955419,0.07217904808075022,0.015605906423146925,0.2483762764676563,0.04840643036583566,0.018779148724930212,8601,Glutamic acid,nutrition,mae,train
162,0.07970405828160192,0.056317716177542235,0.015234590765648849,0.1195123369145702,0.07903116407731788,0.10074052420452484,9525,Glycine,nutrition,mae,train
165,0.11459449036777171,0.009593162664189931,0.00046368248052211953,0.011099052199801616,0.134297799138596,0.05716289233171359,6293,Heptadecanoic acid (17:0),nutrition,mae,train
166,0.1367685112975313,0.006689267689889133,0.0003087881066548819,0.007304996123114148,0.1739294479176633,0.07924040295322966,4818,Heptadecenoic acid (17:1; isomer unspecified),nutrition,mae,train
167,0.09870912372067599,0.09686353400088582,0.031174664303034658,0.38553114646326286,0.10101586216087016,0.04023301334540353,19586,Hexadecanoic acid (16:0),nutrition,mae,train
168,0.17587781542256672,0.0412805976003451,0.010830564445306048,0.07380398805238582,0.20262286446526678,0.06201602798122905,4679,Hexadecenoic acid (16:1; cis/trans unspecified),nutrition,mae,train
169,0.06683507739102147,0.007911218726556256,0.0009053000421575748,0.010170737424183214,0.19424066412819907,0.01222089173208112,14771,Hexanoic acid (6:0),nutrition,mae,train
170,0.0544983392441339,0.029251704805000358,0.003027363861461871,0.04859547423277168,0.055262519758706406,0.00881024604310629,8652,Histidine,nutrition,mae,train
171,0.05830778723140086,0.015412646868487909,0.0009451573454392926,0.01871953384150527,0.0746347253631976,0.004470755340399335,1676,Hydroxyproline,nutrition,mae,train
172,0.05731267561874005,0.07232129507825726,0.011202461912476898,0.5122475453491491,0.06215265272936881,0.003328315538650051,158,Insoluble dietary fibers,nutrition,mae,train
173,0.22944233003028602,0.0012287792757111888,7.337025726255417e-05,0.0012839984857758106,0.23256765797654486,0.12029450337739768,32795,Iron,nutrition,mae,train
174,0.042017043710853824,0.029728606101364866,0.003020207637797691,0.05377843189348094,0.042561102593953744,0.010944291987741958,8660,Isoleucine,nutrition,mae,train
175,0.09477875460072505,0.057839536237119786,0.011971347286024846,0.2035077903802528,0.09698291168446284,0.0,44,Isomeric linoleic acids (18:2),nutrition,mae,train
176,0.11238233225917436,0.021986147574836773,0.0025535359829284045,0.034668208295600536,0.13573750974466392,0.08279910744422093,68,Isomeric linolenic acids (18:3),nutrition,mae,train
177,0.08164111351044769,0.07570547916862529,0.04701207443875498,0.27897769494678143,0.24698234443448006,0.011374345215499423,10711,Lactose,nutrition,mae,train
178,0.03742032083451355,0.0367240185445725,0.005851987868742986,0.08720127333759956,0.03789525590670469,0.002511344808916045,8661,Leucine,nutrition,mae,train
179,0.046065596687832104,0.027755161599848303,0.003353529123154466,0.30201868145665456,0.056101855054457785,0.01055268246746429,59,Lignin,nutrition,mae,train
180,0.16309200054690343,0.12574502243602745,0.05391369297425673,0.6362997411499948,0.16689507603883244,0.08003919881318229,7708,Linoleic acid (18:2n-6),nutrition,mae,train
181,0.2449417966045082,0.00011987444180806025,3.6572907447077235e-07,0.00012036458399064598,0.3288865564458342,0.07039617598388133,7134,Lutein + zeaxanthin,nutrition,mae,train
182,0.06320322306300691,0.0001744825416088226,1.635758163670071e-06,0.0001754612573754087,0.5763007426356866,0.0020858389967549945,11469,Lycopene,nutrition,mae,train
183,0.049330810915053355,0.042013816699994246,0.004758724592842,0.09542256778721284,0.049972142757373016,0.002685999561367783,8681,Lysine,nutrition,mae,train
184,0.15899434613483757,0.010812932062520987,0.0011949739772462561,0.012653057291020751,0.1603516259223693,0.08165548578003581,35492,Magnesium,nutrition,mae,train
185,0.23380853680502373,0.10477434411017018,0.08880014827265195,0.26289279851055103,0.5064326963474188,0.028996959720128966,10771,Maltose,nutrition,mae,train
186,0.2750583720606344,0.0003856953198617218,1.4662503512817365e-05,0.0003939518553967041,0.2787606713861665,0.18940768863353438,18010,Manganese,nutrition,mae,train
188,0.04270960185302457,6.729372938465095e-07,2.4329565416096463e-12,6.729491838243134e-07,0.04950565919397043,0.00036493688251573655,94,Menaquinone-4,nutrition,mae,train
189,0.05777432321787443,0.025112657611226916,0.002081856464322525,0.03656513030087461,0.05837308900532609,0.030643215593968657,8681,Methionine,nutrition,mae,train
190,0.13529020943472986,5.191750325501511e-06,5.858517593945048e-10,5.192630405765826e-06,0.15695789003566848,0.05612984756081394,1011,Molybdenum,nutrition,mae,train
191,0.19443866724938422,0.0011109789056240264,0.0001486177088772052,0.0012321028532877375,0.2003034443334554,0.04405990739912586,30892,Niacin,nutrition,mae,train
192,0.15870868118332956,0.0014496957383156573,0.0008074191193224869,0.0024454204056600344,0.16382896796850077,0.06687877592308614,6362,Nicotinic acid,nutrition,mae,train
193,0.20752468716002867,0.15179856999904184,0.08344741298949222,0.7934687961787866,0.21207382494914015,0.10065389790537965,4923,Octadecadienoic acid (18:2; isomer unspecified),nutrition,mae,train
194,0.12566276713686364,0.08466669748264775,0.026175430701554446,0.24142455641703375,0.13241982088309817,0.023917477863003085,19517,Octadecanoic acid (18:0),nutrition,mae,train
195,0.042407798155361644,0.002046922799865362,0.0002062012506062515,0.002723262046204632,0.4612307430632714,0.0047266055707438845,3901,Octadecatetraenoic acid (18:4; isomer unspecified),nutrition,mae,train
196,0.2738246853480909,0.05383834899219979,0.022452030425154538,0.10831181773969978,0.27834288754993486,0.22453621847132513,4835,Octadecatrienoic acid (18:3; isomer unspecified),nutrition,mae,train
197,0.1581713173197074,0.1885106826291722,0.11122841806286564,1.175382447739341,0.1625528315363738,0.05862416098646066,4910,Octadecenoic acid (18:1; cis/trans unspecified),nutrition,mae,train
198,0.1282028258942577,0.016734250286939846,0.007568544766983124,0.030695426040905187,0.316404106313929,0.012706758887049738,15315,Octanoic acid (8:0),nutrition,mae,train
199,0.20214639343682592,0.00026870303450788225,1.9332080783992035e-06,0.0002699449712218185,0.20742128162373946,0.12272019698955941,16490,Pantothenic acid (vitamin B5),nutrition,mae,train
200,0.1371946648299093,0.006497562172455696,0.0003653030613260112,0.007277392554481914,0.18006557893295802,0.05772751899168984,5999,Pentadecanoic acid (15:0),nutrition,mae,train
201,0.1009742844778799,0.0027838447482762896,0.0014462563507208906,0.004084929499371005,1.3474502033141476,0.0001472210861044725,4236,Pentadecenoic acid (15:1; isomer unspecified),nutrition,mae,train
202,0.03748786987776618,0.027018388226367283,0.0034457138391775625,0.048834183822583484,0.03797511255495548,0.006563843162080082,8673,Phenylalanine,nutrition,mae,train
203,0.13048320855181142,0.03436981139410074,0.005487272812372011,0.04501503939944437,0.13249946419050918,0.044319015828334404,31130,Phosphorus,nutrition,mae,train
204,0.07955679285374632,0.009398351497550096,0.0006604847732682335,0.011713884794572861,0.12123571152547448,0.0027484998729901825,398,Phytosterols,nutrition,mae,train
205,0.15736404231788859,0.06343792212505371,0.01548115227603857,0.10156205185170519,0.15853023035090172,0.07118814150012062,31399,Potassium,nutrition,mae,train
206,0.061786497574731425,0.052647043426935276,0.009320547067578823,0.10598571225084426,0.0625740290464175,0.007208253050510103,8583,Proline,nutrition,mae,train
207,0.08320182024176966,0.16782733732844116,0.07499886224596364,1.6626009140493583,0.08512450309422327,0.02487346206587393,26382,"Protein, total",nutrition,mae,train
208,0.22723428269630352,8.678186063952801e-05,8.014704214210722e-07,8.745133992251082e-05,0.3959491804598584,0.03917012736946013,28747,Retinol,nutrition,mae,train
209,0.19923961625250658,0.00010335606476232326,3.910525611991212e-06,0.00010548926840943902,0.20528261045013177,0.06743785327292075,27092,Riboflavin (vitamin B2),nutrition,mae,train
210,0.19571013526897332,7.0099339397110155e-06,3.34887124847599e-08,7.026897605302509e-06,0.2028372331637226,0.11476193237328194,24283,"Selenium, Se",nutrition,mae,train
211,0.039879131734567246,0.029474693519263673,0.0028814202432654434,0.05228055522917314,0.04010088843644701,0.024305536723342316,8568,Serine,nutrition,mae,train
212,0.2422428339788001,0.07169358701886774,0.026593639365499317,0.13968988571276814,0.24530243243268113,0.11728442076310558,26623,Sodium,nutrition,mae,train
213,0.040096140356323494,0.04009614168477058,0.0076184968944402395,0.9058748536862266,0.06348555556417886,0.0,76,Sorbitol,nutrition,mae,train
214,0.0997939227330939,0.29252329427705037,0.3449497423062895,2.93636618689308,0.14465222701565045,0.02151788446831521,7534,Starch,nutrition,mae,train
215,0.023682495313231244,0.009476554615528297,0.006703395514880982,0.015391379750011189,0.8985282020156532,8.933754248118186e-06,835,Stearidonic acid,nutrition,mae,train
216,0.054131370721508726,0.0016936789746036806,0.00012362899955231538,0.0019066730503640426,0.09670769417351346,0.0063942807904731145,210,Stigmasterol,nutrition,mae,train
217,0.25575911545023755,0.28401755049527205,0.28941827256304065,2.023762596557901,0.33121753599039355,0.07061014656355254,5683,Sucrose,nutrition,mae,train
218,0.20832692217989837,0.3291712546041753,0.2802995559271676,2.870786542267895,0.2242782577058353,0.10110298586153928,18095,"Sugars, total",nutrition,mae,train
219,0.029650375823092226,0.007801555520891833,0.00011458092724597915,0.009807060267034396,0.029650375823092226,,93,Sulfur,nutrition,mae,train
220,0.1699622094154067,0.007010733668310529,0.0017899793234624622,0.009181456774862588,0.23130943232143117,0.08648434122182819,4423,Tetracosanoic acid (24:0),nutrition,mae,train
221,0.16849554698074723,0.04834711620870708,0.017144048636255897,0.1044440087838985,0.19312560478000468,0.03744292482364005,18875,Tetradecanoic acid (14:0),nutrition,mae,train
222,0.12139677295307805,0.008389384006571684,0.0007036987336443383,0.010204945942459732,0.1860103443680597,0.031342118244729274,5438,Tetradecenoic acid (14:1; isomer unspecified),nutrition,mae,train
223,0.23215331193061137,9.072000544850884e-05,2.648300564501367e-06,9.215030490229572e-05,0.23911495424117044,0.10100025327243824,29067,Thiamin (vitamin B1),nutrition,mae,train
224,0.04464778095487956,0.02984900860469464,0.0025529134627150156,0.05230648656281059,0.0452063463432663,0.0027813684664803836,8656,Threonine,nutrition,mae,train
225,0.22161403712027392,3.803095127972938e-05,6.868586302152999e-08,3.806984096079718e-05,0.31208458091913754,0.07034431190688764,7747,"Tocopherol, beta",nutrition,mae,train
226,0.23738852886965517,0.0001256071156585137,7.713849341617703e-07,0.00012616946349421193,0.3606614059347767,0.0778413803005719,7687,"Tocopherol, delta",nutrition,mae,train
227,0.32564472966738717,0.0006750098078384739,7.738112766508658e-06,0.0006836791145740736,0.36966995746448283,0.1465716734770645,8262,"Tocopherol, gamma",nutrition,mae,train
228,0.3454590331728334,7.33329661284043e-05,2.278260131332959e-07,7.345823623826082e-05,0.45195994703987624,0.12289339905003638,5437,"Tocotrienol, alpha",nutrition,mae,train
229,0.06337875048277784,2.5937455664779315e-05,7.615059862313848e-09,2.5950639933014688e-05,0.27876047442507984,0.006433475922339802,1186,"Tocotrienol, beta",nutrition,mae,train
230,0.057884798066942675,1.3039174476913637e-05,8.40252648302251e-09,1.3043377163055877e-05,0.8834477169383819,5.7349371800390954e-05,1161,"Tocotrienol, delta",nutrition,mae,train
231,0.20774363859396813,6.996891559030959e-05,8.676949495289717e-08,7.005860378686327e-05,0.5476000405544603,0.008724468424169008,1167,"Tocotrienol, gamma",nutrition,mae,train
232,0.05774331438362403,0.00073954841263722,3.2654558045155024e-05,0.0007562582427845581,1.1331046422695206,7.409490709329554e-05,668,Tridecanoic acid (13:0),nutrition,mae,train
233,0.09424552555761269,0.02223270300758919,0.0020595332783708087,0.02733486037950434,0.09488583230468231,0.07992461464820125,15731,Tryptophan,nutrition,mae,train
234,0.049317721678119535,0.029277851564706265,0.002648484526639809,0.04723939542052419,0.05001168241667142,0.007484040417782586,8612,Tyrosine,nutrition,mae,train
235,0.04171803525759701,0.032258310212024,0.004726252220308653,0.06680639573498695,0.04225192403546594,0.002633605807161785,8661,Valine,nutrition,mae,train
236,0.17846815165097074,0.00026732389792633195,3.2491945108550995e-05,0.0002847370341474169,0.18533970353623277,0.09436856141343555,1774,Vitamin B6 - Pyridoxin,nutrition,mae,train
237,0.21873199459420606,8.617474770070267e-07,2.907058659978638e-10,8.619018941133778e-07,0.3835016513393739,0.07945717448779886,27304,Vitamin D (D2 + D3),nutrition,mae,train
238,0.23418964094812283,1.6972766622974567e-07,2.5311268599997106e-12,1.6972893181097612e-07,1.186565276646317,1.3848396997759675e-05,6511,Vitamin D2 (ergocalciferol),nutrition,mae,train
239,0.06574978454862229,0.24663206684381767,0.2500884516396827,7.254765663640849,0.06589463459523942,0.049887003642091865,30210,Water,nutrition,mae,train
241,0.1861406082293019,0.0006936462702674082,0.0001138090675652599,0.000782278426527729,0.18877455044924768,0.08297918094285557,31918,Zinc,nutrition,mae,train
242,0.1049317223633898,0.00449265998684399,0.00031151534950221347,0.0049596851479417805,0.2040483181667374,0.0035062541120440783,1216,"cis,cis-Eicosadienoic acid (20:2n-6)",nutrition,mae,train
243,0.07994574576628685,0.0010352387435152732,1.492105060292557e-05,0.0010765963623275004,0.17104130794148956,0.005514005940206576,298,cis-Docosenoic acid (22:1 cis),nutrition,mae,train
244,0.06595495914115931,0.01744559413992615,0.0009300617072450859,0.02283058128562671,0.06706686658096805,0.013556321040172428,385,cis-Hexadecenoic acid (16:1 cis),nutrition,mae,train
245,0.08884389738116605,0.12674905957030552,0.042609797985099354,1.1685265453546057,0.08894247282073098,0.05153309350584251,759,cis-Octadecenoic acid (18:1 cis),nutrition,mae,train
246,0.11537590160688835,0.0026933973797530243,0.00043698177360087213,0.0031105330737594113,0.2418559115857669,0.032869228430702356,461,cis-Tetracosenoic acid (24:1 cis),nutrition,mae,train
247,0.07298200952217992,0.006847442965170454,0.0003315130891320607,0.008950479818031537,0.0689809336988714,0.20661794202068426,172,"trans,trans-Linoleic acid (18:2 trans,trans)",nutrition,mae,train
248,0.13443832860367566,0.0002850986211454301,1.4055340141320692e-06,0.00028580379338005897,0.9705616290065896,0.0001387311296324982,224,trans-Docosenoic acid (22:1 trans),nutrition,mae,train
249,0.06361817894342117,0.0019180716131674816,1.2972379552024723e-05,0.0019877972943009563,0.0938333915295128,0.004433741919117972,287,trans-Hexadecenoic acid (16:1 trans),nutrition,mae,train
250,0.08922901459530082,0.011225356021631624,0.0009753150133837011,0.015343792813017775,0.09657994743848095,0.02622101879661397,335,trans-Linoleic acid (18:2; isomer unspecified),nutrition,mae,train
251,0.11869133874364136,0.055899226152554125,0.024977409576733296,0.271350902452909,0.12298821005643906,0.0843163682412597,774,trans-Octadecenoic acid (18:1 trans),nutrition,mae,train
2,0.0557455148746995,0.027098269545279014,0.0021236801774132032,0.0708954289473451,0.05898494631938004,0.0006751803151303478,54,Acetic acid,food_metabolome,capacity256,train
7,0.43292774066891665,0.0111752727159421,0.013950096318529994,0.024365578994216194,1.3966859266913405,0.002449084245567403,217,Apigenin,food_metabolome,capacity256,train
9,0.2315751529800329,0.0032628201294586396,0.0003165259107986963,0.0034847162677728452,0.24388023156064614,0.06422608428369272,73,Benzoic acid,food_metabolome,capacity256,train
11,0.19658698984886858,0.0020891443544907985,6.352378088105868e-05,0.0021879883186564984,0.1927278179411255,0.4512923357599116,67,Cadaverine,food_metabolome,capacity256,train
12,0.35609750698402676,0.015579976615657647,0.0069356885899049805,0.02373180291967931,0.39462272374725116,0.1389553761367618,146,Caffeic acid,food_metabolome,capacity256,train
13,0.08083612820459099,0.003785725529150848,0.003081608553874099,0.006390157697996839,0.9606030235445402,5.5607341379929755e-05,10892,Caffeine,food_metabolome,capacity256,train
15,0.14642921420099378,0.008267113248841891,0.003918628005779131,0.011111955402952903,0.23180094837489038,0.004837069717458,109,Catechin,food_metabolome,capacity256,train
16,0.13764363785150532,0.00926802563233499,0.0006083448206432393,0.010462772734543735,0.13788786491259766,0.12607615613976747,4256,Choline,food_metabolome,capacity256,train
18,0.15835144919548624,0.08118895858104093,0.03036283814584088,0.17448397431833632,0.15742193212510847,0.43441801909769223,298,Citric acid,food_metabolome,capacity256,train
21,0.19258993577857172,0.009608832488292324,0.0021787986034982817,0.012232983691578131,0.2961262827065976,0.004930306971524931,90,Cyanidin,food_metabolome,capacity256,train
22,0.08811751139274801,0.0009948571833041208,4.604554413554559e-06,0.0010138030103450106,0.09072633518448392,0.03072338797455814,46,Daidzein,food_metabolome,capacity256,train
24,0.15303912238453835,0.0025141027180574055,8.10399172245447e-05,0.0027388197361142524,0.27382973487148415,0.003258762900725473,56,Delphinidin,food_metabolome,capacity256,train
25,0.258643757348648,0.006026005606177788,0.0005690847364895363,0.006373248950675103,0.4133345332602959,0.0008257974959015529,32,Ellagic acid,food_metabolome,capacity256,train
26,0.3872837413392361,0.006182265085382292,0.002750301654124011,0.007855572544506135,1.2854207858364017,0.000988238329702512,133,Epigallocatechin,food_metabolome,capacity256,train
28,0.1643181409440371,0.0018609962459157617,2.924755988661188e-05,0.0019283618412691752,0.1898480508044389,0.03318724029742788,135,Ferulic acid,food_metabolome,capacity256,train
33,0.17791047264343984,0.009875924045647046,0.0064310051814328115,0.014926926356215436,0.24377880342687971,0.03441160915094583,89,Gallic acid,food_metabolome,capacity256,train
35,0.13781979261215266,0.0011315637821391307,9.00220655277099e-06,0.0011609836463670877,0.14043144777810335,0.06295234452156671,89,Genistein,food_metabolome,capacity256,train
43,0.09191873700387981,0.0003553816865449446,1.0757474538960713e-06,0.0003573902413084293,0.16062237540024168,0.003585487637128838,64,Glycitein,food_metabolome,capacity256,train
47,0.18262237091157477,0.00044894536436495874,3.232446416301639e-06,0.0004517886713453365,0.1872259665676895,0.04297996934276149,188,Histamine,food_metabolome,capacity256,train
50,0.2773570791967091,0.0042189786373704,0.0008609011660459101,0.0047099327259298345,0.6381352434731093,0.0034329174312941048,95,Isorhamnetin,food_metabolome,capacity256,train
51,0.19918397648343275,0.0018898866682806087,0.00015894662411519969,0.0020468412935562507,0.3575940212260303,0.007096205693196363,281,Kaempferol,food_metabolome,capacity256,train
52,0.07656266593922167,0.0631582991953006,0.012192569293684457,0.11891253463807767,0.07979770816200568,0.0,74,Lactic acid,food_metabolome,capacity256,train
53,0.11750865152606349,0.00037510971135004104,1.8227741296704952e-06,0.000379886127646422,0.12785550609657215,0.031284863438491246,28,Lariciresinol,food_metabolome,capacity256,train
54,0.08894306137450513,0.0024879883165864944,0.00031122700262436364,0.003047273816066456,0.08894306137450513,,70,Lutein,food_metabolome,capacity256,train
55,0.32906232479055153,0.0055972653769037475,0.002089998292809696,0.00692017107221245,0.6618522951380873,0.03446136743371674,230,Luteolin,food_metabolome,capacity256,train
56,0.0995252304461218,0.04068723615012467,0.00573594509319528,0.062384396461055085,0.0995252304461218,,296,Malic acid,food_metabolome,capacity256,train
58,0.1901236108866887,0.0017108578688971694,3.713619196745279e-05,0.001754907037490036,0.3157023837274029,0.01969527631714797,33,Matairesinol,food_metabolome,capacity256,train
61,0.1833900795350654,0.0007249773896752481,2.0445787098736646e-05,0.0007366555007858087,0.382592786835466,0.016316841154084213,228,Myricetin,food_metabolome,capacity256,train
62,0.1302198829563145,0.020565239596643983,0.028799260110109946,0.04831193738322989,0.6018414768498204,0.00035306724650855623,88,Naringenin,food_metabolome,capacity256,train
65,0.1920970189966816,0.02377145216668783,0.0020468543450368366,0.03539154985926661,0.1920970189966816,,20,Oxalic acid,food_metabolome,capacity256,train
66,0.19488324245423738,0.000631376398356227,8.40967646624219e-06,0.0006543144529471052,0.3863354358384537,0.003431049070021068,52,Pelargonidin,food_metabolome,capacity256,train
67,0.243024224666205,0.001270470259144292,2.2585053097974925e-05,0.0012850023933825352,0.5055445649156103,0.0006977567436769773,50,Peonidin,food_metabolome,capacity256,train
72,0.1420024895043364,0.000476567971333748,2.0541014349974608e-06,0.00048490122414230453,0.16224639220120532,0.0205390733231228,28,Pinoresinol,food_metabolome,capacity256,train
77,0.14832623582709906,0.0033100444164611454,0.00012762760529800045,0.003602510241665934,0.14832623582709906,,84,Putrescine,food_metabolome,capacity256,train
79,0.22801589389723806,0.014880201655207604,0.026343025826803996,0.05575583632783092,0.2904287158884707,0.055842591852458295,327,Quercetin,food_metabolome,capacity256,train
82,0.057072692721609045,0.04967071394271782,0.006614959157764671,0.12929579783227527,0.08153241817372721,0.0,30,Rosmarinic acid,food_metabolome,capacity256,train
83,0.4148678566245983,0.007196831264454822,0.0016373692023202084,0.008084190594120294,0.48311042005791904,0.11915008174687529,32,Secoisolariciresinol,food_metabolome,capacity256,train
88,0.03139512869198906,0.00014769623741274753,9.237439363329875e-08,0.00014810578428158615,0.031902511193368024,0.006026003623040657,51,Spermine,food_metabolome,capacity256,train
90,0.15562754168237924,0.0010801415909346853,1.844372209148352e-05,0.0010970592862990845,0.20674742207517188,0.0311617459434059,79,Syringic acid,food_metabolome,capacity256,train
91,0.07024541374360581,0.04192457277174123,0.008150287127034573,0.24443670967858286,0.069468602411592,0.08811207437992329,24,Tartaric acid,food_metabolome,capacity256,train
92,0.1115867361579483,0.008190808746596915,0.0005046927068449163,0.010349793630837498,0.1115867361579483,,23,Taurine,food_metabolome,capacity256,train
93,0.028763685872705797,0.004574073352812771,0.0013208102405527491,0.005832325808979343,0.445750170111558,0.0031682913177658745,10738,Theobromine,food_metabolome,capacity256,train
96,0.1434469676099135,0.0017712818757747051,2.9320899314415092e-05,0.001824495642046647,0.15460253640431632,0.032905422283558035,120,Tyramine,food_metabolome,capacity256,train
98,0.18518561396272604,0.000775380090201232,5.5155392458649866e-06,0.0007893501609413417,0.2282956881443292,0.03190535020591481,82,Vanillic acid,food_metabolome,capacity256,train
103,0.16512110920549375,0.0008545332570711126,4.38119438980192e-06,0.0008671660044804924,0.19696739315009806,0.0451667730141509,143,p-Coumaric acid,food_metabolome,capacity256,train
104,0.052502379851014115,0.04087189922423261,0.006862555898184204,0.08719674964207705,0.05311086540280975,0.007521911836080353,8576,Alanine,nutrition,capacity256,train
105,0.15044930703241277,0.015052634511481035,0.0015605508577482491,0.017060593895913755,0.24217358484328838,0.04458470621048236,6814,Arachidonic acid (20:4n-6),nutrition,capacity256,train
106,0.07448221630197001,0.06114155722698793,0.013634688791404365,0.13010873545655682,0.0733940758626386,0.10651290048603172,9593,Arginine,nutrition,capacity256,train
107,0.2371024187194774,0.00788763638691164,0.0008856359883997102,0.008897575804249455,0.37255186074282326,0.02134224558494419,586,Ascorbic acid (vitamin C),nutrition,capacity256,train
108,0.10568764181117751,0.11014858121067991,0.04660299712308078,0.41796091576443606,0.10641974455315459,0.05602717615841451,20257,Ash,nutrition,capacity256,train
109,0.05431972298349121,0.05655854697276406,0.008908811819650943,0.1315201852691608,0.054735489065735964,0.022250328698285925,8432,Aspartic acid,nutrition,capacity256,train
110,0.1038469403391554,0.2492710675962807,0.2216636066065016,3.3281058572773228,0.11263826240878076,0.016002581173473165,4210,Available carbohydrate,nutrition,capacity256,train
111,0.05806197577692979,0.011445710325677165,0.0013913566165398058,0.014745256723667595,0.07796735933457634,0.009293786060695723,207,Beta-sitosterol,nutrition,capacity256,train
112,0.16834768944473658,0.005446884629499899,0.0009134199157931032,0.006074852118755524,0.17053214691256968,0.1076379756512084,2764,Betaine,nutrition,capacity256,train
113,0.3740594811681684,0.00011292924408328511,5.289172652391635e-06,0.00011570855552462833,0.3856057462429245,0.28755256742403074,9884,Biotin,nutrition,capacity256,train
114,0.09591756105927139,0.012783271476925389,0.0020911554927590674,0.018048113191035872,0.2353744336004867,0.022654079312336095,12666,Butyric acid (4:0),nutrition,capacity256,train
115,0.32570025394261437,0.03425933510897507,0.00867443362522962,0.04412343395990288,0.3263610226675636,0.29048814330287887,39116,Calcium,nutrition,capacity256,train
116,0.08223305990024915,0.003048204804723516,5.672694902959086e-05,0.003280210290265912,0.09489241049911007,0.017579947913209493,171,Campesterol,nutrition,capacity256,train
117,0.26238326187829913,4.0347813153900515e-05,9.987981945867842e-08,4.039784589179153e-05,1.241471900935957,0.0005866612952659505,13702,"Carotene, alpha",nutrition,capacity256,train
118,0.4148943561975467,0.0004570180134556544,0.0006405603791892202,0.0020767104384194343,0.6464850643990345,0.07739662745125542,20968,"Carotene, beta",nutrition,capacity256,train
119,0.09328406227326029,0.08280013207568222,0.014050720223207594,0.42760499945045377,0.09056443280740009,0.27821886595175366,69,Cellulose,nutrition,capacity256,train
120,0.16040697666346146,0.06766059092156022,0.013827867170992707,0.2136610173855362,0.15953688916729014,0.25012266515757425,1874,Chloride,nutrition,capacity256,train
121,0.24075844077790412,5.775912856925853e-07,5.0963870900098654e-11,5.77633582867445e-07,0.3863967096842354,0.06162288057185492,3865,Cholecalciferol (vitamin D3),nutrition,capacity256,train
122,0.1357592623541507,0.03305397711293578,0.06449911578834441,0.18714536106372742,0.21923771751578458,0.010021430098129624,22719,Cholesterol,nutrition,capacity256,train
123,0.1325570687836608,0.008216189185984534,0.0003352193044994674,0.00899987714873973,0.1333890040195372,0.10291648734155007,10549,"Choline, total",nutrition,capacity256,train
124,0.27615200577506666,2.198444099305969e-05,2.6809355130763477e-08,2.2018232832524834e-05,0.37140706196790835,0.05917139380736706,1560,Chromium,nutrition,capacity256,train
125,0.183363662638811,8.011437849039697e-07,3.720223720691892e-11,8.011684371026992e-07,0.2815408749004616,0.021581884833004356,25560,Cobalamin (vitamin B12),nutrition,capacity256,train
126,0.08530273303090227,0.009087116472403218,0.0003970236450001504,0.0117552988025167,0.09351869275246652,0.024710030084365925,469,Conjugated linoleic acids (18:2 CLA isomers),nutrition,capacity256,train
127,0.24827076089159875,0.00022151183646350626,0.00022220363122170644,0.0005220875930172276,0.24967229002296065,0.2096618373947625,28684,Copper,nutrition,capacity256,train
128,0.22267990708603555,1.0811487570999449e-05,1.524759591474965e-08,1.0819122004087772e-05,0.959255253706998,0.005598234022349312,13291,"Cryptoxanthin, beta",nutrition,capacity256,train
129,0.07085433685314747,0.021370635561957865,0.002288026030990236,0.027678500215528944,0.06957623447099084,0.14087904115407482,8477,Cystine,nutrition,capacity256,train
130,0.19875938409403568,0.021833877671860444,0.008333147410029761,0.03452182647104106,0.34791261137327656,0.04599677152831103,16906,Decanoic acid (10:0),nutrition,capacity256,train
131,0.1710605063282618,0.22918345615604457,0.13131022516584437,1.1096582419927963,0.20193093119888636,0.06157497706120676,14402,"Dietary fibre, total",nutrition,capacity256,train
132,0.1238962647144929,0.01360544978372236,0.003916844839618062,0.02733908124916863,0.377371891567277,0.01619896557199775,16450,Docosahexaenoic acid (DHA; 22:6n-3),nutrition,capacity256,train
133,0.2593080505850193,0.015114717179592509,0.005372896737279175,0.020801316458604585,0.3646829423850705,0.11850015940926657,5733,Docosanoic acid (22:0),nutrition,capacity256,train
134,0.13891897899602576,0.005812862702414776,0.0009636248678663128,0.007818792607921368,0.34763772933945675,0.03834949795233102,16689,Docosapentaenoic acid (DPA; 22:5n-3),nutrition,capacity256,train
135,0.10185830478403123,0.001444597229456078,4.3538556551429274e-05,0.001538627606555153,0.16763371322752713,0.027284911771660064,335,Docosatetraenoic acid (22:4; isomer unspecified),nutrition,capacity256,train
136,0.1360728552265603,0.012011034513483666,0.012620679885181414,0.0301083720324058,1.0312964326799776,0.0026855966307330666,3902,Docosenoic acid (22:1; cis/trans unspecified),nutrition,capacity256,train
137,0.32783973833980595,0.05882368056718145,0.0636161008871144,0.19671922494767666,0.47411465752370535,0.09396087210564737,19138,Dodecanoic acid (12:0),nutrition,capacity256,train
138,0.21674943583295425,0.013984141629064922,0.002259679642598987,0.017554868128675814,0.21002990778963507,0.24713145085322177,5470,Eicosanoic acid (20:0),nutrition,capacity256,train
139,0.14870725538802718,0.010759931803859072,0.0036217590255799887,0.019014561555964402,0.43605520039555673,0.026927614552207338,18180,Eicosapentaenoic acid (EPA; 20:5n-3),nutrition,capacity256,train
140,0.11056339284283005,0.010112940113490027,0.0011534561730032011,0.011888953293665915,0.19269800434429118,0.044065065353035136,4211,Eicosatetraenoic acid (20:4; isomer unspecified),nutrition,capacity256,train
141,0.12492803015678243,0.002336303660907669,6.497938725159241e-05,0.002389696309704356,0.31884606324232717,0.018667712608453416,1065,Eicosatrienoic acid (20:3; isomer unspecified),nutrition,capacity256,train
142,0.08118641241022885,0.0015770394935430254,3.411694522128315e-05,0.0016442609235618076,0.15888619907518317,0.015231942334162986,318,Eicosatrienoic acid (20:3n-3),nutrition,capacity256,train
143,0.12952559219952148,0.00308971915151981,5.337374606805164e-05,0.003163285995612284,0.16023181942236345,0.06613445485403623,1284,Eicosatrienoic acid (20:3n-6),nutrition,capacity256,train
144,0.250601976235261,0.02654468833454044,0.007741318797096966,0.04064006798768949,0.29026459349052697,0.16903469675078234,14951,Eicosenoic acid (20:1; isomer unspecified),nutrition,capacity256,train
147,0.016458239930808284,0.04850133014730168,0.12115936055839067,0.26124184444462634,0.6889831963404266,0.0001933862126083266,17741,Ethanol,nutrition,capacity256,train
148,0.09087809446390027,0.16322623306740386,0.11913851318162168,1.7192475157967806,0.0933889216056369,0.032430404348766095,27749,"Fat, total",nutrition,capacity256,train
149,0.10746037064917992,0.1351661978231178,0.05694650082506105,0.9762601889878204,0.11255730852182606,0.023116453296587354,22471,"Fatty acids, total monounsaturated",nutrition,capacity256,train
150,0.17568043445972603,0.16313085181774634,0.07577163968298378,0.8346012158357478,0.1818816545270215,0.05800631120428601,22517,"Fatty acids, total polyunsaturated",nutrition,capacity256,train
151,0.11169969347212413,0.13165293002121395,0.05124216576556068,0.8641733570642257,0.11593070027016214,0.03397274118143594,23183,"Fatty acids, total saturated",nutrition,capacity256,train
152,0.17240748890826912,0.05794298616468656,0.026746004625437827,0.12634042055613612,0.23966356231361044,0.059095064893898375,6323,"Fatty acids, total trans",nutrition,capacity256,train
153,0.1568708685761558,0.042134987844059266,0.017593724556765677,0.11780224680987789,0.17648749114455248,0.0628806934279103,2792,"Fatty acids, total trans-monoenoic",nutrition,capacity256,train
154,0.16059944194751077,0.014529370302391412,0.0027286665364885153,0.02174493736346591,0.17760385711245746,0.107100501212612,2496,"Fatty acids, total trans-polyenoic",nutrition,capacity256,train
155,0.27057031885254695,1.4971757071753352e-05,3.4253265126351643e-09,1.4974437694659534e-05,0.2802433374802784,0.16514876035036888,17790,"Folate, food",nutrition,capacity256,train
156,0.2898009612495419,2.7168019307225084e-05,2.3712829360200837e-07,2.729053793757287e-05,0.2997122724573045,0.1565222239953093,21997,"Folate, total",nutrition,capacity256,train
157,0.17229586705632904,1.5755198316146373e-05,6.2432222142019456e-09,1.5760129190633406e-05,0.3298773341149896,0.03761791898736072,17266,Folic acid,nutrition,capacity256,train
158,0.2430895892834347,0.18574481998428227,0.12203324987335172,0.6072730755602537,0.3286722955293738,0.06284056770118389,10967,Fructose,nutrition,capacity256,train
159,0.18179239099933545,0.021613224618292858,0.011076290163304081,0.030645221203327532,0.9809386009104492,0.007627182809617714,8120,Galactose,nutrition,capacity256,train
160,0.27534210384728297,0.2155835191731844,0.14931785456407756,0.6757890842153152,0.3478088807504494,0.07350732717899205,11206,Glucose,nutrition,capacity256,train
161,0.05391895999636304,0.0802726597182645,0.01783588037748694,0.2838026724782599,0.054356986683678415,0.019619435358009914,8601,Glutamic acid,nutrition,capacity256,train
162,0.08752297560747115,0.06175647592406942,0.016136484786066104,0.12970971090938904,0.08604132824046005,0.12782042733085933,9525,Glycine,nutrition,capacity256,train
165,0.1365113926593934,0.011397880008620903,0.0006078483933456482,0.013094945268434865,0.1573640811547722,0.0757721716278764,6293,Heptadecanoic acid (17:0),nutrition,capacity256,train
166,0.16147803508371733,0.007726432877308451,0.0003694019849694317,0.008386408684758128,0.1941066540819642,0.110481663247355,4818,Heptadecenoic acid (17:1; isomer unspecified),nutrition,capacity256,train
167,0.11170324123473337,0.1096086826111406,0.03944616006542454,0.4325270668044761,0.1144602603699652,0.04191875878706562,19586,Hexadecanoic acid (16:0),nutrition,capacity256,train
168,0.19107062588157472,0.04461052514436226,0.01212688136086844,0.07790061388802966,0.22005793984547056,0.06766283643303386,4679,Hexadecenoic acid (16:1; cis/trans unspecified),nutrition,capacity256,train
169,0.08407712278856073,0.009400033900947482,0.0012028358992570128,0.011870687705327164,0.245132036880204,0.0150253486220606,14771,Hexanoic acid (6:0),nutrition,capacity256,train
170,0.058659039547245405,0.0314767098130424,0.003389250331951816,0.05209041690353249,0.05948431813549004,0.009273260855116832,8652,Histidine,nutrition,capacity256,train
171,0.07977315298267385,0.02150409245010725,0.0018364208399601625,0.026204937233911027,0.09908386885096432,0.016097305273387836,1676,Hydroxyproline,nutrition,capacity256,train
172,0.08894748716550352,0.11444450843866892,0.029501507617120136,0.7216962124627571,0.09417290955450244,0.030663929749746414,158,Insoluble dietary fibers,nutrition,capacity256,train
173,0.2474453733821515,0.0012874382546203358,7.388116092057667e-05,0.0013429070811014608,0.2501526946096336,0.15376885717812003,32795,Iron,nutrition,capacity256,train
174,0.04910175626213681,0.035011701777766135,0.004065907391164137,0.06462393772851248,0.04975227922592043,0.011479486911580053,8660,Isoleucine,nutrition,capacity256,train
175,0.11274168437076114,0.05743850621134911,0.012391460963696109,0.17108354923545002,0.11512508584421585,0.010255421012207921,44,Isomeric linoleic acids (18:2),nutrition,capacity256,train
176,0.17970429320874914,0.035387828142996125,0.008156773532335218,0.055971158475316446,0.21731144753102502,0.13206856440053308,68,Isomeric linolenic acids (18:3),nutrition,capacity256,train
177,0.09378575466647232,0.0872580149807251,0.0649683367403496,0.3475694636979105,0.28248708561672187,0.013720305161374773,10711,Lactose,nutrition,capacity256,train
178,0.04407557494087176,0.04328032861437413,0.0069966935605103135,0.10531222425694112,0.04462260727047059,0.0035731953874142933,8661,Leucine,nutrition,capacity256,train
179,0.061766268770096416,0.03438573861301387,0.00299482294580247,0.2612281068114927,0.07315875553057445,0.021454392540712627,59,Lignin,nutrition,capacity256,train
180,0.19144162134609655,0.14729071308684677,0.06625137856205526,0.7363901262010151,0.1967920964157469,0.07536068141170299,7708,Linoleic acid (18:2n-6),nutrition,capacity256,train
181,0.2790328652888695,0.00012830316579122815,4.246582389746958e-07,0.00012873961853036042,0.3709139133915197,0.08798114694843441,7134,Lutein + zeaxanthin,nutrition,capacity256,train
182,0.0808687999732373,0.00020137765960776831,1.975878646599996e-06,0.0002023818870764298,0.746625964937396,0.0015633660525199284,11469,Lycopene,nutrition,capacity256,train
183,0.05671394384102468,0.04844720886326214,0.006381554307123342,0.11185960890266347,0.05743807613009587,0.004019617636560798,8681,Lysine,nutrition,capacity256,train
184,0.17328970568779806,0.011785251617042457,0.0013203606761253107,0.013718256027419093,0.17472774838128563,0.09085500608110371,35492,Magnesium,nutrition,capacity256,train
185,0.24415551531522414,0.10785155664233537,0.09038039622846003,0.26630049667350814,0.5146837023135196,0.041086123456069726,10771,Maltose,nutrition,capacity256,train
186,0.29775611768017207,0.0004001071913934284,1.4835838247954149e-05,0.00040838119885514034,0.3015693569777847,0.21160839896338887,18010,Manganese,nutrition,capacity256,train
188,0.05016914770941716,8.712605316341446e-07,5.605482802918447e-12,8.712782685644655e-07,0.057819550882074036,0.002501251018247365,94,Menaquinone-4,nutrition,capacity256,train
189,0.06406750506728463,0.028276462424542292,0.002580213978312631,0.041777981893636115,0.06482073502042558,0.029793861970754423,8681,Methionine,nutrition,capacity256,train
190,0.1976680288893055,7.013496245640985e-06,1.069294428291481e-09,7.01451626576502e-06,0.2238766229398946,0.10052319498910718,1011,Molybdenum,nutrition,capacity256,train
191,0.2170995367486186,0.0012130375663323882,0.00014975777765495273,0.0013346610810166493,0.22312540018629107,0.06293820950672976,30892,Niacin,nutrition,capacity256,train
192,0.18538019468238628,0.0016165569770373988,0.0008112804194749704,0.0026138117553481345,0.19129023380537255,0.07938645731597178,6362,Nicotinic acid,nutrition,capacity256,train
193,0.23452955926422345,0.17173181941768495,0.10112129864385554,0.8648982066674443,0.23971894514407868,0.11261771784792356,4923,Octadecadienoic acid (18:2; isomer unspecified),nutrition,capacity256,train
194,0.14119915899700045,0.09577724196164214,0.03274757797821448,0.275666958322979,0.14888754659151396,0.02531736036032185,19517,Octadecanoic acid (18:0),nutrition,capacity256,train
195,0.04450484776148299,0.0023342747715813677,0.0004667755585297725,0.0032353901905432655,0.47972795715278516,0.005348144429826295,3901,Octadecatetraenoic acid (18:4; isomer unspecified),nutrition,capacity256,train
196,0.31173074338597584,0.061978277474103234,0.02738897339423229,0.12217217533756401,0.3183388792788033,0.23964346784574764,4835,Octadecatrienoic acid (18:3; isomer unspecified),nutrition,capacity256,train
197,0.18237291955467172,0.21732274050874212,0.1407255064859019,1.3153740953039774,0.18715318169276715,0.07376628749929648,4910,Octadecenoic acid (18:1; cis/trans unspecified),nutrition,capacity256,train
198,0.16090401172076352,0.021598244016606438,0.013686783680852119,0.038803497906317645,0.3890373825900492,0.020673265193443372,15315,Octanoic acid (8:0),nutrition,capacity256,train
199,0.21579230554308926,0.00028511895605366294,2.0190887417342844e-06,0.00028637748037641485,0.22063305174077197,0.14420943363908437,16490,Pantothenic acid (vitamin B5),nutrition,capacity256,train
200,0.15917575276412177,0.007248269415007235,0.0003663580308750621,0.007991242251603463,0.2064841059804051,0.07088484006591,5999,Pentadecanoic acid (15:0),nutrition,capacity256,train
201,0.10042567026352749,0.002781281520400542,0.0014458379421145896,0.004082364398236643,1.3408705966680612,9.161545555937149e-05,4236,Pentadecenoic acid (15:1; isomer unspecified),nutrition,capacity256,train
202,0.0433232199046448,0.03146478304666152,0.004392811010619253,0.05819004135013236,0.04390564717958451,0.006344393949991156,8673,Phenylalanine,nutrition,capacity256,train
203,0.13653852070220343,0.03585758533120464,0.005690869047260785,0.04674738823110016,0.13832013314438657,0.062215237248293885,31130,Phosphorus,nutrition,capacity256,train
204,0.10704997978403553,0.01275231081375925,0.0016681759877661126,0.016046021293134285,0.14935201703024445,0.029093368287450516,398,Phytosterols,nutrition,capacity256,train
205,0.16992283082456303,0.06855426025330297,0.01795754279011242,0.10914116659068479,0.17106914762089762,0.08620637384512156,31399,Potassium,nutrition,capacity256,train
206,0.06443150264805264,0.05487580664477318,0.009388256577161155,0.10952759125034954,0.06526669613344223,0.0064295907054964865,8583,Proline,nutrition,capacity256,train
207,0.09126270989175313,0.18244824003804738,0.08976415032919284,1.8262236870535424,0.09321589128141179,0.0317325590704439,26382,"Protein, total",nutrition,capacity256,train
208,0.2756236830965029,0.0001086393544616541,1.284788873416653e-06,0.00010934784678258902,0.4794222545560012,0.04813177303023404,28747,Retinol,nutrition,capacity256,train
209,0.2125388913786412,0.00010996280369125034,3.923951409928677e-06,0.00011210089448377528,0.21857661166172665,0.08091223266217468,27092,Riboflavin (vitamin B2),nutrition,capacity256,train
210,0.21019742652840617,7.342489047466857e-06,3.350992020324091e-08,7.359461436929783e-06,0.21865124318778867,0.11296683553195688,24283,"Selenium, Se",nutrition,capacity256,train
211,0.04515181274169687,0.033570373909551074,0.0037576054838828507,0.060686201230173646,0.04541378397082639,0.02658274110362996,8568,Serine,nutrition,capacity256,train
212,0.27059634722053055,0.08014029489673079,0.030596455330445756,0.16073438424103081,0.2725617011357241,0.19386213470851915,26623,Sodium,nutrition,capacity256,train
213,0.17659477402236398,0.17659477452215522,0.3453512593670967,1.720116419861854,0.2775625584129386,0.003507143638521791,76,Sorbitol,nutrition,capacity256,train
214,0.1212334008997611,0.3501399780574811,0.42465481453253945,3.5364882007724803,0.17233005132326681,0.035050901225346195,7534,Starch,nutrition,capacity256,train
215,0.02285435760782833,0.008877780483706807,0.006237517735797626,0.013736353258261202,0.8662439615234535,3.2006702362464147e-05,835,Stearidonic acid,nutrition,capacity256,train
216,0.06010963655043901,0.0019300236953680079,0.00015086826957981552,0.0021603175297961017,0.10247286373812695,0.012611472733940417,210,Stigmasterol,nutrition,capacity256,train
217,0.2834374273850305,0.31609140852377415,0.3165249451954464,2.1362453224422016,0.3592349347542933,0.09701380440857628,5683,Sucrose,nutrition,capacity256,train
218,0.2372384583885429,0.3775364371987784,0.3357471194330844,3.041186124728466,0.25401203623853846,0.12524508559020947,18095,"Sugars, total",nutrition,capacity256,train
219,0.08166726706385256,0.02226913434238525,0.0027523979739503416,0.028477897259516095,0.08166726706385256,,93,Sulfur,nutrition,capacity256,train
220,0.20814599361737518,0.00856472451486879,0.002611993016390574,0.011011861252323115,0.2752935045243577,0.11647966619200761,4423,Tetracosanoic acid (24:0),nutrition,capacity256,train
221,0.20364790334847446,0.05963386835171045,0.024609532372826082,0.12764224972048005,0.23185851969707358,0.053192423818112185,18875,Tetradecanoic acid (14:0),nutrition,capacity256,train
222,0.1374918418819911,0.008986558287296997,0.0006977135006719616,0.010797235112052456,0.20573951684985556,0.042263147378732706,5438,Tetradecenoic acid (14:1; isomer unspecified),nutrition,capacity256,train
223,0.25097559419894166,9.638580447374521e-05,2.6532746978888015e-06,9.781787484386989e-05,0.2581503722637448,0.11569117698477993,29067,Thiamin (vitamin B1),nutrition,capacity256,train
224,0.049714419990418646,0.03349958698073883,0.003352905554891621,0.05957487374056131,0.05031500521993226,0.004274286467345834,8656,Threonine,nutrition,capacity256,train
225,0.2624479520079943,4.186006416331596e-05,7.081079495353839e-08,4.189933037209813e-05,0.3667052739306007,0.08836722351207682,7747,"Tocopherol, beta",nutrition,capacity256,train
226,0.290452674993714,0.00013186942116570006,7.337703725400866e-07,0.00013245416977501482,0.4284407109580446,0.11134551959955183,7687,"Tocopherol, delta",nutrition,capacity256,train
227,0.37637300629252946,0.0007901950620340262,1.0829732726555224e-05,0.0008007263078066004,0.4223747570871519,0.18921504996537067,8262,"Tocopherol, gamma",nutrition,capacity256,train
228,0.38089836304150565,7.900970846114461e-05,2.3964226853606673e-07,7.913871940816351e-05,0.4934656528135972,0.14583854104447264,5437,"Tocotrienol, alpha",nutrition,capacity256,train
229,0.06845809596399455,2.7976707413196975e-05,9.268255822087557e-09,2.7990834128640123e-05,0.26886034517108126,0.015473279542504655,1186,"Tocotrienol, beta",nutrition,capacity256,train
230,0.04002947687865145,9.335508301792848e-06,4.612742545929349e-09,9.338917977100062e-06,0.6095689105955975,0.00013547046161190465,1161,"Tocotrienol, delta",nutrition,capacity256,train
231,0.20730710626603752,6.254060814261623e-05,7.593504254908674e-08,6.261273839182468e-05,0.4977605302198263,0.037218212619185696,1167,"Tocotrienol, gamma",nutrition,capacity256,train
232,0.04458800624943218,0.0006277906353494362,2.2625865857542065e-05,0.0006436007256470014,0.8521788717630152,0.0012787169316690486,668,Tridecanoic acid (13:0),nutrition,capacity256,train
233,0.10277014286922867,0.024249991954939848,0.0023762412240177252,0.029791213521434566,0.10305031123778735,0.09617841784982811,15731,Tryptophan,nutrition,capacity256,train
234,0.05606727578539715,0.03343933177318123,0.0035347901500480034,0.054472129443750184,0.05687220360279279,0.006925715220798435,8612,Tyrosine,nutrition,capacity256,train
235,0.04802923889075182,0.0372876816411911,0.005854728740797889,0.0778560014255432,0.0486222518412883,0.0043599000638896305,8661,Valine,nutrition,capacity256,train
236,0.20146137127751532,0.00026579814663155686,2.8660391583751813e-05,0.00028314729863246856,0.20853428611662422,0.11489733891827207,1774,Vitamin B6 - Pyridoxin,nutrition,capacity256,train
237,0.26178834116600813,9.392428695901975e-07,2.9148489651908587e-10,9.393982192930467e-07,0.47598156152785237,0.08010897540962475,27304,Vitamin D (D2 + D3),nutrition,capacity256,train
238,0.17920966602063787,1.5298659582563092e-07,2.490835296837432e-12,1.529878535062704e-07,0.8778337810612801,0.0074278084187960475,6511,Vitamin D2 (ergocalciferol),nutrition,capacity256,train
239,0.0662974836076483,0.2589047836692947,0.27537385335838277,7.232618939549064,0.06621630518349135,0.07686022485670163,30210,Water,nutrition,capacity256,train
241,0.19975193347591266,0.000724375979009126,0.00011405230275437945,0.0008130719509095992,0.20221030347719374,0.10696903226305879,31918,Zinc,nutrition,capacity256,train
242,0.11001145604987658,0.004789392488317976,0.0003860809716161128,0.005319564269248013,0.21196271269322614,0.0056852949256503355,1216,"cis,cis-Eicosadienoic acid (20:2n-6)",nutrition,capacity256,train
243,0.1414328357424191,0.0016577638942534801,5.1657715085473884e-05,0.0017030058816368248,0.30096624925915416,0.011082363722647768,298,cis-Docosenoic acid (22:1 cis),nutrition,capacity256,train
244,0.0828843965220421,0.02123454234293244,0.0013618022266553775,0.027364849462140014,0.08423890215062606,0.01905331877502283,385,cis-Hexadecenoic acid (16:1 cis),nutrition,capacity256,train
245,0.10346888424967039,0.14798138051821386,0.07091170305827224,1.2034976110312552,0.10372885875226694,0.005068535016878686,759,cis-Octadecenoic acid (18:1 cis),nutrition,capacity256,train
246,0.14029551417915956,0.0027591772771133082,0.0005135786837807344,0.003152928826070371,0.32175222457454367,0.021925903813711855,461,cis-Tetracosenoic acid (24:1 cis),nutrition,capacity256,train
247,0.08530642016957321,0.00831899607457205,0.0005176431591995509,0.010834505367699232,0.0799566033074596,0.26399030336416773,172,"trans,trans-Linoleic acid (18:2 trans,trans)",nutrition,capacity256,train
248,0.10912211998713317,0.00024645742580438806,1.321574538697825e-06,0.00024713653421786153,0.7861889386356701,0.000370454815606521,224,trans-Docosenoic acid (22:1 trans),nutrition,capacity256,train
249,0.07072586030009927,0.0020207571583280874,1.2854051444854333e-05,0.002086723102136317,0.10224620117420073,0.008984986422993276,287,trans-Hexadecenoic acid (16:1 trans),nutrition,capacity256,train
250,0.09980513576904233,0.0107445294457625,0.0006259972131809337,0.013249745898857216,0.10870803267180133,0.02349459088825089,335,trans-Linoleic acid (18:2; isomer unspecified),nutrition,capacity256,train
251,0.12552073415991094,0.056600622231300184,0.026092519287841044,0.22109096018065466,0.13405306775166276,0.05726206542589636,774,trans-Octadecenoic acid (18:1 trans),nutrition,capacity256,train
2,0.4349334055678706,0.2121820333746751,0.1334997586715236,0.406494536375006,0.4349334055678706,,18,Acetic acid,food_metabolome,mae,validation
7,0.3027266598639402,0.001559152372854,5.3060432244793096e-05,0.0015988723802063,0.8277281015658068,0.0297259101789696,38,Apigenin,food_metabolome,mae,validation
9,0.905983089756493,0.0010875007608709,7.579022289449668e-06,0.001092071360763,0.905983089756493,,13,Benzoic acid,food_metabolome,mae,validation
11,0.6542259732108686,0.0030057730157898,3.205441900839091e-05,0.0030268392802443,0.7103199305005127,0.0371924430247839,12,Cadaverine,food_metabolome,mae,validation
12,1.2178365133846805,0.0703860604954479,0.0571680691920905,0.1116698808722172,1.3512227562595984,0.1062844894270295,28,Caffeic acid,food_metabolome,mae,validation
13,0.0761999365168131,0.0025877222864538,0.0010939592342532,0.0033412179659241,0.8934670946889929,5.571699386496932e-06,1962,Caffeine,food_metabolome,mae,validation
15,0.7273084467859562,0.0106693168323504,0.0020018962980253,0.0118587757588024,0.8185423327834556,0.5144293794584577,30,Catechin,food_metabolome,mae,validation
16,0.1404966627184999,0.0097906582070062,0.0005037697911937,0.0107509778342313,0.1429243740853621,0.0207295686199614,755,Choline,food_metabolome,mae,validation
18,0.2548163595724733,0.1142641584108121,0.0342712961575372,0.1709235457479953,0.2548163595724733,,52,Citric acid,food_metabolome,mae,validation
21,0.5974627171964739,0.0099004624443958,0.0004549721249773,0.0102520564754488,0.6352861555680466,0.5445099034762723,12,Cyanidin,food_metabolome,mae,validation
22,0.4070994362175973,0.0024085655430724,1.4982234172668712e-05,0.0024340492915104,0.4572557602253049,0.2733492388637105,11,Daidzein,food_metabolome,mae,validation
24,0.6210191684090841,0.0041408467820263,9.495972070569484e-05,0.0041979362964607,1.4194723849350497,0.0,16,Delphinidin,food_metabolome,mae,validation
25,2.2878459426669147,0.1210571450832383,0.0597607390512566,0.1580424699618578,2.2878459426669147,,5,Ellagic acid,food_metabolome,mae,validation
26,0.4344471859247583,0.000908360301141,8.190550339226022e-06,0.0009124725190738,1.3725640077814332,0.0592004571820883,28,Epigallocatechin,food_metabolome,mae,validation
28,0.6080944972898653,0.0105980765362602,0.0005387744821975,0.0110174386329673,0.6571827589343915,0.0190353575555505,26,Ferulic acid,food_metabolome,mae,validation
33,1.6981812648402257,0.2240946983772754,0.3585284264774529,0.6346894687086899,2.143733852684981,0.0273590604223932,19,Gallic acid,food_metabolome,mae,validation
35,1.1467280331276433,0.0126453327241981,0.0017679763728137,0.0136443344769776,1.1082702794587165,2.1466296285197446,27,Genistein,food_metabolome,mae,validation
43,0.334421887904103,0.0012275874632895,7.447531737423351e-06,0.0012324749207062,0.8914668404429413,0.0305791865192821,17,Glycitein,food_metabolome,mae,validation
47,0.5749575810653903,0.0012867577197493,1.603625453723628e-05,0.0012954880871038,0.5912160008110964,0.0384297294570881,34,Histamine,food_metabolome,mae,validation
50,0.8372879327544502,0.0051611954077186,0.0002458306596718,0.0052867435187067,1.8773784624332197,0.2132336149471887,16,Isorhamnetin,food_metabolome,mae,validation
51,0.5961670734604321,0.0027970306616612,6.092611370226891e-05,0.0028320010131043,0.9566309242079356,0.1663832514153316,57,Kaempferol,food_metabolome,mae,validation
52,0.1541542209054107,0.1274146363303295,0.0309159645523946,0.2378551688790321,0.1541542209054107,,23,Lactic acid,food_metabolome,mae,validation
53,0.9744295065778974,0.0001838749457173,1.1253550793329049e-07,0.0001839315508634,0.9744295065778974,,4,Lariciresinol,food_metabolome,mae,validation
54,0.4619689200830745,0.0008668835530112,3.242355038406311e-06,0.0008689861493016,0.4619689200830745,,14,Lutein,food_metabolome,mae,validation
55,0.519095022264411,0.0053129612870122,0.0004174021318652,0.0055468534670523,1.2398089082725263,0.0201392550280235,44,Luteolin,food_metabolome,mae,validation
56,0.2549015220166228,0.1023390913903854,0.0276569457759549,0.1516936279681264,0.2549015220166228,,49,Malic acid,food_metabolome,mae,validation
58,1.2890975729862415,0.000134674624631,8.92549026326305e-08,0.000134719263764,1.6106373198885886,0.0029385853768537,5,Matairesinol,food_metabolome,mae,validation
61,0.3815590938074704,0.0009263806259248,5.649777113321705e-06,0.0009314332029482,0.57391938896631,0.1342387143175337,48,Myricetin,food_metabolome,mae,validation
62,0.317756542871844,0.003583284124611,9.237835788570392e-05,0.003660325830341,0.5849267216919342,0.1619072718934581,19,Naringenin,food_metabolome,mae,validation
65,1.087549917405509,0.0487754725147029,0.003491568995609,0.054317791900151,1.087549917405509,,4,Oxalic acid,food_metabolome,mae,validation
66,0.2931492165665867,8.555307903781478e-05,5.760478769456632e-08,8.57420551409645e-05,0.8244735788399958,0.080619471657223,14,Pelargonidin,food_metabolome,mae,validation
67,0.2246576265109379,0.000812312501993,6.838572078555552e-06,0.0008161765278915,0.7263548184915033,0.0016810967417978,13,Peonidin,food_metabolome,mae,validation
72,0.5971076441746824,5.106968475221155e-05,6.876575315716684e-09,5.1073342178691445e-05,0.5971076441746824,,4,Pinoresinol,food_metabolome,mae,validation
77,0.2964625975249628,0.0022033475833479,3.839325877541344e-05,0.00229225257401,0.2964625975249628,,17,Putrescine,food_metabolome,mae,validation
79,0.5278309678453172,0.00459491634916,0.00011786621158,0.0046741518055038,0.6207627484838796,0.2326358999345897,71,Quercetin,food_metabolome,mae,validation
82,0.2992656002858631,0.258750681732205,0.1436959905391097,0.5229818666974704,0.4488984004287947,0.0,6,Rosmarinic acid,food_metabolome,mae,validation
83,1.084936547290475,0.0001147140048969,2.2349913216306347e-08,0.0001147278776967,1.084936547290475,,5,Secoisolariciresinol,food_metabolome,mae,validation
88,0.1904455175901999,0.0007876449921044,2.5517068939259506e-06,0.0007890963436366,0.201358879464835,0.0813118988438484,11,Spermine,food_metabolome,mae,validation
90,1.25024956659772,0.0074932583293795,0.0003001496196918,0.0076458649970777,1.3402512799752335,0.950243855339342,13,Syringic acid,food_metabolome,mae,validation
91,0.4930692143929594,0.2123549843597152,0.1452465588723282,0.3390377334594726,0.4930692143929594,,5,Tartaric acid,food_metabolome,mae,validation
92,0.1362641695445036,0.0005101123041175,1.6028947894281927e-06,0.0005148454028258,0.1362641695445036,,9,Taurine,food_metabolome,mae,validation
93,0.0487838284252405,0.0070262415978291,0.0028096252374308,0.0089435029940176,0.8259456561096828,0.0003985465914433,1928,Theobromine,food_metabolome,mae,validation
96,0.2005852723250183,0.0019234951192574,3.0753475960743225e-05,0.0019583576524454,0.2297063458114045,0.0258588314067011,21,Tyramine,food_metabolome,mae,validation
98,0.3602649017267783,0.0006150648012614,1.20727145591977e-06,0.0006167561521388,0.2819449750093851,0.7127045719550473,11,Vanillic acid,food_metabolome,mae,validation
103,0.6091671708005465,0.0056310444253006,0.0001517618535326,0.0057595076901259,0.7050211083679404,0.0340435453961829,28,p-Coumaric acid,food_metabolome,mae,validation
104,0.0478821284430622,0.0371353985190255,0.0046409883747829,0.0736591359281662,0.0484951791951838,0.0053865649437296,1547,Alanine,nutrition,mae,validation
105,0.1457768699229536,0.0145093508817333,0.0018216723442142,0.0169560797502672,0.228506308241266,0.0462479481290513,1128,Arachidonic acid (20:4n-6),nutrition,mae,validation
106,0.0676402468050922,0.0556813117158581,0.0100812311924408,0.1204144268346793,0.0674969244209254,0.0737525998222993,1727,Arginine,nutrition,mae,validation
107,0.3154799211416216,0.0078511982396139,0.0002528733843641,0.0081627857953714,0.4521183553044039,0.0853520320253569,102,Ascorbic acid (vitamin C),nutrition,mae,validation
108,0.1043238776078683,0.1087033160964787,0.0429927481148425,0.4591968025524374,0.1055582116728036,0.021716371741968,3606,Ash,nutrition,mae,validation
109,0.050700602507356,0.0527824133364986,0.0091056385805601,0.1261290067756035,0.0506798100420018,0.0522589977856554,1519,Aspartic acid,nutrition,mae,validation
110,0.0816178746909077,0.199247405940942,0.1291233145748665,2.566525830076621,0.0883130730350535,0.0092260425948309,756,Available carbohydrate,nutrition,mae,validation
111,0.108161286980056,0.0180175118311564,0.0017302682991876,0.021282726905244,0.1524245331105505,0.0006648320917121,48,Beta-sitosterol,nutrition,mae,validation
112,0.1804782588899432,0.0066649247586676,0.0019716435698263,0.0080783349593384,0.1742901855859641,0.3372637698747833,498,Betaine,nutrition,mae,validation
113,0.334327168552848,8.822361666800027e-05,1.9059089071793557e-06,8.928738933544423e-05,0.3358479957354561,0.3208429795309095,1768,Biotin,nutrition,mae,validation
114,0.1006439307459229,0.0136632862000125,0.0021082372610015,0.0184359881063964,0.2375978798356236,0.0274146078292237,2269,Butyric acid (4:0),nutrition,mae,validation
115,0.3073949109878908,0.031853432130749,0.0080734352095022,0.0436133906597855,0.3083957261804667,0.2712951713320253,6878,Calcium,nutrition,mae,validation
116,0.2097987502237953,0.0055572076160126,0.0001137177626064,0.0058703491837168,0.2433996377600023,0.0921956438470706,36,Campesterol,nutrition,mae,validation
117,0.2558378335761108,4.844153933575312e-05,1.241854605430932e-07,4.850451267011676e-05,1.114232284022839,0.0080813409862381,2524,"Carotene, alpha",nutrition,mae,validation
118,0.4077336933153287,0.0003329997935633,3.2273450468566465e-06,0.0003353174426244,0.6294746647908949,0.0728020280087874,3736,"Carotene, beta",nutrition,mae,validation
119,0.482925232840749,0.4460811009781934,0.7629059431666677,3.842569276372592,0.4498912919436989,0.6976458486715742,15,Cellulose,nutrition,mae,validation
120,0.1816546229173644,0.0815404476045898,0.019644080989251,0.2320611900024175,0.1816546229173644,,343,Chloride,nutrition,mae,validation
121,0.232782760231851,6.977830129142933e-07,2.196214801182441e-11,6.977969736580995e-07,0.3279470882075158,0.1089430883959693,695,Cholecalciferol (vitamin D3),nutrition,mae,validation
122,0.1162121341490202,0.028636917816625,0.0566199483191707,0.1632141688106148,0.1910879123007745,0.0076942056425454,3992,Cholesterol,nutrition,mae,validation
123,0.1250507247316577,0.0076201781646789,0.0003373425517509,0.0083497408518401,0.1270713999906149,0.0573764733316728,1897,"Choline, total",nutrition,mae,validation
124,0.375880458348235,4.17431315598921e-05,5.617605820088196e-08,4.179003513774428e-05,0.4715914255321087,0.1182767577212612,278,Chromium,nutrition,mae,validation
125,0.166542222580499,6.801857939652334e-07,1.3433277584960072e-11,6.801980711754546e-07,0.2628696298335194,0.0143669751463183,4402,Cobalamin (vitamin B12),nutrition,mae,validation
126,0.1115666795559481,0.0125518887776006,0.0007043488393608,0.0176956635542613,0.1214825520159271,0.0405029269260985,98,Conjugated linoleic acids (18:2 CLA isomers),nutrition,mae,validation
127,0.2430702575204741,0.0001227108868623,1.5707659180480243e-06,0.000123559693908,0.245657520590333,0.1719509664625734,5038,Copper,nutrition,mae,validation
128,0.25387311599839,1.950793662711649e-05,4.898834695655285e-08,1.9532474255101572e-05,1.058753664867313,0.0040033378869125,2450,"Cryptoxanthin, beta",nutrition,mae,validation
129,0.0708024360324476,0.0213084973015225,0.0013586773415687,0.0265959436879433,0.0717375905641839,0.01871086507943,1531,Cystine,nutrition,mae,validation
130,0.1975305017305338,0.0237465812781717,0.0104109275312327,0.0399505142147635,0.3423015366473294,0.0500917099286552,2996,Decanoic acid (10:0),nutrition,mae,validation
131,0.1659683157794404,0.2208352221031917,0.1175137334845351,1.060503980532142,0.1995068180171137,0.0367426745239777,2543,"Dietary fibre, total",nutrition,mae,validation
132,0.1136849268025825,0.0134869512700781,0.0053056174020286,0.0294769535649378,0.3511191406693837,0.0180062144206493,2886,Docosahexaenoic acid (DHA; 22:6n-3),nutrition,mae,validation
133,0.2629689543689376,0.0169039475559906,0.0082922442098268,0.0265312280271939,0.3840292414720747,0.1049887947642628,1047,Docosanoic acid (22:0),nutrition,mae,validation
134,0.1305253207655619,0.0056307669020783,0.001104344049851,0.0074225340252761,0.3364019043108671,0.0322603649765874,2934,Docosapentaenoic acid (DPA; 22:5n-3),nutrition,mae,validation
135,0.1507800220514596,0.0016177683866222,1.7944823093521058e-05,0.0016310731945366,0.2789493577831019,0.0119299083421804,75,Docosatetraenoic acid (22:4; isomer unspecified),nutrition,mae,validation
136,0.1372454086568249,0.0122856521204937,0.0095396601164873,0.0421510050751584,0.7423214174991729,0.0315510417276327,733,Docosenoic acid (22:1; cis/trans unspecified),nutrition,mae,validation
137,0.3076849583404808,0.0561029740632165,0.063682545879722,0.1811233013391641,0.4427637013127275,0.080933714058206,3352,Dodecanoic acid (12:0),nutrition,mae,validation
138,0.2336098833324622,0.0143053273891372,0.0023874171730432,0.0170372696503026,0.2406520127919625,0.2009455427321815,998,Eicosanoic acid (20:0),nutrition,mae,validation
139,0.151068870250627,0.0120024190327301,0.0050342641250001,0.0230497011164795,0.4534956022836208,0.0242463863147603,3202,Eicosapentaenoic acid (EPA; 20:5n-3),nutrition,mae,validation
140,0.0994949853583987,0.0091359674456943,0.001071448826633,0.0108572865191226,0.1567968890375259,0.0571638493071516,772,Eicosatetraenoic acid (20:4; isomer unspecified),nutrition,mae,validation
141,0.1771555345946263,0.0043321614401055,0.0004638764240323,0.0046044745551488,0.3746459222632719,0.0563880313440158,224,Eicosatrienoic acid (20:3; isomer unspecified),nutrition,mae,validation
142,0.1718568643074494,0.0014654636953694,1.0792129420388016e-05,0.0014863932965215,0.2334340773280576,0.1122039391937351,63,Eicosatrienoic acid (20:3n-3),nutrition,mae,validation
143,0.1297608982781169,0.0034541368012456,9.036796174436494e-05,0.0035782311041742,0.1771749509112195,0.053251858801974,230,Eicosatrienoic acid (20:3n-6),nutrition,mae,validation
144,0.2380804391375317,0.0237870805139933,0.0053396191957528,0.0362641431922331,0.2792043733597236,0.1601467218216876,2654,Eicosenoic acid (20:1; isomer unspecified),nutrition,mae,validation
147,0.0163832122555775,0.0467728378317898,0.1223314157598417,0.2621238039061737,0.8132482889132249,5.719605088429446e-05,3138,Ethanol,nutrition,mae,validation
148,0.0818806141641493,0.1493442041121195,0.1084954364593943,1.5179075120268852,0.0840535036317139,0.0269350309277557,4833,"Fat, total",nutrition,mae,validation
149,0.1039740070944616,0.1307969655135998,0.0562619685536152,0.9561980344904302,0.1080625822024657,0.0340520026996567,3886,"Fatty acids, total monounsaturated",nutrition,mae,validation
150,0.1692366496565336,0.1571753606581613,0.0803511553942041,0.7834676435370038,0.1737141967115865,0.0750553423703684,3896,"Fatty acids, total polyunsaturated",nutrition,mae,validation
151,0.1043774664540864,0.122620926270911,0.049796207934262,0.8266286553811552,0.1085965426990353,0.0232217030751146,4023,"Fatty acids, total saturated",nutrition,mae,validation
152,0.1853032756867524,0.0642034474577469,0.0379638769903609,0.1609277327854599,0.2572612706600591,0.0611338983142092,1172,"Fatty acids, total trans",nutrition,mae,validation
153,0.1719634593804225,0.0503274597110178,0.0302573985307316,0.1407229400949276,0.1883890586550657,0.0742858956938773,521,"Fatty acids, total trans-monoenoic",nutrition,mae,validation
154,0.1894277082775655,0.0197940220434324,0.0042961252447966,0.0303070570227165,0.2187480961831046,0.0911345983466155,457,"Fatty acids, total trans-polyenoic",nutrition,mae,validation
155,0.25815578723323,1.4253620524262064e-05,1.8301023785094623e-09,1.4255747222274447e-05,0.271315069818329,0.1142178428508056,3170,"Folate, food",nutrition,mae,validation
156,0.2612572852713524,2.129276445612029e-05,6.0485227488327664e-09,2.1298679464577235e-05,0.2737116209901377,0.1038956609789108,3886,"Folate, total",nutrition,mae,validation
157,0.1472142123225321,1.535589565992266e-05,4.886095614989808e-09,1.5361139539332414e-05,0.2816496257237992,0.0277263184791933,3100,Folic acid,nutrition,mae,validation
158,0.2660386507288728,0.2043541919689689,0.1484961082318064,0.6479279107509868,0.3545130586750404,0.0509933421321342,1959,Fructose,nutrition,mae,validation
159,0.2129018529078734,0.0256507039401506,0.0145582627166985,0.0381411739079263,1.061035901696444,0.0072436637771448,1460,Galactose,nutrition,mae,validation
160,0.3038490388943798,0.2400524554797778,0.1919887935189116,0.7480339843507854,0.3734672945530174,0.075600398014992,2003,Glucose,nutrition,mae,validation
161,0.0487194892555977,0.0735925355422505,0.0180038984237829,0.2489579093832818,0.0492900493119418,0.0,1555,Glutamic acid,nutrition,mae,validation
162,0.079457301388215,0.0563599404204165,0.0122573672878295,0.1168825230467716,0.0796941711493901,0.0736027374047918,1713,Glycine,nutrition,mae,validation
165,0.1394775115095779,0.0115820607767885,0.0007145534990903,0.0131822888409718,0.1597460088013866,0.077261867481103,1138,Heptadecanoic acid (17:0),nutrition,mae,validation
166,0.1616593137632364,0.0074885996713594,0.000334354335657,0.0081717929993791,0.1994837645899732,0.1037283656128557,880,Heptadecenoic acid (17:1; isomer unspecified),nutrition,mae,validation
167,0.1049375171890036,0.1029871528664108,0.0379517993849893,0.4194549819971561,0.1073053425430589,0.0400669300097201,3436,Hexadecanoic acid (16:0),nutrition,mae,validation
168,0.2200161340647286,0.0511925473725197,0.0130124053808507,0.0893827810546409,0.2439812422060212,0.1037054758856553,878,Hexadecenoic acid (16:1; cis/trans unspecified),nutrition,mae,validation
169,0.0818579705406022,0.0091945535199025,0.0012316671469029,0.0111972317628777,0.2281482764725483,0.0188741787825859,2651,Hexanoic acid (6:0),nutrition,mae,validation
170,0.0570581773227766,0.0307225854774838,0.0028696175803545,0.0504543612426544,0.0579373891174488,0.0094711832623806,1562,Histidine,nutrition,mae,validation
171,0.0679598460304077,0.0171321554787712,0.0013023506070468,0.0201409060150011,0.0847848293948323,0.0097002021416542,299,Hydroxyproline,nutrition,mae,validation
172,0.2118971311782976,0.2678060664772473,0.097102956200461,1.7589308111648745,0.2230496117666291,0.0,20,Insoluble dietary fibers,nutrition,mae,validation
173,0.2315463629499761,0.0012329482512449,2.4808248911395405e-05,0.0012521908559215,0.2354406009965585,0.1070238439481415,5716,Iron,nutrition,mae,validation
174,0.0441307008616098,0.0312517463418323,0.0031483104800471,0.0560798155338467,0.0447509108422218,0.0103274072655528,1564,Isoleucine,nutrition,mae,validation
175,0.5497325059955523,0.2395723137934173,0.1123354609067635,0.4869152530136207,0.5497325059955523,,15,Isomeric linoleic acids (18:2),nutrition,mae,validation
176,0.7461911201442286,0.1318173165365908,0.0531445033186208,0.2044422397796503,0.420936724192064,1.210840257218749,17,Isomeric linolenic acids (18:3),nutrition,mae,validation
177,0.0880278468165076,0.0814704019031976,0.0458601729292476,0.2668219325710236,0.2437928402914425,0.0149567854459686,1909,Lactose,nutrition,mae,validation
178,0.0383140736475924,0.0376045658919072,0.0043407594465692,0.0848384647690066,0.0387511101122447,0.0046185622229033,1562,Leucine,nutrition,mae,validation
179,0.3588432666693044,0.2298753575989576,0.1651637164923644,1.819233606746968,0.3878688377853088,0.2645101605422901,17,Lignin,nutrition,mae,validation
180,0.1792652824521373,0.1391786446288363,0.0600063373996322,0.7354793180137618,0.1834840419179726,0.0743642057343473,1345,Linoleic acid (18:2n-6),nutrition,mae,validation
181,0.3014765265433848,0.0001969349572926,1.047489486866751e-06,0.000197885916836,0.381241188475486,0.1051732749460719,1277,Lutein + zeaxanthin,nutrition,mae,validation
182,0.0805251300964437,0.000233012829784,2.3825492932752163e-06,0.0002343649416943,0.7132227919988955,0.0057089311637852,2090,Lycopene,nutrition,mae,validation
183,0.0524861459673045,0.0447047795690035,0.0055408771312109,0.101608047291739,0.0531786303453448,0.0037289504407365,1571,Lysine,nutrition,mae,validation
184,0.1661599079308429,0.0113540065692752,0.0010958277594971,0.0128865659372799,0.1680602004085011,0.0556569389469958,6213,Magnesium,nutrition,mae,validation
185,0.2524304477721096,0.1088609153086816,0.0750187904795075,0.2166702433725156,0.502544481497224,0.0517942052120763,1924,Maltose,nutrition,mae,validation
186,0.2836365625517711,0.000386600605285,7.607049350641637e-06,0.0003910166797634,0.2850260605415722,0.2674979445320306,3266,Manganese,nutrition,mae,validation
188,0.1539333882033489,1.3231126914626097e-06,3.48542123242934e-12,1.32311942275419e-06,0.1710370980037211,0.0,10,Menaquinone-4,nutrition,mae,validation
189,0.0592255316327984,0.0260315203459906,0.0019758474712716,0.0379825744191063,0.0602401683459724,0.0123447835469475,1570,Methionine,nutrition,mae,validation
190,0.2980404801925565,1.958043318763744e-05,7.732105473718723e-09,1.9585552550050795e-05,0.3367026011745692,0.1071462578438689,190,Molybdenum,nutrition,mae,validation
191,0.1965879583083676,0.0009870877666981,6.837150898050469e-06,0.0009943322970466,0.2024255946527945,0.0578281311261334,5427,Niacin,nutrition,mae,validation
192,0.1642943656486834,0.0011858286991436,1.1575771619570383e-05,0.0012001851994194,0.1714908959214241,0.0380695092775966,1168,Nicotinic acid,nutrition,mae,validation
193,0.2634969500103974,0.1940937605559489,0.1321999569111432,0.9852900094902236,0.2637813327910396,0.2553966275811359,914,Octadecadienoic acid (18:2; isomer unspecified),nutrition,mae,validation
194,0.1366246308381423,0.0921738827831625,0.0322448263817956,0.2648458754144773,0.1426804807534917,0.0359831615025771,3429,Octadecanoic acid (18:0),nutrition,mae,validation
195,0.0634656206169188,0.0036068620605719,0.0007097869623169,0.0058784089209116,0.5574986591497813,0.0143644776434692,719,Octadecatetraenoic acid (18:4; isomer unspecified),nutrition,mae,validation
196,0.3420350597863988,0.065355529144612,0.0222971397070675,0.1116232334884676,0.3419422329983844,0.3430699530311536,899,Octadecatrienoic acid (18:3; isomer unspecified),nutrition,mae,validation
197,0.1914196999232209,0.2265190228219882,0.1433694294341991,1.5273807977687195,0.1960677973753256,0.07495165805191,912,Octadecenoic acid (18:1; cis/trans unspecified),nutrition,mae,validation
198,0.1567853181914384,0.020262629087276,0.0106342403679118,0.032809918704873,0.364394212913289,0.0300984745760333,2755,Octanoic acid (8:0),nutrition,mae,validation
199,0.2074565233896415,0.0003095021703193,6.314930914157344e-06,0.0003130540847396,0.213491026959246,0.1210877119183294,2974,Pantothenic acid (vitamin B5),nutrition,mae,validation
200,0.178380628203643,0.0088749225233794,0.0009730041806627,0.0100466506866047,0.2202521736907083,0.0973458529061658,1081,Pentadecanoic acid (15:0),nutrition,mae,validation
201,0.1121373847319696,0.0028755797377962,0.0006651153503629,0.0032612403301919,1.5161758313299962,0.000283798869458,777,Pentadecenoic acid (15:1; isomer unspecified),nutrition,mae,validation
202,0.0398505461452276,0.0286564553466329,0.0025486884724131,0.049686808316993,0.0404158747198587,0.0080981861540383,1573,Phenylalanine,nutrition,mae,validation
203,0.1276898110657118,0.0332551444266813,0.0044519922940557,0.0425932918046493,0.130753090234124,0.0128774330701898,5470,Phosphorus,nutrition,mae,validation
204,0.15098881521757,0.0148634037627642,0.0011309279559555,0.0167392768070395,0.2142662966973971,0.0750558374417773,66,Phytosterols,nutrition,mae,validation
205,0.1591669615153565,0.0644369161539294,0.0157314937765934,0.1017549174895406,0.1612581415273117,0.0429558385272665,5513,Potassium,nutrition,mae,validation
206,0.0613711054906284,0.0523990731123463,0.0084365519755727,0.104239147095301,0.0622491133157633,0.0056907759133238,1546,Proline,nutrition,mae,validation
207,0.0821316531476351,0.1664072099029401,0.0728541786171397,1.6219945962513267,0.0841039519276875,0.0323631606810643,4633,"Protein, total",nutrition,mae,validation
208,0.2287066055122889,6.883871080476854e-05,3.367724395281595e-07,6.918243841395407e-05,0.4015570906688371,0.0474433247322619,5057,Retinol,nutrition,mae,validation
209,0.1992606327415747,8.115544518019905e-05,5.543931773336161e-08,8.121179664682557e-05,0.2060058966764628,0.0564457316251515,4691,Riboflavin (vitamin B2),nutrition,mae,validation
210,0.1992301425648075,5.731875873581285e-06,1.426928158728568e-09,5.732686283684458e-06,0.2067152740363188,0.106806569350258,4249,"Selenium, Se",nutrition,mae,validation
211,0.0407159405390096,0.0302149183727399,0.0028920338406192,0.0539987228576687,0.04123105456385,0.0051262442773124,1542,Serine,nutrition,mae,validation
212,0.2607061518846424,0.0777912438771616,0.0403655458503808,0.1760608040403171,0.2639902053947088,0.12135226716999,4705,Sodium,nutrition,mae,validation
213,0.1127562773444029,0.1127562740812252,0.0334311720047433,0.2161012692761063,0.1931487668628527,0.0055662913198032,14,Sorbitol,nutrition,mae,validation
214,0.1204579080981262,0.3302364261981295,0.4695344390732675,3.5665232187439613,0.1644345812809181,0.0365060700420281,1292,Starch,nutrition,mae,validation
215,0.044301483741221,0.0148947397732166,0.0062842308747249,0.0187374423246841,0.8858565632508615,9.111135450536597e-06,140,Stearidonic acid,nutrition,mae,validation
216,0.1973236104073827,0.0031742792964,6.956876995133872e-05,0.0032377307209162,0.2655993328562531,0.0835307396592654,48,Stigmasterol,nutrition,mae,validation
217,0.3191361682695934,0.3529594424941872,0.3701654248588515,2.2991625736014214,0.3957869433164316,0.1171148752012269,1021,Sucrose,nutrition,mae,validation
218,0.2224943834532617,0.3463443313319003,0.2981827656798421,3.218365825887605,0.2355984091657046,0.1205472197348641,3185,"Sugars, total",nutrition,mae,validation
219,0.4011222491624673,0.0996189168602095,0.0180103757926958,0.1187986508567631,0.4011222491624673,,20,Sulfur,nutrition,mae,validation
220,0.1985462405609233,0.0061411647365806,0.0005237170540719,0.0067977312234351,0.2648600376177399,0.1151431736743389,806,Tetracosanoic acid (24:0),nutrition,mae,validation
221,0.1963340069337165,0.0593340462858956,0.0322626986505364,0.1480883965401969,0.2246006538730365,0.0364876764849496,3308,Tetradecanoic acid (14:0),nutrition,mae,validation
222,0.1560877652052763,0.011383449082412,0.0014236372189907,0.0139533109112779,0.2339920531810845,0.0509314650447134,1002,Tetradecenoic acid (14:1; isomer unspecified),nutrition,mae,validation
223,0.2367288995173686,7.8289214066128e-05,8.597613425697314e-08,7.83550194532483e-05,0.2449915957080601,0.0960894068180317,5049,Thiamin (vitamin B1),nutrition,mae,validation
224,0.04619792274749,0.0309538073148644,0.0027188343736945,0.0544956262033127,0.0467905030179855,0.0047711747464853,1560,Threonine,nutrition,mae,validation
225,0.2720841852423148,4.793814667309274e-05,6.76579631418652e-08,4.7977136581321954e-05,0.3547680735860735,0.1211146423723722,1452,"Tocopherol, beta",nutrition,mae,validation
226,0.2924923620517562,0.0001691442337917,1.0548505654320702e-06,0.0001699876174174,0.4230862345644492,0.1188066079677056,1454,"Tocopherol, delta",nutrition,mae,validation
227,0.4066609515193324,0.0008605500901739,1.180100658154388e-05,0.0008717061949491,0.4491996356487916,0.2285138775895086,1548,"Tocopherol, gamma",nutrition,mae,validation
228,0.4131742680220852,8.323217996302258e-05,2.461759141780778e-07,8.336151522559761e-05,0.5308389586484412,0.1825649603188544,1033,"Tocotrienol, alpha",nutrition,mae,validation
229,0.1180160667817298,4.97206224122126e-05,2.3612977705634843e-08,4.974042431145345e-05,0.4289952988345707,0.0471192470391133,237,"Tocotrienol, beta",nutrition,mae,validation
230,0.0328799600540903,4.552893345417309e-06,7.968038958684341e-10,4.553291792163865e-06,0.5942917608137004,4.494243842922658e-06,235,"Tocotrienol, delta",nutrition,mae,validation
231,0.3798595731842462,8.763250429812826e-05,1.072036552921014e-07,8.769598035967482e-05,0.7395922385323397,0.1451403872833625,233,"Tocotrienol, gamma",nutrition,mae,validation
232,0.0556043832075336,0.0005990845311948,1.3364785935663776e-05,0.0006058237570525,1.2102910218523788,9.06025034545215e-05,109,Tridecanoic acid (13:0),nutrition,mae,validation
233,0.0960946202807913,0.0224513806882121,0.0015958518026008,0.027054296949445,0.0970966190951807,0.0772632416650947,2819,Tryptophan,nutrition,mae,validation
234,0.052121579402906,0.0311764342507341,0.0029549504973428,0.0505859159765092,0.0529240322735762,0.0086797164890307,1553,Tyrosine,nutrition,mae,validation
235,0.0445107876168768,0.034448494897663,0.0037251960350395,0.0652608230748425,0.0451066564582218,0.0045357605649066,1566,Valine,nutrition,mae,validation
236,0.2031432587269446,7.636243180711761e-05,5.3493769917261274e-08,7.641989785490531e-05,0.2105879132925469,0.0793758765738078,282,Vitamin B6 - Pyridoxin,nutrition,mae,validation
237,0.2184576791715759,5.802733375765383e-07,2.9073726404543194e-11,5.802921849156297e-07,0.3837306473641756,0.0881271238782295,4761,Vitamin D (D2 + D3),nutrition,mae,validation
238,0.1809839524424601,1.1012052527490165e-07,8.448254843776578e-13,1.1012094769082373e-07,1.005638047692621,1.3613939280181587e-05,1168,Vitamin D2 (ergocalciferol),nutrition,mae,validation
239,0.0658247712035138,0.2462416434801622,0.2541247843569304,7.291141510380748,0.0659897089843345,0.0473198144870233,5247,Water,nutrition,mae,validation
241,0.1879512347229255,0.000584989134745,5.093700636403162e-06,0.0005890120512932,0.1907338666221651,0.0872440138230241,5536,Zinc,nutrition,mae,validation
242,0.187267775378629,0.0093427297515835,0.0011492988164278,0.0102814181567295,0.323658603408085,0.0418593719422669,250,"cis,cis-Eicosadienoic acid (20:2n-6)",nutrition,mae,validation
243,0.3802693871751761,0.0044021207908786,0.0002737807508741,0.0045618925283485,0.5531429328956484,0.1864414722764648,70,cis-Docosenoic acid (22:1 cis),nutrition,mae,validation
244,0.0979342915045873,0.0201599508620255,0.0007938174084101,0.0238613628728272,0.0948247185227751,0.1624579308771897,87,cis-Hexadecenoic acid (16:1 cis),nutrition,mae,validation
245,0.1548234764438602,0.2219030708563135,0.1142096985242715,1.9628312498695808,0.1548234764438602,,153,cis-Octadecenoic acid (18:1 cis),nutrition,mae,validation
246,0.2449006342022963,0.0032543502082935,0.0001038447901,0.0033585442797766,0.4605141655861435,0.1129580254450167,108,cis-Tetracosenoic acid (24:1 cis),nutrition,mae,validation
247,0.2378398298624861,0.0195373839898415,0.0019984481177007,0.0212588128614283,0.1334004010829118,1.2300144032684424,21,"trans,trans-Linoleic acid (18:2 trans,trans)",nutrition,mae,validation
248,0.0759863481443576,0.0001176491681547,1.5659393844293501e-07,0.0001177275212077,0.7741187636668266,0.0001023899353936,51,trans-Docosenoic acid (22:1 trans),nutrition,mae,validation
249,0.0999476510035534,0.002623337463464,1.9030864030166752e-05,0.0026871821873218,0.145844520614168,0.0015972161236651,66,trans-Hexadecenoic acid (16:1 trans),nutrition,mae,validation
250,0.2252559954461105,0.0257562850173775,0.0046587969252675,0.0309484038730959,0.240926029895852,0.0450505992740832,75,trans-Linoleic acid (18:2; isomer unspecified),nutrition,mae,validation
251,0.2519483236501782,0.1310239792688795,0.1658865673076706,0.5030161205437881,0.2534978399537236,0.2431228177473758,154,trans-Octadecenoic acid (18:1 trans),nutrition,mae,validation
2,0.3962359346581424,0.1835527338843059,0.1093733217219391,0.3291814785036775,0.3962359346581424,,18,Acetic acid,food_metabolome,capacity256,validation
7,0.3922395742095305,0.0017903515953578,8.051270674633251e-05,0.0018313427155335,1.1446874533131022,0.0009666770756733,38,Apigenin,food_metabolome,capacity256,validation
9,0.6093706695741937,0.0008618276898855,4.070649068620014e-06,0.0008669349422683,0.6093706695741937,,13,Benzoic acid,food_metabolome,capacity256,validation
11,0.4954223073743398,0.0019180162203098,1.9786072801256512e-05,0.001929100400623,0.4891665073375256,0.5642361077792972,12,Cadaverine,food_metabolome,capacity256,validation
12,1.2601375761503777,0.0701745406018971,0.0578150064923468,0.1114112693512774,1.2612083248649877,1.251214670195296,28,Caffeic acid,food_metabolome,capacity256,validation
13,0.0762355353045876,0.0025880071134836,0.001093954780642,0.0033415027932494,0.8933247590567475,5.779985395911416e-05,1962,Caffeine,food_metabolome,capacity256,validation
15,0.703963561116367,0.0100187983390504,0.0019535796119815,0.0111962709037393,0.7864567738434848,0.5114793980864256,30,Catechin,food_metabolome,capacity256,validation
16,0.1532125658887242,0.0102978336321058,0.000465683767937,0.0111708141488521,0.1557349366566009,0.0287756080068093,755,Choline,food_metabolome,capacity256,validation
18,0.2586604143509695,0.1161697742292368,0.0308135431110085,0.1755904508966666,0.2586604143509695,,52,Citric acid,food_metabolome,capacity256,validation
21,0.8195020848648523,0.0096462416038259,0.0003085864859542,0.0098362513929482,0.7370317275644203,0.9349605850854572,12,Cyanidin,food_metabolome,capacity256,validation
22,0.6647677927235948,0.0046218182773456,6.049959010407831e-05,0.0046667883416419,0.8820082117479753,0.0854600086585801,11,Daidzein,food_metabolome,capacity256,validation
24,0.6922170840441515,0.0044044241900325,0.0001063108448679,0.0044625354824268,1.5822000140062389,8.138518083597267e-06,16,Delphinidin,food_metabolome,capacity256,validation
25,2.166267387489567,0.120081090655355,0.0608148540161702,0.1570517304105141,2.166267387489567,,5,Ellagic acid,food_metabolome,capacity256,validation
26,0.4092106220779496,0.0008916456544752,8.1825447174235e-06,0.0008957541754988,1.371499297615655,0.0242951518628674,28,Epigallocatechin,food_metabolome,capacity256,validation
28,0.4526478032386111,0.0087070218722745,0.0005813730436316,0.0090957082710699,0.4888637212448869,0.0180567871633026,26,Ferulic acid,food_metabolome,capacity256,validation
33,1.7287067753167318,0.2211085076271625,0.3590904052090135,0.6315240563065546,2.1845943111756845,0.01912851584566,19,Gallic acid,food_metabolome,capacity256,validation
35,1.249538254285356,0.0101914099846489,0.0016136336733566,0.0110631182457714,1.285049922603665,0.3262348780093341,27,Genistein,food_metabolome,capacity256,validation
43,0.4111439728819715,0.001247019986424,7.830162680486786e-06,0.0012515224526424,0.9711895774599828,0.1056645522030563,17,Glycitein,food_metabolome,capacity256,validation
47,0.5517378244429714,0.0012592067222171,1.6385614483357392e-05,0.0012682797320732,0.5672619485784547,0.0394417279720205,34,Histamine,food_metabolome,capacity256,validation
50,0.6627223689196076,0.0048594232640957,0.000242978110722,0.0049845744131325,1.7621610163989618,0.0030591804319948,16,Isorhamnetin,food_metabolome,capacity256,validation
51,0.6291684547145869,0.0021688825804851,2.692358915367692e-05,0.0021837860809454,0.9297548968943902,0.2707769275002062,57,Kaempferol,food_metabolome,capacity256,validation
52,0.1787030774951608,0.1470739375777691,0.0397906716538639,0.2645835706656393,0.1787030774951608,,23,Lactic acid,food_metabolome,capacity256,validation
53,0.8358621754385178,0.0001762847263584,1.1003739000085641e-07,0.00017634121576,0.8358621754385178,,4,Lariciresinol,food_metabolome,capacity256,validation
54,0.6620870026983675,0.0010443102073525,3.8259964632317455e-06,0.0010465329063957,0.6620870026983675,,14,Lutein,food_metabolome,capacity256,validation
55,0.4200745566753311,0.0052204922016128,0.0004218049023423,0.005459196497632,0.9810432717773928,0.0317116000662116,44,Luteolin,food_metabolome,capacity256,validation
56,0.306341858434177,0.1230609305933296,0.0374007453230583,0.1822947519166129,0.306341858434177,,49,Malic acid,food_metabolome,capacity256,validation
58,1.507591728417402,0.0001358832650936,8.921167911986042e-08,0.0001359279079541,1.882870298167248,0.0064774494180189,5,Matairesinol,food_metabolome,capacity256,validation
61,0.5961160819924697,0.0014101698286576,1.2393404026521244e-05,0.0014168159916105,0.8343773544850772,0.2897801602162598,48,Myricetin,food_metabolome,capacity256,validation
62,0.3922988752695566,0.0167911319651369,0.0037960935876481,0.0196943325122721,0.8825142084268658,0.106339930927793,19,Naringenin,food_metabolome,capacity256,validation
65,2.17615559991601,0.2935188306592375,0.191909061559377,0.455953139308379,2.17615559991601,,4,Oxalic acid,food_metabolome,capacity256,validation
66,0.3053501089284181,0.0001377714774579,2.3663342890428707e-07,0.0001379975739767,0.8295149336191255,0.0956841790521351,14,Pelargonidin,food_metabolome,capacity256,validation
67,0.2403206645924222,0.0008077021213919,6.632119137979973e-06,0.0008115361182008,0.7151983027916188,0.0292639365038904,13,Peonidin,food_metabolome,capacity256,validation
72,1.049178810917947,0.0001127099013214,1.846514690034017e-08,0.0001127206988198,1.049178810917947,,4,Pinoresinol,food_metabolome,capacity256,validation
77,0.2111600598925564,0.0016890639850858,1.9554685541677637e-05,0.0017263628181904,0.2111600598925564,,17,Putrescine,food_metabolome,capacity256,validation
79,0.6335330062600839,0.0061946454802945,0.0001925943891408,0.0063217960212771,0.7139469950613704,0.3781003359501153,71,Quercetin,food_metabolome,capacity256,validation
82,0.4551782883021384,0.3968192706862605,0.2471219128535996,0.869157214363416,0.6827674324532076,0.0,6,Rosmarinic acid,food_metabolome,capacity256,validation
83,1.1205537933271763,0.0001162320608049,2.5504080323267127e-08,0.0001162459641639,1.1205537933271763,,5,Secoisolariciresinol,food_metabolome,capacity256,validation
88,0.1256999076820233,0.0004122099133816,3.0806260955142613e-07,0.0004125639372151,0.1238854730899102,0.1438442536031546,11,Spermine,food_metabolome,capacity256,validation
90,1.0902664232792016,0.007420949132422,0.0002677743451641,0.0075735046825968,0.9820890034730916,1.4508578226329016,13,Syringic acid,food_metabolome,capacity256,validation
91,0.2749056241735011,0.1256631816196182,0.0317639776514625,0.2175486645936966,0.2749056241735011,,5,Tartaric acid,food_metabolome,capacity256,validation
92,0.1940534807017027,0.0007074421068995,2.9602734070303734e-06,0.000714283802547,0.1940534807017027,,9,Taurine,food_metabolome,capacity256,validation
93,0.0354858265049257,0.0056986881272758,0.0017146409075309,0.0075456070547385,0.4751771913210706,0.0081111024144439,1928,Theobromine,food_metabolome,capacity256,validation
96,0.2078494405120867,0.0018970020165707,2.7089388547214823e-05,0.0019257483134721,0.2250585177521797,0.104594977071529,21,Tyramine,food_metabolome,capacity256,validation
98,0.2599795536852111,0.0003936108804703,3.168263987262824e-07,0.0003945328539041,0.2283536959120744,0.4022959136643262,11,Vanillic acid,food_metabolome,capacity256,validation
103,0.5903796121404307,0.0048106251957169,0.000206879615661,0.0049200600824344,0.6879084048062983,0.0052068561452255,28,p-Coumaric acid,food_metabolome,capacity256,validation
104,0.0540213772217995,0.0421012489880078,0.0056164260085,0.0848889625814681,0.0547051569337987,0.0066230108218526,1547,Alanine,nutrition,capacity256,validation
105,0.1578695085899308,0.0146153535239988,0.0010051055747012,0.0160069469640031,0.2462348012532368,0.0515221639697561,1128,Arachidonic acid (20:4n-6),nutrition,capacity256,validation
106,0.0770643269607482,0.0635101261386415,0.0122214429210472,0.1365085738912048,0.077089323592138,0.0783422451640247,1727,Arginine,nutrition,capacity256,validation
107,0.35049166330222,0.008379712017782,0.0003714524204754,0.0086763795866128,0.4994160663435461,0.0996716160747235,102,Ascorbic acid (vitamin C),nutrition,capacity256,validation
108,0.1055298396960133,0.1100171241600385,0.0466897311194256,0.4773588563885598,0.106631198635957,0.0308361728520397,3606,Ash,nutrition,capacity256,validation
109,0.0559343066685317,0.0582224561854127,0.0096821075144484,0.1387639907621881,0.05589099510533,0.0591805083305034,1519,Aspartic acid,nutrition,capacity256,validation
110,0.1042812719022952,0.2432316509485736,0.1863638656318834,3.283048290882788,0.1129138459200368,0.0109415653354635,756,Available carbohydrate,nutrition,capacity256,validation
111,0.1408536339650166,0.0241566953113672,0.0039705890766227,0.0284892297055528,0.1898568815980894,0.0218457468561255,48,Beta-sitosterol,nutrition,capacity256,validation
112,0.2118666805332875,0.0074963294644336,0.0021866998765247,0.0089506508976373,0.2080629316315067,0.3051048182467698,498,Betaine,nutrition,capacity256,validation
113,0.4072329143306503,9.476781574501464e-05,2.048528136964789e-06,9.58221246044327e-05,0.4122912003745012,0.3605950787519753,1768,Biotin,nutrition,capacity256,validation
114,0.110314984091833,0.014803362415404,0.002480266143393,0.0203225942411438,0.2595340882583612,0.0305999522856871,2269,Butyric acid (4:0),nutrition,capacity256,validation
115,0.3291739202466226,0.0336546144043982,0.0084264569522369,0.0451480099319827,0.3303913875605573,0.2869870017248682,6878,Calcium,nutrition,capacity256,validation
116,0.1687292623123329,0.0062198171953751,0.0003994237201918,0.0067063673274692,0.2014391577514264,0.0542446282755055,36,Campesterol,nutrition,capacity256,validation
117,0.2757978951056372,4.86635866575132e-05,1.2571645942740238e-07,4.8726529580440624e-05,1.227652288915671,0.0009230942352646,2524,"Carotene, alpha",nutrition,capacity256,validation
118,0.4575062137423438,0.0003561658790343,3.683235633417109e-06,0.0003585522147124,0.6904062557468439,0.1065336980332839,3736,"Carotene, beta",nutrition,capacity256,validation
119,0.5365707850913286,0.495874640639272,1.0365808338423246,4.195526733001073,0.5302546279743088,0.5776258063519581,15,Cellulose,nutrition,capacity256,validation
120,0.1995907135568523,0.0882865786313761,0.0230092125556303,0.4334538229734974,0.1995907135568523,,343,Chloride,nutrition,capacity256,validation
121,0.2845534828051124,6.104253428518532e-07,6.953310951629855e-12,6.104312810564312e-07,0.4429857200818042,0.0783817303225298,695,Cholecalciferol (vitamin D3),nutrition,capacity256,validation
122,0.131696357191676,0.0304306063167256,0.0571276596178826,0.1647858956603405,0.2152075917935101,0.0106058094338198,3992,Cholesterol,nutrition,capacity256,validation
123,0.1334211709244641,0.0079502140860503,0.000305710157453,0.0086321430181906,0.1356002539201047,0.0604417004159212,1897,"Choline, total",nutrition,capacity256,validation
124,0.3962166689146799,5.237811925273162e-05,8.205474919740896e-08,5.243998732961299e-05,0.4980861049133488,0.1267255989271036,278,Chromium,nutrition,capacity256,validation
125,0.1832825297546781,7.538584964533022e-07,1.7637498477751973e-11,7.538719660991095e-07,0.2812525809075766,0.0285753241598163,4402,Cobalamin (vitamin B12),nutrition,capacity256,validation
126,0.1216637788927574,0.0111405313461438,0.0012808957654246,0.013801591227501,0.133205687727101,0.0389467655799615,98,Conjugated linoleic acids (18:2 CLA isomers),nutrition,capacity256,validation
127,0.2598558390462628,0.0001273250359633,1.5773496242311796e-06,0.0001281746705127,0.2621800071174383,0.2021522836907974,5038,Copper,nutrition,capacity256,validation
128,0.2596236820272803,1.9566269807439525e-05,4.89954297227652e-08,1.959080797994394e-05,1.0787660452560166,0.0052816301357671,2450,"Cryptoxanthin, beta",nutrition,capacity256,validation
129,0.0753192763933697,0.0229409727118023,0.0017676223095431,0.0289983075427753,0.0763051559807779,0.0204021319688557,1531,Cystine,nutrition,capacity256,validation
130,0.224753558654227,0.0260861148008217,0.0108492757967694,0.0399677805741652,0.3873466114690228,0.0590031062310077,2996,Decanoic acid (10:0),nutrition,capacity256,validation
131,0.1709254696112253,0.2280660133855254,0.1224451825706772,1.0975936535680448,0.2017651583739641,0.0520985008860921,2543,"Dietary fibre, total",nutrition,capacity256,validation
132,0.1291604605218093,0.0146561703642038,0.0058772845114129,0.0310705423819356,0.3993365630889947,0.0202815697755697,2886,Docosahexaenoic acid (DHA; 22:6n-3),nutrition,capacity256,validation
133,0.302488562360853,0.0189742730841265,0.0096179926294299,0.0290008558569867,0.4242774165098948,0.1425597738548237,1047,Docosanoic acid (22:0),nutrition,capacity256,validation
134,0.1447102766519377,0.0062577588472503,0.001458403057224,0.0085024661429211,0.3623142646582211,0.0409920865078583,2934,Docosapentaenoic acid (DPA; 22:5n-3),nutrition,capacity256,validation
135,0.1869796249661838,0.0019085115567432,1.9751620338009308e-05,0.0019228016974174,0.3452651046565644,0.0155036886349381,75,Docosatetraenoic acid (22:4; isomer unspecified),nutrition,capacity256,validation
136,0.1624611032025145,0.0166305546449531,0.0252443423707132,0.0522336640995654,1.0264568270056336,0.0115387732433158,733,Docosenoic acid (22:1; cis/trans unspecified),nutrition,capacity256,validation
137,0.3426962818866614,0.061970202158498,0.0719550723478208,0.2003968738404301,0.483730412322337,0.1054807015852078,3352,Dodecanoic acid (12:0),nutrition,capacity256,validation
138,0.2428858484030741,0.015490043530891,0.0026277969888092,0.018571082077471,0.2415298878024031,0.2491753605677687,998,Eicosanoic acid (20:0),nutrition,capacity256,validation
139,0.1565882388405207,0.0112957354354606,0.0040452804482347,0.0195771024826281,0.4704866852497112,0.0248697245733207,3202,Eicosapentaenoic acid (EPA; 20:5n-3),nutrition,capacity256,validation
140,0.1064014899931126,0.0096734577990594,0.0012611439905776,0.0113763275917966,0.1791878576613073,0.0526313805445363,772,Eicosatetraenoic acid (20:4; isomer unspecified),nutrition,capacity256,validation
141,0.1912603551207169,0.0043530708223635,0.0004630079926662,0.0046195211007238,0.4674960550876213,0.0223392436301639,224,Eicosatrienoic acid (20:3; isomer unspecified),nutrition,capacity256,validation
142,0.1874011384404753,0.0017514682626878,2.100239031278857e-05,0.0017819304978412,0.237645385369933,0.1387270242275632,63,Eicosatrienoic acid (20:3n-3),nutrition,capacity256,validation
143,0.1442788322964742,0.0038304015004032,8.518089759021275e-05,0.0039652845033526,0.191342291219847,0.0683355235792135,230,Eicosatrienoic acid (20:3n-6),nutrition,capacity256,validation
144,0.2547121031880749,0.0253914758932936,0.0063483788960427,0.0385771819238889,0.2869311878347386,0.1941081688034021,2654,Eicosenoic acid (20:1; isomer unspecified),nutrition,capacity256,validation
147,0.0164929590718621,0.0477043405815436,0.1221229750571619,0.2630568317264032,0.8129946763538818,0.0001743873031573,3138,Ethanol,nutrition,capacity256,validation
148,0.0912540497150583,0.1653782989650068,0.1209385471944114,1.6806211096434889,0.0936064287510903,0.0317096134281029,4833,"Fat, total",nutrition,capacity256,validation
149,0.1102824348035469,0.1386943569891582,0.0612811952498582,1.0325230621536123,0.1148094758245701,0.0329906675768464,3886,"Fatty acids, total monounsaturated",nutrition,capacity256,validation
150,0.1868732829329724,0.1735465108485384,0.0898858712888279,0.8592867212332691,0.1920610270807115,0.0775466902695315,3896,"Fatty acids, total polyunsaturated",nutrition,capacity256,validation
151,0.1158476075579376,0.1359111708270383,0.0569948957122859,0.9357821885572326,0.1206517209672109,0.0234702502093799,4023,"Fatty acids, total saturated",nutrition,capacity256,validation
152,0.2013859443193992,0.0686064949897464,0.0371212883949709,0.1536416771712432,0.2729058167929709,0.0779725829812825,1172,"Fatty acids, total trans",nutrition,capacity256,validation
153,0.2026387960333385,0.0601812149243118,0.0496597656076174,0.183390363081872,0.2152319202994186,0.1277516837310491,521,"Fatty acids, total trans-monoenoic",nutrition,capacity256,validation
154,0.2268564238729497,0.0223103983051393,0.0056186330224038,0.0347541819668272,0.2268083137189214,0.2270177074369301,457,"Fatty acids, total trans-polyenoic",nutrition,capacity256,validation
155,0.2801522916203736,1.579291942183042e-05,2.59312217891767e-09,1.5795187602109663e-05,0.2913954401039455,0.157379813185485,3170,"Folate, food",nutrition,capacity256,validation
156,0.2962146077577602,2.4241799261178065e-05,7.651048353138811e-09,2.424802905526545e-05,0.307590660000942,0.1524771897658385,3886,"Folate, total",nutrition,capacity256,validation
157,0.1712333948854898,1.761636920484995e-05,6.407101630868206e-09,1.7622275645950328e-05,0.3284385743337946,0.0313834572100079,3100,Folic acid,nutrition,capacity256,validation
158,0.2824299914081244,0.2162762181329309,0.1592080955138922,0.6569301584843217,0.369022642485843,0.0720708616480655,1959,Fructose,nutrition,capacity256,validation
159,0.2161555413161489,0.0257987240443455,0.0145020585835771,0.038297145254932,1.0567595856373146,0.0123380336594251,1460,Galactose,nutrition,capacity256,validation
160,0.3123796040251707,0.2451246913548199,0.1889657965792258,0.7308801556167391,0.3826686061298114,0.0821997752896878,2003,Glucose,nutrition,capacity256,validation
161,0.0551387162967473,0.0824189746410408,0.0198665483754975,0.2891883733873269,0.055782084026568,0.0002022607003929,1555,Glutamic acid,nutrition,capacity256,validation
162,0.0860686300830179,0.0610366457710798,0.0125705808985891,0.125793815549864,0.0860569472514438,0.0860367813609247,1713,Glycine,nutrition,capacity256,validation
165,0.1549803582904105,0.013024498514558,0.0008791750518478,0.0149470809694217,0.1750957491998955,0.0931617104140762,1138,Heptadecanoic acid (17:0),nutrition,capacity256,validation
166,0.1857772219609652,0.0084762662794542,0.0003655543697684,0.0090931004224147,0.2212944779043003,0.1316535136982566,880,Heptadecenoic acid (17:1; isomer unspecified),nutrition,capacity256,validation
167,0.1198536092923867,0.1176220939126436,0.0465769069609793,0.4780940783514479,0.1227399938397122,0.040776214462768,3436,Hexadecanoic acid (16:0),nutrition,capacity256,validation
168,0.2261329710974667,0.051642288669092,0.0134906956650971,0.0812283286575637,0.2492335820645123,0.1140180058707384,878,Hexadecenoic acid (16:1; cis/trans unspecified),nutrition,capacity256,validation
169,0.0936897242728585,0.0102175207617368,0.0012520256855206,0.0125003687124025,0.2741975536638149,0.0158861010432376,2651,Hexanoic acid (6:0),nutrition,capacity256,validation
170,0.0607840895060514,0.0329401642529093,0.0034072592219737,0.0544990171087294,0.0617351595727161,0.0093451317624842,1562,Histidine,nutrition,capacity256,validation
171,0.0831882613114528,0.0217270609939081,0.0014066555154259,0.0259162762053134,0.1025065405437716,0.0162951153129758,299,Hydroxyproline,nutrition,capacity256,validation
172,0.2824268657994092,0.3511481426605521,0.1834935307629787,2.621780032990474,0.2972914376835887,0.0,20,Insoluble dietary fibers,nutrition,capacity256,validation
173,0.2523385344365741,0.0013171271912835,2.698474003574172e-05,0.0013370053223214,0.2552812294645731,0.1529286286604586,5716,Iron,nutrition,capacity256,validation
174,0.0507239981736035,0.0362898964328268,0.0039678040018316,0.0671468755117561,0.0514527527325756,0.0109620045005159,1564,Isoleucine,nutrition,capacity256,validation
175,0.6033486828224842,0.2554150986160807,0.1489897001406263,0.5250550579482068,0.6033486828224842,,15,Isomeric linoleic acids (18:2),nutrition,capacity256,validation
176,0.6454613744061195,0.1017418056690456,0.038268308168931,0.1589673379424322,0.6362924352078542,0.6585598589750701,17,Isomeric linolenic acids (18:3),nutrition,capacity256,validation
177,0.0979787488363086,0.0909553241708818,0.0603148374870623,0.2874707510638717,0.2766424420071736,0.0157489473576666,1909,Lactose,nutrition,capacity256,validation
178,0.0447002679116363,0.0438969333709009,0.005514299506765,0.1022552200940641,0.0452057084675599,0.0057308010499272,1562,Leucine,nutrition,capacity256,validation
179,0.6876497444541055,0.5067442842497653,0.7594721029759612,3.547542724070304,0.7818851985360187,0.3813845186878878,17,Lignin,nutrition,capacity256,validation
180,0.2037141773981313,0.1584540441292724,0.0732369770095191,0.8894628758566706,0.2096773125010583,0.0554385295503519,1345,Linoleic acid (18:2n-6),nutrition,capacity256,validation
181,0.3433457117576403,0.0001981185764601,1.0125622938150214e-06,0.000198957404418,0.4375312076878635,0.1117860826848966,1277,Lutein + zeaxanthin,nutrition,capacity256,validation
182,0.094187603818758,0.0002526942079672,2.6974225885032998e-06,0.0002540625635376,0.8681194335725233,0.0026727880043548,2090,Lycopene,nutrition,capacity256,validation
183,0.0588929059284286,0.050280900193664,0.0067083314765067,0.1155284747812654,0.0596482570857146,0.0057093176267935,1571,Lysine,nutrition,capacity256,validation
184,0.1771686879625534,0.0121144978554458,0.0012037999458565,0.0137225239332865,0.1794779624207678,0.0517103441106429,6213,Magnesium,nutrition,capacity256,validation
185,0.2621195860339315,0.1112333939807279,0.0778768236290076,0.2183014334728592,0.5159497534817604,0.059449147750767,1924,Maltose,nutrition,capacity256,validation
186,0.3076507324024225,0.0004065683484169,7.844410934943352e-06,0.0004110136307295,0.3090418504444943,0.287372845171537,3266,Manganese,nutrition,capacity256,validation
188,0.1410634975934491,1.1606949966889247e-06,4.120007858003176e-12,1.1606998213175826e-06,0.1565531301991688,0.0016568041419719,10,Menaquinone-4,nutrition,capacity256,validation
189,0.0651314302985851,0.028980394601711,0.0024058969129808,0.0428336790352275,0.066280510536609,0.0117874957544581,1570,Methionine,nutrition,capacity256,validation
190,0.3393274089111486,2.196113912932027e-05,7.695236867088717e-09,2.196669746264481e-05,0.3737265335245616,0.1694817311324223,190,Molybdenum,nutrition,capacity256,validation
191,0.2170841341708382,0.0010783046489617,7.525218810142165e-06,0.0010859611476194,0.223325396954522,0.0696603069460836,5427,Niacin,nutrition,capacity256,validation
192,0.1840291179283825,0.0013211976773621,1.3549003300529206e-05,0.0013371725038531,0.1916501750040065,0.0503581962051359,1168,Nicotinic acid,nutrition,capacity256,validation
193,0.2993616671164472,0.2213445565249391,0.1752222526472951,1.0901544719855645,0.2985186103728443,0.3233751866197136,914,Octadecadienoic acid (18:2; isomer unspecified),nutrition,capacity256,validation
194,0.1487186730922777,0.1008071443020656,0.0375379227375725,0.2921138046645204,0.1555478076544787,0.035415887937741,3429,Octadecanoic acid (18:0),nutrition,capacity256,validation
195,0.0706907018187649,0.0048244800796379,0.0015123619804779,0.008161911669467,0.6757237588099078,0.0105574469190336,719,Octadecatetraenoic acid (18:4; isomer unspecified),nutrition,capacity256,validation
196,0.3622438454634328,0.0674327753197738,0.0224665796980445,0.1109211185423502,0.3628428647164499,0.3555655902777693,899,Octadecatrienoic acid (18:3; isomer unspecified),nutrition,capacity256,validation
197,0.2168014544420363,0.2564767946004584,0.1796245805603891,1.727144653968754,0.2212027864088679,0.1065166505874275,912,Octadecenoic acid (18:1; cis/trans unspecified),nutrition,capacity256,validation
198,0.1785801183825613,0.0228001349269126,0.0134372992028874,0.0361077690906666,0.4245087681734746,0.0283580998436661,2755,Octanoic acid (8:0),nutrition,capacity256,validation
199,0.219290543183768,0.0003259830765284,6.409048817554151e-06,0.0003295560883599,0.224822241428216,0.1390885386329996,2974,Pantothenic acid (vitamin B5),nutrition,capacity256,validation
200,0.1998244733639293,0.0101169839064653,0.0011812939207869,0.0115042689887045,0.2534408196760835,0.096922353292275,1081,Pentadecanoic acid (15:0),nutrition,capacity256,validation
201,0.111980959037941,0.0028749181467344,0.0006651158015591,0.0032605785825226,1.5161091683708636,0.0001207898659961,777,Pentadecenoic acid (15:1; isomer unspecified),nutrition,capacity256,validation
202,0.0450036896019451,0.0326775034316243,0.0035299586703586,0.0589123609892486,0.0456564290677257,0.0081496275897393,1573,Phenylalanine,nutrition,capacity256,validation
203,0.1334416064726007,0.0345507377961831,0.0045218542630879,0.0440127645387279,0.1361232365392081,0.0353709960949463,5470,Phosphorus,nutrition,capacity256,validation
204,0.1608024169453986,0.0147953428073978,0.000905669148827,0.0165388942367399,0.2050356239274274,0.107722568566964,66,Phytosterols,nutrition,capacity256,validation
205,0.1701410337699702,0.0685006063495197,0.016448689713992,0.1071334034752607,0.1722351575750618,0.0579397487793305,5513,Potassium,nutrition,capacity256,validation
206,0.0626431580693225,0.0534630393286641,0.0082391414990326,0.1057488525293186,0.063548719102003,0.005215495913501,1546,Proline,nutrition,capacity256,validation
207,0.0890566862876461,0.179885534069463,0.0874021321396461,1.7532208679372197,0.0909769190274205,0.0406231487258136,4633,"Protein, total",nutrition,capacity256,validation
208,0.267031463086901,8.889598303402339e-05,7.524106303056802e-07,8.928896312878181e-05,0.4735280597989666,0.049157009444835,5057,Retinol,nutrition,capacity256,validation
209,0.213118174036047,8.811516905613227e-05,6.665051366482127e-08,8.817668234300891e-05,0.2200775820950089,0.0656416153252464,4691,Riboflavin (vitamin B2),nutrition,capacity256,validation
210,0.213419580450752,6.0402224833292575e-06,1.4410766446065635e-09,6.041038079360454e-06,0.2207570538300996,0.1188164620040404,4249,"Selenium, Se",nutrition,capacity256,validation
211,0.0445825103740508,0.0332531777988854,0.0034869436160839,0.0602861746338499,0.0451355440626134,0.0063729100733632,1542,Serine,nutrition,capacity256,validation
212,0.2793390549910886,0.0829390979875265,0.0422088277479226,0.1898906899154555,0.2812464941244272,0.1922465465487516,4705,Sodium,nutrition,capacity256,validation
213,0.1457072536293511,0.1457072567895922,0.0477419620977708,0.2463415470474786,0.1973836411733196,0.0768054035707264,14,Sorbitol,nutrition,capacity256,validation
214,0.1457796350108114,0.3915331654410031,0.5247418909465364,4.342723334963563,0.2028753776628917,0.039484161562908,1292,Starch,nutrition,capacity256,validation
215,0.0442989984372314,0.0148941805626754,0.0062841010244451,0.0187368831091675,0.8858462784223536,7.036332751377485e-06,140,Stearidonic acid,nutrition,capacity256,validation
216,0.1827357220641519,0.0030475935547776,5.42428014955269e-05,0.0031056594207565,0.2657709532691854,0.0443436700557628,48,Stigmasterol,nutrition,capacity256,validation
217,0.3633597970181754,0.4051220806734354,0.4805189830065642,2.326192329925953,0.4406670032694093,0.1635981545186729,1021,Sucrose,nutrition,capacity256,validation
218,0.2559143871962,0.3974849235850848,0.3723366282505553,3.536799313684896,0.269756336870528,0.1483946165150861,3185,"Sugars, total",nutrition,capacity256,validation
219,0.4633312689399235,0.1157679917633806,0.0252926656286725,0.1378153840203583,0.4633312689399235,,20,Sulfur,nutrition,capacity256,validation
220,0.2244353193985696,0.0061670035386005,0.0005626444646441,0.0066762883575184,0.2861911841762126,0.1467647779835507,806,Tetracosanoic acid (24:0),nutrition,capacity256,validation
221,0.2316681288949879,0.0707856275087364,0.038030207316142,0.1643072474108549,0.2645329012331274,0.0511091437447793,3308,Tetradecanoic acid (14:0),nutrition,capacity256,validation
222,0.1711571653198301,0.0116426235734123,0.0012328064781401,0.0139662951638268,0.2586855155312029,0.0527479595835127,1002,Tetradecenoic acid (14:1; isomer unspecified),nutrition,capacity256,validation
223,0.2533144903682694,8.316828106015785e-05,8.785790942522837e-08,8.323537853131531e-05,0.2611623010105517,0.1197009571115421,5049,Thiamin (vitamin B1),nutrition,capacity256,validation
224,0.0510806063023746,0.0346255030445068,0.0033575414845552,0.0623681816678593,0.0517290776368853,0.0057465648261257,1560,Threonine,nutrition,capacity256,validation
225,0.3052442001436163,5.0983117433879145e-05,6.799121136292516e-08,5.102240535462883e-05,0.400678221411098,0.1310038181182789,1452,"Tocopherol, beta",nutrition,capacity256,validation
226,0.3375462879154629,0.0001683128838885,1.091726323869521e-06,0.0001690625554034,0.4833474235844334,0.1437656336886805,1454,"Tocopherol, delta",nutrition,capacity256,validation
227,0.4342416064128994,0.000968345072005,1.4669717120656004e-05,0.0009819124915104,0.470702457360187,0.2811989320487513,1548,"Tocopherol, gamma",nutrition,capacity256,validation
228,0.4338361143896581,8.506862994854436e-05,2.501573586324725e-07,8.519950780424856e-05,0.5585639563236284,0.1893838396537391,1033,"Tocotrienol, alpha",nutrition,capacity256,validation
229,0.1355577331428032,5.760418416065001e-05,3.2063468446715374e-08,5.762790175575927e-05,0.4390729829440292,0.0663625466596222,237,"Tocotrienol, beta",nutrition,capacity256,validation
230,0.0405837817691633,6.252982182024236e-06,1.4693498241009732e-09,6.253717120131335e-06,0.5941606695646338,0.0081671171685276,235,"Tocotrienol, delta",nutrition,capacity256,validation
231,0.3091581300669725,6.246516112280982e-05,7.438974166213343e-08,6.250422575286392e-05,0.6614212221417618,0.0793127082876774,233,"Tocotrienol, gamma",nutrition,capacity256,validation
232,0.047749883495469,0.0005473430263246,1.0936082770976723e-05,0.0005539267776857,1.030466862105162,0.0005038749084645,109,Tridecanoic acid (13:0),nutrition,capacity256,validation
233,0.1045007216641447,0.0244805115862823,0.0019119699673439,0.0295196981316963,0.1056356535512955,0.0804932374184234,2819,Tryptophan,nutrition,capacity256,validation
234,0.0585206954745704,0.0351605325682016,0.0034658998332334,0.0575447525295768,0.0594576571822737,0.0076843460073399,1553,Tyrosine,nutrition,capacity256,validation
235,0.0503257164781813,0.0391505445707239,0.0047142526853568,0.0764165428110036,0.0509916072724825,0.0056531297126736,1566,Valine,nutrition,capacity256,validation
236,0.2178451682683531,7.929362529211994e-05,5.496028105345551e-08,7.93511391490582e-05,0.2256204982171045,0.0885803078703602,282,Vitamin B6 - Pyridoxin,nutrition,capacity256,validation
237,0.2522454346222826,6.331512337038924e-07,2.951681542364993e-11,6.331702421196905e-07,0.4637233303210862,0.0846500030669706,4761,Vitamin D (D2 + D3),nutrition,capacity256,validation
238,0.1529446100692495,1.0107907419248701e-07,8.266262739707091e-13,1.0107949200002835e-07,0.7844416112790994,0.0147940068545221,1168,Vitamin D2 (ergocalciferol),nutrition,capacity256,validation
239,0.0674710789433151,0.26589463895447,0.2930200287371615,7.361154353872148,0.0674865824545677,0.0676296673191253,5247,Water,nutrition,capacity256,validation
241,0.1997917929780725,0.0006110148911975,5.089997378212465e-06,0.0006150822599906,0.2019625372415045,0.118979369945437,5536,Zinc,nutrition,capacity256,validation
242,0.2055135743744831,0.0097682076817209,0.0011462990470864,0.0106758008940655,0.3451201697019843,0.0566767909261554,250,"cis,cis-Eicosadienoic acid (20:2n-6)",nutrition,capacity256,validation
243,0.4372544221888373,0.0050186755277169,0.0003103837951567,0.0051884082509271,0.6803549041579853,0.16468721513252,70,cis-Docosenoic acid (22:1 cis),nutrition,capacity256,validation
244,0.1302267479245529,0.0264565013063789,0.001460379700366,0.0308074028171149,0.1275920795641301,0.1848961164033261,87,cis-Hexadecenoic acid (16:1 cis),nutrition,capacity256,validation
245,0.1940112514428958,0.2763002347960689,0.2671214186590055,2.2611126451784247,0.1940112514428958,,153,cis-Octadecenoic acid (18:1 cis),nutrition,capacity256,validation
246,0.2269882107395718,0.0032691186010893,0.0001321231421048,0.0033769367523238,0.5139015313049669,0.0514143877070166,108,cis-Tetracosenoic acid (24:1 cis),nutrition,capacity256,validation
247,0.2055872092391494,0.0141293697799286,0.0005309221146697,0.0150583364624707,0.140707287127248,0.8219464693022124,21,"trans,trans-Linoleic acid (18:2 trans,trans)",nutrition,capacity256,validation
248,0.0578353536254842,8.585844626816754e-05,8.027521325362301e-08,8.590898337756936e-05,0.5764430726612397,0.0014649493824673,51,trans-Docosenoic acid (22:1 trans),nutrition,capacity256,validation
249,0.0959408108625068,0.0022076557108125,1.2503777242902169e-05,0.0022485230910372,0.1325946326034356,0.0173969071319451,66,trans-Hexadecenoic acid (16:1 trans),nutrition,capacity256,validation
250,0.2452531580795467,0.0254195333196764,0.0035929801309589,0.0297206079842057,0.2647963826190699,0.0205060758750291,75,trans-Linoleic acid (18:2; isomer unspecified),nutrition,capacity256,validation
251,0.2805175776872818,0.1379996630940462,0.1630667564208308,0.5137470745077706,0.2911370725194796,0.2200326288604159,154,trans-Octadecenoic acid (18:1 trans),nutrition,capacity256,validation
