axis_index,scaled_log_mae,log_mae,log_mse,raw_mae,positive_scaled_log_mae,zero_scaled_log_mae,candidate_support,canonical_name,loss_group,method,partition
2,0.03918996159674531,0.021566237376717475,0.0025572697413899035,0.08327005632729399,0.04108233787170255,0.007019564922472343,54,Acetic acid,food_metabolome,mae,train
7,0.24613986337669086,0.01060890924178792,0.013610534774697711,0.023794234981445707,0.7912014381252782,0.0026790266556552247,217,Apigenin,food_metabolome,mae,train
9,0.12272292956976387,0.002349995471582569,0.0001472839518081206,0.0025423306594150917,0.12316052008108624,0.1167716986157794,73,Benzoic acid,food_metabolome,mae,train
11,0.08822767418258934,0.0016800526446309689,3.2700630230002546e-05,0.0017636629408551963,0.08956445712474978,0.0,67,Cadaverine,food_metabolome,mae,train
12,0.28445547166225543,0.013926502745429791,0.00523477936393378,0.021640105529955635,0.32563037456536226,0.05237874620838063,146,Caffeic acid,food_metabolome,mae,train
13,0.08081813694876269,0.003785585086723746,0.0030816194403529055,0.006390017284954029,0.9609464353896895,4.4319195035798965e-06,10892,Caffeine,food_metabolome,mae,train
15,0.08161427126731201,0.005741216567142129,0.002124062974608633,0.00833759746632233,0.12960049776787125,0.002027359022482052,109,Catechin,food_metabolome,mae,train
16,0.1221820518491722,0.008523436940861204,0.0005616796859110671,0.009740984198061005,0.1221992407017285,0.12136792528718746,4256,Choline,food_metabolome,mae,train
18,0.08232302935414541,0.03983876758238304,0.007152808133540292,0.08565592167237461,0.08117440713763015,0.42346382765918206,298,Citric acid,food_metabolome,mae,train
21,0.20764334629188172,0.010628142637959056,0.0019930779486333114,0.013343995313523394,0.32219954183462235,1.0241870664316228e-05,90,Cyanidin,food_metabolome,mae,train
22,0.07902508653511514,0.0012172344258097692,1.0071328976909903e-05,0.0012502664604525447,0.08261713592307492,0.0,46,Daidzein,food_metabolome,mae,train
24,0.13831047843204897,0.0022776453166267418,6.0830502247558876e-05,0.002478802440618222,0.24967355360210164,0.00022026522118365953,56,Delphinidin,food_metabolome,mae,train
25,0.07543808879742793,0.0027646811139342793,5.893041706476448e-05,0.002973684223109602,0.12055431688812293,0.0002443753129362616,32,Ellagic acid,food_metabolome,mae,train
26,0.29892725968529044,0.006050743044359106,0.002741692765019489,0.007724545372820973,0.9937589894176991,7.490281113609962e-05,133,Epigallocatechin,food_metabolome,mae,train
28,0.1168056048017613,0.001585140918935688,2.1588712163807588e-05,0.0016574798010965354,0.1321809979412817,0.03783199458513386,135,Ferulic acid,food_metabolome,mae,train
33,0.17303005838462407,0.009098506815443686,0.005429907503119184,0.014072032052761464,0.2314779970950011,0.04569704905130261,89,Gallic acid,food_metabolome,mae,train
35,0.13394780089067507,0.0019749541404488775,3.811513237732803e-05,0.002061815672792033,0.1365044274517071,0.06065783947442397,89,Genistein,food_metabolome,mae,train
43,0.054809863151865604,0.00022296420722206893,3.980334844739825e-07,0.00022426366869915306,0.09676839048413603,0.0008631851532322,64,Glycitein,food_metabolome,mae,train
47,0.15756908589188165,0.00048321620158582823,2.935680983451178e-06,0.0004863331822968965,0.16147363990867594,0.03913094738245451,188,Histamine,food_metabolome,mae,train
50,0.16194479888330413,0.0036981751492813036,0.000488293175892496,0.004194246374016116,0.373443232080863,0.001362655159231679,95,Isorhamnetin,food_metabolome,mae,train
51,0.1314929297321625,0.001299716430656268,4.8229448746024133e-05,0.0014253454869758556,0.235870848365036,0.00492442997261518,281,Kaempferol,food_metabolome,mae,train
52,0.04013988229030323,0.0334501066430766,0.002856978407972489,0.06557502277251837,0.04183593365468224,0.0,74,Lactic acid,food_metabolome,mae,train
53,0.06357599797422883,0.00016302857978262971,5.901242641464568e-07,0.0001650739455092492,0.07030803252899782,0.00747571001782056,28,Lariciresinol,food_metabolome,mae,train
54,0.07413368838039726,0.0034784042756719614,0.0006542554262322438,0.004167115738360611,0.07413368838039726,,70,Lutein,food_metabolome,mae,train
55,0.18756917246885327,0.00493142170353821,0.0016508244809168495,0.006245756482711047,0.3981998731571305,0.0011092079251324573,230,Luteolin,food_metabolome,mae,train
56,0.081198408802371,0.03396948815735498,0.0050848152951213895,0.05575194659563335,0.081198408802371,,296,Malic acid,food_metabolome,mae,train
58,0.10789051245345259,0.0011719804176731487,1.5749673085754295e-05,0.0012012545307047591,0.18474613972399725,0.0035864468719991128,33,Matairesinol,food_metabolome,mae,train
61,0.16937433260435386,0.0006510591503916407,1.998666151460611e-05,0.0006624910871219488,0.3709848242456277,0.0002816621955435368,228,Myricetin,food_metabolome,mae,train
62,0.10970199247712124,0.019745378391281126,0.026048700994194297,0.04771140277211789,0.5042480991301252,0.0010588616596273817,88,Naringenin,food_metabolome,mae,train
65,0.15409039981772446,0.03740617708564498,0.005077005895991951,0.0570517802945457,0.15409039981772446,,20,Oxalic acid,food_metabolome,mae,train
66,0.19786395263377285,0.001375641603061055,5.126348637081001e-05,0.0014170247055592074,0.3953125612778972,0.0004153439896485016,52,Pelargonidin,food_metabolome,mae,train
67,0.08899216344396736,0.0005587330595350432,3.1993849862641906e-06,0.0005684477601363993,0.1827504242511768,0.002446076545004802,50,Peonidin,food_metabolome,mae,train
72,0.12014261218810493,0.0008508956848926347,1.0336761964859717e-05,0.0008682583976464755,0.13969212752035154,0.0028455201946252593,28,Pinoresinol,food_metabolome,mae,train
77,0.11934448599575166,0.0025518921015985343,5.421194849507227e-05,0.00272843571333577,0.11934448599575166,,84,Putrescine,food_metabolome,mae,train
79,0.16657185978105138,0.014387308936017237,0.02614478002506364,0.05534929625120902,0.21948136693992468,0.020614598653124983,327,Quercetin,food_metabolome,mae,train
82,0.050301376630759065,0.0457416164308426,0.006594221551032798,0.15901420137829067,0.07185910947251295,0.0,30,Rosmarinic acid,food_metabolome,mae,train
83,0.39654561792630927,0.007190816486247449,0.0016348854487975351,0.00807817359339446,0.4834254411370065,0.02006638401328831,32,Secoisolariciresinol,food_metabolome,mae,train
88,0.02454811860809433,0.00012666221728249935,4.369784138519005e-08,0.00012711772289709998,0.024144138155880436,0.04474714121878888,51,Spermine,food_metabolome,mae,train
90,0.1250397912232404,0.0006076046693601989,4.4288527859330595e-06,0.00062022766415708,0.17568100301073428,0.0017394494797770914,79,Syringic acid,food_metabolome,mae,train
91,0.07995976149918234,0.05423185798741786,0.021404621379702626,0.5446482982761288,0.08265375911985315,0.01799781622375374,24,Tartaric acid,food_metabolome,mae,train
92,0.09044917883380997,0.012504891524106911,0.0011282548545597602,0.016005769820828342,0.09044917883380997,,23,Taurine,food_metabolome,mae,train
93,0.046911213415809734,0.0064334723300274056,0.0020952547012369053,0.0077822509066851715,0.809053387192106,0.00012953011887586273,10738,Theobromine,food_metabolome,mae,train
96,0.08568715402778053,0.0013344585342583827,1.7460322259136594e-05,0.0013763204262507637,0.09374910759709036,0.005800523204619465,120,Tyramine,food_metabolome,mae,train
98,0.10891592513487766,0.0006767653470079615,5.790163525498285e-06,0.0006977895445738152,0.1359569356797682,0.012770109864155797,82,Vanillic acid,food_metabolome,mae,train
103,0.13490809512329718,0.0009408417856953718,8.549664271159231e-06,0.0009614893370675818,0.16553404270085476,0.01955035924783035,143,p-Coumaric acid,food_metabolome,mae,train
104,0.046105326159165405,0.0356986834738463,0.00614114749221864,0.07552292486926371,0.046643718385603467,0.006249437925797842,8576,Alanine,nutrition,mae,train
105,0.13502725044542183,0.013796894165577044,0.0015936880694730987,0.01595531885529986,0.2197629891108966,0.03736951488486799,6814,Arachidonic acid (20:4n-6),nutrition,mae,train
106,0.06583848638281302,0.05400399659539232,0.011864720968076298,0.11499641907319333,0.06479855396455558,0.09534068761808252,9593,Arginine,nutrition,mae,train
107,0.11986514570602884,0.004488836567588304,0.00030223707682861526,0.005216648237705517,0.1869640588695068,0.012981921197833873,586,Ascorbic acid (vitamin C),nutrition,mae,train
108,0.10463367028551676,0.1089925884407404,0.044027338490077166,0.4327474318541474,0.10539086136260276,0.05254451285007628,20257,Ash,nutrition,mae,train
109,0.046909114870772685,0.04888423539464088,0.007129623032785254,0.11162218703804141,0.047336095929784494,0.013921605838693089,8432,Aspartic acid,nutrition,mae,train
110,0.07753102531494886,0.19668903815942343,0.13216800981302357,2.532754092941884,0.0837197885306824,0.015691869109694737,4210,Available carbohydrate,nutrition,mae,train
111,0.04022677497483885,0.007656669379211497,0.0004142721072277942,0.00927721183344374,0.056079471173578956,0.0013876692879255957,207,Beta-sitosterol,nutrition,mae,train
112,0.1541599943294235,0.005236922371653271,0.0008676043748257443,0.005864874675659757,0.15442756030077803,0.14672389004219547,2764,Betaine,nutrition,mae,train
113,0.2937283426429021,0.0001031627791036443,5.14653596818419e-06,0.00010594434269669059,0.2981195397635335,0.26598243799106974,9884,Biotin,nutrition,mae,train
114,0.0815808889323822,0.011213854900283248,0.0017065029836632823,0.01602363969467832,0.20339843567861218,0.01758818338778679,12666,Butyric acid (4:0),nutrition,mae,train
115,0.30480372236083014,0.03210959000570267,0.007758511633712503,0.04172419023382824,0.30558375460979603,0.2629543599768225,39116,Calcium,nutrition,mae,train
116,0.05395174421484129,0.0026557392505701916,0.00010505441845207181,0.0030223871710534167,0.0642629461032068,0.001290963142117459,171,Campesterol,nutrition,mae,train
117,0.23521933069374962,3.948507548662867e-05,9.75675116107416e-08,3.953508017358731e-05,1.0867371801671883,0.007844946068465085,13702,"Carotene, alpha",nutrition,mae,train
118,0.3616449460941462,0.00044298164558222646,0.0006404471511580625,0.0020626647512389283,0.5709468516105598,0.05687592323290048,20968,"Carotene, beta",nutrition,mae,train
119,0.07406257439024151,0.06658381313379431,0.013140923140892527,0.5040660430604349,0.07053002575459472,0.3142758816142231,69,Cellulose,nutrition,mae,train
120,0.13695729817374455,0.05700616912995633,0.010396787641439966,0.14188083379407493,0.13574958128902492,0.26148632806483607,1874,Chloride,nutrition,mae,train
121,0.16506428847927715,4.670833749636844e-07,4.057599893565441e-11,4.671234410911334e-07,0.25007230194156155,0.060196551419078766,3865,Cholecalciferol (vitamin D3),nutrition,mae,train
122,0.11584719014337957,0.03015887233447974,0.0633948029481216,0.18395291802703806,0.1880797480186665,0.007294724173992138,22719,Cholesterol,nutrition,mae,train
123,0.11951079521996891,0.007547173553604769,0.0003155058516663379,0.008334252305501057,0.12009081792583706,0.09884547235568791,10549,"Choline, total",nutrition,mae,train
124,0.2117326247871698,1.7028874958315314e-05,1.946393603866101e-08,1.7058586846013592e-05,0.2834648509349328,0.04712375920313837,1560,Chromium,nutrition,mae,train
125,0.16628699840068795,7.338333232229612e-07,3.443796893675091e-11,7.33857354329765e-07,0.2588288152281305,0.01398475229944823,25560,Cobalamin (vitamin B12),nutrition,mae,train
126,0.07789577714600916,0.011509251727953671,0.0007308284564110235,0.016300642442616812,0.08504980226819339,0.02513484186990052,469,Conjugated linoleic acids (18:2 CLA isomers),nutrition,mae,train
127,0.23352792837313738,0.00021731300590497506,0.00022219972446580868,0.0005178873454762266,0.23535422275107543,0.1817710006334567,28684,Copper,nutrition,mae,train
128,0.21856399629888892,1.0773349394162565e-05,1.5244400179631702e-08,1.0780983543912203e-05,0.9443787159915468,0.004720589994185664,13291,"Cryptoxanthin, beta",nutrition,mae,train
129,0.06614045106805222,0.019834480542641544,0.0019348327141518109,0.025535364255112544,0.06523715386388804,0.1156675195814107,8477,Cystine,nutrition,mae,train
130,0.1667108439250036,0.019236479112812985,0.006308940657948534,0.034403465557359465,0.299187597175065,0.031218329953257063,16906,Decanoic acid (10:0),nutrition,mae,train
131,0.1640805441484747,0.21862714849607284,0.12827512464055935,1.079593468735432,0.19811055175645637,0.043291380897302924,14402,"Dietary fibre, total",nutrition,mae,train
132,0.10863673971699155,0.012787932445086513,0.003383903057388732,0.02448078057538326,0.32992860588117023,0.01467591912868657,16450,Docosahexaenoic acid (DHA; 22:6n-3),nutrition,mae,train
133,0.21540744133469547,0.012138206720589576,0.003446824245655513,0.016920957030218932,0.319492461671427,0.07736298043720191,5733,Docosanoic acid (22:0),nutrition,mae,train
134,0.12191226182267437,0.005332441585580242,0.0008010330722580903,0.007206667812330369,0.31359209984365993,0.029780802734709306,16689,Docosapentaenoic acid (DPA; 22:5n-3),nutrition,mae,train
135,0.06717286791241768,0.0012267857530636858,3.7285548175077264e-05,0.0013248448469288798,0.11616481079196239,0.01162786260949436,335,Docosatetraenoic acid (22:4; isomer unspecified),nutrition,mae,train
136,0.10040396806499238,0.009206469310482811,0.008480400092385352,0.02643017004139945,0.722147423145328,0.007764925582468871,3902,Docosenoic acid (22:1; cis/trans unspecified),nutrition,mae,train
137,0.2741207170226723,0.04618654727391049,0.03827165749563738,0.1434469946405443,0.41021848960785323,0.057008728228969525,19138,Dodecanoic acid (12:0),nutrition,mae,train
138,0.191948406743804,0.011987388554945364,0.0017436867464981124,0.015143564554232764,0.19404756200993883,0.18241591710070698,5470,Eicosanoic acid (20:0),nutrition,mae,train
139,0.1349616369857331,0.010177462559400547,0.0028803143154854946,0.018612277292149995,0.4064811417499756,0.020256877692254083,18180,Eicosapentaenoic acid (EPA; 20:5n-3),nutrition,mae,train
140,0.09600409539816866,0.00906076948877381,0.0009119329214081242,0.010614145234403604,0.1637494364244351,0.0411556972488408,4211,Eicosatetraenoic acid (20:4; isomer unspecified),nutrition,mae,train
141,0.09382819368107284,0.00197495258302046,6.128905535091381e-05,0.0020400875221529132,0.24252106053028966,0.012349689608173524,1065,Eicosatrienoic acid (20:3; isomer unspecified),nutrition,mae,train
142,0.07822154696401329,0.0011472281995252604,2.6161172270273647e-05,0.0011904514607333847,0.15120378222285744,0.01627151005825025,318,Eicosatrienoic acid (20:3n-3),nutrition,mae,train
143,0.11083445815394796,0.0026783673235775576,4.573974659465406e-05,0.002743727967050383,0.14033818412128535,0.04992581146720133,1284,Eicosatrienoic acid (20:3n-6),nutrition,mae,train
144,0.22953790174403688,0.023968710408325808,0.006029030762380861,0.036973612225551,0.267172527825265,0.15211605812949588,14951,Eicosenoic acid (20:1; isomer unspecified),nutrition,mae,train
147,0.016327910701165314,0.04744613523369482,0.12122750671738582,0.260120109015281,0.6891495748699106,5.589632521100307e-05,17741,Ethanol,nutrition,mae,train
148,0.07793734037270209,0.14213297549076032,0.09234430687312442,1.4676394924807903,0.08023507485572043,0.0245498138999986,27749,"Fat, total",nutrition,mae,train
149,0.09951370858852698,0.12514936900297222,0.04970785397433114,0.9127666588912285,0.10413951311464846,0.022814176627941198,22471,"Fatty acids, total monounsaturated",nutrition,mae,train
150,0.15574382777610254,0.1446833828395988,0.0633613188188312,0.7480186860501052,0.1612322559829072,0.05156743167736457,22517,"Fatty acids, total polyunsaturated",nutrition,mae,train
151,0.0967421951727264,0.11448723492930847,0.04051526172542989,0.7073659559067824,0.10015572019996268,0.03394013287072133,23183,"Fatty acids, total saturated",nutrition,mae,train
152,0.16016062357657337,0.05495974178186584,0.02641358363387159,0.12788940600989457,0.2316154358120773,0.03979584495422785,6323,"Fatty acids, total trans",nutrition,mae,train
153,0.12817089052711866,0.03580928170043202,0.014114146990729486,0.1193757926230893,0.14609752320785804,0.042322210650000316,2792,"Fatty acids, total trans-monoenoic",nutrition,mae,train
154,0.1452412933980029,0.014510205709163507,0.002882387798525061,0.024355139218497697,0.17437157445680848,0.05359220315651154,2496,"Fatty acids, total trans-polyenoic",nutrition,mae,train
155,0.2507512399457557,1.3780311214160562e-05,2.9937590871286283e-09,1.3782975382997695e-05,0.2616186007376846,0.13269151240729138,17790,"Folate, food",nutrition,mae,train
156,0.2568754609581178,2.4785737642519227e-05,2.361229666480144e-07,2.4908001350943066e-05,0.2671162891749636,0.1185061194336727,21997,"Folate, total",nutrition,mae,train
157,0.14061384812835362,1.3404130980844512e-05,4.942077055987884e-09,1.3408807921235868e-05,0.27121329590606624,0.028724900156044793,17266,Folic acid,nutrition,mae,train
158,0.22021060070915469,0.16873644819176803,0.10721939747949293,0.5652011121179621,0.3044419494528003,0.04262787199242059,10967,Fructose,nutrition,mae,train
159,0.18225458076491347,0.02167857451354683,0.01122713616524416,0.030717584777148584,0.9913926723908564,0.005911750836535658,8120,Galactose,nutrition,mae,train
160,0.2603685288629491,0.20487059613134215,0.14428416970674196,0.6626093935527791,0.3329672208108318,0.05815798996101432,11206,Glucose,nutrition,mae,train
161,0.04802886103955419,0.07217904808075022,0.015605906423146925,0.2483762764676563,0.04840643036583566,0.018779148724930212,8601,Glutamic acid,nutrition,mae,train
162,0.07970405828160192,0.056317716177542235,0.015234590765648849,0.1195123369145702,0.07903116407731788,0.10074052420452484,9525,Glycine,nutrition,mae,train
165,0.11459449036777171,0.009593162664189931,0.00046368248052211953,0.011099052199801616,0.134297799138596,0.05716289233171359,6293,Heptadecanoic acid (17:0),nutrition,mae,train
166,0.1367685112975313,0.006689267689889133,0.0003087881066548819,0.007304996123114148,0.1739294479176633,0.07924040295322966,4818,Heptadecenoic acid (17:1; isomer unspecified),nutrition,mae,train
167,0.09870912372067599,0.09686353400088582,0.031174664303034658,0.38553114646326286,0.10101586216087016,0.04023301334540353,19586,Hexadecanoic acid (16:0),nutrition,mae,train
168,0.17587781542256672,0.0412805976003451,0.010830564445306048,0.07380398805238582,0.20262286446526678,0.06201602798122905,4679,Hexadecenoic acid (16:1; cis/trans unspecified),nutrition,mae,train
169,0.06683507739102147,0.007911218726556256,0.0009053000421575748,0.010170737424183214,0.19424066412819907,0.01222089173208112,14771,Hexanoic acid (6:0),nutrition,mae,train
170,0.0544983392441339,0.029251704805000358,0.003027363861461871,0.04859547423277168,0.055262519758706406,0.00881024604310629,8652,Histidine,nutrition,mae,train
171,0.05830778723140086,0.015412646868487909,0.0009451573454392926,0.01871953384150527,0.0746347253631976,0.004470755340399335,1676,Hydroxyproline,nutrition,mae,train
172,0.05731267561874005,0.07232129507825726,0.011202461912476898,0.5122475453491491,0.06215265272936881,0.003328315538650051,158,Insoluble dietary fibers,nutrition,mae,train
173,0.22944233003028602,0.0012287792757111888,7.337025726255417e-05,0.0012839984857758106,0.23256765797654486,0.12029450337739768,32795,Iron,nutrition,mae,train
174,0.042017043710853824,0.029728606101364866,0.003020207637797691,0.05377843189348094,0.042561102593953744,0.010944291987741958,8660,Isoleucine,nutrition,mae,train
175,0.09477875460072505,0.057839536237119786,0.011971347286024846,0.2035077903802528,0.09698291168446284,0.0,44,Isomeric linoleic acids (18:2),nutrition,mae,train
176,0.11238233225917436,0.021986147574836773,0.0025535359829284045,0.034668208295600536,0.13573750974466392,0.08279910744422093,68,Isomeric linolenic acids (18:3),nutrition,mae,train
177,0.08164111351044769,0.07570547916862529,0.04701207443875498,0.27897769494678143,0.24698234443448006,0.011374345215499423,10711,Lactose,nutrition,mae,train
178,0.03742032083451355,0.0367240185445725,0.005851987868742986,0.08720127333759956,0.03789525590670469,0.002511344808916045,8661,Leucine,nutrition,mae,train
179,0.046065596687832104,0.027755161599848303,0.003353529123154466,0.30201868145665456,0.056101855054457785,0.01055268246746429,59,Lignin,nutrition,mae,train
180,0.16309200054690343,0.12574502243602745,0.05391369297425673,0.6362997411499948,0.16689507603883244,0.08003919881318229,7708,Linoleic acid (18:2n-6),nutrition,mae,train
181,0.2449417966045082,0.00011987444180806025,3.6572907447077235e-07,0.00012036458399064598,0.3288865564458342,0.07039617598388133,7134,Lutein + zeaxanthin,nutrition,mae,train
182,0.06320322306300691,0.0001744825416088226,1.635758163670071e-06,0.0001754612573754087,0.5763007426356866,0.0020858389967549945,11469,Lycopene,nutrition,mae,train
183,0.049330810915053355,0.042013816699994246,0.004758724592842,0.09542256778721284,0.049972142757373016,0.002685999561367783,8681,Lysine,nutrition,mae,train
184,0.15899434613483757,0.010812932062520987,0.0011949739772462561,0.012653057291020751,0.1603516259223693,0.08165548578003581,35492,Magnesium,nutrition,mae,train
185,0.23380853680502373,0.10477434411017018,0.08880014827265195,0.26289279851055103,0.5064326963474188,0.028996959720128966,10771,Maltose,nutrition,mae,train
186,0.2750583720606344,0.0003856953198617218,1.4662503512817365e-05,0.0003939518553967041,0.2787606713861665,0.18940768863353438,18010,Manganese,nutrition,mae,train
188,0.04270960185302457,6.729372938465095e-07,2.4329565416096463e-12,6.729491838243134e-07,0.04950565919397043,0.00036493688251573655,94,Menaquinone-4,nutrition,mae,train
189,0.05777432321787443,0.025112657611226916,0.002081856464322525,0.03656513030087461,0.05837308900532609,0.030643215593968657,8681,Methionine,nutrition,mae,train
190,0.13529020943472986,5.191750325501511e-06,5.858517593945048e-10,5.192630405765826e-06,0.15695789003566848,0.05612984756081394,1011,Molybdenum,nutrition,mae,train
191,0.19443866724938422,0.0011109789056240264,0.0001486177088772052,0.0012321028532877375,0.2003034443334554,0.04405990739912586,30892,Niacin,nutrition,mae,train
192,0.15870868118332956,0.0014496957383156573,0.0008074191193224869,0.0024454204056600344,0.16382896796850077,0.06687877592308614,6362,Nicotinic acid,nutrition,mae,train
193,0.20752468716002867,0.15179856999904184,0.08344741298949222,0.7934687961787866,0.21207382494914015,0.10065389790537965,4923,Octadecadienoic acid (18:2; isomer unspecified),nutrition,mae,train
194,0.12566276713686364,0.08466669748264775,0.026175430701554446,0.24142455641703375,0.13241982088309817,0.023917477863003085,19517,Octadecanoic acid (18:0),nutrition,mae,train
195,0.042407798155361644,0.002046922799865362,0.0002062012506062515,0.002723262046204632,0.4612307430632714,0.0047266055707438845,3901,Octadecatetraenoic acid (18:4; isomer unspecified),nutrition,mae,train
196,0.2738246853480909,0.05383834899219979,0.022452030425154538,0.10831181773969978,0.27834288754993486,0.22453621847132513,4835,Octadecatrienoic acid (18:3; isomer unspecified),nutrition,mae,train
197,0.1581713173197074,0.1885106826291722,0.11122841806286564,1.175382447739341,0.1625528315363738,0.05862416098646066,4910,Octadecenoic acid (18:1; cis/trans unspecified),nutrition,mae,train
198,0.1282028258942577,0.016734250286939846,0.007568544766983124,0.030695426040905187,0.316404106313929,0.012706758887049738,15315,Octanoic acid (8:0),nutrition,mae,train
199,0.20214639343682592,0.00026870303450788225,1.9332080783992035e-06,0.0002699449712218185,0.20742128162373946,0.12272019698955941,16490,Pantothenic acid (vitamin B5),nutrition,mae,train
200,0.1371946648299093,0.006497562172455696,0.0003653030613260112,0.007277392554481914,0.18006557893295802,0.05772751899168984,5999,Pentadecanoic acid (15:0),nutrition,mae,train
201,0.1009742844778799,0.0027838447482762896,0.0014462563507208906,0.004084929499371005,1.3474502033141476,0.0001472210861044725,4236,Pentadecenoic acid (15:1; isomer unspecified),nutrition,mae,train
202,0.03748786987776618,0.027018388226367283,0.0034457138391775625,0.048834183822583484,0.03797511255495548,0.006563843162080082,8673,Phenylalanine,nutrition,mae,train
203,0.13048320855181142,0.03436981139410074,0.005487272812372011,0.04501503939944437,0.13249946419050918,0.044319015828334404,31130,Phosphorus,nutrition,mae,train
204,0.07955679285374632,0.009398351497550096,0.0006604847732682335,0.011713884794572861,0.12123571152547448,0.0027484998729901825,398,Phytosterols,nutrition,mae,train
205,0.15736404231788859,0.06343792212505371,0.01548115227603857,0.10156205185170519,0.15853023035090172,0.07118814150012062,31399,Potassium,nutrition,mae,train
206,0.061786497574731425,0.052647043426935276,0.009320547067578823,0.10598571225084426,0.0625740290464175,0.007208253050510103,8583,Proline,nutrition,mae,train
207,0.08320182024176966,0.16782733732844116,0.07499886224596364,1.6626009140493583,0.08512450309422327,0.02487346206587393,26382,"Protein, total",nutrition,mae,train
208,0.22723428269630352,8.678186063952801e-05,8.014704214210722e-07,8.745133992251082e-05,0.3959491804598584,0.03917012736946013,28747,Retinol,nutrition,mae,train
209,0.19923961625250658,0.00010335606476232326,3.910525611991212e-06,0.00010548926840943902,0.20528261045013177,0.06743785327292075,27092,Riboflavin (vitamin B2),nutrition,mae,train
210,0.19571013526897332,7.0099339397110155e-06,3.34887124847599e-08,7.026897605302509e-06,0.2028372331637226,0.11476193237328194,24283,"Selenium, Se",nutrition,mae,train
211,0.039879131734567246,0.029474693519263673,0.0028814202432654434,0.05228055522917314,0.04010088843644701,0.024305536723342316,8568,Serine,nutrition,mae,train
212,0.2422428339788001,0.07169358701886774,0.026593639365499317,0.13968988571276814,0.24530243243268113,0.11728442076310558,26623,Sodium,nutrition,mae,train
213,0.040096140356323494,0.04009614168477058,0.0076184968944402395,0.9058748536862266,0.06348555556417886,0.0,76,Sorbitol,nutrition,mae,train
214,0.0997939227330939,0.29252329427705037,0.3449497423062895,2.93636618689308,0.14465222701565045,0.02151788446831521,7534,Starch,nutrition,mae,train
215,0.023682495313231244,0.009476554615528297,0.006703395514880982,0.015391379750011189,0.8985282020156532,8.933754248118186e-06,835,Stearidonic acid,nutrition,mae,train
216,0.054131370721508726,0.0016936789746036806,0.00012362899955231538,0.0019066730503640426,0.09670769417351346,0.0063942807904731145,210,Stigmasterol,nutrition,mae,train
217,0.25575911545023755,0.28401755049527205,0.28941827256304065,2.023762596557901,0.33121753599039355,0.07061014656355254,5683,Sucrose,nutrition,mae,train
218,0.20832692217989837,0.3291712546041753,0.2802995559271676,2.870786542267895,0.2242782577058353,0.10110298586153928,18095,"Sugars, total",nutrition,mae,train
219,0.029650375823092226,0.007801555520891833,0.00011458092724597915,0.009807060267034396,0.029650375823092226,,93,Sulfur,nutrition,mae,train
220,0.1699622094154067,0.007010733668310529,0.0017899793234624622,0.009181456774862588,0.23130943232143117,0.08648434122182819,4423,Tetracosanoic acid (24:0),nutrition,mae,train
221,0.16849554698074723,0.04834711620870708,0.017144048636255897,0.1044440087838985,0.19312560478000468,0.03744292482364005,18875,Tetradecanoic acid (14:0),nutrition,mae,train
222,0.12139677295307805,0.008389384006571684,0.0007036987336443383,0.010204945942459732,0.1860103443680597,0.031342118244729274,5438,Tetradecenoic acid (14:1; isomer unspecified),nutrition,mae,train
223,0.23215331193061137,9.072000544850884e-05,2.648300564501367e-06,9.215030490229572e-05,0.23911495424117044,0.10100025327243824,29067,Thiamin (vitamin B1),nutrition,mae,train
224,0.04464778095487956,0.02984900860469464,0.0025529134627150156,0.05230648656281059,0.0452063463432663,0.0027813684664803836,8656,Threonine,nutrition,mae,train
225,0.22161403712027392,3.803095127972938e-05,6.868586302152999e-08,3.806984096079718e-05,0.31208458091913754,0.07034431190688764,7747,"Tocopherol, beta",nutrition,mae,train
226,0.23738852886965517,0.0001256071156585137,7.713849341617703e-07,0.00012616946349421193,0.3606614059347767,0.0778413803005719,7687,"Tocopherol, delta",nutrition,mae,train
227,0.32564472966738717,0.0006750098078384739,7.738112766508658e-06,0.0006836791145740736,0.36966995746448283,0.1465716734770645,8262,"Tocopherol, gamma",nutrition,mae,train
228,0.3454590331728334,7.33329661284043e-05,2.278260131332959e-07,7.345823623826082e-05,0.45195994703987624,0.12289339905003638,5437,"Tocotrienol, alpha",nutrition,mae,train
229,0.06337875048277784,2.5937455664779315e-05,7.615059862313848e-09,2.5950639933014688e-05,0.27876047442507984,0.006433475922339802,1186,"Tocotrienol, beta",nutrition,mae,train
230,0.057884798066942675,1.3039174476913637e-05,8.40252648302251e-09,1.3043377163055877e-05,0.8834477169383819,5.7349371800390954e-05,1161,"Tocotrienol, delta",nutrition,mae,train
231,0.20774363859396813,6.996891559030959e-05,8.676949495289717e-08,7.005860378686327e-05,0.5476000405544603,0.008724468424169008,1167,"Tocotrienol, gamma",nutrition,mae,train
232,0.05774331438362403,0.00073954841263722,3.2654558045155024e-05,0.0007562582427845581,1.1331046422695206,7.409490709329554e-05,668,Tridecanoic acid (13:0),nutrition,mae,train
233,0.09424552555761269,0.02223270300758919,0.0020595332783708087,0.02733486037950434,0.09488583230468231,0.07992461464820125,15731,Tryptophan,nutrition,mae,train
234,0.049317721678119535,0.029277851564706265,0.002648484526639809,0.04723939542052419,0.05001168241667142,0.007484040417782586,8612,Tyrosine,nutrition,mae,train
235,0.04171803525759701,0.032258310212024,0.004726252220308653,0.06680639573498695,0.04225192403546594,0.002633605807161785,8661,Valine,nutrition,mae,train
236,0.17846815165097074,0.00026732389792633195,3.2491945108550995e-05,0.0002847370341474169,0.18533970353623277,0.09436856141343555,1774,Vitamin B6 - Pyridoxin,nutrition,mae,train
237,0.21873199459420606,8.617474770070267e-07,2.907058659978638e-10,8.619018941133778e-07,0.3835016513393739,0.07945717448779886,27304,Vitamin D (D2 + D3),nutrition,mae,train
238,0.23418964094812283,1.6972766622974567e-07,2.5311268599997106e-12,1.6972893181097612e-07,1.186565276646317,1.3848396997759675e-05,6511,Vitamin D2 (ergocalciferol),nutrition,mae,train
239,0.06574978454862229,0.24663206684381767,0.2500884516396827,7.254765663640849,0.06589463459523942,0.049887003642091865,30210,Water,nutrition,mae,train
241,0.1861406082293019,0.0006936462702674082,0.0001138090675652599,0.000782278426527729,0.18877455044924768,0.08297918094285557,31918,Zinc,nutrition,mae,train
242,0.1049317223633898,0.00449265998684399,0.00031151534950221347,0.0049596851479417805,0.2040483181667374,0.0035062541120440783,1216,"cis,cis-Eicosadienoic acid (20:2n-6)",nutrition,mae,train
243,0.07994574576628685,0.0010352387435152732,1.492105060292557e-05,0.0010765963623275004,0.17104130794148956,0.005514005940206576,298,cis-Docosenoic acid (22:1 cis),nutrition,mae,train
244,0.06595495914115931,0.01744559413992615,0.0009300617072450859,0.02283058128562671,0.06706686658096805,0.013556321040172428,385,cis-Hexadecenoic acid (16:1 cis),nutrition,mae,train
245,0.08884389738116605,0.12674905957030552,0.042609797985099354,1.1685265453546057,0.08894247282073098,0.05153309350584251,759,cis-Octadecenoic acid (18:1 cis),nutrition,mae,train
246,0.11537590160688835,0.0026933973797530243,0.00043698177360087213,0.0031105330737594113,0.2418559115857669,0.032869228430702356,461,cis-Tetracosenoic acid (24:1 cis),nutrition,mae,train
247,0.07298200952217992,0.006847442965170454,0.0003315130891320607,0.008950479818031537,0.0689809336988714,0.20661794202068426,172,"trans,trans-Linoleic acid (18:2 trans,trans)",nutrition,mae,train
248,0.13443832860367566,0.0002850986211454301,1.4055340141320692e-06,0.00028580379338005897,0.9705616290065896,0.0001387311296324982,224,trans-Docosenoic acid (22:1 trans),nutrition,mae,train
249,0.06361817894342117,0.0019180716131674816,1.2972379552024723e-05,0.0019877972943009563,0.0938333915295128,0.004433741919117972,287,trans-Hexadecenoic acid (16:1 trans),nutrition,mae,train
250,0.08922901459530082,0.011225356021631624,0.0009753150133837011,0.015343792813017775,0.09657994743848095,0.02622101879661397,335,trans-Linoleic acid (18:2; isomer unspecified),nutrition,mae,train
251,0.11869133874364136,0.055899226152554125,0.024977409576733296,0.271350902452909,0.12298821005643906,0.0843163682412597,774,trans-Octadecenoic acid (18:1 trans),nutrition,mae,train
2,0.18447217744004357,0.10219801674742447,0.08897307187641437,0.268301507913404,0.18792931025669987,0.12570091955688648,54,Acetic acid,food_metabolome,lr6e4,train
7,0.515495957521564,0.01123711050286837,0.01395053083382328,0.02442747139963744,1.6542605456499733,0.006847774824207775,217,Apigenin,food_metabolome,lr6e4,train
9,0.23438802672470443,0.0024470699037886733,0.00022437233236386402,0.0026265205101899634,0.24211189714409162,0.12934338902103928,73,Benzoic acid,food_metabolome,lr6e4,train
11,0.24947266495827614,0.002908546003897333,0.0001565939656880126,0.003033350183358663,0.2517729820808116,0.0976517348709347,67,Cadaverine,food_metabolome,lr6e4,train
12,0.5242845954500833,0.01941065533854668,0.009680663134394285,0.027916993499585815,0.582617409662953,0.1954996426139086,146,Caffeic acid,food_metabolome,lr6e4,train
13,0.08095909240693235,0.0037867140314802655,0.0030816119950876322,0.00639114624025088,0.9607167887531793,0.00017941619871639667,10892,Caffeine,food_metabolome,lr6e4,train
15,0.26414133141356394,0.009107952581861102,0.004221809650327794,0.01197062938069565,0.39162941936285856,0.052697673351319245,109,Catechin,food_metabolome,lr6e4,train
16,0.1653137613165973,0.012442916963091213,0.0014970243183022377,0.014231956477803837,0.1660588322154726,0.1300244941971407,4256,Choline,food_metabolome,lr6e4,train
18,0.21438823161134768,0.11101398563284322,0.056983555101405285,0.2358214890655255,0.21364202365760251,0.4360119938736614,298,Citric acid,food_metabolome,lr6e4,train
21,0.3251473547327699,0.016466718770887435,0.004595149874321744,0.019783944649310218,0.4833578122567173,0.03839090047061524,90,Cyanidin,food_metabolome,lr6e4,train
22,0.13824371691793533,0.0013480392202042052,1.0909268048957854e-05,0.0013712501148450463,0.14363682324769653,0.01959537766318927,46,Daidzein,food_metabolome,lr6e4,train
24,0.19065068247426314,0.0020503129899757623,4.672972327306964e-05,0.0021721967595070674,0.28607479787376056,0.07232477937888639,56,Delphinidin,food_metabolome,lr6e4,train
25,0.18577165267612,0.0058674516083770945,0.0004161175862574595,0.006239769863436299,0.2744319008407491,0.038004572401738164,32,Ellagic acid,food_metabolome,lr6e4,train
26,0.3891364133409777,0.006183204219652759,0.0027503224703750925,0.007856511725000827,1.2928064809331876,0.00046111545185523276,133,Epigallocatechin,food_metabolome,lr6e4,train
28,0.2913166976644747,0.003435988005241979,0.00010498111505251526,0.003545394396603715,0.32066791724112226,0.14055816074805763,135,Ferulic acid,food_metabolome,lr6e4,train
33,0.4047031651563555,0.011518442173747864,0.006745925595327567,0.016601427343089035,0.5314228424198182,0.12863529683238314,89,Gallic acid,food_metabolome,lr6e4,train
35,0.27674472050750276,0.002167848083711694,3.795849683553103e-05,0.002217955574143908,0.28445420934401633,0.05573937386078054,89,Genistein,food_metabolome,lr6e4,train
43,0.19321624515362054,0.000663471993407758,3.983921166086112e-06,0.0006664810073052098,0.3327663187257995,0.013794721989390529,64,Glycitein,food_metabolome,lr6e4,train
47,0.34761058385683863,0.0007119730941694012,5.697002025237455e-06,0.0007155777988356018,0.35773335120939187,0.04055330749605523,188,Histamine,food_metabolome,lr6e4,train
50,0.4531717451603112,0.005036600332568073,0.0009033465011198994,0.005542464079160928,1.0109441902891363,0.029677851636573764,95,Isorhamnetin,food_metabolome,lr6e4,train
51,0.2701139719655504,0.0017753406311561803,0.00012728847546324102,0.0018691543108866812,0.433948970855938,0.07144791031893871,281,Kaempferol,food_metabolome,lr6e4,train
52,0.10816502345765291,0.08902264361482866,0.019805042793883433,0.1664294218735719,0.1113982834116252,0.03164453788030822,74,Lactic acid,food_metabolome,lr6e4,train
53,0.22809301057369485,0.0004767746645822973,2.843977568853163e-06,0.00048026820516823814,0.24572554289225532,0.08115524125235747,28,Lariciresinol,food_metabolome,lr6e4,train
54,0.11265265696419745,0.003852099242056107,0.0008193331677540767,0.004567230671689418,0.11265265696419745,,70,Lutein,food_metabolome,lr6e4,train
55,0.3710447139135994,0.005728521946803228,0.002194646820350715,0.007052465631979174,0.7258415709705952,0.05696225028937358,230,Luteolin,food_metabolome,lr6e4,train
56,0.19072155892518258,0.07545008657907573,0.018189766045677284,0.11014654652085659,0.19072155892518258,,296,Malic acid,food_metabolome,lr6e4,train
58,0.28587655002223494,0.0013834704348085992,2.5255420486708676e-05,0.0014186801967058925,0.37176726517458364,0.16931057945833325,33,Matairesinol,food_metabolome,lr6e4,train
61,0.21693876484685234,0.0007726224766527167,1.9422847635679018e-05,0.0007845304302954208,0.4274614430156068,0.04037135735047762,228,Myricetin,food_metabolome,lr6e4,train
62,0.19955422837483594,0.02138116479762864,0.029792181040488922,0.04910846999869118,0.8920250697509909,0.00887385176401067,88,Naringenin,food_metabolome,lr6e4,train
65,0.17620609266941395,0.017223127257242753,0.0015038111746915506,0.026162087937510313,0.17620609266941395,,20,Oxalic acid,food_metabolome,lr6e4,train
66,0.331236311809846,0.0015011890674875782,6.45025998685489e-05,0.0015440166624625207,0.5809615494349404,0.08151107418475144,52,Pelargonidin,food_metabolome,lr6e4,train
67,0.2561867141128995,0.00121966173186469,2.3712625569591146e-05,0.0012333238036806283,0.5291986993178501,0.00417565084679126,50,Peonidin,food_metabolome,lr6e4,train
72,0.17371081080482617,0.0005436420205393209,3.3713611582534187e-06,0.0005531966952516278,0.19676178871204222,0.0354049433615297,28,Pinoresinol,food_metabolome,lr6e4,train
77,0.21677664450118467,0.0025793434404050484,6.034714783133237e-05,0.0027356124926053017,0.21677664450118467,,84,Putrescine,food_metabolome,lr6e4,train
79,0.39467559340921665,0.015909209434846583,0.02597263982579761,0.05678329656337154,0.48056798046021665,0.1577310774064582,327,Quercetin,food_metabolome,lr6e4,train
82,0.07767773047530571,0.06788235868965435,0.010165201644011062,0.1832219184850573,0.10950151758099975,0.0034222272286862487,30,Rosmarinic acid,food_metabolome,lr6e4,train
83,0.47015959991392364,0.0072003850991989755,0.0016373833037829817,0.008087744887215996,0.5385895357864778,0.1736298777995221,32,Secoisolariciresinol,food_metabolome,lr6e4,train
88,0.10256934064563833,0.00046240122217497653,5.829423648634361e-07,0.0004636126818966798,0.10365518625675275,0.048277060089917216,51,Spermine,food_metabolome,lr6e4,train
90,0.3099824735478472,0.00143213607353455,2.1311535016898087e-05,0.0014502692063847527,0.4061357502212569,0.075870147734328,79,Syringic acid,food_metabolome,lr6e4,train
91,0.11283648051443461,0.06018528062745957,0.017192803438458786,0.4341674603020524,0.11470069868452207,0.06995946260242296,24,Tartaric acid,food_metabolome,lr6e4,train
92,0.09482618073449675,0.009092252137344835,0.0006851853650529144,0.01128562632383932,0.09482618073449675,,23,Taurine,food_metabolome,lr6e4,train
93,0.04796601133505433,0.00651387731343564,0.002106073067208891,0.007863502752498532,0.8213799702290546,0.0004924452113838595,10738,Theobromine,food_metabolome,lr6e4,train
96,0.22093338055480108,0.004109634901509673,0.000152944274482412,0.00423931718131261,0.24055396825761027,0.026511193317873397,120,Tyramine,food_metabolome,lr6e4,train
98,0.2738457110866762,0.0008806706236161066,5.366527726429894e-06,0.0008934172531462262,0.26736598582858195,0.2968847342265669,82,Vanillic acid,food_metabolome,lr6e4,train
103,0.3204257632592575,0.0017685723611687019,2.664962826698585e-05,0.0017919018578943598,0.34080528202923493,0.24366290922567566,143,p-Coumaric acid,food_metabolome,lr6e4,train
104,0.05521775003309573,0.04276200715426147,0.007696271216026327,0.08896021811285956,0.055869307028373644,0.006923193995251419,8576,Alanine,nutrition,lr6e4,train
105,0.18592630226328757,0.017862157257379246,0.0019204658637117752,0.019984504383388505,0.28426746496472544,0.07259492400119395,6814,Arachidonic acid (20:4n-6),nutrition,lr6e4,train
106,0.0856292525097827,0.07048323126683392,0.01732671076820752,0.1496738366648809,0.08395991145739931,0.13058473034773885,9593,Arginine,nutrition,lr6e4,train
107,0.32571667333571735,0.01030432714251597,0.0015676113092276092,0.011363149249762918,0.47432693033438217,0.08899237015200341,586,Ascorbic acid (vitamin C),nutrition,lr6e4,train
108,0.17770878453929834,0.18659669375518165,0.10620342443870338,0.627209552286465,0.17837789722018135,0.12865561734299732,20257,Ash,nutrition,lr6e4,train
109,0.061736559631128715,0.0642698684025445,0.011420805053202742,0.1503715524939624,0.06234571154998146,0.015002307280348065,8432,Aspartic acid,nutrition,lr6e4,train
110,0.1452180346524445,0.33228180075804126,0.34325361863492243,4.586172427409308,0.15746105735728758,0.02288370595418205,4210,Available carbohydrate,nutrition,lr6e4,train
111,0.09471837676576415,0.017229194318724942,0.002230070558691488,0.021269292950887007,0.1256262503576453,0.018994086465655324,207,Beta-sitosterol,nutrition,lr6e4,train
112,0.23472790379883102,0.006994261315761259,0.0010325531349938463,0.0076760367662493,0.2337707562507569,0.26132862940572343,2764,Betaine,nutrition,lr6e4,train
113,0.4451943656549531,0.00011812585702602247,5.3230894513614475e-06,0.00012090767767773698,0.4695903089423817,0.25386668599663276,9884,Biotin,nutrition,lr6e4,train
114,0.12633513787636935,0.016897231495587712,0.003504535708023288,0.023964559682903955,0.27761889995491923,0.04685380726367854,12666,Butyric acid (4:0),nutrition,lr6e4,train
115,0.37051752324305165,0.0381581435133573,0.009801891109641003,0.04870328753604903,0.37115390142653254,0.33503892002437735,39116,Calcium,nutrition,lr6e4,train
116,0.13044485713733447,0.005105599995652689,0.00024505885428392586,0.005571909217817617,0.14535238481700705,0.05430998363043538,171,Campesterol,nutrition,lr6e4,train
117,0.26305557188266,4.0357680665183695e-05,9.988566070285702e-08,4.0407713415257535e-05,1.2414719862632553,0.0014354858422534454,13702,"Carotene, alpha",nutrition,lr6e4,train
118,0.48611678373420636,0.00048441622970283086,0.0006414456503283982,0.0021041251680421658,0.7460720860947698,0.10685648757193435,20968,"Carotene, beta",nutrition,lr6e4,train
119,0.10844633210448822,0.0971752055527895,0.02743771331640693,0.4539406042481246,0.10372920601595059,0.42921090612504686,69,Cellulose,nutrition,lr6e4,train
120,0.19876195996137072,0.0836815180613446,0.020014499232948447,0.24149783096641983,0.19634676087700417,0.4477958211049429,1874,Chloride,nutrition,lr6e4,train
121,0.3136963484072287,7.46888261139795e-07,8.584963550305489e-11,7.46935223932087e-07,0.49458412120034007,0.09102136532529673,3865,Cholecalciferol (vitamin D3),nutrition,lr6e4,train
122,0.1645434031054229,0.03638963962902052,0.06572458315953697,0.19081203176003841,0.25839058086110367,0.02293486390512727,22719,Cholesterol,nutrition,lr6e4,train
123,0.146138391346135,0.009174164746041687,0.00042368697503806455,0.010055632877450319,0.14741623880500948,0.10061063865338678,10549,"Choline, total",nutrition,lr6e4,train
124,0.42171929959468674,3.4328421554519395e-05,7.618082000645862e-08,3.4367385019501624e-05,0.5415676810875484,0.14429592713807085,1560,Chromium,nutrition,lr6e4,train
125,0.23277346851265537,9.886183732536887e-07,4.713359780173293e-11,9.886445225513133e-07,0.3559654933001277,0.029638919248015098,25560,Cobalamin (vitamin B12),nutrition,lr6e4,train
126,0.28914509250888876,0.04490040330026623,0.013321259135589136,0.057184775930716594,0.32290792937468177,0.04014417062366543,469,Conjugated linoleic acids (18:2 CLA isomers),nutrition,lr6e4,train
127,0.28422545970335766,0.00023264156768046932,0.0002222603210128077,0.0005332218347866245,0.2859984702863914,0.23243720900081039,28684,Copper,nutrition,lr6e4,train
128,0.23810078000325977,1.095003654777678e-05,1.525032723616013e-08,1.095767153838922e-05,1.035133486640605,0.002986953182319428,13291,"Cryptoxanthin, beta",nutrition,lr6e4,train
129,0.07990163810156316,0.024174327722712396,0.0024945595359012053,0.03105068121689878,0.078875573170454,0.13629776064869686,8477,Cystine,nutrition,lr6e4,train
130,0.25898217348555486,0.02806157775551926,0.012747092198236968,0.0435000135262823,0.4276151879125203,0.08606394051756468,16906,Decanoic acid (10:0),nutrition,lr6e4,train
131,0.19886416952960032,0.2674388667230517,0.16587599346669693,1.2624618838534456,0.22933946553800263,0.09061127124279889,14402,"Dietary fibre, total",nutrition,lr6e4,train
132,0.16682056176187693,0.01865630526431438,0.008675327968036333,0.03575277712854728,0.49826310024394604,0.025889906269164067,16450,Docosahexaenoic acid (DHA; 22:6n-3),nutrition,lr6e4,train
133,0.32250615877300826,0.01747891716692634,0.0060398664429975255,0.023426902211011107,0.4188412695452676,0.19410860095454888,5733,Docosanoic acid (22:0),nutrition,lr6e4,train
134,0.16697644929510633,0.007341600957031874,0.0023779366215426444,0.009772679917660367,0.3909976755464949,0.059244024549431014,16689,Docosapentaenoic acid (DPA; 22:5n-3),nutrition,lr6e4,train
135,0.1538809642724358,0.002295236603470337,0.00010796403857907429,0.00240500407600756,0.24267131879908088,0.053214192898277696,335,Docosatetraenoic acid (22:4; isomer unspecified),nutrition,lr6e4,train
136,0.11940078404963363,0.010984201456571141,0.011130450796651129,0.028973225848017516,0.8272657641835729,0.013929735772904154,3902,Docosenoic acid (22:1; cis/trans unspecified),nutrition,lr6e4,train
137,0.4037874172063161,0.06998828844085993,0.08739827407902606,0.21550391187198778,0.5700937136935007,0.13742293273151035,19138,Dodecanoic acid (12:0),nutrition,lr6e4,train
138,0.2608909288467085,0.017080598047051882,0.003205671884307518,0.021068454662465853,0.24954418043334806,0.31221238161166487,5470,Eicosanoic acid (20:0),nutrition,lr6e4,train
139,0.1842690622374199,0.014334100278966968,0.0073702630986686585,0.025871207272567816,0.5346455997901378,0.03528875840906418,18180,Eicosapentaenoic acid (EPA; 20:5n-3),nutrition,lr6e4,train
140,0.12515703229801295,0.011439150759401955,0.001293090800272486,0.012875499386260817,0.21632428297696235,0.05134564412476814,4211,Eicosatetraenoic acid (20:4; isomer unspecified),nutrition,lr6e4,train
141,0.15807050549694993,0.002885464725579281,7.595672747936511e-05,0.0029451630716737552,0.3518879118930679,0.05186532786419336,1065,Eicosatrienoic acid (20:3; isomer unspecified),nutrition,lr6e4,train
142,0.12463046338812121,0.0018348830734920072,3.7461144601679805e-05,0.0019014390614669095,0.20594733160141365,0.05560567990474509,318,Eicosatrienoic acid (20:3n-3),nutrition,lr6e4,train
143,0.1505207041080934,0.0036114406266792008,6.548426252940352e-05,0.003695361115754329,0.1821893391330583,0.08514273442648333,1284,Eicosatrienoic acid (20:3n-6),nutrition,lr6e4,train
144,0.28557069080044434,0.030131464405064503,0.010587272047205849,0.04644626612825546,0.3295399554135956,0.1947898078099344,14951,Eicosenoic acid (20:1; isomer unspecified),nutrition,lr6e4,train
147,0.017168831535210972,0.05351094483364128,0.12324379007581894,0.26752525080210804,0.6890671839062088,0.0009189915398006279,17741,Ethanol,nutrition,lr6e4,train
148,0.1166293002974046,0.20789983042287535,0.16655121498579536,2.1554071699912627,0.11951315421036521,0.04968463575088498,27749,"Fat, total",nutrition,lr6e4,train
149,0.11425669751843702,0.14341081271769845,0.06264890921981041,1.057710982084978,0.11975953268656214,0.023185777180248404,22471,"Fatty acids, total monounsaturated",nutrition,lr6e4,train
150,0.19695821654940746,0.1829342816193738,0.09265682949868735,0.9168957146232295,0.20430808519032498,0.05701628047645051,22517,"Fatty acids, total polyunsaturated",nutrition,lr6e4,train
151,0.12061142340363437,0.14205016226608883,0.05990405675550856,0.9406100005560387,0.12520478609315303,0.036265564180805746,23183,"Fatty acids, total saturated",nutrition,lr6e4,train
152,0.21253868313836405,0.07460995916143967,0.0513017776835777,0.1824062841839115,0.2953477942075489,0.07312704341252574,6323,"Fatty acids, total trans",nutrition,lr6e4,train
153,0.21263502394023426,0.06496129291063657,0.06601861153250879,0.20553393185475902,0.237450524235595,0.09365545130719934,2792,"Fatty acids, total trans-monoenoic",nutrition,lr6e4,train
154,0.21017007215574743,0.020433683747567433,0.004569374873983095,0.030353503497008463,0.2268984266492156,0.15753966781915482,2496,"Fatty acids, total trans-polyenoic",nutrition,lr6e4,train
155,0.3131360055028624,1.6985817217839248e-05,4.1824524113880495e-09,1.6988653208543466e-05,0.32191739361781,0.21748477372707578,17790,"Folate, food",nutrition,lr6e4,train
156,0.33287690390981206,2.9800735868771062e-05,2.3809519688954708e-07,2.9923441838344372e-05,0.342875849229893,0.1982323744585083,21997,"Folate, total",nutrition,lr6e4,train
157,0.21101332603898057,1.812203289309071e-05,7.469400540171819e-09,1.8127332695555124e-05,0.38632123023052684,0.058228564908375684,17266,Folic acid,nutrition,lr6e4,train
158,0.32462170601713525,0.24929421484358671,0.20060752320681602,0.8091647679444428,0.4286826381922944,0.1053666662605593,10967,Fructose,nutrition,lr6e4,train
159,0.20098198208939508,0.02274732541035446,0.011609359155613497,0.03182817424097758,1.1212310600660007,0.0004237234573254956,8120,Galactose,nutrition,lr6e4,train
160,0.34622225062436657,0.2730009851039859,0.21888852204520812,0.8707898924323111,0.4302892477804521,0.11205521258015065,11206,Glucose,nutrition,lr6e4,train
161,0.06191577729354262,0.09216442832337852,0.024073103908543003,0.3231612642292714,0.06241605320255935,0.022810889166897642,8601,Glutamic acid,nutrition,lr6e4,train
162,0.09762752266599059,0.06897531677278454,0.018752293516244894,0.14346176798982377,0.09563955225888371,0.14936893706399906,9525,Glycine,nutrition,lr6e4,train
165,0.17021998459967572,0.014818159889649112,0.0014068440389012709,0.017236538860430778,0.19233074742348788,0.10578666591677159,6293,Heptadecanoic acid (17:0),nutrition,lr6e4,train
166,0.1917789684723599,0.00918910124549431,0.0004826994173270448,0.009996539967162184,0.22418022938707252,0.14035681451963822,4818,Heptadecenoic acid (17:1; isomer unspecified),nutrition,lr6e4,train
167,0.1220661023549385,0.11978881651203545,0.04879478833147465,0.4735972731971659,0.12519711401111713,0.0428112726574535,19586,Hexadecanoic acid (16:0),nutrition,lr6e4,train
168,0.22843560424046291,0.05439680979292267,0.016060022167424585,0.09458647977474896,0.26036789641605174,0.0924901491243887,4679,Hexadecenoic acid (16:1; cis/trans unspecified),nutrition,lr6e4,train
169,0.10616454715920823,0.011954349768171668,0.0020355223283290242,0.015222485823459897,0.2821419074439249,0.030681645546963295,14771,Hexanoic acid (6:0),nutrition,lr6e4,train
170,0.07168772768727345,0.038595485427898306,0.004870556374312751,0.06389213874658506,0.07270055573486754,0.011031454356971239,8652,Histidine,nutrition,lr6e4,train
171,0.1445345881138587,0.03920517193088139,0.0047058745194845574,0.04764014684696012,0.17695881305473182,0.03761778484728733,1676,Hydroxyproline,nutrition,lr6e4,train
172,0.11027632276010096,0.14385639724961072,0.052228115498861125,0.848552954658044,0.116601599881409,0.03972515486858833,158,Insoluble dietary fibers,nutrition,lr6e4,train
173,0.2785991962413306,0.0014050892152815016,7.706022912036836e-05,0.0014611406385799785,0.2819655332309636,0.16261009774733873,32795,Iron,nutrition,lr6e4,train
174,0.05472694243160396,0.03893560142761372,0.005071425975775263,0.07122096374387624,0.05543477867903525,0.014108028513579242,8660,Isoleucine,nutrition,lr6e4,train
175,0.12292715392218768,0.06426591909645857,0.017594570500263033,0.18898269988516006,0.12541976426811935,0.015744909047126346,44,Isomeric linoleic acids (18:2),nutrition,lr6e4,train
176,0.2123119737599226,0.04209315622543268,0.011302503862133627,0.06480514011328951,0.2692041971981163,0.14024849073821063,68,Isomeric linolenic acids (18:3),nutrition,lr6e4,train
177,0.12251030612449673,0.11390283148871078,0.09351867210772263,0.4304786698959381,0.34149844329417334,0.030151251071786445,10711,Lactose,nutrition,lr6e4,train
178,0.04742707410889335,0.046559463373328565,0.008237231968745425,0.11072813587956512,0.048013132716091325,0.00416494054137305,8661,Leucine,nutrition,lr6e4,train
179,0.0876052135933487,0.04793841534059503,0.01217444013280233,0.3193590314076992,0.10766300836530589,0.016631478246423328,59,Lignin,nutrition,lr6e4,train
180,0.21991559688751317,0.16998422582004594,0.08615014925727035,0.8402548470694029,0.22560945023715642,0.09570190021120989,7708,Linoleic acid (18:2n-6),nutrition,lr6e4,train
181,0.4058647182522698,0.0001904052136194518,9.460534063820098e-07,0.00019097087793960884,0.5097386949589214,0.18984040652089304,7134,Lutein + zeaxanthin,nutrition,lr6e4,train
182,0.09217117825325673,0.00021703265796581395,2.0160214754319223e-06,0.0002180483101826719,0.8638573267382931,0.00024606202226874877,11469,Lycopene,nutrition,lr6e4,train
183,0.06825637318657284,0.05810810317557849,0.008864137903715954,0.1295415619440379,0.06911082828141887,0.0057283328421950785,8681,Lysine,nutrition,lr6e4,train
184,0.19295955742344106,0.012978882786594672,0.0014894917926695792,0.014997901569084442,0.19434841766106814,0.11337157025852337,35492,Magnesium,nutrition,lr6e4,train
185,0.2799007037442139,0.12246936693350396,0.10732721401957689,0.29008072172880645,0.5767715655302308,0.05705137180202456,10771,Maltose,nutrition,lr6e4,train
186,0.33467299569769643,0.0004257543284516434,1.4978934260908074e-05,0.0004340620471231341,0.3383051761569388,0.2550479090766437,18010,Manganese,nutrition,lr6e4,train
188,0.07695061822185181,1.2224221622912375e-06,1.0173262528469405e-11,1.2224437452599973e-06,0.08800476605323537,0.008074774041692722,94,Menaquinone-4,nutrition,lr6e4,train
189,0.07059172388816227,0.030919294645858707,0.0030363990597845427,0.045355624242095535,0.07148617991434043,0.03030044172225292,8681,Methionine,nutrition,lr6e4,train
190,0.2822876756049769,8.882604109218994e-06,1.0652002477130231e-09,8.88355375253646e-06,0.30561114376058196,0.19610491094097096,1011,Molybdenum,nutrition,lr6e4,train
191,0.23633527863891224,0.0012925445115014882,0.00015046734807054485,0.0014144995818742567,0.24234102901444107,0.08292132096008528,30892,Niacin,nutrition,lr6e4,train
192,0.2107232959373036,0.0017480665075103197,0.0008125798954498814,0.0027455940975673167,0.21768109092294743,0.08593855610548921,6362,Nicotinic acid,nutrition,lr6e4,train
193,0.29539787688486907,0.21765887409574716,0.15569456875635318,1.048049658499876,0.30218036612820737,0.1360599952577873,4923,Octadecadienoic acid (18:2; isomer unspecified),nutrition,lr6e4,train
194,0.16111538317992047,0.10945306071270033,0.045193860404324285,0.3109845851519568,0.16999807576080447,0.027120849124209447,19517,Octadecanoic acid (18:0),nutrition,lr6e4,train
195,0.05642507546471756,0.0032525238668331302,0.0012999817655461033,0.004404515503620056,0.584142243547729,0.008946749641099315,3901,Octadecatetraenoic acid (18:4; isomer unspecified),nutrition,lr6e4,train
196,0.387025592048859,0.0758851537504137,0.03654284084494075,0.14183853334291957,0.39481152594139796,0.302089874782714,4835,Octadecatrienoic acid (18:3; isomer unspecified),nutrition,lr6e4,train
197,0.22810041294473937,0.2719733882407969,0.19904486679200556,1.5772439508075697,0.2340025625965925,0.09400471336664683,4910,Octadecenoic acid (18:1; cis/trans unspecified),nutrition,lr6e4,train
198,0.1980579301432493,0.02522645915529341,0.01726917192063739,0.04322491026168663,0.44975278816369524,0.04314763538843294,15315,Octanoic acid (8:0),nutrition,lr6e4,train
199,0.23167117439600826,0.00030686570485125383,2.113258421063575e-06,0.00030816288934545986,0.23640940586416476,0.1617060754375958,16490,Pantothenic acid (vitamin B5),nutrition,lr6e4,train
200,0.2083111522197813,0.009915376139933492,0.0008435793077579297,0.011026372475808104,0.25619775735261274,0.11885412320893853,5999,Pentadecanoic acid (15:0),nutrition,lr6e4,train
201,0.10135639465404594,0.0027853809602312197,0.0014460780400247294,0.004086465742487035,1.345617566888828,0.0007098420827295951,4236,Pentadecenoic acid (15:1; isomer unspecified),nutrition,lr6e4,train
202,0.04819712660311269,0.03491060018106613,0.005289276018485914,0.06360341765753054,0.04883570366499797,0.007576472549988883,8673,Phenylalanine,nutrition,lr6e4,train
203,0.14647060485484553,0.03844967075570608,0.006197953614940523,0.04998202952686004,0.1483717504765513,0.06717671812904291,31130,Phosphorus,nutrition,lr6e4,train
204,0.16299622429699104,0.018526835536675026,0.002454696019997109,0.022604013541270146,0.2285237385075193,0.042238376680446034,398,Phytosterols,nutrition,lr6e4,train
205,0.18669915396077832,0.07548816918735808,0.021981654020331743,0.11949801357125915,0.18755765900135404,0.1242464978312813,31399,Potassium,nutrition,lr6e4,train
206,0.07708457098773498,0.0657400223231415,0.01244249830334178,0.13091078059926092,0.0780609821359021,0.009041091280621484,8583,Proline,nutrition,lr6e4,train
207,0.1092771927302405,0.21257777631928895,0.11032774736230383,2.2374947327788677,0.11144917969539868,0.04315604846738204,26382,"Protein, total",nutrition,lr6e4,train
208,0.32654337409338263,0.00011525442412774286,1.4027361912445185e-06,0.0001159661448689753,0.5606335896081538,0.06490598751403548,28747,Retinol,nutrition,lr6e4,train
209,0.23372618504436335,0.00012025074355259434,3.942099249272472e-06,0.00012239505323692463,0.23941703437262168,0.11114597656705379,27092,Riboflavin (vitamin B2),nutrition,lr6e4,train
210,0.2475112315860227,8.151616360737277e-06,3.352925798993371e-08,8.168602686093564e-06,0.257272769368712,0.13363929092125176,24283,"Selenium, Se",nutrition,lr6e4,train
211,0.05046245397077494,0.03752158172226753,0.004626458350664932,0.06777542433501567,0.050816761441731806,0.0254833060194543,8568,Serine,nutrition,lr6e4,train
212,0.3284180082273791,0.09507409010933293,0.03497908823051553,0.178394894734102,0.3310389116621091,0.2222427495509163,26623,Sodium,nutrition,lr6e4,train
213,0.16251839591444503,0.16251839562998358,0.25376943258697376,1.6589084882908887,0.251141172043689,0.010593636835741077,76,Sorbitol,nutrition,lr6e4,train
214,0.18190166402148272,0.4980619260460577,0.6334972818158173,5.355553867926562,0.25302709881222046,0.05631330704527961,7534,Starch,nutrition,lr6e4,train
215,0.026042260545976748,0.010421471109366845,0.00848762027218443,0.01677312029530996,0.971874913157631,0.00044777302143013745,835,Stearidonic acid,nutrition,lr6e4,train
216,0.11025793463812898,0.002931941942740763,0.00030624847039731156,0.0032087966832577276,0.1694014477854279,0.04394551080630894,210,Stigmasterol,nutrition,lr6e4,train
217,0.3784116612019104,0.42135092487903,0.48986043444829,2.761690445144425,0.46749118540144685,0.15794685068164396,5683,Sucrose,nutrition,lr6e4,train
218,0.3208831101080509,0.49158845166437304,0.5198332518682195,4.509388226943935,0.3436594351782177,0.1677951465441846,18095,"Sugars, total",nutrition,lr6e4,train
219,0.09547873975462745,0.02736027680225743,0.0033098435837713882,0.035356907335359566,0.09547873975462745,,93,Sulfur,nutrition,lr6e4,train
220,0.2789260964364957,0.0104666990722894,0.003115070502919229,0.013026003625415046,0.3280366739934735,0.21185746541396674,4423,Tetracosanoic acid (24:0),nutrition,lr6e4,train
221,0.24487371780478037,0.07277874278241399,0.03675948365296352,0.15364884746748927,0.27846126147194666,0.06606710482884129,18875,Tetradecanoic acid (14:0),nutrition,lr6e4,train
222,0.19172485668080805,0.012787930044060588,0.0014900964632439848,0.01505859175386233,0.2595527082231658,0.09659794631881911,5438,Tetradecenoic acid (14:1; isomer unspecified),nutrition,lr6e4,train
223,0.28710100398883287,0.00010711987753692864,2.6607728796694474e-06,0.00010855599467936427,0.2942518961206318,0.15278762754487163,29067,Thiamin (vitamin B1),nutrition,lr6e4,train
224,0.05505028400753379,0.03699054436784861,0.004044015833498577,0.06522386273185442,0.05572552906656827,0.004383531980203663,8656,Threonine,nutrition,lr6e4,train
225,0.31820058443802535,4.691369198313632e-05,7.13987842360105e-08,4.6953369197551026e-05,0.4200807653327683,0.14798574190542604,7747,"Tocopherol, beta",nutrition,lr6e4,train
226,0.36019638364403106,0.0001657789601436946,9.67803878506825e-07,0.00016638787841150715,0.5033234572638631,0.17490510744507268,7687,"Tocopherol, delta",nutrition,lr6e4,train
227,0.4712889964971061,0.000936545278803113,1.1951630061251417e-05,0.0009479547375231791,0.5207238092866208,0.27064321965102417,8262,"Tocopherol, gamma",nutrition,lr6e4,train
228,0.48400938481652656,8.652248273703983e-05,2.518570974005361e-07,8.66527185023914e-05,0.5860157962058526,0.2711422761532656,5437,"Tocotrienol, alpha",nutrition,lr6e4,train
229,0.16567831865773383,6.417643720497867e-05,5.046103514744152e-08,6.420171417331457e-05,0.7849336284513134,0.0019519680939729042,1186,"Tocotrienol, beta",nutrition,lr6e4,train
230,0.05889438487163495,1.3121385000258011e-05,8.40015784807807e-09,1.3125587807835127e-05,0.883470268743492,0.001136074111947263,1161,"Tocotrienol, delta",nutrition,lr6e4,train
231,0.37483042356866547,0.00010249361336922406,2.0192433224175452e-07,0.00010259541382773604,0.9169945367925217,0.057340297482412705,1167,"Tocotrienol, gamma",nutrition,lr6e4,train
232,0.0577061961554538,0.0007393996934746627,3.264258320420511e-05,0.0007561095226303433,1.1323036294460511,7.794263513784616e-05,668,Tridecanoic acid (13:0),nutrition,lr6e4,train
233,0.11483653545424383,0.026954257035283886,0.002713908936910813,0.032922567125836535,0.11484434830126652,0.11497243736776597,15731,Tryptophan,nutrition,lr6e4,train
234,0.0609542981306262,0.03638873583036936,0.004169405623940182,0.05903269902982773,0.06180925241843817,0.008630818364622832,8612,Tyrosine,nutrition,lr6e4,train
235,0.05219057460712631,0.04042805927768949,0.0065618626792612825,0.08264482072639116,0.052829837867429834,0.005511212471058522,8661,Valine,nutrition,lr6e4,train
236,0.24954846123491972,0.00029167637995197254,3.254201098864062e-05,0.00030909595236390275,0.2580547510599679,0.1454416305403005,1774,Vitamin B6 - Pyridoxin,nutrition,lr6e4,train
237,0.2998220670391292,9.997236103625011e-07,3.069855381348294e-10,9.998799568052514e-07,0.5487931831950557,0.08840581422368939,27304,Vitamin D (D2 + D3),nutrition,lr6e4,train
238,0.23444706277496224,1.6974850944757865e-07,2.5310890368803946e-12,1.697497750288091e-07,1.1850584669938469,0.0007050699656880954,6511,Vitamin D2 (ergocalciferol),nutrition,lr6e4,train
239,0.08994948004451744,0.3535536973444298,0.45250510111583714,9.66705030042995,0.08970145736100993,0.12701699736937153,30210,Water,nutrition,lr6e4,train
241,0.2267348984583233,0.0007946009889728061,0.0001146894178507882,0.0008834771538941643,0.22974066910590543,0.11321362901629908,31918,Zinc,nutrition,lr6e4,train
242,0.14670489397062636,0.0060635607212685275,0.0004302350933287392,0.006616715314538213,0.24694627949238654,0.0441284345764791,1216,"cis,cis-Eicosadienoic acid (20:2n-6)",nutrition,lr6e4,train
243,0.22920768605880276,0.002445833343486918,6.77983385125448e-05,0.0025003532809465515,0.4387555442864193,0.05799175311672583,298,cis-Docosenoic acid (22:1 cis),nutrition,lr6e4,train
244,0.10864418044766216,0.027084306787243342,0.0020231924101240194,0.03455500038570585,0.11024005423494407,0.03343862822200227,385,cis-Hexadecenoic acid (16:1 cis),nutrition,lr6e4,train
245,0.1359668962350661,0.19733368751756467,0.1165791816374096,1.5036747058856863,0.13606834374254484,0.09756901465436854,759,cis-Octadecenoic acid (18:1 cis),nutrition,lr6e4,train
246,0.19063173688547946,0.00340546884785761,0.0006273861141763996,0.00380274094615346,0.3976837091475057,0.05556557576831537,461,cis-Tetracosenoic acid (24:1 cis),nutrition,lr6e4,train
247,0.11779355988713948,0.01412001307693823,0.002240676129151304,0.018436135632960603,0.11385686873592919,0.24927904433756343,172,"trans,trans-Linoleic acid (18:2 trans,trans)",nutrition,lr6e4,train
248,0.11787915533780001,0.0002586150912446066,1.342890169543508e-06,0.00025930278042518253,0.8249327169042264,0.00431096669241545,224,trans-Docosenoic acid (22:1 trans),nutrition,lr6e4,train
249,0.10296037564413837,0.0028060688856068835,2.590016681075402e-05,0.002901947987072286,0.13885478264004952,0.03265174338410623,287,trans-Hexadecenoic acid (16:1 trans),nutrition,lr6e4,train
250,0.1448564442442753,0.015102091671540835,0.0018262495134686021,0.018770188571619995,0.15596134618834936,0.04967157043792608,335,trans-Linoleic acid (18:2; isomer unspecified),nutrition,lr6e4,train
251,0.19372128713473674,0.09303165342032817,0.06489915292785191,0.4164969754794592,0.20213542670344042,0.12640817058510742,774,trans-Octadecenoic acid (18:1 trans),nutrition,lr6e4,train
2,0.4349334055678706,0.2121820333746751,0.1334997586715236,0.406494536375006,0.4349334055678706,,18,Acetic acid,food_metabolome,mae,validation
7,0.3027266598639402,0.001559152372854,5.3060432244793096e-05,0.0015988723802063,0.8277281015658068,0.0297259101789696,38,Apigenin,food_metabolome,mae,validation
9,0.905983089756493,0.0010875007608709,7.579022289449668e-06,0.001092071360763,0.905983089756493,,13,Benzoic acid,food_metabolome,mae,validation
11,0.6542259732108686,0.0030057730157898,3.205441900839091e-05,0.0030268392802443,0.7103199305005127,0.0371924430247839,12,Cadaverine,food_metabolome,mae,validation
12,1.2178365133846805,0.0703860604954479,0.0571680691920905,0.1116698808722172,1.3512227562595984,0.1062844894270295,28,Caffeic acid,food_metabolome,mae,validation
13,0.0761999365168131,0.0025877222864538,0.0010939592342532,0.0033412179659241,0.8934670946889929,5.571699386496932e-06,1962,Caffeine,food_metabolome,mae,validation
15,0.7273084467859562,0.0106693168323504,0.0020018962980253,0.0118587757588024,0.8185423327834556,0.5144293794584577,30,Catechin,food_metabolome,mae,validation
16,0.1404966627184999,0.0097906582070062,0.0005037697911937,0.0107509778342313,0.1429243740853621,0.0207295686199614,755,Choline,food_metabolome,mae,validation
18,0.2548163595724733,0.1142641584108121,0.0342712961575372,0.1709235457479953,0.2548163595724733,,52,Citric acid,food_metabolome,mae,validation
21,0.5974627171964739,0.0099004624443958,0.0004549721249773,0.0102520564754488,0.6352861555680466,0.5445099034762723,12,Cyanidin,food_metabolome,mae,validation
22,0.4070994362175973,0.0024085655430724,1.4982234172668712e-05,0.0024340492915104,0.4572557602253049,0.2733492388637105,11,Daidzein,food_metabolome,mae,validation
24,0.6210191684090841,0.0041408467820263,9.495972070569484e-05,0.0041979362964607,1.4194723849350497,0.0,16,Delphinidin,food_metabolome,mae,validation
25,2.2878459426669147,0.1210571450832383,0.0597607390512566,0.1580424699618578,2.2878459426669147,,5,Ellagic acid,food_metabolome,mae,validation
26,0.4344471859247583,0.000908360301141,8.190550339226022e-06,0.0009124725190738,1.3725640077814332,0.0592004571820883,28,Epigallocatechin,food_metabolome,mae,validation
28,0.6080944972898653,0.0105980765362602,0.0005387744821975,0.0110174386329673,0.6571827589343915,0.0190353575555505,26,Ferulic acid,food_metabolome,mae,validation
33,1.6981812648402257,0.2240946983772754,0.3585284264774529,0.6346894687086899,2.143733852684981,0.0273590604223932,19,Gallic acid,food_metabolome,mae,validation
35,1.1467280331276433,0.0126453327241981,0.0017679763728137,0.0136443344769776,1.1082702794587165,2.1466296285197446,27,Genistein,food_metabolome,mae,validation
43,0.334421887904103,0.0012275874632895,7.447531737423351e-06,0.0012324749207062,0.8914668404429413,0.0305791865192821,17,Glycitein,food_metabolome,mae,validation
47,0.5749575810653903,0.0012867577197493,1.603625453723628e-05,0.0012954880871038,0.5912160008110964,0.0384297294570881,34,Histamine,food_metabolome,mae,validation
50,0.8372879327544502,0.0051611954077186,0.0002458306596718,0.0052867435187067,1.8773784624332197,0.2132336149471887,16,Isorhamnetin,food_metabolome,mae,validation
51,0.5961670734604321,0.0027970306616612,6.092611370226891e-05,0.0028320010131043,0.9566309242079356,0.1663832514153316,57,Kaempferol,food_metabolome,mae,validation
52,0.1541542209054107,0.1274146363303295,0.0309159645523946,0.2378551688790321,0.1541542209054107,,23,Lactic acid,food_metabolome,mae,validation
53,0.9744295065778974,0.0001838749457173,1.1253550793329049e-07,0.0001839315508634,0.9744295065778974,,4,Lariciresinol,food_metabolome,mae,validation
54,0.4619689200830745,0.0008668835530112,3.242355038406311e-06,0.0008689861493016,0.4619689200830745,,14,Lutein,food_metabolome,mae,validation
55,0.519095022264411,0.0053129612870122,0.0004174021318652,0.0055468534670523,1.2398089082725263,0.0201392550280235,44,Luteolin,food_metabolome,mae,validation
56,0.2549015220166228,0.1023390913903854,0.0276569457759549,0.1516936279681264,0.2549015220166228,,49,Malic acid,food_metabolome,mae,validation
58,1.2890975729862415,0.000134674624631,8.92549026326305e-08,0.000134719263764,1.6106373198885886,0.0029385853768537,5,Matairesinol,food_metabolome,mae,validation
61,0.3815590938074704,0.0009263806259248,5.649777113321705e-06,0.0009314332029482,0.57391938896631,0.1342387143175337,48,Myricetin,food_metabolome,mae,validation
62,0.317756542871844,0.003583284124611,9.237835788570392e-05,0.003660325830341,0.5849267216919342,0.1619072718934581,19,Naringenin,food_metabolome,mae,validation
65,1.087549917405509,0.0487754725147029,0.003491568995609,0.054317791900151,1.087549917405509,,4,Oxalic acid,food_metabolome,mae,validation
66,0.2931492165665867,8.555307903781478e-05,5.760478769456632e-08,8.57420551409645e-05,0.8244735788399958,0.080619471657223,14,Pelargonidin,food_metabolome,mae,validation
67,0.2246576265109379,0.000812312501993,6.838572078555552e-06,0.0008161765278915,0.7263548184915033,0.0016810967417978,13,Peonidin,food_metabolome,mae,validation
72,0.5971076441746824,5.106968475221155e-05,6.876575315716684e-09,5.1073342178691445e-05,0.5971076441746824,,4,Pinoresinol,food_metabolome,mae,validation
77,0.2964625975249628,0.0022033475833479,3.839325877541344e-05,0.00229225257401,0.2964625975249628,,17,Putrescine,food_metabolome,mae,validation
79,0.5278309678453172,0.00459491634916,0.00011786621158,0.0046741518055038,0.6207627484838796,0.2326358999345897,71,Quercetin,food_metabolome,mae,validation
82,0.2992656002858631,0.258750681732205,0.1436959905391097,0.5229818666974704,0.4488984004287947,0.0,6,Rosmarinic acid,food_metabolome,mae,validation
83,1.084936547290475,0.0001147140048969,2.2349913216306347e-08,0.0001147278776967,1.084936547290475,,5,Secoisolariciresinol,food_metabolome,mae,validation
88,0.1904455175901999,0.0007876449921044,2.5517068939259506e-06,0.0007890963436366,0.201358879464835,0.0813118988438484,11,Spermine,food_metabolome,mae,validation
90,1.25024956659772,0.0074932583293795,0.0003001496196918,0.0076458649970777,1.3402512799752335,0.950243855339342,13,Syringic acid,food_metabolome,mae,validation
91,0.4930692143929594,0.2123549843597152,0.1452465588723282,0.3390377334594726,0.4930692143929594,,5,Tartaric acid,food_metabolome,mae,validation
92,0.1362641695445036,0.0005101123041175,1.6028947894281927e-06,0.0005148454028258,0.1362641695445036,,9,Taurine,food_metabolome,mae,validation
93,0.0487838284252405,0.0070262415978291,0.0028096252374308,0.0089435029940176,0.8259456561096828,0.0003985465914433,1928,Theobromine,food_metabolome,mae,validation
96,0.2005852723250183,0.0019234951192574,3.0753475960743225e-05,0.0019583576524454,0.2297063458114045,0.0258588314067011,21,Tyramine,food_metabolome,mae,validation
98,0.3602649017267783,0.0006150648012614,1.20727145591977e-06,0.0006167561521388,0.2819449750093851,0.7127045719550473,11,Vanillic acid,food_metabolome,mae,validation
103,0.6091671708005465,0.0056310444253006,0.0001517618535326,0.0057595076901259,0.7050211083679404,0.0340435453961829,28,p-Coumaric acid,food_metabolome,mae,validation
104,0.0478821284430622,0.0371353985190255,0.0046409883747829,0.0736591359281662,0.0484951791951838,0.0053865649437296,1547,Alanine,nutrition,mae,validation
105,0.1457768699229536,0.0145093508817333,0.0018216723442142,0.0169560797502672,0.228506308241266,0.0462479481290513,1128,Arachidonic acid (20:4n-6),nutrition,mae,validation
106,0.0676402468050922,0.0556813117158581,0.0100812311924408,0.1204144268346793,0.0674969244209254,0.0737525998222993,1727,Arginine,nutrition,mae,validation
107,0.3154799211416216,0.0078511982396139,0.0002528733843641,0.0081627857953714,0.4521183553044039,0.0853520320253569,102,Ascorbic acid (vitamin C),nutrition,mae,validation
108,0.1043238776078683,0.1087033160964787,0.0429927481148425,0.4591968025524374,0.1055582116728036,0.021716371741968,3606,Ash,nutrition,mae,validation
109,0.050700602507356,0.0527824133364986,0.0091056385805601,0.1261290067756035,0.0506798100420018,0.0522589977856554,1519,Aspartic acid,nutrition,mae,validation
110,0.0816178746909077,0.199247405940942,0.1291233145748665,2.566525830076621,0.0883130730350535,0.0092260425948309,756,Available carbohydrate,nutrition,mae,validation
111,0.108161286980056,0.0180175118311564,0.0017302682991876,0.021282726905244,0.1524245331105505,0.0006648320917121,48,Beta-sitosterol,nutrition,mae,validation
112,0.1804782588899432,0.0066649247586676,0.0019716435698263,0.0080783349593384,0.1742901855859641,0.3372637698747833,498,Betaine,nutrition,mae,validation
113,0.334327168552848,8.822361666800027e-05,1.9059089071793557e-06,8.928738933544423e-05,0.3358479957354561,0.3208429795309095,1768,Biotin,nutrition,mae,validation
114,0.1006439307459229,0.0136632862000125,0.0021082372610015,0.0184359881063964,0.2375978798356236,0.0274146078292237,2269,Butyric acid (4:0),nutrition,mae,validation
115,0.3073949109878908,0.031853432130749,0.0080734352095022,0.0436133906597855,0.3083957261804667,0.2712951713320253,6878,Calcium,nutrition,mae,validation
116,0.2097987502237953,0.0055572076160126,0.0001137177626064,0.0058703491837168,0.2433996377600023,0.0921956438470706,36,Campesterol,nutrition,mae,validation
117,0.2558378335761108,4.844153933575312e-05,1.241854605430932e-07,4.850451267011676e-05,1.114232284022839,0.0080813409862381,2524,"Carotene, alpha",nutrition,mae,validation
118,0.4077336933153287,0.0003329997935633,3.2273450468566465e-06,0.0003353174426244,0.6294746647908949,0.0728020280087874,3736,"Carotene, beta",nutrition,mae,validation
119,0.482925232840749,0.4460811009781934,0.7629059431666677,3.842569276372592,0.4498912919436989,0.6976458486715742,15,Cellulose,nutrition,mae,validation
120,0.1816546229173644,0.0815404476045898,0.019644080989251,0.2320611900024175,0.1816546229173644,,343,Chloride,nutrition,mae,validation
121,0.232782760231851,6.977830129142933e-07,2.196214801182441e-11,6.977969736580995e-07,0.3279470882075158,0.1089430883959693,695,Cholecalciferol (vitamin D3),nutrition,mae,validation
122,0.1162121341490202,0.028636917816625,0.0566199483191707,0.1632141688106148,0.1910879123007745,0.0076942056425454,3992,Cholesterol,nutrition,mae,validation
123,0.1250507247316577,0.0076201781646789,0.0003373425517509,0.0083497408518401,0.1270713999906149,0.0573764733316728,1897,"Choline, total",nutrition,mae,validation
124,0.375880458348235,4.17431315598921e-05,5.617605820088196e-08,4.179003513774428e-05,0.4715914255321087,0.1182767577212612,278,Chromium,nutrition,mae,validation
125,0.166542222580499,6.801857939652334e-07,1.3433277584960072e-11,6.801980711754546e-07,0.2628696298335194,0.0143669751463183,4402,Cobalamin (vitamin B12),nutrition,mae,validation
126,0.1115666795559481,0.0125518887776006,0.0007043488393608,0.0176956635542613,0.1214825520159271,0.0405029269260985,98,Conjugated linoleic acids (18:2 CLA isomers),nutrition,mae,validation
127,0.2430702575204741,0.0001227108868623,1.5707659180480243e-06,0.000123559693908,0.245657520590333,0.1719509664625734,5038,Copper,nutrition,mae,validation
128,0.25387311599839,1.950793662711649e-05,4.898834695655285e-08,1.9532474255101572e-05,1.058753664867313,0.0040033378869125,2450,"Cryptoxanthin, beta",nutrition,mae,validation
129,0.0708024360324476,0.0213084973015225,0.0013586773415687,0.0265959436879433,0.0717375905641839,0.01871086507943,1531,Cystine,nutrition,mae,validation
130,0.1975305017305338,0.0237465812781717,0.0104109275312327,0.0399505142147635,0.3423015366473294,0.0500917099286552,2996,Decanoic acid (10:0),nutrition,mae,validation
131,0.1659683157794404,0.2208352221031917,0.1175137334845351,1.060503980532142,0.1995068180171137,0.0367426745239777,2543,"Dietary fibre, total",nutrition,mae,validation
132,0.1136849268025825,0.0134869512700781,0.0053056174020286,0.0294769535649378,0.3511191406693837,0.0180062144206493,2886,Docosahexaenoic acid (DHA; 22:6n-3),nutrition,mae,validation
133,0.2629689543689376,0.0169039475559906,0.0082922442098268,0.0265312280271939,0.3840292414720747,0.1049887947642628,1047,Docosanoic acid (22:0),nutrition,mae,validation
134,0.1305253207655619,0.0056307669020783,0.001104344049851,0.0074225340252761,0.3364019043108671,0.0322603649765874,2934,Docosapentaenoic acid (DPA; 22:5n-3),nutrition,mae,validation
135,0.1507800220514596,0.0016177683866222,1.7944823093521058e-05,0.0016310731945366,0.2789493577831019,0.0119299083421804,75,Docosatetraenoic acid (22:4; isomer unspecified),nutrition,mae,validation
136,0.1372454086568249,0.0122856521204937,0.0095396601164873,0.0421510050751584,0.7423214174991729,0.0315510417276327,733,Docosenoic acid (22:1; cis/trans unspecified),nutrition,mae,validation
137,0.3076849583404808,0.0561029740632165,0.063682545879722,0.1811233013391641,0.4427637013127275,0.080933714058206,3352,Dodecanoic acid (12:0),nutrition,mae,validation
138,0.2336098833324622,0.0143053273891372,0.0023874171730432,0.0170372696503026,0.2406520127919625,0.2009455427321815,998,Eicosanoic acid (20:0),nutrition,mae,validation
139,0.151068870250627,0.0120024190327301,0.0050342641250001,0.0230497011164795,0.4534956022836208,0.0242463863147603,3202,Eicosapentaenoic acid (EPA; 20:5n-3),nutrition,mae,validation
140,0.0994949853583987,0.0091359674456943,0.001071448826633,0.0108572865191226,0.1567968890375259,0.0571638493071516,772,Eicosatetraenoic acid (20:4; isomer unspecified),nutrition,mae,validation
141,0.1771555345946263,0.0043321614401055,0.0004638764240323,0.0046044745551488,0.3746459222632719,0.0563880313440158,224,Eicosatrienoic acid (20:3; isomer unspecified),nutrition,mae,validation
142,0.1718568643074494,0.0014654636953694,1.0792129420388016e-05,0.0014863932965215,0.2334340773280576,0.1122039391937351,63,Eicosatrienoic acid (20:3n-3),nutrition,mae,validation
143,0.1297608982781169,0.0034541368012456,9.036796174436494e-05,0.0035782311041742,0.1771749509112195,0.053251858801974,230,Eicosatrienoic acid (20:3n-6),nutrition,mae,validation
144,0.2380804391375317,0.0237870805139933,0.0053396191957528,0.0362641431922331,0.2792043733597236,0.1601467218216876,2654,Eicosenoic acid (20:1; isomer unspecified),nutrition,mae,validation
147,0.0163832122555775,0.0467728378317898,0.1223314157598417,0.2621238039061737,0.8132482889132249,5.719605088429446e-05,3138,Ethanol,nutrition,mae,validation
148,0.0818806141641493,0.1493442041121195,0.1084954364593943,1.5179075120268852,0.0840535036317139,0.0269350309277557,4833,"Fat, total",nutrition,mae,validation
149,0.1039740070944616,0.1307969655135998,0.0562619685536152,0.9561980344904302,0.1080625822024657,0.0340520026996567,3886,"Fatty acids, total monounsaturated",nutrition,mae,validation
150,0.1692366496565336,0.1571753606581613,0.0803511553942041,0.7834676435370038,0.1737141967115865,0.0750553423703684,3896,"Fatty acids, total polyunsaturated",nutrition,mae,validation
151,0.1043774664540864,0.122620926270911,0.049796207934262,0.8266286553811552,0.1085965426990353,0.0232217030751146,4023,"Fatty acids, total saturated",nutrition,mae,validation
152,0.1853032756867524,0.0642034474577469,0.0379638769903609,0.1609277327854599,0.2572612706600591,0.0611338983142092,1172,"Fatty acids, total trans",nutrition,mae,validation
153,0.1719634593804225,0.0503274597110178,0.0302573985307316,0.1407229400949276,0.1883890586550657,0.0742858956938773,521,"Fatty acids, total trans-monoenoic",nutrition,mae,validation
154,0.1894277082775655,0.0197940220434324,0.0042961252447966,0.0303070570227165,0.2187480961831046,0.0911345983466155,457,"Fatty acids, total trans-polyenoic",nutrition,mae,validation
155,0.25815578723323,1.4253620524262064e-05,1.8301023785094623e-09,1.4255747222274447e-05,0.271315069818329,0.1142178428508056,3170,"Folate, food",nutrition,mae,validation
156,0.2612572852713524,2.129276445612029e-05,6.0485227488327664e-09,2.1298679464577235e-05,0.2737116209901377,0.1038956609789108,3886,"Folate, total",nutrition,mae,validation
157,0.1472142123225321,1.535589565992266e-05,4.886095614989808e-09,1.5361139539332414e-05,0.2816496257237992,0.0277263184791933,3100,Folic acid,nutrition,mae,validation
158,0.2660386507288728,0.2043541919689689,0.1484961082318064,0.6479279107509868,0.3545130586750404,0.0509933421321342,1959,Fructose,nutrition,mae,validation
159,0.2129018529078734,0.0256507039401506,0.0145582627166985,0.0381411739079263,1.061035901696444,0.0072436637771448,1460,Galactose,nutrition,mae,validation
160,0.3038490388943798,0.2400524554797778,0.1919887935189116,0.7480339843507854,0.3734672945530174,0.075600398014992,2003,Glucose,nutrition,mae,validation
161,0.0487194892555977,0.0735925355422505,0.0180038984237829,0.2489579093832818,0.0492900493119418,0.0,1555,Glutamic acid,nutrition,mae,validation
162,0.079457301388215,0.0563599404204165,0.0122573672878295,0.1168825230467716,0.0796941711493901,0.0736027374047918,1713,Glycine,nutrition,mae,validation
165,0.1394775115095779,0.0115820607767885,0.0007145534990903,0.0131822888409718,0.1597460088013866,0.077261867481103,1138,Heptadecanoic acid (17:0),nutrition,mae,validation
166,0.1616593137632364,0.0074885996713594,0.000334354335657,0.0081717929993791,0.1994837645899732,0.1037283656128557,880,Heptadecenoic acid (17:1; isomer unspecified),nutrition,mae,validation
167,0.1049375171890036,0.1029871528664108,0.0379517993849893,0.4194549819971561,0.1073053425430589,0.0400669300097201,3436,Hexadecanoic acid (16:0),nutrition,mae,validation
168,0.2200161340647286,0.0511925473725197,0.0130124053808507,0.0893827810546409,0.2439812422060212,0.1037054758856553,878,Hexadecenoic acid (16:1; cis/trans unspecified),nutrition,mae,validation
169,0.0818579705406022,0.0091945535199025,0.0012316671469029,0.0111972317628777,0.2281482764725483,0.0188741787825859,2651,Hexanoic acid (6:0),nutrition,mae,validation
170,0.0570581773227766,0.0307225854774838,0.0028696175803545,0.0504543612426544,0.0579373891174488,0.0094711832623806,1562,Histidine,nutrition,mae,validation
171,0.0679598460304077,0.0171321554787712,0.0013023506070468,0.0201409060150011,0.0847848293948323,0.0097002021416542,299,Hydroxyproline,nutrition,mae,validation
172,0.2118971311782976,0.2678060664772473,0.097102956200461,1.7589308111648745,0.2230496117666291,0.0,20,Insoluble dietary fibers,nutrition,mae,validation
173,0.2315463629499761,0.0012329482512449,2.4808248911395405e-05,0.0012521908559215,0.2354406009965585,0.1070238439481415,5716,Iron,nutrition,mae,validation
174,0.0441307008616098,0.0312517463418323,0.0031483104800471,0.0560798155338467,0.0447509108422218,0.0103274072655528,1564,Isoleucine,nutrition,mae,validation
175,0.5497325059955523,0.2395723137934173,0.1123354609067635,0.4869152530136207,0.5497325059955523,,15,Isomeric linoleic acids (18:2),nutrition,mae,validation
176,0.7461911201442286,0.1318173165365908,0.0531445033186208,0.2044422397796503,0.420936724192064,1.210840257218749,17,Isomeric linolenic acids (18:3),nutrition,mae,validation
177,0.0880278468165076,0.0814704019031976,0.0458601729292476,0.2668219325710236,0.2437928402914425,0.0149567854459686,1909,Lactose,nutrition,mae,validation
178,0.0383140736475924,0.0376045658919072,0.0043407594465692,0.0848384647690066,0.0387511101122447,0.0046185622229033,1562,Leucine,nutrition,mae,validation
179,0.3588432666693044,0.2298753575989576,0.1651637164923644,1.819233606746968,0.3878688377853088,0.2645101605422901,17,Lignin,nutrition,mae,validation
180,0.1792652824521373,0.1391786446288363,0.0600063373996322,0.7354793180137618,0.1834840419179726,0.0743642057343473,1345,Linoleic acid (18:2n-6),nutrition,mae,validation
181,0.3014765265433848,0.0001969349572926,1.047489486866751e-06,0.000197885916836,0.381241188475486,0.1051732749460719,1277,Lutein + zeaxanthin,nutrition,mae,validation
182,0.0805251300964437,0.000233012829784,2.3825492932752163e-06,0.0002343649416943,0.7132227919988955,0.0057089311637852,2090,Lycopene,nutrition,mae,validation
183,0.0524861459673045,0.0447047795690035,0.0055408771312109,0.101608047291739,0.0531786303453448,0.0037289504407365,1571,Lysine,nutrition,mae,validation
184,0.1661599079308429,0.0113540065692752,0.0010958277594971,0.0128865659372799,0.1680602004085011,0.0556569389469958,6213,Magnesium,nutrition,mae,validation
185,0.2524304477721096,0.1088609153086816,0.0750187904795075,0.2166702433725156,0.502544481497224,0.0517942052120763,1924,Maltose,nutrition,mae,validation
186,0.2836365625517711,0.000386600605285,7.607049350641637e-06,0.0003910166797634,0.2850260605415722,0.2674979445320306,3266,Manganese,nutrition,mae,validation
188,0.1539333882033489,1.3231126914626097e-06,3.48542123242934e-12,1.32311942275419e-06,0.1710370980037211,0.0,10,Menaquinone-4,nutrition,mae,validation
189,0.0592255316327984,0.0260315203459906,0.0019758474712716,0.0379825744191063,0.0602401683459724,0.0123447835469475,1570,Methionine,nutrition,mae,validation
190,0.2980404801925565,1.958043318763744e-05,7.732105473718723e-09,1.9585552550050795e-05,0.3367026011745692,0.1071462578438689,190,Molybdenum,nutrition,mae,validation
191,0.1965879583083676,0.0009870877666981,6.837150898050469e-06,0.0009943322970466,0.2024255946527945,0.0578281311261334,5427,Niacin,nutrition,mae,validation
192,0.1642943656486834,0.0011858286991436,1.1575771619570383e-05,0.0012001851994194,0.1714908959214241,0.0380695092775966,1168,Nicotinic acid,nutrition,mae,validation
193,0.2634969500103974,0.1940937605559489,0.1321999569111432,0.9852900094902236,0.2637813327910396,0.2553966275811359,914,Octadecadienoic acid (18:2; isomer unspecified),nutrition,mae,validation
194,0.1366246308381423,0.0921738827831625,0.0322448263817956,0.2648458754144773,0.1426804807534917,0.0359831615025771,3429,Octadecanoic acid (18:0),nutrition,mae,validation
195,0.0634656206169188,0.0036068620605719,0.0007097869623169,0.0058784089209116,0.5574986591497813,0.0143644776434692,719,Octadecatetraenoic acid (18:4; isomer unspecified),nutrition,mae,validation
196,0.3420350597863988,0.065355529144612,0.0222971397070675,0.1116232334884676,0.3419422329983844,0.3430699530311536,899,Octadecatrienoic acid (18:3; isomer unspecified),nutrition,mae,validation
197,0.1914196999232209,0.2265190228219882,0.1433694294341991,1.5273807977687195,0.1960677973753256,0.07495165805191,912,Octadecenoic acid (18:1; cis/trans unspecified),nutrition,mae,validation
198,0.1567853181914384,0.020262629087276,0.0106342403679118,0.032809918704873,0.364394212913289,0.0300984745760333,2755,Octanoic acid (8:0),nutrition,mae,validation
199,0.2074565233896415,0.0003095021703193,6.314930914157344e-06,0.0003130540847396,0.213491026959246,0.1210877119183294,2974,Pantothenic acid (vitamin B5),nutrition,mae,validation
200,0.178380628203643,0.0088749225233794,0.0009730041806627,0.0100466506866047,0.2202521736907083,0.0973458529061658,1081,Pentadecanoic acid (15:0),nutrition,mae,validation
201,0.1121373847319696,0.0028755797377962,0.0006651153503629,0.0032612403301919,1.5161758313299962,0.000283798869458,777,Pentadecenoic acid (15:1; isomer unspecified),nutrition,mae,validation
202,0.0398505461452276,0.0286564553466329,0.0025486884724131,0.049686808316993,0.0404158747198587,0.0080981861540383,1573,Phenylalanine,nutrition,mae,validation
203,0.1276898110657118,0.0332551444266813,0.0044519922940557,0.0425932918046493,0.130753090234124,0.0128774330701898,5470,Phosphorus,nutrition,mae,validation
204,0.15098881521757,0.0148634037627642,0.0011309279559555,0.0167392768070395,0.2142662966973971,0.0750558374417773,66,Phytosterols,nutrition,mae,validation
205,0.1591669615153565,0.0644369161539294,0.0157314937765934,0.1017549174895406,0.1612581415273117,0.0429558385272665,5513,Potassium,nutrition,mae,validation
206,0.0613711054906284,0.0523990731123463,0.0084365519755727,0.104239147095301,0.0622491133157633,0.0056907759133238,1546,Proline,nutrition,mae,validation
207,0.0821316531476351,0.1664072099029401,0.0728541786171397,1.6219945962513267,0.0841039519276875,0.0323631606810643,4633,"Protein, total",nutrition,mae,validation
208,0.2287066055122889,6.883871080476854e-05,3.367724395281595e-07,6.918243841395407e-05,0.4015570906688371,0.0474433247322619,5057,Retinol,nutrition,mae,validation
209,0.1992606327415747,8.115544518019905e-05,5.543931773336161e-08,8.121179664682557e-05,0.2060058966764628,0.0564457316251515,4691,Riboflavin (vitamin B2),nutrition,mae,validation
210,0.1992301425648075,5.731875873581285e-06,1.426928158728568e-09,5.732686283684458e-06,0.2067152740363188,0.106806569350258,4249,"Selenium, Se",nutrition,mae,validation
211,0.0407159405390096,0.0302149183727399,0.0028920338406192,0.0539987228576687,0.04123105456385,0.0051262442773124,1542,Serine,nutrition,mae,validation
212,0.2607061518846424,0.0777912438771616,0.0403655458503808,0.1760608040403171,0.2639902053947088,0.12135226716999,4705,Sodium,nutrition,mae,validation
213,0.1127562773444029,0.1127562740812252,0.0334311720047433,0.2161012692761063,0.1931487668628527,0.0055662913198032,14,Sorbitol,nutrition,mae,validation
214,0.1204579080981262,0.3302364261981295,0.4695344390732675,3.5665232187439613,0.1644345812809181,0.0365060700420281,1292,Starch,nutrition,mae,validation
215,0.044301483741221,0.0148947397732166,0.0062842308747249,0.0187374423246841,0.8858565632508615,9.111135450536597e-06,140,Stearidonic acid,nutrition,mae,validation
216,0.1973236104073827,0.0031742792964,6.956876995133872e-05,0.0032377307209162,0.2655993328562531,0.0835307396592654,48,Stigmasterol,nutrition,mae,validation
217,0.3191361682695934,0.3529594424941872,0.3701654248588515,2.2991625736014214,0.3957869433164316,0.1171148752012269,1021,Sucrose,nutrition,mae,validation
218,0.2224943834532617,0.3463443313319003,0.2981827656798421,3.218365825887605,0.2355984091657046,0.1205472197348641,3185,"Sugars, total",nutrition,mae,validation
219,0.4011222491624673,0.0996189168602095,0.0180103757926958,0.1187986508567631,0.4011222491624673,,20,Sulfur,nutrition,mae,validation
220,0.1985462405609233,0.0061411647365806,0.0005237170540719,0.0067977312234351,0.2648600376177399,0.1151431736743389,806,Tetracosanoic acid (24:0),nutrition,mae,validation
221,0.1963340069337165,0.0593340462858956,0.0322626986505364,0.1480883965401969,0.2246006538730365,0.0364876764849496,3308,Tetradecanoic acid (14:0),nutrition,mae,validation
222,0.1560877652052763,0.011383449082412,0.0014236372189907,0.0139533109112779,0.2339920531810845,0.0509314650447134,1002,Tetradecenoic acid (14:1; isomer unspecified),nutrition,mae,validation
223,0.2367288995173686,7.8289214066128e-05,8.597613425697314e-08,7.83550194532483e-05,0.2449915957080601,0.0960894068180317,5049,Thiamin (vitamin B1),nutrition,mae,validation
224,0.04619792274749,0.0309538073148644,0.0027188343736945,0.0544956262033127,0.0467905030179855,0.0047711747464853,1560,Threonine,nutrition,mae,validation
225,0.2720841852423148,4.793814667309274e-05,6.76579631418652e-08,4.7977136581321954e-05,0.3547680735860735,0.1211146423723722,1452,"Tocopherol, beta",nutrition,mae,validation
226,0.2924923620517562,0.0001691442337917,1.0548505654320702e-06,0.0001699876174174,0.4230862345644492,0.1188066079677056,1454,"Tocopherol, delta",nutrition,mae,validation
227,0.4066609515193324,0.0008605500901739,1.180100658154388e-05,0.0008717061949491,0.4491996356487916,0.2285138775895086,1548,"Tocopherol, gamma",nutrition,mae,validation
228,0.4131742680220852,8.323217996302258e-05,2.461759141780778e-07,8.336151522559761e-05,0.5308389586484412,0.1825649603188544,1033,"Tocotrienol, alpha",nutrition,mae,validation
229,0.1180160667817298,4.97206224122126e-05,2.3612977705634843e-08,4.974042431145345e-05,0.4289952988345707,0.0471192470391133,237,"Tocotrienol, beta",nutrition,mae,validation
230,0.0328799600540903,4.552893345417309e-06,7.968038958684341e-10,4.553291792163865e-06,0.5942917608137004,4.494243842922658e-06,235,"Tocotrienol, delta",nutrition,mae,validation
231,0.3798595731842462,8.763250429812826e-05,1.072036552921014e-07,8.769598035967482e-05,0.7395922385323397,0.1451403872833625,233,"Tocotrienol, gamma",nutrition,mae,validation
232,0.0556043832075336,0.0005990845311948,1.3364785935663776e-05,0.0006058237570525,1.2102910218523788,9.06025034545215e-05,109,Tridecanoic acid (13:0),nutrition,mae,validation
233,0.0960946202807913,0.0224513806882121,0.0015958518026008,0.027054296949445,0.0970966190951807,0.0772632416650947,2819,Tryptophan,nutrition,mae,validation
234,0.052121579402906,0.0311764342507341,0.0029549504973428,0.0505859159765092,0.0529240322735762,0.0086797164890307,1553,Tyrosine,nutrition,mae,validation
235,0.0445107876168768,0.034448494897663,0.0037251960350395,0.0652608230748425,0.0451066564582218,0.0045357605649066,1566,Valine,nutrition,mae,validation
236,0.2031432587269446,7.636243180711761e-05,5.3493769917261274e-08,7.641989785490531e-05,0.2105879132925469,0.0793758765738078,282,Vitamin B6 - Pyridoxin,nutrition,mae,validation
237,0.2184576791715759,5.802733375765383e-07,2.9073726404543194e-11,5.802921849156297e-07,0.3837306473641756,0.0881271238782295,4761,Vitamin D (D2 + D3),nutrition,mae,validation
238,0.1809839524424601,1.1012052527490165e-07,8.448254843776578e-13,1.1012094769082373e-07,1.005638047692621,1.3613939280181587e-05,1168,Vitamin D2 (ergocalciferol),nutrition,mae,validation
239,0.0658247712035138,0.2462416434801622,0.2541247843569304,7.291141510380748,0.0659897089843345,0.0473198144870233,5247,Water,nutrition,mae,validation
241,0.1879512347229255,0.000584989134745,5.093700636403162e-06,0.0005890120512932,0.1907338666221651,0.0872440138230241,5536,Zinc,nutrition,mae,validation
242,0.187267775378629,0.0093427297515835,0.0011492988164278,0.0102814181567295,0.323658603408085,0.0418593719422669,250,"cis,cis-Eicosadienoic acid (20:2n-6)",nutrition,mae,validation
243,0.3802693871751761,0.0044021207908786,0.0002737807508741,0.0045618925283485,0.5531429328956484,0.1864414722764648,70,cis-Docosenoic acid (22:1 cis),nutrition,mae,validation
244,0.0979342915045873,0.0201599508620255,0.0007938174084101,0.0238613628728272,0.0948247185227751,0.1624579308771897,87,cis-Hexadecenoic acid (16:1 cis),nutrition,mae,validation
245,0.1548234764438602,0.2219030708563135,0.1142096985242715,1.9628312498695808,0.1548234764438602,,153,cis-Octadecenoic acid (18:1 cis),nutrition,mae,validation
246,0.2449006342022963,0.0032543502082935,0.0001038447901,0.0033585442797766,0.4605141655861435,0.1129580254450167,108,cis-Tetracosenoic acid (24:1 cis),nutrition,mae,validation
247,0.2378398298624861,0.0195373839898415,0.0019984481177007,0.0212588128614283,0.1334004010829118,1.2300144032684424,21,"trans,trans-Linoleic acid (18:2 trans,trans)",nutrition,mae,validation
248,0.0759863481443576,0.0001176491681547,1.5659393844293501e-07,0.0001177275212077,0.7741187636668266,0.0001023899353936,51,trans-Docosenoic acid (22:1 trans),nutrition,mae,validation
249,0.0999476510035534,0.002623337463464,1.9030864030166752e-05,0.0026871821873218,0.145844520614168,0.0015972161236651,66,trans-Hexadecenoic acid (16:1 trans),nutrition,mae,validation
250,0.2252559954461105,0.0257562850173775,0.0046587969252675,0.0309484038730959,0.240926029895852,0.0450505992740832,75,trans-Linoleic acid (18:2; isomer unspecified),nutrition,mae,validation
251,0.2519483236501782,0.1310239792688795,0.1658865673076706,0.5030161205437881,0.2534978399537236,0.2431228177473758,154,trans-Octadecenoic acid (18:1 trans),nutrition,mae,validation
2,0.4046023896317646,0.1892159110643735,0.087579315830783,0.3435421030554506,0.4046023896317646,,18,Acetic acid,food_metabolome,lr6e4,validation
7,0.3182040781593927,0.001681557444239,8.00569675623178e-05,0.0017223197712859,0.922705561748554,0.0038633066930289,38,Apigenin,food_metabolome,lr6e4,validation
9,0.9770253193078164,0.0015389360722507,1.0446199959143188e-05,0.0015457182884149,0.9770253193078164,,13,Benzoic acid,food_metabolome,lr6e4,validation
11,0.6008127990178335,0.0023462358698016,2.257321358903069e-05,0.0023658938542943,0.6315280633504539,0.2629448913590101,12,Cadaverine,food_metabolome,lr6e4,validation
12,1.21950875507984,0.0731707937473041,0.0586234870591948,0.1146759788744993,1.3075070851705624,0.4861893376571543,28,Caffeic acid,food_metabolome,lr6e4,validation
13,0.0763999638137375,0.0025893368900784,0.0010939526437794,0.0033428326896546,0.8932801812404718,0.0002416811183317,1962,Caffeine,food_metabolome,lr6e4,validation
15,0.5604784062690411,0.0095414826798282,0.0019346194917999,0.0107172480784466,0.6962756029999396,0.243618280563611,30,Catechin,food_metabolome,lr6e4,validation
16,0.1792297576915995,0.0128198515428508,0.0008693888022704,0.0140083487645341,0.1822251568899769,0.0314567305716495,755,Choline,food_metabolome,lr6e4,validation
18,0.2644863670770893,0.118483082422247,0.0349615663797477,0.1792442766875028,0.2644863670770893,,52,Citric acid,food_metabolome,lr6e4,validation
21,0.699623604733914,0.0073890220247681,0.0001860739749775,0.0074975382786554,0.7567491213149141,0.619647881520514,12,Cyanidin,food_metabolome,lr6e4,validation
22,0.4675929119482928,0.0028629115797994,1.9254544860473704e-05,0.0028910491875452,0.5934965667999865,0.1318498323437762,11,Daidzein,food_metabolome,lr6e4,validation
24,0.6044937365283101,0.0039905156606954,9.696037501743974e-05,0.0040460227996501,1.351314201890348,0.0236333745800586,16,Delphinidin,food_metabolome,lr6e4,validation
25,2.283904712732632,0.120944913067239,0.0609587592697305,0.1579390869304023,2.283904712732632,,5,Ellagic acid,food_metabolome,lr6e4,validation
26,0.3923290331141463,0.0008818968211419,8.179851017967212e-06,0.0008860040924561,1.37163868303309,0.0006051731465688,28,Epigallocatechin,food_metabolome,lr6e4,validation
28,0.5283419441121872,0.0088158216914597,0.0004432449252071,0.0091697348272362,0.5710996386252505,0.0152496099554268,26,Ferulic acid,food_metabolome,lr6e4,validation
33,1.7947284556150762,0.2221415227740832,0.3597324455964713,0.6325715720120939,2.247495778734093,0.0968509939187643,19,Gallic acid,food_metabolome,lr6e4,validation
35,0.8880908794991382,0.0095771915756704,0.0016081741586954,0.0104455458585139,0.9170366465547216,0.1355009360539676,27,Genistein,food_metabolome,lr6e4,validation
43,0.3583123280393728,0.0011711906133261,7.223799756463029e-06,0.0011756425216436,0.871088985925355,0.0786159691924734,17,Glycitein,food_metabolome,lr6e4,validation
47,0.7447227988120638,0.0013574917648502,1.6699741064626846e-05,0.0013661582028428,0.7656322799258457,0.0547099220572609,34,Histamine,food_metabolome,lr6e4,validation
50,0.71794123529471,0.0049847582371515,0.00024507946754,0.0051101270027484,1.80458526225814,0.0659548191166521,16,Isorhamnetin,food_metabolome,lr6e4,validation
51,0.6427799321232178,0.0021611593498023,2.6956056988623548e-05,0.0021765739155651,0.998781953783914,0.2183159832200802,57,Kaempferol,food_metabolome,lr6e4,validation
52,0.1801921078135779,0.1466237607152265,0.0367748412691251,0.2548022135055583,0.1801921078135779,,23,Lactic acid,food_metabolome,lr6e4,validation
53,0.810559060666651,0.0001768796868818,1.0420401545205481e-07,0.0001769363453255,0.810559060666651,,4,Lariciresinol,food_metabolome,lr6e4,validation
54,0.566110953043093,0.001008813071257,3.522276434765436e-06,0.0010111342712242,0.566110953043093,,14,Lutein,food_metabolome,lr6e4,validation
55,0.7045890308511301,0.0059587237104172,0.0004650705698507,0.0062011635277552,1.405430280997373,0.2193912422883464,44,Luteolin,food_metabolome,lr6e4,validation
56,0.3301110848643927,0.1287964470911364,0.042782576318185,0.1849225100874901,0.3301110848643927,,49,Malic acid,food_metabolome,lr6e4,validation
58,1.632771854144653,0.0001468060028344,9.00263977049128e-08,0.000146851119329,1.9933368481328824,0.1905118781917339,5,Matairesinol,food_metabolome,lr6e4,validation
61,0.5457207777162425,0.0013810907413857,1.3088335559862233e-05,0.0013887261747987,0.6281478735976571,0.4397430830115665,48,Myricetin,food_metabolome,lr6e4,validation
62,0.5929082546626493,0.0200250698515457,0.0052340220711896,0.0230000360271834,1.399061453594454,0.1226522219524299,19,Naringenin,food_metabolome,lr6e4,validation
65,0.6859700333427945,0.0583268855380504,0.0057633563366746,0.0661095362179668,0.6859700333427945,,4,Oxalic acid,food_metabolome,lr6e4,validation
66,0.6004522791864387,0.0002919731817415,5.54896270969477e-07,0.0002926175912611,1.3046475872902497,0.3187741559449142,14,Pelargonidin,food_metabolome,lr6e4,validation
67,0.2870874168739566,0.0008782564319338,6.83301102871195e-06,0.0008821418610157,0.8850507205480012,0.0213259485743813,13,Peonidin,food_metabolome,lr6e4,validation
72,0.7234136807540367,6.195781750139876e-05,6.0623984167398555e-09,6.196196952246616e-05,0.7234136807540367,,4,Pinoresinol,food_metabolome,lr6e4,validation
77,0.3538191342300476,0.0032155367734919,7.048555228768191e-05,0.003289547384048,0.3538191342300476,,17,Putrescine,food_metabolome,lr6e4,validation
79,0.5745110283434204,0.0045425581479947,7.384479744301689e-05,0.0046055017151209,0.6015036752996372,0.4887696791883786,71,Quercetin,food_metabolome,lr6e4,validation
82,0.2746984997120693,0.2400835687772701,0.0980913977735663,0.5177038839956124,0.381014794350864,0.0620659104344798,6,Rosmarinic acid,food_metabolome,lr6e4,validation
83,0.9216270111281692,9.831529868729192e-05,1.5613961449904697e-08,9.83279981675817e-05,0.9216270111281692,,5,Secoisolariciresinol,food_metabolome,lr6e4,validation
88,0.2768466171528993,0.0010796953031614,2.837066801089187e-06,0.0010813702852435,0.3045312788681892,0.0,11,Spermine,food_metabolome,lr6e4,validation
90,0.6924249621638092,0.0066805504264517,0.0002628189070079,0.0068315680178987,0.8238406334628412,0.254372724500369,13,Syringic acid,food_metabolome,lr6e4,validation
91,0.4056789930445741,0.2249429963609902,0.1296332975409164,0.6795891769886018,0.4056789930445741,,5,Tartaric acid,food_metabolome,lr6e4,validation
92,0.3562032597596143,0.0008371702323532,2.2322992625213207e-06,0.0008403234888184,0.3562032597596143,,9,Taurine,food_metabolome,lr6e4,validation
93,0.0495680573070273,0.0070840142922415,0.002814484390351,0.0090016932984596,0.8368656769798096,0.0005517316745069,1928,Theobromine,food_metabolome,lr6e4,validation
96,0.1804378195380402,0.0010681766216572,4.181499397248783e-06,0.0010744869703537,0.2076088170174836,0.0174118346613799,21,Tyramine,food_metabolome,lr6e4,validation
98,0.3457951965991453,0.0006085601827582,8.486117682933484e-07,0.0006105281479268,0.3947250869717702,0.1256106899223335,11,Vanillic acid,food_metabolome,lr6e4,validation
103,0.6414873001883313,0.005009407110258,0.0001914216941804,0.0051198852582451,0.7456714519363491,0.0163823897002247,28,p-Coumaric acid,food_metabolome,lr6e4,validation
104,0.0552322462880748,0.0427847822176775,0.0058612865362258,0.083381302816835,0.0559656248190961,0.0043957799331857,1547,Alanine,nutrition,lr6e4,validation
105,0.1908644796326446,0.0173868856694048,0.0013072950260988,0.0189867602643848,0.2827852066637227,0.0805573262702379,1128,Arachidonic acid (20:4n-6),nutrition,lr6e4,validation
106,0.0820157315354808,0.0677074653105899,0.0137537670908165,0.1455552694773104,0.0819624648267079,0.0837533167358353,1727,Arginine,nutrition,lr6e4,validation
107,0.3955508634009489,0.0086135866895912,0.0003366350077192,0.0088901126504858,0.5340949763019605,0.1622134100939823,102,Ascorbic acid (vitamin C),nutrition,lr6e4,validation
108,0.1785771921181611,0.1875739805556653,0.1055045922352703,0.6408941878588115,0.1794849758414942,0.1154260984461853,3606,Ash,nutrition,lr6e4,validation
109,0.0633696352311916,0.0659270334845817,0.0120051229997645,0.1591845629091906,0.0635479688594526,0.0500035297930296,1519,Aspartic acid,nutrition,lr6e4,validation
110,0.1405554012330596,0.3181259702820999,0.2825426120334222,4.334514145742281,0.1525907458771715,0.0104232372686006,756,Available carbohydrate,nutrition,lr6e4,validation
111,0.1267347386207131,0.02111978157918,0.002133558410517,0.024874736572904,0.1760852941453164,0.0068833894895337,48,Beta-sitosterol,nutrition,lr6e4,validation
112,0.2474297742581623,0.0081140578252166,0.0022129948786603,0.0095714493943407,0.2438241795734131,0.333954645843688,498,Betaine,nutrition,lr6e4,validation
113,0.4559952250674497,9.768226796256764e-05,2.079512875415867e-06,9.873788056728678e-05,0.480685370445822,0.2389246499502935,1768,Biotin,nutrition,lr6e4,validation
114,0.1357403846167561,0.0184963804108932,0.0039461830395059,0.026001347098691,0.2990279141437221,0.0485022193936836,2269,Butyric acid (4:0),nutrition,lr6e4,validation
115,0.3643839777867438,0.0362884991381745,0.0091611854563781,0.0480854397443229,0.3656154352291517,0.3214593810598159,6878,Calcium,nutrition,lr6e4,validation
116,0.3252916095238236,0.009999522898905,0.0003675669309921,0.0105493677633011,0.39377643730893,0.0855947122759508,36,Campesterol,nutrition,lr6e4,validation
117,0.2761119617471343,4.86662288426011e-05,1.2571563208673946e-07,4.872917172631261e-05,1.2264642129184753,0.0016792612591021,2524,"Carotene, alpha",nutrition,lr6e4,validation
118,0.510214510474531,0.0003761653356723,4.140912677331268e-06,0.0003785566850793,0.7627659059632202,0.1284247749612686,3736,"Carotene, beta",nutrition,lr6e4,validation
119,0.6459948395897761,0.5961882232825957,1.1790395835917384,5.063036194145679,0.6227035754703147,0.7973880563662744,15,Cellulose,nutrition,lr6e4,validation
120,0.2258852138330155,0.1012590771823425,0.028987126941374,0.3981693495198275,0.2258852138330155,,343,Chloride,nutrition,lr6e4,validation
121,0.3420445159305272,6.713821233245317e-07,7.190834564109651e-12,6.7138792785286e-07,0.5161539297457585,0.1154716694756069,695,Cholecalciferol (vitamin D3),nutrition,lr6e4,validation
122,0.1579665734628466,0.0335300748688843,0.0582141227604257,0.1682061343304244,0.2530607376941918,0.0201145484983415,3992,Cholesterol,nutrition,lr6e4,validation
123,0.1462393885215445,0.0088886302848372,0.0004059834075887,0.0096743106282455,0.1487132979911728,0.0633859113750826,1897,"Choline, total",nutrition,lr6e4,validation
124,0.5106647623202255,4.533280789290504e-05,7.281241314083207e-08,4.537015581675612e-05,0.6477322474032443,0.1356584894944993,278,Chromium,nutrition,lr6e4,validation
125,0.2323516328396201,9.168096101310944e-07,2.3944499522177533e-11,9.168237961250628e-07,0.3586173149979078,0.0328886441841642,4402,Cobalamin (vitamin B12),nutrition,lr6e4,validation
126,0.3030505810181661,0.0453033417418999,0.0144392839877,0.0583577707559462,0.3364811792990825,0.0634646266715986,98,Conjugated linoleic acids (18:2 CLA isomers),nutrition,lr6e4,validation
127,0.2928461231475282,0.0001373351927589,1.6092466434130915e-06,0.0001381888180099,0.2954021894851667,0.209532579198618,5038,Copper,nutrition,lr6e4,validation
128,0.2697972598504954,1.96385387700407e-05,4.8997113179969486e-08,1.9663076774055806e-05,1.1293606207030504,0.0028173736624257,2450,"Cryptoxanthin, beta",nutrition,lr6e4,validation
129,0.0819195480461623,0.024968790938835,0.0018925090329192,0.0314113686796849,0.0829564687886173,0.024159222244224,1531,Cystine,nutrition,lr6e4,validation
130,0.2738759463241547,0.0299465545828282,0.0126105399528957,0.0447874413476655,0.4569995430851112,0.0868625997735077,2996,Decanoic acid (10:0),nutrition,lr6e4,validation
131,0.1984782174561398,0.2652689837567629,0.1545737379949747,1.2589389943336349,0.231988684572759,0.0693605970201587,2543,"Dietary fibre, total",nutrition,lr6e4,validation
132,0.1728550266718837,0.0209421328489381,0.0123831190024483,0.0445861441792679,0.5364058880803643,0.0265184314029024,2886,Docosahexaenoic acid (DHA; 22:6n-3),nutrition,lr6e4,validation
133,0.3519111690241474,0.0210248161554344,0.0099541672502641,0.03141719817157,0.4502770006960742,0.2225163569857526,1047,Docosanoic acid (22:0),nutrition,lr6e4,validation
134,0.1719923805383794,0.0072387506914493,0.0020242503914346,0.0091217106838817,0.4082913114412513,0.0593669306944665,2934,Docosapentaenoic acid (DPA; 22:5n-3),nutrition,lr6e4,validation
135,0.1871070330495838,0.0019506622193206,2.1088841802058316e-05,0.0019663317150739,0.3135765361046,0.050098404739983,75,Docosatetraenoic acid (22:4; isomer unspecified),nutrition,lr6e4,validation
136,0.161180727031806,0.0173686082343919,0.0240435422155737,0.0531122037929416,0.8669710157289631,0.0378936413459244,733,Docosenoic acid (22:1; cis/trans unspecified),nutrition,lr6e4,validation
137,0.4054682321190161,0.0703073486411716,0.0883336021965432,0.2143608585232312,0.5676728801487987,0.1316433352127395,3352,Dodecanoic acid (12:0),nutrition,lr6e4,validation
138,0.2683780741453196,0.0167443530221966,0.0028771348964844,0.0198751070808693,0.2602981855137389,0.3058559756511267,998,Eicosanoic acid (20:0),nutrition,lr6e4,validation
139,0.197323005381551,0.0167089298739303,0.0097574080842106,0.031834779581022,0.5830013433581435,0.0352777854889565,3202,Eicosapentaenoic acid (EPA; 20:5n-3),nutrition,lr6e4,validation
140,0.1287681029336349,0.011597736235852,0.0015887884594565,0.0133889051022991,0.21580037278303,0.0644739936755231,772,Eicosatetraenoic acid (20:4; isomer unspecified),nutrition,lr6e4,validation
141,0.1931484378067734,0.0044814130067456,0.0004606712273433,0.0047514245791854,0.4312950659579267,0.0475192047647012,224,Eicosatrienoic acid (20:3; isomer unspecified),nutrition,lr6e4,validation
142,0.1817622446456288,0.0018672017716637,2.221962395707632e-05,0.0019079825312072,0.2380139537975772,0.1272684014046788,63,Eicosatrienoic acid (20:3n-3),nutrition,lr6e4,validation
143,0.162086465062763,0.0040993816581817,0.0001033153101976,0.0042353478233496,0.2134043175566105,0.0792781121749635,230,Eicosatrienoic acid (20:3n-6),nutrition,lr6e4,validation
144,0.2879383786079056,0.028789056332755,0.0103410510536647,0.0441996895685914,0.326962613321956,0.2151353803609094,2654,Eicosenoic acid (20:1; isomer unspecified),nutrition,lr6e4,validation
147,0.0174138819695197,0.0541168828393972,0.1249785261663523,0.2711968400864405,0.8131211697092907,0.0011115863182659,3138,Ethanol,nutrition,lr6e4,validation
148,0.1142644049753154,0.2042752100685013,0.1551492703328394,2.100456078348088,0.1170093285956812,0.0448953281639397,4833,"Fat, total",nutrition,lr6e4,validation
149,0.1150552769296389,0.1448833363802968,0.063581809298279,1.0445133960039332,0.119555309842913,0.0380684551595559,3886,"Fatty acids, total monounsaturated",nutrition,lr6e4,validation
150,0.2091293068123038,0.1942023832560293,0.1073049881747024,0.9252431509032234,0.2146916935964642,0.0913649916171698,3896,"Fatty acids, total polyunsaturated",nutrition,lr6e4,validation
151,0.1240333598251908,0.1454866179974328,0.0649824294736929,1.006032915078512,0.129037846322827,0.0270019408824966,4023,"Fatty acids, total saturated",nutrition,lr6e4,validation
152,0.2337627147222457,0.080917343961955,0.0536947863314801,0.1780414923400144,0.3109278483816253,0.100607995710014,1172,"Fatty acids, total trans",nutrition,lr6e4,validation
153,0.2338737657288131,0.0685841873709347,0.0624465473223438,0.1713010110426227,0.2478468074814293,0.1507807441065888,521,"Fatty acids, total trans-monoenoic",nutrition,lr6e4,validation
154,0.2709055159170525,0.0278887201143425,0.0088837535466459,0.0420797538927897,0.2718829714755162,0.2676287125210598,457,"Fatty acids, total trans-polyenoic",nutrition,lr6e4,validation
155,0.3152202367357603,1.7714444541386107e-05,3.188253683107021e-09,1.7716891148222382e-05,0.3266147425610848,0.1906320317390341,3170,"Folate, food",nutrition,lr6e4,validation
156,0.3363978135899722,2.6701349243921957e-05,8.828794289229688e-09,2.6707889962417705e-05,0.3481773144140179,0.187562787388609,3886,"Folate, total",nutrition,lr6e4,validation
157,0.2059634642894079,1.999810301238472e-05,8.428705064335566e-09,2.00044718455686e-05,0.3731184090451577,0.0543315848441969,3100,Folic acid,nutrition,lr6e4,validation
158,0.3417736614462259,0.2625092017464828,0.2120825495594291,0.795991680878993,0.4379203698383225,0.1082837103786029,1959,Fructose,nutrition,lr6e4,validation
159,0.2322184647432611,0.0267228054587949,0.0149120340574756,0.0392495651308858,1.188168734010275,0.0004141812048057,1460,Galactose,nutrition,lr6e4,validation
160,0.3538623969517376,0.2788569649219947,0.2264640283559202,0.8275062305317176,0.4273385245270525,0.1131691679655068,2003,Glucose,nutrition,lr6e4,validation
161,0.0612117029988627,0.0907782508711017,0.0254531328380659,0.3221669180160008,0.06190865204891,0.0016999980031624,1555,Glutamic acid,nutrition,lr6e4,validation
162,0.0937348608497851,0.0666691226251248,0.0138653625972329,0.1369313190133095,0.0935406048512383,0.0944628424563164,1713,Glycine,nutrition,lr6e4,validation
165,0.1832791497235695,0.0155493115710581,0.0012987378324765,0.0177093352253652,0.2037507698053634,0.1200191641941802,1138,Heptadecanoic acid (17:0),nutrition,lr6e4,validation
166,0.2066076959885399,0.0096124336515705,0.0004349621973211,0.010465818699956,0.2366808714189183,0.1606964520431203,880,Heptadecenoic acid (17:1; isomer unspecified),nutrition,lr6e4,validation
167,0.1251197018032979,0.1227792837376321,0.0512606580231416,0.4977035884562796,0.1279757458100985,0.0468735374847541,3436,Hexadecanoic acid (16:0),nutrition,lr6e4,validation
168,0.2553596272266715,0.0612579471325711,0.0181790887355631,0.1020719903282287,0.2790846476100436,0.1402141949660392,878,Hexadecenoic acid (16:1; cis/trans unspecified),nutrition,lr6e4,validation
169,0.1132836948940771,0.0125051318600804,0.0019824841063401,0.0155639637425754,0.3100032551421232,0.028427702299804,2651,Hexanoic acid (6:0),nutrition,lr6e4,validation
170,0.0716298814517037,0.0388437702329338,0.0042955479453775,0.0639429329581133,0.0728620101977353,0.0049375186434999,1562,Histidine,nutrition,lr6e4,validation
171,0.1386584025586852,0.0357635196982992,0.0034396555337009,0.0421809959719175,0.1715838615266308,0.0246478580726647,299,Hydroxyproline,nutrition,lr6e4,validation
172,0.226361631275739,0.2869619034179984,0.1244562096910674,1.9058432440738864,0.2382754013428831,0.0,20,Insoluble dietary fibers,nutrition,lr6e4,validation
173,0.2795210078284409,0.0014266238754793,2.9825150173346465e-05,0.0014471089347517,0.2832769447927883,0.1539424148216943,5716,Iron,nutrition,lr6e4,validation
174,0.0545314543036102,0.0390981599466675,0.0047229257576642,0.0727388053167058,0.0553371155283318,0.0103826509978754,1564,Isoleucine,nutrition,lr6e4,validation
175,0.7493860101498959,0.312294289897612,0.2042226550108513,0.5866898638837039,0.7493860101498959,,15,Isomeric linoleic acids (18:2),nutrition,lr6e4,validation
176,1.03422299024648,0.1796902532316973,0.0830466445462358,0.2663657075038508,0.7996236463809956,1.3693649100543157,17,Isomeric linolenic acids (18:3),nutrition,lr6e4,validation
177,0.1173206960370317,0.1087904426477394,0.0701055572793884,0.3321952599627791,0.303785344828381,0.0307512839917299,1909,Lactose,nutrition,lr6e4,validation
178,0.0468526912516119,0.0460086337897428,0.0060364079941439,0.1066077142884289,0.0474180333054361,0.0032648189017722,1562,Leucine,nutrition,lr6e4,validation
179,0.712364130858599,0.4941469703116619,0.9839223551087108,3.03617652336026,0.8650875505361011,0.2160130169067169,17,Lignin,nutrition,lr6e4,validation
180,0.2274405942493139,0.175328997079806,0.0795541828620997,0.8485812882095319,0.2327830215703221,0.0945990841327078,1345,Linoleic acid (18:2n-6),nutrition,lr6e4,validation
181,0.4345915562964399,0.0002590529173584,1.7809469450430489e-06,0.0002600791457769,0.5496027350943218,0.1516526059435959,1277,Lutein + zeaxanthin,nutrition,lr6e4,validation
182,0.1026577316197716,0.0002648099964554,2.7343904713628523e-06,0.00026618802155,0.9690037424062632,0.000216725158693,2090,Lycopene,nutrition,lr6e4,validation
183,0.0700878075371701,0.0598210459007951,0.0097627648076748,0.1356308323935834,0.0710094265909461,0.0051974477963073,1571,Lysine,nutrition,lr6e4,validation
184,0.1970895179963108,0.0133237300871262,0.0013517805418628,0.0150228857776273,0.199034607599937,0.082558181439522,6213,Magnesium,nutrition,lr6e4,validation
185,0.292717994573063,0.1218834945105044,0.0882646029859756,0.2328846860605984,0.5600552614334494,0.0792554562108861,1924,Maltose,nutrition,lr6e4,validation
186,0.3435509235917709,0.00042894672658,7.831622832727021e-06,0.0004334153917017,0.3450208309997584,0.3146206612727099,3266,Manganese,nutrition,lr6e4,validation
188,0.1229443240402343,1.0767455236144968e-06,2.2943687190064748e-12,1.0767506390252956e-06,0.1299135664417535,0.0602211424265611,10,Menaquinone-4,nutrition,lr6e4,validation
189,0.0704649408149332,0.0314236945789428,0.0029456050431962,0.0465077850842409,0.0717143404730469,0.0118925635294368,1570,Methionine,nutrition,lr6e4,validation
190,0.3382099831881233,2.0765550012690847e-05,7.2196269486379045e-09,2.0770755498979423e-05,0.3591244644213282,0.2349447320991737,190,Molybdenum,nutrition,lr6e4,validation
191,0.2348940052344842,0.0011429489661167,8.013033212910232e-06,0.0011508063015217,0.2414449969862646,0.0791568473351939,5427,Niacin,nutrition,lr6e4,validation
192,0.2013014025875102,0.0013869593761026,1.5107942833289006e-05,0.001402415614257,0.2095781240881,0.0561303349978014,1168,Nicotinic acid,nutrition,lr6e4,validation
193,0.3532478165547997,0.2632428821634796,0.2286380919046711,1.2767755679841015,0.3566059711030128,0.2575945757137608,914,Octadecadienoic acid (18:2; isomer unspecified),nutrition,lr6e4,validation
194,0.1670225207247797,0.1132320273674091,0.047289706623573,0.3210526992657837,0.1747180351025188,0.0395638969510468,3429,Octadecanoic acid (18:0),nutrition,lr6e4,validation
195,0.0783157942521495,0.0063537546016375,0.004419930631124,0.0103879317394654,0.7401134550770623,0.012540797381172,719,Octadecatetraenoic acid (18:4; isomer unspecified),nutrition,lr6e4,validation
196,0.4202916927101141,0.0777722920431605,0.031226178022333,0.1263057715055715,0.4208796658446023,0.4137365868188602,899,Octadecatrienoic acid (18:3; isomer unspecified),nutrition,lr6e4,validation
197,0.2610862649331613,0.3079086600435181,0.2667950050243874,2.036454070272251,0.2680142320160825,0.0874912040268209,912,Octadecenoic acid (18:1; cis/trans unspecified),nutrition,lr6e4,validation
198,0.2065439961599081,0.0252130154421592,0.0148747811129687,0.0390821313424765,0.4737985096145464,0.0433368383499842,2755,Octanoic acid (8:0),nutrition,lr6e4,validation
199,0.2282818066270348,0.0003376333145085,6.457548719974898e-06,0.0003412268733619,0.2337519957080358,0.1510431854073778,2974,Pantothenic acid (vitamin B5),nutrition,lr6e4,validation
200,0.2427341324100529,0.0123509786782944,0.0014464931909702,0.014038991400215,0.2892842531948264,0.1517154342846417,1081,Pentadecanoic acid (15:0),nutrition,lr6e4,validation
201,0.1123869596783066,0.0028765742361787,0.0006651097684777,0.0032622348094823,1.5154423444377731,0.0006119519462628,777,Pentadecenoic acid (15:1; isomer unspecified),nutrition,lr6e4,validation
202,0.0494786452447905,0.0359388879819345,0.0045656662732899,0.0642793563246177,0.0502293034107289,0.0072387502999069,1573,Phenylalanine,nutrition,lr6e4,validation
203,0.1441454777863343,0.0371889251033772,0.005104559726257,0.0472196414197308,0.1472490937598091,0.0356094061444156,5470,Phosphorus,nutrition,lr6e4,validation
204,0.2042983639327656,0.0198979285183372,0.0020718966789576,0.02233086712642,0.2520640788183191,0.1469795060701014,66,Phytosterols,nutrition,lr6e4,validation
205,0.1851462975241207,0.0751513043630728,0.0208357598039893,0.1182145631511113,0.1867057732376586,0.0998289019558844,5513,Potassium,nutrition,lr6e4,validation
206,0.0743179129018089,0.0634591249099122,0.0110823752835399,0.1243676367135005,0.0753906975627325,0.0062854856548999,1546,Proline,nutrition,lr6e4,validation
207,0.1086404821175488,0.2119657640918985,0.1076917882438103,2.204803642756545,0.1108833308690665,0.0520071536794937,4633,"Protein, total",nutrition,lr6e4,validation
208,0.3071779497710941,9.170559477056155e-05,7.706535195409348e-07,9.20959133665394e-05,0.5304712598505242,0.0712225899204818,5057,Retinol,nutrition,lr6e4,validation
209,0.2332858101385773,9.64496075800619e-05,7.967467409746903e-08,9.651484114372115e-05,0.2396599134360584,0.0979025118334672,4691,Riboflavin (vitamin B2),nutrition,lr6e4,validation
210,0.2471955404990788,6.750908113384272e-06,1.4628384852067836e-09,6.7517350755451855e-06,0.256264211714902,0.1317184782358939,4249,"Selenium, Se",nutrition,lr6e4,validation
211,0.0486866343575684,0.036395821986328,0.0041097436116416,0.066781699662218,0.0493271146256338,0.0044352703821406,1542,Serine,nutrition,lr6e4,validation
212,0.3303132034336465,0.0965294898991762,0.0443453168382154,0.2067195536134535,0.3315785143954468,0.2679687250312981,4705,Sodium,nutrition,lr6e4,validation
213,0.181001713273966,0.1810017125329475,0.0527982700480222,0.2850144402003612,0.2412379555756213,0.1006867235384256,14,Sorbitol,nutrition,lr6e4,validation
214,0.1989734470131161,0.5337380173486411,0.7232633880808491,5.81062560044282,0.2697463720495953,0.0660136916135369,1292,Starch,nutrition,lr6e4,validation
215,0.0448136780176805,0.015012231296263,0.0062834369721463,0.0188556129678911,0.8853763787306741,0.0005735358748914,140,Stearidonic acid,nutrition,lr6e4,validation
216,0.2599977413257434,0.0042026433599153,8.904542818499716e-05,0.0042870995924908,0.3694407678676908,0.0775926970891643,48,Stigmasterol,nutrition,lr6e4,validation
217,0.4147527231357317,0.4609387627805441,0.5623825556996296,2.7614955665988585,0.5011381381334836,0.1889604928867146,1021,Sucrose,nutrition,lr6e4,validation
218,0.3465153215476905,0.5207339282265082,0.5714365553664088,5.21266189463794,0.3696285471348851,0.1668833160646889,3185,"Sugars, total",nutrition,lr6e4,validation
219,0.4237225745136126,0.1049918749568663,0.0209705681566033,0.1249741894080489,0.4237225745136126,,20,Sulfur,nutrition,lr6e4,validation
220,0.2769563512568989,0.00719998810566,0.0006974548927327,0.0077477569633476,0.3109791189256508,0.2341658115278523,806,Tetracosanoic acid (24:0),nutrition,lr6e4,validation
221,0.2621519247513736,0.0799043095431911,0.0448778826177742,0.1810150133503134,0.2993806631531012,0.0542295631331059,3308,Tetradecanoic acid (14:0),nutrition,lr6e4,validation
222,0.2119971258998961,0.0143493832562524,0.0022760162858555,0.0170617739620343,0.2873140227388317,0.109643601790186,1002,Tetradecenoic acid (14:1; isomer unspecified),nutrition,lr6e4,validation
223,0.2865721362488387,9.268282241502043e-05,9.19696577628321e-08,9.275323325935625e-05,0.2948884413136446,0.1437552532250658,5049,Thiamin (vitamin B1),nutrition,lr6e4,validation
224,0.0541586341536583,0.0366325119207328,0.00385594255346,0.0656749780673445,0.0548755234118351,0.0040415578320295,1560,Threonine,nutrition,lr6e4,validation
225,0.3386697085639922,5.251387901354833e-05,6.758680689540965e-08,5.2552913563928256e-05,0.4324999625010475,0.1683296802215344,1452,"Tocopherol, beta",nutrition,lr6e4,validation
226,0.3798265112215382,0.0001991124214088,1.381088113212066e-06,0.0001999999637062,0.5330109049377644,0.1762303146987286,1454,"Tocopherol, delta",nutrition,lr6e4,validation
227,0.4963315515648088,0.0010598384007047,1.6112000615297832e-05,0.0010746137681714,0.5404528387708408,0.3111642841612412,1548,"Tocopherol, gamma",nutrition,lr6e4,validation
228,0.4699208364629651,8.508562013179848e-05,2.5393842743880094e-07,8.521549158422415e-05,0.5712459036450903,0.2713353179742155,1033,"Tocotrienol, alpha",nutrition,lr6e4,validation
229,0.1559575071132274,5.99484032257613e-05,4.2262257515900396e-08,5.996956077577553e-05,0.8336132800630036,0.0014660355599105,237,"Tocotrienol, beta",nutrition,lr6e4,validation
230,0.0338796618999992,4.635240228901074e-06,7.971811104884098e-10,4.63563887771389e-06,0.594261043791925,0.0010645359333549,235,"Tocotrienol, delta",nutrition,lr6e4,validation
231,0.333798229657868,6.507159364049986e-05,7.675014565294733e-08,6.511029633071313e-05,0.7692888497907916,0.0496483214860314,233,"Tocotrienol, gamma",nutrition,lr6e4,validation
232,0.0555532478660556,0.000598879756349,1.335836987146658e-05,0.000605618981275,1.2096348387683125,6.855599575481806e-05,109,Tridecanoic acid (13:0),nutrition,lr6e4,validation
233,0.1125983290948149,0.0263046058632149,0.0021029810792176,0.0316735814690803,0.1135332430875951,0.0949643272634772,2819,Tryptophan,nutrition,lr6e4,validation
234,0.059988084023239,0.0361865064165766,0.0035699338829339,0.0592667586319229,0.0609617181266056,0.007436427165339,1553,Tyrosine,nutrition,lr6e4,validation
235,0.0528776821657517,0.0411376989038627,0.0050820554523932,0.0795331028407608,0.0535995984557834,0.0044465154040602,1566,Valine,nutrition,lr6e4,validation
236,0.2408079509675242,8.708332930449377e-05,6.966177457436226e-08,8.714514298102937e-05,0.2483749336443678,0.1150068639649997,282,Vitamin B6 - Pyridoxin,nutrition,lr6e4,validation
237,0.2816863867970952,6.635113175733476e-07,3.5524091599860175e-11,6.63530848484191e-07,0.5244198620607561,0.0889858334281996,4761,Vitamin D (D2 + D3),nutrition,lr6e4,validation
238,0.1812909553695339,1.1014528715284905e-07,8.448038097029769e-13,1.1014570956877115e-07,1.0043411015979802,0.0006756118398925,1168,Vitamin D2 (ergocalciferol),nutrition,lr6e4,validation
239,0.0875101448315503,0.3469021928638962,0.4404983570949782,9.414093618403268,0.0871268869018845,0.1263838075034796,5247,Water,nutrition,lr6e4,validation
241,0.2257405552900254,0.0006850864075553,5.821681644037986e-06,0.0006893793359709,0.2288211085727631,0.1112039112030992,5536,Zinc,nutrition,lr6e4,validation
242,0.1995398705468176,0.0098661257178924,0.0011786220326512,0.0108445031936544,0.3314694929909191,0.0588876284369904,250,"cis,cis-Eicosadienoic acid (20:2n-6)",nutrition,lr6e4,validation
243,0.4863118461318185,0.0068257953786156,0.0004002411884883,0.0070520571233499,0.5810672434819611,0.3800709460725677,70,cis-Docosenoic acid (22:1 cis),nutrition,lr6e4,validation
244,0.154980058244527,0.0337012984982436,0.0027136439884492,0.04022910676478,0.152712353066467,0.2020349406892718,87,cis-Hexadecenoic acid (16:1 cis),nutrition,lr6e4,validation
245,0.2094366039045427,0.2991226367432852,0.2584789539661717,2.491988126791381,0.2094366039045427,,153,cis-Octadecenoic acid (18:1 cis),nutrition,lr6e4,validation
246,0.2631314254997606,0.0036098566276982,0.0001584739175433,0.0037211117755385,0.5050196210253616,0.1151102909243927,108,cis-Tetracosenoic acid (24:1 cis),nutrition,lr6e4,validation
247,0.2095933839990403,0.0137075019037774,0.0006791065523349,0.0145136318760258,0.1461030036956023,0.8127519968817016,21,"trans,trans-Linoleic acid (18:2 trans,trans)",nutrition,lr6e4,validation
248,0.0759404258381198,0.0001166442907971,1.0973371820233401e-07,0.0001167206337712,0.5850866405662314,0.0205984459763685,51,trans-Docosenoic acid (22:1 trans),nutrition,lr6e4,validation
249,0.1337591567874728,0.0035102864904452,3.589533884842921e-05,0.003605850446419,0.1848700871986742,0.0242357344777557,66,trans-Hexadecenoic acid (16:1 trans),nutrition,lr6e4,validation
250,0.3112439239243608,0.0374130375260746,0.0077797822591215,0.0468181041644575,0.3325894429355494,0.0657704552956915,75,trans-Linoleic acid (18:2; isomer unspecified),nutrition,lr6e4,validation
251,0.3504692972238778,0.1750680973017587,0.1971514690794037,0.5767607760801565,0.3388251935472219,0.4167900616430919,154,trans-Octadecenoic acid (18:1 trans),nutrition,lr6e4,validation
