axis_index,scaled_log_mae,log_mae,log_mse,raw_mae,positive_scaled_log_mae,zero_scaled_log_mae,candidate_support,canonical_name,loss_group,objective,partition
2,0.03918996159674531,0.021566237376717475,0.0025572697413899035,0.08327005632729399,0.04108233787170255,0.007019564922472343,54,Acetic acid,food_metabolome,mae,train
7,0.24613986337669086,0.01060890924178792,0.013610534774697711,0.023794234981445707,0.7912014381252782,0.0026790266556552247,217,Apigenin,food_metabolome,mae,train
9,0.12272292956976387,0.002349995471582569,0.0001472839518081206,0.0025423306594150917,0.12316052008108624,0.1167716986157794,73,Benzoic acid,food_metabolome,mae,train
11,0.08822767418258934,0.0016800526446309689,3.2700630230002546e-05,0.0017636629408551963,0.08956445712474978,0.0,67,Cadaverine,food_metabolome,mae,train
12,0.28445547166225543,0.013926502745429791,0.00523477936393378,0.021640105529955635,0.32563037456536226,0.05237874620838063,146,Caffeic acid,food_metabolome,mae,train
13,0.08081813694876269,0.003785585086723746,0.0030816194403529055,0.006390017284954029,0.9609464353896895,4.4319195035798965e-06,10892,Caffeine,food_metabolome,mae,train
15,0.08161427126731201,0.005741216567142129,0.002124062974608633,0.00833759746632233,0.12960049776787125,0.002027359022482052,109,Catechin,food_metabolome,mae,train
16,0.1221820518491722,0.008523436940861204,0.0005616796859110671,0.009740984198061005,0.1221992407017285,0.12136792528718746,4256,Choline,food_metabolome,mae,train
18,0.08232302935414541,0.03983876758238304,0.007152808133540292,0.08565592167237461,0.08117440713763015,0.42346382765918206,298,Citric acid,food_metabolome,mae,train
21,0.20764334629188172,0.010628142637959056,0.0019930779486333114,0.013343995313523394,0.32219954183462235,1.0241870664316228e-05,90,Cyanidin,food_metabolome,mae,train
22,0.07902508653511514,0.0012172344258097692,1.0071328976909903e-05,0.0012502664604525447,0.08261713592307492,0.0,46,Daidzein,food_metabolome,mae,train
24,0.13831047843204897,0.0022776453166267418,6.0830502247558876e-05,0.002478802440618222,0.24967355360210164,0.00022026522118365953,56,Delphinidin,food_metabolome,mae,train
25,0.07543808879742793,0.0027646811139342793,5.893041706476448e-05,0.002973684223109602,0.12055431688812293,0.0002443753129362616,32,Ellagic acid,food_metabolome,mae,train
26,0.29892725968529044,0.006050743044359106,0.002741692765019489,0.007724545372820973,0.9937589894176991,7.490281113609962e-05,133,Epigallocatechin,food_metabolome,mae,train
28,0.1168056048017613,0.001585140918935688,2.1588712163807588e-05,0.0016574798010965354,0.1321809979412817,0.03783199458513386,135,Ferulic acid,food_metabolome,mae,train
33,0.17303005838462407,0.009098506815443686,0.005429907503119184,0.014072032052761464,0.2314779970950011,0.04569704905130261,89,Gallic acid,food_metabolome,mae,train
35,0.13394780089067507,0.0019749541404488775,3.811513237732803e-05,0.002061815672792033,0.1365044274517071,0.06065783947442397,89,Genistein,food_metabolome,mae,train
43,0.054809863151865604,0.00022296420722206893,3.980334844739825e-07,0.00022426366869915306,0.09676839048413603,0.0008631851532322,64,Glycitein,food_metabolome,mae,train
47,0.15756908589188165,0.00048321620158582823,2.935680983451178e-06,0.0004863331822968965,0.16147363990867594,0.03913094738245451,188,Histamine,food_metabolome,mae,train
50,0.16194479888330413,0.0036981751492813036,0.000488293175892496,0.004194246374016116,0.373443232080863,0.001362655159231679,95,Isorhamnetin,food_metabolome,mae,train
51,0.1314929297321625,0.001299716430656268,4.8229448746024133e-05,0.0014253454869758556,0.235870848365036,0.00492442997261518,281,Kaempferol,food_metabolome,mae,train
52,0.04013988229030323,0.0334501066430766,0.002856978407972489,0.06557502277251837,0.04183593365468224,0.0,74,Lactic acid,food_metabolome,mae,train
53,0.06357599797422883,0.00016302857978262971,5.901242641464568e-07,0.0001650739455092492,0.07030803252899782,0.00747571001782056,28,Lariciresinol,food_metabolome,mae,train
54,0.07413368838039726,0.0034784042756719614,0.0006542554262322438,0.004167115738360611,0.07413368838039726,,70,Lutein,food_metabolome,mae,train
55,0.18756917246885327,0.00493142170353821,0.0016508244809168495,0.006245756482711047,0.3981998731571305,0.0011092079251324573,230,Luteolin,food_metabolome,mae,train
56,0.081198408802371,0.03396948815735498,0.0050848152951213895,0.05575194659563335,0.081198408802371,,296,Malic acid,food_metabolome,mae,train
58,0.10789051245345259,0.0011719804176731487,1.5749673085754295e-05,0.0012012545307047591,0.18474613972399725,0.0035864468719991128,33,Matairesinol,food_metabolome,mae,train
61,0.16937433260435386,0.0006510591503916407,1.998666151460611e-05,0.0006624910871219488,0.3709848242456277,0.0002816621955435368,228,Myricetin,food_metabolome,mae,train
62,0.10970199247712124,0.019745378391281126,0.026048700994194297,0.04771140277211789,0.5042480991301252,0.0010588616596273817,88,Naringenin,food_metabolome,mae,train
65,0.15409039981772446,0.03740617708564498,0.005077005895991951,0.0570517802945457,0.15409039981772446,,20,Oxalic acid,food_metabolome,mae,train
66,0.19786395263377285,0.001375641603061055,5.126348637081001e-05,0.0014170247055592074,0.3953125612778972,0.0004153439896485016,52,Pelargonidin,food_metabolome,mae,train
67,0.08899216344396736,0.0005587330595350432,3.1993849862641906e-06,0.0005684477601363993,0.1827504242511768,0.002446076545004802,50,Peonidin,food_metabolome,mae,train
72,0.12014261218810493,0.0008508956848926347,1.0336761964859717e-05,0.0008682583976464755,0.13969212752035154,0.0028455201946252593,28,Pinoresinol,food_metabolome,mae,train
77,0.11934448599575166,0.0025518921015985343,5.421194849507227e-05,0.00272843571333577,0.11934448599575166,,84,Putrescine,food_metabolome,mae,train
79,0.16657185978105138,0.014387308936017237,0.02614478002506364,0.05534929625120902,0.21948136693992468,0.020614598653124983,327,Quercetin,food_metabolome,mae,train
82,0.050301376630759065,0.0457416164308426,0.006594221551032798,0.15901420137829067,0.07185910947251295,0.0,30,Rosmarinic acid,food_metabolome,mae,train
83,0.39654561792630927,0.007190816486247449,0.0016348854487975351,0.00807817359339446,0.4834254411370065,0.02006638401328831,32,Secoisolariciresinol,food_metabolome,mae,train
88,0.02454811860809433,0.00012666221728249935,4.369784138519005e-08,0.00012711772289709998,0.024144138155880436,0.04474714121878888,51,Spermine,food_metabolome,mae,train
90,0.1250397912232404,0.0006076046693601989,4.4288527859330595e-06,0.00062022766415708,0.17568100301073428,0.0017394494797770914,79,Syringic acid,food_metabolome,mae,train
91,0.07995976149918234,0.05423185798741786,0.021404621379702626,0.5446482982761288,0.08265375911985315,0.01799781622375374,24,Tartaric acid,food_metabolome,mae,train
92,0.09044917883380997,0.012504891524106911,0.0011282548545597602,0.016005769820828342,0.09044917883380997,,23,Taurine,food_metabolome,mae,train
93,0.046911213415809734,0.0064334723300274056,0.0020952547012369053,0.0077822509066851715,0.809053387192106,0.00012953011887586273,10738,Theobromine,food_metabolome,mae,train
96,0.08568715402778053,0.0013344585342583827,1.7460322259136594e-05,0.0013763204262507637,0.09374910759709036,0.005800523204619465,120,Tyramine,food_metabolome,mae,train
98,0.10891592513487766,0.0006767653470079615,5.790163525498285e-06,0.0006977895445738152,0.1359569356797682,0.012770109864155797,82,Vanillic acid,food_metabolome,mae,train
103,0.13490809512329718,0.0009408417856953718,8.549664271159231e-06,0.0009614893370675818,0.16553404270085476,0.01955035924783035,143,p-Coumaric acid,food_metabolome,mae,train
104,0.046105326159165405,0.0356986834738463,0.00614114749221864,0.07552292486926371,0.046643718385603467,0.006249437925797842,8576,Alanine,nutrition,mae,train
105,0.13502725044542183,0.013796894165577044,0.0015936880694730987,0.01595531885529986,0.2197629891108966,0.03736951488486799,6814,Arachidonic acid (20:4n-6),nutrition,mae,train
106,0.06583848638281302,0.05400399659539232,0.011864720968076298,0.11499641907319333,0.06479855396455558,0.09534068761808252,9593,Arginine,nutrition,mae,train
107,0.11986514570602884,0.004488836567588304,0.00030223707682861526,0.005216648237705517,0.1869640588695068,0.012981921197833873,586,Ascorbic acid (vitamin C),nutrition,mae,train
108,0.10463367028551676,0.1089925884407404,0.044027338490077166,0.4327474318541474,0.10539086136260276,0.05254451285007628,20257,Ash,nutrition,mae,train
109,0.046909114870772685,0.04888423539464088,0.007129623032785254,0.11162218703804141,0.047336095929784494,0.013921605838693089,8432,Aspartic acid,nutrition,mae,train
110,0.07753102531494886,0.19668903815942343,0.13216800981302357,2.532754092941884,0.0837197885306824,0.015691869109694737,4210,Available carbohydrate,nutrition,mae,train
111,0.04022677497483885,0.007656669379211497,0.0004142721072277942,0.00927721183344374,0.056079471173578956,0.0013876692879255957,207,Beta-sitosterol,nutrition,mae,train
112,0.1541599943294235,0.005236922371653271,0.0008676043748257443,0.005864874675659757,0.15442756030077803,0.14672389004219547,2764,Betaine,nutrition,mae,train
113,0.2937283426429021,0.0001031627791036443,5.14653596818419e-06,0.00010594434269669059,0.2981195397635335,0.26598243799106974,9884,Biotin,nutrition,mae,train
114,0.0815808889323822,0.011213854900283248,0.0017065029836632823,0.01602363969467832,0.20339843567861218,0.01758818338778679,12666,Butyric acid (4:0),nutrition,mae,train
115,0.30480372236083014,0.03210959000570267,0.007758511633712503,0.04172419023382824,0.30558375460979603,0.2629543599768225,39116,Calcium,nutrition,mae,train
116,0.05395174421484129,0.0026557392505701916,0.00010505441845207181,0.0030223871710534167,0.0642629461032068,0.001290963142117459,171,Campesterol,nutrition,mae,train
117,0.23521933069374962,3.948507548662867e-05,9.75675116107416e-08,3.953508017358731e-05,1.0867371801671883,0.007844946068465085,13702,"Carotene, alpha",nutrition,mae,train
118,0.3616449460941462,0.00044298164558222646,0.0006404471511580625,0.0020626647512389283,0.5709468516105598,0.05687592323290048,20968,"Carotene, beta",nutrition,mae,train
119,0.07406257439024151,0.06658381313379431,0.013140923140892527,0.5040660430604349,0.07053002575459472,0.3142758816142231,69,Cellulose,nutrition,mae,train
120,0.13695729817374455,0.05700616912995633,0.010396787641439966,0.14188083379407493,0.13574958128902492,0.26148632806483607,1874,Chloride,nutrition,mae,train
121,0.16506428847927715,4.670833749636844e-07,4.057599893565441e-11,4.671234410911334e-07,0.25007230194156155,0.060196551419078766,3865,Cholecalciferol (vitamin D3),nutrition,mae,train
122,0.11584719014337957,0.03015887233447974,0.0633948029481216,0.18395291802703806,0.1880797480186665,0.007294724173992138,22719,Cholesterol,nutrition,mae,train
123,0.11951079521996891,0.007547173553604769,0.0003155058516663379,0.008334252305501057,0.12009081792583706,0.09884547235568791,10549,"Choline, total",nutrition,mae,train
124,0.2117326247871698,1.7028874958315314e-05,1.946393603866101e-08,1.7058586846013592e-05,0.2834648509349328,0.04712375920313837,1560,Chromium,nutrition,mae,train
125,0.16628699840068795,7.338333232229612e-07,3.443796893675091e-11,7.33857354329765e-07,0.2588288152281305,0.01398475229944823,25560,Cobalamin (vitamin B12),nutrition,mae,train
126,0.07789577714600916,0.011509251727953671,0.0007308284564110235,0.016300642442616812,0.08504980226819339,0.02513484186990052,469,Conjugated linoleic acids (18:2 CLA isomers),nutrition,mae,train
127,0.23352792837313738,0.00021731300590497506,0.00022219972446580868,0.0005178873454762266,0.23535422275107543,0.1817710006334567,28684,Copper,nutrition,mae,train
128,0.21856399629888892,1.0773349394162565e-05,1.5244400179631702e-08,1.0780983543912203e-05,0.9443787159915468,0.004720589994185664,13291,"Cryptoxanthin, beta",nutrition,mae,train
129,0.06614045106805222,0.019834480542641544,0.0019348327141518109,0.025535364255112544,0.06523715386388804,0.1156675195814107,8477,Cystine,nutrition,mae,train
130,0.1667108439250036,0.019236479112812985,0.006308940657948534,0.034403465557359465,0.299187597175065,0.031218329953257063,16906,Decanoic acid (10:0),nutrition,mae,train
131,0.1640805441484747,0.21862714849607284,0.12827512464055935,1.079593468735432,0.19811055175645637,0.043291380897302924,14402,"Dietary fibre, total",nutrition,mae,train
132,0.10863673971699155,0.012787932445086513,0.003383903057388732,0.02448078057538326,0.32992860588117023,0.01467591912868657,16450,Docosahexaenoic acid (DHA; 22:6n-3),nutrition,mae,train
133,0.21540744133469547,0.012138206720589576,0.003446824245655513,0.016920957030218932,0.319492461671427,0.07736298043720191,5733,Docosanoic acid (22:0),nutrition,mae,train
134,0.12191226182267437,0.005332441585580242,0.0008010330722580903,0.007206667812330369,0.31359209984365993,0.029780802734709306,16689,Docosapentaenoic acid (DPA; 22:5n-3),nutrition,mae,train
135,0.06717286791241768,0.0012267857530636858,3.7285548175077264e-05,0.0013248448469288798,0.11616481079196239,0.01162786260949436,335,Docosatetraenoic acid (22:4; isomer unspecified),nutrition,mae,train
136,0.10040396806499238,0.009206469310482811,0.008480400092385352,0.02643017004139945,0.722147423145328,0.007764925582468871,3902,Docosenoic acid (22:1; cis/trans unspecified),nutrition,mae,train
137,0.2741207170226723,0.04618654727391049,0.03827165749563738,0.1434469946405443,0.41021848960785323,0.057008728228969525,19138,Dodecanoic acid (12:0),nutrition,mae,train
138,0.191948406743804,0.011987388554945364,0.0017436867464981124,0.015143564554232764,0.19404756200993883,0.18241591710070698,5470,Eicosanoic acid (20:0),nutrition,mae,train
139,0.1349616369857331,0.010177462559400547,0.0028803143154854946,0.018612277292149995,0.4064811417499756,0.020256877692254083,18180,Eicosapentaenoic acid (EPA; 20:5n-3),nutrition,mae,train
140,0.09600409539816866,0.00906076948877381,0.0009119329214081242,0.010614145234403604,0.1637494364244351,0.0411556972488408,4211,Eicosatetraenoic acid (20:4; isomer unspecified),nutrition,mae,train
141,0.09382819368107284,0.00197495258302046,6.128905535091381e-05,0.0020400875221529132,0.24252106053028966,0.012349689608173524,1065,Eicosatrienoic acid (20:3; isomer unspecified),nutrition,mae,train
142,0.07822154696401329,0.0011472281995252604,2.6161172270273647e-05,0.0011904514607333847,0.15120378222285744,0.01627151005825025,318,Eicosatrienoic acid (20:3n-3),nutrition,mae,train
143,0.11083445815394796,0.0026783673235775576,4.573974659465406e-05,0.002743727967050383,0.14033818412128535,0.04992581146720133,1284,Eicosatrienoic acid (20:3n-6),nutrition,mae,train
144,0.22953790174403688,0.023968710408325808,0.006029030762380861,0.036973612225551,0.267172527825265,0.15211605812949588,14951,Eicosenoic acid (20:1; isomer unspecified),nutrition,mae,train
147,0.016327910701165314,0.04744613523369482,0.12122750671738582,0.260120109015281,0.6891495748699106,5.589632521100307e-05,17741,Ethanol,nutrition,mae,train
148,0.07793734037270209,0.14213297549076032,0.09234430687312442,1.4676394924807903,0.08023507485572043,0.0245498138999986,27749,"Fat, total",nutrition,mae,train
149,0.09951370858852698,0.12514936900297222,0.04970785397433114,0.9127666588912285,0.10413951311464846,0.022814176627941198,22471,"Fatty acids, total monounsaturated",nutrition,mae,train
150,0.15574382777610254,0.1446833828395988,0.0633613188188312,0.7480186860501052,0.1612322559829072,0.05156743167736457,22517,"Fatty acids, total polyunsaturated",nutrition,mae,train
151,0.0967421951727264,0.11448723492930847,0.04051526172542989,0.7073659559067824,0.10015572019996268,0.03394013287072133,23183,"Fatty acids, total saturated",nutrition,mae,train
152,0.16016062357657337,0.05495974178186584,0.02641358363387159,0.12788940600989457,0.2316154358120773,0.03979584495422785,6323,"Fatty acids, total trans",nutrition,mae,train
153,0.12817089052711866,0.03580928170043202,0.014114146990729486,0.1193757926230893,0.14609752320785804,0.042322210650000316,2792,"Fatty acids, total trans-monoenoic",nutrition,mae,train
154,0.1452412933980029,0.014510205709163507,0.002882387798525061,0.024355139218497697,0.17437157445680848,0.05359220315651154,2496,"Fatty acids, total trans-polyenoic",nutrition,mae,train
155,0.2507512399457557,1.3780311214160562e-05,2.9937590871286283e-09,1.3782975382997695e-05,0.2616186007376846,0.13269151240729138,17790,"Folate, food",nutrition,mae,train
156,0.2568754609581178,2.4785737642519227e-05,2.361229666480144e-07,2.4908001350943066e-05,0.2671162891749636,0.1185061194336727,21997,"Folate, total",nutrition,mae,train
157,0.14061384812835362,1.3404130980844512e-05,4.942077055987884e-09,1.3408807921235868e-05,0.27121329590606624,0.028724900156044793,17266,Folic acid,nutrition,mae,train
158,0.22021060070915469,0.16873644819176803,0.10721939747949293,0.5652011121179621,0.3044419494528003,0.04262787199242059,10967,Fructose,nutrition,mae,train
159,0.18225458076491347,0.02167857451354683,0.01122713616524416,0.030717584777148584,0.9913926723908564,0.005911750836535658,8120,Galactose,nutrition,mae,train
160,0.2603685288629491,0.20487059613134215,0.14428416970674196,0.6626093935527791,0.3329672208108318,0.05815798996101432,11206,Glucose,nutrition,mae,train
161,0.04802886103955419,0.07217904808075022,0.015605906423146925,0.2483762764676563,0.04840643036583566,0.018779148724930212,8601,Glutamic acid,nutrition,mae,train
162,0.07970405828160192,0.056317716177542235,0.015234590765648849,0.1195123369145702,0.07903116407731788,0.10074052420452484,9525,Glycine,nutrition,mae,train
165,0.11459449036777171,0.009593162664189931,0.00046368248052211953,0.011099052199801616,0.134297799138596,0.05716289233171359,6293,Heptadecanoic acid (17:0),nutrition,mae,train
166,0.1367685112975313,0.006689267689889133,0.0003087881066548819,0.007304996123114148,0.1739294479176633,0.07924040295322966,4818,Heptadecenoic acid (17:1; isomer unspecified),nutrition,mae,train
167,0.09870912372067599,0.09686353400088582,0.031174664303034658,0.38553114646326286,0.10101586216087016,0.04023301334540353,19586,Hexadecanoic acid (16:0),nutrition,mae,train
168,0.17587781542256672,0.0412805976003451,0.010830564445306048,0.07380398805238582,0.20262286446526678,0.06201602798122905,4679,Hexadecenoic acid (16:1; cis/trans unspecified),nutrition,mae,train
169,0.06683507739102147,0.007911218726556256,0.0009053000421575748,0.010170737424183214,0.19424066412819907,0.01222089173208112,14771,Hexanoic acid (6:0),nutrition,mae,train
170,0.0544983392441339,0.029251704805000358,0.003027363861461871,0.04859547423277168,0.055262519758706406,0.00881024604310629,8652,Histidine,nutrition,mae,train
171,0.05830778723140086,0.015412646868487909,0.0009451573454392926,0.01871953384150527,0.0746347253631976,0.004470755340399335,1676,Hydroxyproline,nutrition,mae,train
172,0.05731267561874005,0.07232129507825726,0.011202461912476898,0.5122475453491491,0.06215265272936881,0.003328315538650051,158,Insoluble dietary fibers,nutrition,mae,train
173,0.22944233003028602,0.0012287792757111888,7.337025726255417e-05,0.0012839984857758106,0.23256765797654486,0.12029450337739768,32795,Iron,nutrition,mae,train
174,0.042017043710853824,0.029728606101364866,0.003020207637797691,0.05377843189348094,0.042561102593953744,0.010944291987741958,8660,Isoleucine,nutrition,mae,train
175,0.09477875460072505,0.057839536237119786,0.011971347286024846,0.2035077903802528,0.09698291168446284,0.0,44,Isomeric linoleic acids (18:2),nutrition,mae,train
176,0.11238233225917436,0.021986147574836773,0.0025535359829284045,0.034668208295600536,0.13573750974466392,0.08279910744422093,68,Isomeric linolenic acids (18:3),nutrition,mae,train
177,0.08164111351044769,0.07570547916862529,0.04701207443875498,0.27897769494678143,0.24698234443448006,0.011374345215499423,10711,Lactose,nutrition,mae,train
178,0.03742032083451355,0.0367240185445725,0.005851987868742986,0.08720127333759956,0.03789525590670469,0.002511344808916045,8661,Leucine,nutrition,mae,train
179,0.046065596687832104,0.027755161599848303,0.003353529123154466,0.30201868145665456,0.056101855054457785,0.01055268246746429,59,Lignin,nutrition,mae,train
180,0.16309200054690343,0.12574502243602745,0.05391369297425673,0.6362997411499948,0.16689507603883244,0.08003919881318229,7708,Linoleic acid (18:2n-6),nutrition,mae,train
181,0.2449417966045082,0.00011987444180806025,3.6572907447077235e-07,0.00012036458399064598,0.3288865564458342,0.07039617598388133,7134,Lutein + zeaxanthin,nutrition,mae,train
182,0.06320322306300691,0.0001744825416088226,1.635758163670071e-06,0.0001754612573754087,0.5763007426356866,0.0020858389967549945,11469,Lycopene,nutrition,mae,train
183,0.049330810915053355,0.042013816699994246,0.004758724592842,0.09542256778721284,0.049972142757373016,0.002685999561367783,8681,Lysine,nutrition,mae,train
184,0.15899434613483757,0.010812932062520987,0.0011949739772462561,0.012653057291020751,0.1603516259223693,0.08165548578003581,35492,Magnesium,nutrition,mae,train
185,0.23380853680502373,0.10477434411017018,0.08880014827265195,0.26289279851055103,0.5064326963474188,0.028996959720128966,10771,Maltose,nutrition,mae,train
186,0.2750583720606344,0.0003856953198617218,1.4662503512817365e-05,0.0003939518553967041,0.2787606713861665,0.18940768863353438,18010,Manganese,nutrition,mae,train
188,0.04270960185302457,6.729372938465095e-07,2.4329565416096463e-12,6.729491838243134e-07,0.04950565919397043,0.00036493688251573655,94,Menaquinone-4,nutrition,mae,train
189,0.05777432321787443,0.025112657611226916,0.002081856464322525,0.03656513030087461,0.05837308900532609,0.030643215593968657,8681,Methionine,nutrition,mae,train
190,0.13529020943472986,5.191750325501511e-06,5.858517593945048e-10,5.192630405765826e-06,0.15695789003566848,0.05612984756081394,1011,Molybdenum,nutrition,mae,train
191,0.19443866724938422,0.0011109789056240264,0.0001486177088772052,0.0012321028532877375,0.2003034443334554,0.04405990739912586,30892,Niacin,nutrition,mae,train
192,0.15870868118332956,0.0014496957383156573,0.0008074191193224869,0.0024454204056600344,0.16382896796850077,0.06687877592308614,6362,Nicotinic acid,nutrition,mae,train
193,0.20752468716002867,0.15179856999904184,0.08344741298949222,0.7934687961787866,0.21207382494914015,0.10065389790537965,4923,Octadecadienoic acid (18:2; isomer unspecified),nutrition,mae,train
194,0.12566276713686364,0.08466669748264775,0.026175430701554446,0.24142455641703375,0.13241982088309817,0.023917477863003085,19517,Octadecanoic acid (18:0),nutrition,mae,train
195,0.042407798155361644,0.002046922799865362,0.0002062012506062515,0.002723262046204632,0.4612307430632714,0.0047266055707438845,3901,Octadecatetraenoic acid (18:4; isomer unspecified),nutrition,mae,train
196,0.2738246853480909,0.05383834899219979,0.022452030425154538,0.10831181773969978,0.27834288754993486,0.22453621847132513,4835,Octadecatrienoic acid (18:3; isomer unspecified),nutrition,mae,train
197,0.1581713173197074,0.1885106826291722,0.11122841806286564,1.175382447739341,0.1625528315363738,0.05862416098646066,4910,Octadecenoic acid (18:1; cis/trans unspecified),nutrition,mae,train
198,0.1282028258942577,0.016734250286939846,0.007568544766983124,0.030695426040905187,0.316404106313929,0.012706758887049738,15315,Octanoic acid (8:0),nutrition,mae,train
199,0.20214639343682592,0.00026870303450788225,1.9332080783992035e-06,0.0002699449712218185,0.20742128162373946,0.12272019698955941,16490,Pantothenic acid (vitamin B5),nutrition,mae,train
200,0.1371946648299093,0.006497562172455696,0.0003653030613260112,0.007277392554481914,0.18006557893295802,0.05772751899168984,5999,Pentadecanoic acid (15:0),nutrition,mae,train
201,0.1009742844778799,0.0027838447482762896,0.0014462563507208906,0.004084929499371005,1.3474502033141476,0.0001472210861044725,4236,Pentadecenoic acid (15:1; isomer unspecified),nutrition,mae,train
202,0.03748786987776618,0.027018388226367283,0.0034457138391775625,0.048834183822583484,0.03797511255495548,0.006563843162080082,8673,Phenylalanine,nutrition,mae,train
203,0.13048320855181142,0.03436981139410074,0.005487272812372011,0.04501503939944437,0.13249946419050918,0.044319015828334404,31130,Phosphorus,nutrition,mae,train
204,0.07955679285374632,0.009398351497550096,0.0006604847732682335,0.011713884794572861,0.12123571152547448,0.0027484998729901825,398,Phytosterols,nutrition,mae,train
205,0.15736404231788859,0.06343792212505371,0.01548115227603857,0.10156205185170519,0.15853023035090172,0.07118814150012062,31399,Potassium,nutrition,mae,train
206,0.061786497574731425,0.052647043426935276,0.009320547067578823,0.10598571225084426,0.0625740290464175,0.007208253050510103,8583,Proline,nutrition,mae,train
207,0.08320182024176966,0.16782733732844116,0.07499886224596364,1.6626009140493583,0.08512450309422327,0.02487346206587393,26382,"Protein, total",nutrition,mae,train
208,0.22723428269630352,8.678186063952801e-05,8.014704214210722e-07,8.745133992251082e-05,0.3959491804598584,0.03917012736946013,28747,Retinol,nutrition,mae,train
209,0.19923961625250658,0.00010335606476232326,3.910525611991212e-06,0.00010548926840943902,0.20528261045013177,0.06743785327292075,27092,Riboflavin (vitamin B2),nutrition,mae,train
210,0.19571013526897332,7.0099339397110155e-06,3.34887124847599e-08,7.026897605302509e-06,0.2028372331637226,0.11476193237328194,24283,"Selenium, Se",nutrition,mae,train
211,0.039879131734567246,0.029474693519263673,0.0028814202432654434,0.05228055522917314,0.04010088843644701,0.024305536723342316,8568,Serine,nutrition,mae,train
212,0.2422428339788001,0.07169358701886774,0.026593639365499317,0.13968988571276814,0.24530243243268113,0.11728442076310558,26623,Sodium,nutrition,mae,train
213,0.040096140356323494,0.04009614168477058,0.0076184968944402395,0.9058748536862266,0.06348555556417886,0.0,76,Sorbitol,nutrition,mae,train
214,0.0997939227330939,0.29252329427705037,0.3449497423062895,2.93636618689308,0.14465222701565045,0.02151788446831521,7534,Starch,nutrition,mae,train
215,0.023682495313231244,0.009476554615528297,0.006703395514880982,0.015391379750011189,0.8985282020156532,8.933754248118186e-06,835,Stearidonic acid,nutrition,mae,train
216,0.054131370721508726,0.0016936789746036806,0.00012362899955231538,0.0019066730503640426,0.09670769417351346,0.0063942807904731145,210,Stigmasterol,nutrition,mae,train
217,0.25575911545023755,0.28401755049527205,0.28941827256304065,2.023762596557901,0.33121753599039355,0.07061014656355254,5683,Sucrose,nutrition,mae,train
218,0.20832692217989837,0.3291712546041753,0.2802995559271676,2.870786542267895,0.2242782577058353,0.10110298586153928,18095,"Sugars, total",nutrition,mae,train
219,0.029650375823092226,0.007801555520891833,0.00011458092724597915,0.009807060267034396,0.029650375823092226,,93,Sulfur,nutrition,mae,train
220,0.1699622094154067,0.007010733668310529,0.0017899793234624622,0.009181456774862588,0.23130943232143117,0.08648434122182819,4423,Tetracosanoic acid (24:0),nutrition,mae,train
221,0.16849554698074723,0.04834711620870708,0.017144048636255897,0.1044440087838985,0.19312560478000468,0.03744292482364005,18875,Tetradecanoic acid (14:0),nutrition,mae,train
222,0.12139677295307805,0.008389384006571684,0.0007036987336443383,0.010204945942459732,0.1860103443680597,0.031342118244729274,5438,Tetradecenoic acid (14:1; isomer unspecified),nutrition,mae,train
223,0.23215331193061137,9.072000544850884e-05,2.648300564501367e-06,9.215030490229572e-05,0.23911495424117044,0.10100025327243824,29067,Thiamin (vitamin B1),nutrition,mae,train
224,0.04464778095487956,0.02984900860469464,0.0025529134627150156,0.05230648656281059,0.0452063463432663,0.0027813684664803836,8656,Threonine,nutrition,mae,train
225,0.22161403712027392,3.803095127972938e-05,6.868586302152999e-08,3.806984096079718e-05,0.31208458091913754,0.07034431190688764,7747,"Tocopherol, beta",nutrition,mae,train
226,0.23738852886965517,0.0001256071156585137,7.713849341617703e-07,0.00012616946349421193,0.3606614059347767,0.0778413803005719,7687,"Tocopherol, delta",nutrition,mae,train
227,0.32564472966738717,0.0006750098078384739,7.738112766508658e-06,0.0006836791145740736,0.36966995746448283,0.1465716734770645,8262,"Tocopherol, gamma",nutrition,mae,train
228,0.3454590331728334,7.33329661284043e-05,2.278260131332959e-07,7.345823623826082e-05,0.45195994703987624,0.12289339905003638,5437,"Tocotrienol, alpha",nutrition,mae,train
229,0.06337875048277784,2.5937455664779315e-05,7.615059862313848e-09,2.5950639933014688e-05,0.27876047442507984,0.006433475922339802,1186,"Tocotrienol, beta",nutrition,mae,train
230,0.057884798066942675,1.3039174476913637e-05,8.40252648302251e-09,1.3043377163055877e-05,0.8834477169383819,5.7349371800390954e-05,1161,"Tocotrienol, delta",nutrition,mae,train
231,0.20774363859396813,6.996891559030959e-05,8.676949495289717e-08,7.005860378686327e-05,0.5476000405544603,0.008724468424169008,1167,"Tocotrienol, gamma",nutrition,mae,train
232,0.05774331438362403,0.00073954841263722,3.2654558045155024e-05,0.0007562582427845581,1.1331046422695206,7.409490709329554e-05,668,Tridecanoic acid (13:0),nutrition,mae,train
233,0.09424552555761269,0.02223270300758919,0.0020595332783708087,0.02733486037950434,0.09488583230468231,0.07992461464820125,15731,Tryptophan,nutrition,mae,train
234,0.049317721678119535,0.029277851564706265,0.002648484526639809,0.04723939542052419,0.05001168241667142,0.007484040417782586,8612,Tyrosine,nutrition,mae,train
235,0.04171803525759701,0.032258310212024,0.004726252220308653,0.06680639573498695,0.04225192403546594,0.002633605807161785,8661,Valine,nutrition,mae,train
236,0.17846815165097074,0.00026732389792633195,3.2491945108550995e-05,0.0002847370341474169,0.18533970353623277,0.09436856141343555,1774,Vitamin B6 - Pyridoxin,nutrition,mae,train
237,0.21873199459420606,8.617474770070267e-07,2.907058659978638e-10,8.619018941133778e-07,0.3835016513393739,0.07945717448779886,27304,Vitamin D (D2 + D3),nutrition,mae,train
238,0.23418964094812283,1.6972766622974567e-07,2.5311268599997106e-12,1.6972893181097612e-07,1.186565276646317,1.3848396997759675e-05,6511,Vitamin D2 (ergocalciferol),nutrition,mae,train
239,0.06574978454862229,0.24663206684381767,0.2500884516396827,7.254765663640849,0.06589463459523942,0.049887003642091865,30210,Water,nutrition,mae,train
241,0.1861406082293019,0.0006936462702674082,0.0001138090675652599,0.000782278426527729,0.18877455044924768,0.08297918094285557,31918,Zinc,nutrition,mae,train
242,0.1049317223633898,0.00449265998684399,0.00031151534950221347,0.0049596851479417805,0.2040483181667374,0.0035062541120440783,1216,"cis,cis-Eicosadienoic acid (20:2n-6)",nutrition,mae,train
243,0.07994574576628685,0.0010352387435152732,1.492105060292557e-05,0.0010765963623275004,0.17104130794148956,0.005514005940206576,298,cis-Docosenoic acid (22:1 cis),nutrition,mae,train
244,0.06595495914115931,0.01744559413992615,0.0009300617072450859,0.02283058128562671,0.06706686658096805,0.013556321040172428,385,cis-Hexadecenoic acid (16:1 cis),nutrition,mae,train
245,0.08884389738116605,0.12674905957030552,0.042609797985099354,1.1685265453546057,0.08894247282073098,0.05153309350584251,759,cis-Octadecenoic acid (18:1 cis),nutrition,mae,train
246,0.11537590160688835,0.0026933973797530243,0.00043698177360087213,0.0031105330737594113,0.2418559115857669,0.032869228430702356,461,cis-Tetracosenoic acid (24:1 cis),nutrition,mae,train
247,0.07298200952217992,0.006847442965170454,0.0003315130891320607,0.008950479818031537,0.0689809336988714,0.20661794202068426,172,"trans,trans-Linoleic acid (18:2 trans,trans)",nutrition,mae,train
248,0.13443832860367566,0.0002850986211454301,1.4055340141320692e-06,0.00028580379338005897,0.9705616290065896,0.0001387311296324982,224,trans-Docosenoic acid (22:1 trans),nutrition,mae,train
249,0.06361817894342117,0.0019180716131674816,1.2972379552024723e-05,0.0019877972943009563,0.0938333915295128,0.004433741919117972,287,trans-Hexadecenoic acid (16:1 trans),nutrition,mae,train
250,0.08922901459530082,0.011225356021631624,0.0009753150133837011,0.015343792813017775,0.09657994743848095,0.02622101879661397,335,trans-Linoleic acid (18:2; isomer unspecified),nutrition,mae,train
251,0.11869133874364136,0.055899226152554125,0.024977409576733296,0.271350902452909,0.12298821005643906,0.0843163682412597,774,trans-Octadecenoic acid (18:1 trans),nutrition,mae,train
2,0.05105482600328323,0.024005209786481903,0.001827313419343353,0.06789583756967828,0.0540580510622999,0.0,54,Acetic acid,food_metabolome,mse,train
7,0.07240805772621522,0.008257808576125595,0.009063841280029562,0.021253296780830933,0.21564379200059472,0.008429429750325713,217,Apigenin,food_metabolome,mse,train
9,0.15496471397486622,0.002494706876048951,0.00016961772614057388,0.0026850082922562986,0.1652076914321883,0.01566022055528585,73,Benzoic acid,food_metabolome,mse,train
11,0.057062714330758886,0.0015411644755934152,7.263753232202414e-05,0.0017197342463268843,0.05792730091152796,0.0,67,Cadaverine,food_metabolome,mse,train
12,0.12732766664416972,0.008887681814562006,0.0018498914332031773,0.014526224616947796,0.14030019727343515,0.05420976673376455,146,Caffeic acid,food_metabolome,mse,train
13,0.04027593124837971,0.0015982992454666926,0.0004432581524486191,0.003149382208922368,0.3270552675303753,0.013943746802278268,10892,Caffeine,food_metabolome,mse,train
15,0.07490476965564527,0.0026199184562572587,0.0002423518398145618,0.0034501891832092327,0.11660025787126795,0.0057512770053442285,109,Catechin,food_metabolome,mse,train
16,0.13117524062276095,0.008651643913463306,0.00040616231074603714,0.009886596455814217,0.13110419330560538,0.134540299917131,4256,Choline,food_metabolome,mse,train
18,0.09717928279608591,0.04577471554164298,0.005481659419496011,0.0937310497149925,0.09667692402218213,0.2463798386455028,298,Citric acid,food_metabolome,mse,train
21,0.10526428701606859,0.006405112765364344,0.0007584934631728245,0.008617696949180721,0.16118817353695397,0.0039022426969638844,90,Cyanidin,food_metabolome,mse,train
22,0.06846074183108923,0.0005027964133755639,7.998983794563129e-07,0.0005096025352547894,0.07048590691443837,0.023907109997408055,46,Daidzein,food_metabolome,mse,train
24,0.07700279180912331,0.0020227777881396797,5.7287229461024274e-05,0.0022152465594725695,0.12338172109190079,0.019492919498479224,56,Delphinidin,food_metabolome,mse,train
25,0.06510835069116205,0.004303101011540909,0.0003281574892960575,0.005000803401257524,0.10355342921064736,0.0010332198253531876,32,Ellagic acid,food_metabolome,mse,train
26,0.045364409240019346,0.002058957446237091,0.0002297467113180035,0.003171698634543509,0.1357393390356107,0.006493471693528429,133,Epigallocatechin,food_metabolome,mse,train
28,0.09249964824799876,0.001437414481149062,2.1118948736444942e-05,0.0015131899916969913,0.09803601014930903,0.06406288030035973,135,Ferulic acid,food_metabolome,mse,train
33,0.10083052609095579,0.006102071534689108,0.00218466531793361,0.010274592498509667,0.13703303763620409,0.021960768795950564,89,Gallic acid,food_metabolome,mse,train
35,0.10791896054872482,0.0012725386266981722,1.7981849869626757e-05,0.001310525201094251,0.11095386141846278,0.020918468949569998,89,Genistein,food_metabolome,mse,train
43,0.0626662651774666,0.0002111404378669931,3.661810278159219e-07,0.00021240499875097867,0.10485874614655756,0.00841878964577822,64,Glycitein,food_metabolome,mse,train
47,0.07882721970057688,0.000265570944171451,9.720061031105858e-07,0.0002681331958088325,0.08140062498205325,0.0007672594957935896,188,Histamine,food_metabolome,mse,train
50,0.11895043685194436,0.003898001491213397,0.0008048077531419646,0.004407823350815599,0.24219797422319203,0.025373602921923005,95,Isorhamnetin,food_metabolome,mse,train
51,0.10230357371281784,0.0012602527322188384,5.2410417549743846e-05,0.001408447209514359,0.15984280330738723,0.03253159451940302,281,Kaempferol,food_metabolome,mse,train
52,0.04876515530259797,0.03961085506437634,0.003123824085304465,0.07255213969444001,0.05078098027609458,0.0010572975965115982,74,Lactic acid,food_metabolome,mse,train
53,0.08670671541830273,0.0005202335617428518,3.7043470437717947e-06,0.0005277172915321604,0.09711152126849905,0.0,28,Lariciresinol,food_metabolome,mse,train
54,0.06891892469879779,0.0016933537608958755,0.00010778873852862403,0.0020707405281275085,0.06891892469879779,,70,Lutein,food_metabolome,mse,train
55,0.08471517081232977,0.0018494807986478563,0.00012332619597027334,0.0024735731982054913,0.16284551586247836,0.015550603063017861,230,Luteolin,food_metabolome,mse,train
56,0.084978138269457,0.03270477141418774,0.00330229160635568,0.049704520593966184,0.084978138269457,,296,Malic acid,food_metabolome,mse,train
58,0.13406582114015028,0.002325823891360144,6.569628406576373e-05,0.0023952131657899237,0.2238188064872192,0.012258198169128208,33,Matairesinol,food_metabolome,mse,train
61,0.07393923102528084,0.0003249482986275926,2.0148620919333924e-06,0.00033262469071847206,0.1331235417452756,0.024300776873027164,228,Myricetin,food_metabolome,mse,train
62,0.025726487560323693,0.0032800135835213597,0.000405112795915745,0.009967402760527903,0.10760331821860546,0.0031806936109417595,88,Naringenin,food_metabolome,mse,train
65,0.15300063370345668,0.021790664189070476,0.0019267153678275545,0.02963046486123456,0.15300063370345668,,20,Oxalic acid,food_metabolome,mse,train
66,0.14784971959163473,0.001355146931271682,5.3853992972477064e-05,0.0013951542010819443,0.2935539649266105,0.0021454742566589403,52,Pelargonidin,food_metabolome,mse,train
67,0.06506835473732742,0.0004375272781746213,3.101527782565274e-06,0.00044837334392845295,0.12796797261294793,0.00700716900598541,50,Peonidin,food_metabolome,mse,train
72,0.09042086494192945,0.00036611294591340683,2.3433924191841814e-06,0.0003715025014958022,0.10537115316202565,0.0007191356213522023,28,Pinoresinol,food_metabolome,mse,train
77,0.08628185844882827,0.0022764031056071677,6.827596045579116e-05,0.0025011753026142705,0.08628185844882827,,84,Putrescine,food_metabolome,mse,train
79,0.126002070424642,0.011835490475256196,0.017907161080352396,0.05208257795932022,0.15347103116892166,0.0502256269921465,327,Quercetin,food_metabolome,mse,train
82,0.04304032136696163,0.036706288774908336,0.002598650869724872,0.07898082289938985,0.05845436682332773,0.007074215302107374,30,Rosmarinic acid,food_metabolome,mse,train
83,0.2085734552595043,0.006674359083956293,0.0014112489735008753,0.007557337077806886,0.25059008227169305,0.02650140487335303,32,Secoisolariciresinol,food_metabolome,mse,train
88,0.021802421981168364,0.00010341491113926814,3.064376715445416e-08,0.00010373769632768003,0.02223847042079173,0.0,51,Spermine,food_metabolome,mse,train
90,0.07790916176209363,0.00027034805523801615,5.216517934378578e-07,0.00027367254700073115,0.10539764944568693,0.010980670010736023,79,Syringic acid,food_metabolome,mse,train
91,0.07155779590428983,0.049818844852138354,0.014728540756847623,0.505933787227529,0.07466900442186765,0.0,24,Tartaric acid,food_metabolome,mse,train
92,0.09130242307331803,0.006980638823519085,0.000510981287153579,0.00972711288520505,0.09130242307331803,,23,Taurine,food_metabolome,mse,train
93,0.027203334877057832,0.0033264053540393076,0.0002839170265219996,0.004005117892855137,0.26895496002622554,0.012364177101271216,10738,Theobromine,food_metabolome,mse,train
96,0.06498847682906217,0.0013109739319155194,1.3473752103970575e-05,0.0013793024351731807,0.06989607062759096,0.016358683734549732,120,Tyramine,food_metabolome,mse,train
98,0.09532122485362945,0.0007786882895961938,1.0643175535034448e-05,0.0008092073364977261,0.11617960689380825,0.021158088710771503,82,Vanillic acid,food_metabolome,mse,train
103,0.09163767014646783,0.0007470222957691778,5.452311982244862e-06,0.0007641325497087016,0.10142413078745736,0.05477533506540726,143,p-Coumaric acid,food_metabolome,mse,train
104,0.052686779895676016,0.040613602186664606,0.005858817568327946,0.0842177552666477,0.05332322859358563,0.0061729275893566814,8576,Alanine,nutrition,mse,train
105,0.149110766987507,0.01396775475895628,0.0010994508306724814,0.015629659482451704,0.22658585877309104,0.05994006221456851,6814,Arachidonic acid (20:4n-6),nutrition,mse,train
106,0.07587538445204452,0.06194873397416537,0.011740206935446135,0.12928095772410036,0.07427831157280468,0.11900969861988143,9593,Arginine,nutrition,mse,train
107,0.09227879278291695,0.0032358129234932404,0.0001261057340979244,0.0037603478750519,0.1297865810888292,0.032531873357570004,586,Ascorbic acid (vitamin C),nutrition,mse,train
108,0.11362453193855176,0.11874602248671608,0.04118166982761391,0.405714637080412,0.11413978266460412,0.08129739958581803,20257,Ash,nutrition,mse,train
109,0.05774608457660641,0.06018170096946007,0.008693729736087863,0.13700615894299342,0.05831671532943005,0.013663062810580133,8432,Aspartic acid,nutrition,mse,train
110,0.09066411618094916,0.2273994165140803,0.12076692570985179,2.9334332569641015,0.09684891551887104,0.028864567705160656,4210,Available carbohydrate,nutrition,mse,train
111,0.054906028905746744,0.009935079200482687,0.0005723142982719664,0.013134503367816814,0.072208043378493,0.012516093447518445,207,Beta-sitosterol,nutrition,mse,train
112,0.12283769549760634,0.00302614791327166,9.298044060757604e-05,0.0033929044764407423,0.12316750191669384,0.11367182543379982,2764,Betaine,nutrition,mse,train
113,0.2533205729305714,7.40727257105799e-05,3.3193250534869582e-06,7.667061574576931e-05,0.2588678707369716,0.21235649981404808,9884,Biotin,nutrition,mse,train
114,0.09143857354385652,0.011315385291013107,0.0013957402609258184,0.015687865877216853,0.20609028713595554,0.03125140520229416,12666,Butyric acid (4:0),nutrition,mse,train
115,0.30098551193312134,0.030973843214382245,0.006062574098703769,0.04003984559937123,0.3006682292430906,0.32074581767968285,39116,Calcium,nutrition,mse,train
116,0.05801050428060524,0.0027813295393537257,0.0001476930094675781,0.003217886763793319,0.06562551704473452,0.019119546235230715,171,Campesterol,nutrition,mse,train
117,0.14751653665923029,2.1265560507020623e-05,3.312441605468664e-08,2.1313414783076393e-05,0.4680449373933074,0.06238600670915428,13702,"Carotene, alpha",nutrition,mse,train
118,0.30582342670540935,0.0003764426406398292,0.0006348686803861283,0.0019959105748055084,0.43007124737969754,0.12566582410243093,20968,"Carotene, beta",nutrition,mse,train
119,0.07541243071811912,0.06868153722034925,0.014094900806036658,0.78522533102042,0.07412242833719195,0.16313259262116733,69,Cellulose,nutrition,mse,train
120,0.14494923813103056,0.06007146404878756,0.00893891234619222,0.17943321470692353,0.14361657994045238,0.28236110489286964,1874,Chloride,nutrition,mse,train
121,0.15290161457206466,3.07376804613393e-07,4.419181229052379e-12,3.073933377228404e-07,0.22358918095643793,0.06595114800121464,3865,Cholecalciferol (vitamin D3),nutrition,mse,train
122,0.10482058226010493,0.016454631639528858,0.006004905073722142,0.14164136637906743,0.15336049766974622,0.03353208454234256,22719,Cholesterol,nutrition,mse,train
123,0.13006455667528774,0.007977042381533545,0.0002592187815739362,0.008670418665589014,0.1306882233372559,0.10784426633342883,10549,"Choline, total",nutrition,mse,train
124,0.20567814445095536,1.3944520434746496e-05,1.1049765077402348e-08,1.3973194669074709e-05,0.22704472311450805,0.15757576676198612,1560,Chromium,nutrition,mse,train
125,0.1742063315369378,6.984410535503297e-07,3.3645085895666864e-11,6.98477080982219e-07,0.24817886519977278,0.052625810149805344,25560,Cobalamin (vitamin B12),nutrition,mse,train
126,0.09342258969768194,0.013520350008423524,0.0010301753850565788,0.019368199513588872,0.10198368566319999,0.03028450695198639,469,Conjugated linoleic acids (18:2 CLA isomers),nutrition,mse,train
127,0.2293910406604736,0.00020153755867019914,0.00022086090481397474,0.0005018810580739018,0.2294998531472133,0.23258017307882586,28684,Copper,nutrition,mse,train
128,0.18245194335077,7.865436410078556e-06,8.23345315051419e-09,7.871670848627527e-06,0.5012839525330386,0.08951889012923057,13291,"Cryptoxanthin, beta",nutrition,mse,train
129,0.07680446463611093,0.023089658715507975,0.002008619733824695,0.02960303714043437,0.0760755660858233,0.11676152738240346,8477,Cystine,nutrition,mse,train
130,0.1661701045934505,0.01598479488943777,0.0029584705946405095,0.025487667942008334,0.25082598627046687,0.07986222872845306,16906,Decanoic acid (10:0),nutrition,mse,train
131,0.17507610060794454,0.23702114962877407,0.12318319848867025,1.1100010608038202,0.2015866330129469,0.08113312458675635,14402,"Dietary fibre, total",nutrition,mse,train
132,0.11378273015950587,0.011526310700466948,0.0023187954157310917,0.022279556947957208,0.29168377869842915,0.03833250577345398,16450,Docosahexaenoic acid (DHA; 22:6n-3),nutrition,mse,train
133,0.21931795196553783,0.009765644525029354,0.0016284954223428894,0.013726693805427693,0.26574195495214153,0.15816149765581333,5733,Docosanoic acid (22:0),nutrition,mse,train
134,0.13999580262149955,0.0050649000078003634,0.0005245137526985319,0.006659597899117054,0.28625134777218,0.06978614616677199,16689,Docosapentaenoic acid (DPA; 22:5n-3),nutrition,mse,train
135,0.07341978853491585,0.0006888600250408299,1.7863994230147065e-06,0.0007002812199857965,0.10066473064512611,0.04253061849913607,335,Docosatetraenoic acid (22:4; isomer unspecified),nutrition,mse,train
136,0.08392436636622559,0.0046582903288343944,0.0012054007472561527,0.012667048132570623,0.42578247510445666,0.032987910823956766,3902,Docosenoic acid (22:1; cis/trans unspecified),nutrition,mse,train
137,0.245231778089158,0.0348548444897123,0.015949737843727635,0.11746213794848315,0.320261239134979,0.12562798787515697,19138,Dodecanoic acid (12:0),nutrition,mse,train
138,0.18642706224373898,0.010376718900846536,0.0008522101374949384,0.012829041422731599,0.18040403145963438,0.21365548285040592,5470,Eicosanoic acid (20:0),nutrition,mse,train
139,0.14299344364568672,0.009051660751325226,0.0020489045673422863,0.016605057546543657,0.3404500515672808,0.05976302556466681,18180,Eicosapentaenoic acid (EPA; 20:5n-3),nutrition,mse,train
140,0.0978583380495802,0.008412602741385378,0.0005455487314647212,0.009432784907453038,0.1650115258743794,0.043489362603975706,4211,Eicosatetraenoic acid (20:4; isomer unspecified),nutrition,mse,train
141,0.08421493899433032,0.0014906201273754104,1.6795778023022412e-05,0.0015277783979395839,0.16045237992211742,0.042439480811516744,1065,Eicosatrienoic acid (20:3; isomer unspecified),nutrition,mse,train
142,0.07432179817570528,0.0012569279197231812,1.2145078900050076e-05,0.001310157050008382,0.12152855049282449,0.03425095027861572,318,Eicosatrienoic acid (20:3n-3),nutrition,mse,train
143,0.12041885588727848,0.0027858335674350097,3.537498571213903e-05,0.0028492900384596716,0.1476089353416675,0.06428659161986436,1284,Eicosatrienoic acid (20:3n-6),nutrition,mse,train
144,0.22444504471438861,0.021875252232763598,0.004014116624364822,0.03353651152347817,0.25485687243630145,0.1623045466065568,14951,Eicosenoic acid (20:1; isomer unspecified),nutrition,mse,train
147,0.0224706543629559,0.10142906457916297,0.08177295320200323,0.3071543366065272,0.4962556747191119,0.011012387665569875,17741,Ethanol,nutrition,mse,train
148,0.09852844277657934,0.18176951342020467,0.09629152216837156,1.7909469688142432,0.10077608160177355,0.046466176762005554,27749,"Fat, total",nutrition,mse,train
149,0.10199462623320274,0.12939611020565495,0.043089149839332014,0.9051457403274534,0.10690703562183765,0.02046809148405739,22471,"Fatty acids, total monounsaturated",nutrition,mse,train
150,0.16102991760398994,0.14901949611030207,0.05462197907982911,0.7162135678801175,0.16669409614914368,0.05368721229841611,22517,"Fatty acids, total polyunsaturated",nutrition,mse,train
151,0.09684896172596405,0.11579023113401739,0.034668837505341,0.660014127328431,0.1003685674364603,0.032066626757757496,23183,"Fatty acids, total saturated",nutrition,mse,train
152,0.14563958374003858,0.046230927698827466,0.012158329502247352,0.09603271511016505,0.19758040523882306,0.058217951863536,6323,"Fatty acids, total trans",nutrition,mse,train
153,0.12128999124838727,0.029000497132714527,0.0037616156287648755,0.08236723590991497,0.1346349547797618,0.057359585668935544,2792,"Fatty acids, total trans-monoenoic",nutrition,mse,train
154,0.1541444513567224,0.012259440560825226,0.0014172756140289993,0.01668225124250878,0.16618049565202708,0.11627689671335521,2496,"Fatty acids, total trans-polyenoic",nutrition,mse,train
155,0.2511391725039375,1.2695734768393684e-05,1.3789822322426152e-09,1.269787457333349e-05,0.258415248260405,0.1726368220970276,17790,"Folate, food",nutrition,mse,train
156,0.25764655839325334,2.08569285579247e-05,9.229596724754696e-08,2.0959472851777797e-05,0.2652532531180052,0.1551421202017149,21997,"Folate, total",nutrition,mse,train
157,0.15315403652157872,1.3087621700710471e-05,3.474152012202309e-09,1.3091976280522984e-05,0.26630303253582926,0.05575615668920778,17266,Folic acid,nutrition,mse,train
158,0.22355698889227926,0.1680583607133035,0.07919590468051023,0.539431119632956,0.2878265962593767,0.0882128158146705,10967,Fructose,nutrition,mse,train
159,0.13322800798006929,0.012587118332195748,0.004138397859057282,0.019436038839143778,0.45525973784357504,0.06304470162163614,8120,Galactose,nutrition,mse,train
160,0.247341622582771,0.1914554774034265,0.09455354998827006,0.5889137743132337,0.2969220346993951,0.1092663414717098,11206,Glucose,nutrition,mse,train
161,0.05659484428815196,0.08595173154324622,0.018807208955759804,0.28674133144501274,0.05701579602112705,0.023722171047033624,8601,Glutamic acid,nutrition,mse,train
162,0.09123627598533847,0.06396208546446751,0.01448543473230167,0.1330092434285257,0.09017836966104659,0.12130328666217992,9525,Glycine,nutrition,mse,train
165,0.12647672274965333,0.010242170951471091,0.0004584491588715958,0.011746956259800385,0.144455234479214,0.07422339556547626,6293,Heptadecanoic acid (17:0),nutrition,mse,train
166,0.16182107976113055,0.0072656249810960985,0.00026069627282431434,0.007888963815252255,0.18227392808055387,0.1299245952292839,4818,Heptadecenoic acid (17:1; isomer unspecified),nutrition,mse,train
167,0.1046023922967706,0.10256700995595618,0.03021853316712155,0.3900015444346531,0.10731514104428765,0.03595666537415183,19586,Hexadecanoic acid (16:0),nutrition,mse,train
168,0.16284833432727622,0.036604946409005794,0.005906591035865466,0.062435250648166345,0.18150550328041773,0.08341910605373334,4679,Hexadecenoic acid (16:1; cis/trans unspecified),nutrition,mse,train
169,0.07182722104788278,0.007749918738019414,0.0006899085766139858,0.009883735803485913,0.18223011189839083,0.0245288677773838,14771,Hexanoic acid (6:0),nutrition,mse,train
170,0.06254787774441109,0.033092308227607455,0.0032066165604749007,0.05412290956897305,0.06342380026392791,0.010584253331266363,8652,Histidine,nutrition,mse,train
171,0.08994559653037046,0.023726195125711884,0.001476970216922347,0.02854454975606126,0.10833816997727316,0.029297264600327156,1676,Hydroxyproline,nutrition,mse,train
172,0.05643916277473841,0.0743582387234413,0.009446827166049214,0.39387132811287595,0.060552610317105626,0.01055840172525784,158,Insoluble dietary fibers,nutrition,mse,train
173,0.23249250378685254,0.0011734272271202554,3.570652242971651e-05,0.001223858346115616,0.23475221492445733,0.15493965939160162,32795,Iron,nutrition,mse,train
174,0.05055688424394003,0.03564687523321636,0.0033624384271471975,0.06394238850508534,0.051191519539468405,0.013684523386784959,8660,Isoleucine,nutrition,mse,train
175,0.052996148403394214,0.029055442850522542,0.003663176826292155,0.09671365207121495,0.05422861697091501,0.0,44,Isomeric linoleic acids (18:2),nutrition,mse,train
176,0.08344943837580106,0.016297112050065454,0.0016075733138082604,0.02906823864911027,0.12379965008841308,0.032339170206492476,68,Isomeric linolenic acids (18:3),nutrition,mse,train
177,0.09497937048999124,0.08736065749219074,0.03753257794063992,0.26501909998100276,0.23370776634826873,0.03594988288679298,10711,Lactose,nutrition,mse,train
178,0.04648515905350645,0.0455980184029187,0.006127025116963568,0.10528903033764686,0.046977737320150315,0.009934378910138819,8661,Leucine,nutrition,mse,train
179,0.05718381769345444,0.03845808109402602,0.00928533921311891,0.4874162588837572,0.07135402642906023,0.007043079090541642,59,Lignin,nutrition,mse,train
180,0.16689903778860052,0.12641679286391222,0.03939410932147085,0.5819742803375807,0.17100827730435375,0.07762073595769459,7708,Linoleic acid (18:2n-6),nutrition,mse,train
181,0.2224906824778315,9.683479300265625e-05,2.0492915611263146e-07,9.720710942728305e-05,0.2775375450305905,0.10800702145735724,7134,Lutein + zeaxanthin,nutrition,mse,train
182,0.05163157149246413,0.00010573822956901894,2.850754753671142e-07,0.0001061925537372016,0.3282417718940163,0.018683292235025767,11469,Lycopene,nutrition,mse,train
183,0.058828822928412454,0.049967376598001746,0.005942447030837453,0.11235690356309128,0.059494573241972666,0.010673968141834113,8681,Lysine,nutrition,mse,train
184,0.165523174466573,0.01081630863430883,0.0007653660122125854,0.01231001933672348,0.1661275004342074,0.13114339146320508,35492,Magnesium,nutrition,mse,train
185,0.22088336482803014,0.09059268010615656,0.04535242307400137,0.22050904367749868,0.3793829060387531,0.10191106875113376,10771,Maltose,nutrition,mse,train
186,0.2730398639182647,0.00035658649291668733,1.0689321329662862e-05,0.00036449195613605004,0.2743438690924164,0.24554118331919042,18010,Manganese,nutrition,mse,train
188,0.04118862050794589,7.789388553972596e-07,4.265302060784442e-12,7.789581226221157e-07,0.047402043688601715,0.0024742145361672757,94,Menaquinone-4,nutrition,mse,train
189,0.06481560552146286,0.027883567840657784,0.0022495448040638698,0.04038426935477712,0.06551007622493499,0.03319829022353317,8681,Methionine,nutrition,mse,train
190,0.1330478722068214,4.079526642695383e-06,2.638377440865961e-10,4.080281887623413e-06,0.14423130812352136,0.09243209182309257,1011,Molybdenum,nutrition,mse,train
191,0.1933371273582359,0.0009807833869921346,1.4071883614278107e-05,0.0010418744297699763,0.19762893705718695,0.08401339751188194,30892,Niacin,nutrition,mse,train
192,0.1616748387976175,0.0011943972606214296,0.00020133615394835172,0.0020335066036955888,0.16545486356831574,0.09388189454693989,6362,Nicotinic acid,nutrition,mse,train
193,0.1908055955291558,0.1360680625229145,0.04843381542764452,0.648426048204704,0.1947391894896141,0.0983954926371951,4923,Octadecadienoic acid (18:2; isomer unspecified),nutrition,mse,train
194,0.13104996396380023,0.0871880476379211,0.023191304105633245,0.24096080180532403,0.1381002663200922,0.024930953653156257,19517,Octadecanoic acid (18:0),nutrition,mse,train
195,0.04420392852734646,0.0017721496921289375,0.00014130304569764623,0.0022764769429679302,0.3556873588693619,0.016179993190624197,3901,Octadecatetraenoic acid (18:4; isomer unspecified),nutrition,mse,train
196,0.2462113324298438,0.04420856395182176,0.011398755341008024,0.0909070249927416,0.249610079368587,0.20913485412517951,4835,Octadecatrienoic acid (18:3; isomer unspecified),nutrition,mse,train
197,0.15737874435592095,0.1888728131938485,0.08268690663396139,1.1189258498031194,0.16151224971565967,0.06346630132765471,4910,Octadecenoic acid (18:1; cis/trans unspecified),nutrition,mse,train
198,0.11717885355870533,0.013498170391665428,0.0036047177377127398,0.025227688149308192,0.24552463186848092,0.03860936633795139,15315,Octanoic acid (8:0),nutrition,mse,train
199,0.204282840872773,0.0002641617570601173,1.7243660211061638e-06,0.00026541686052135825,0.20779379115387195,0.15195958808827298,16490,Pantothenic acid (vitamin B5),nutrition,mse,train
200,0.14732609529432467,0.006301845023880964,0.0002428365476391701,0.0069466799872408315,0.17307660017372672,0.09971154978989515,5999,Pentadecanoic acid (15:0),nutrition,mse,train
201,0.047350100631335164,0.0010045056163867684,0.00017728797768763366,0.001705102797214825,0.4332353725622501,0.016784048445899678,4236,Pentadecenoic acid (15:1; isomer unspecified),nutrition,mse,train
202,0.044565625234684374,0.032006893507650735,0.003636053821256306,0.05711224115286355,0.0451380677342337,0.008282646697714453,8673,Phenylalanine,nutrition,mse,train
203,0.1374162510456204,0.03571254251785277,0.005282991989947264,0.04636343105768592,0.13866958180443423,0.08623154680069664,31130,Phosphorus,nutrition,mse,train
204,0.07633649741729238,0.007996710727962136,0.0004227157286284089,0.010208264503139474,0.10452977057149852,0.024380322604541052,398,Phytosterols,nutrition,mse,train
205,0.16195352846019123,0.06458343923225845,0.013930693913287662,0.10192671408992493,0.16246642392594046,0.12736008369633375,31399,Potassium,nutrition,mse,train
206,0.07060246460241955,0.06003393018553234,0.01003202931366863,0.11884841942402576,0.07146290153928116,0.010883793694738625,8583,Proline,nutrition,mse,train
207,0.09667396367116476,0.1967341153575162,0.08684480292634048,1.9154565123837823,0.09858436684856757,0.039010728723193354,26382,"Protein, total",nutrition,mse,train
208,0.21789152232839548,6.680271288373252e-05,4.6521483260464047e-07,6.73963836205903e-05,0.3270770123217544,0.09633649303391144,28747,Retinol,nutrition,mse,train
209,0.19938709317401673,9.066694799134775e-05,9.950415424304483e-07,9.233152082680632e-05,0.20339659566241924,0.11233568524813832,27092,Riboflavin (vitamin B2),nutrition,mse,train
210,0.20665465411887896,6.8458004299174175e-06,2.8881724527048306e-08,6.862178849208802e-06,0.21206110070514023,0.14691549468876472,24283,"Selenium, Se",nutrition,mse,train
211,0.047498272957281464,0.03501076003362747,0.0033573089189353478,0.06146378223136965,0.047869966838532306,0.021569495796728365,8568,Serine,nutrition,mse,train
212,0.2640913403689961,0.07561915453391141,0.023184463024959998,0.14575822337836894,0.26562335993095276,0.21228161256646044,26623,Sodium,nutrition,mse,train
213,0.07424984142143277,0.07424984167903281,0.09561736825364536,1.4285944098014782,0.11190996009562963,0.009689637979952478,76,Sorbitol,nutrition,mse,train
214,0.11099276124549719,0.3542995312055724,0.3349265711474481,3.168524530160793,0.14598976851488277,0.05225228565646177,7534,Starch,nutrition,mse,train
215,0.009509230176477517,0.003024349313171243,0.00024761378261169614,0.0050666195311577485,0.17975752798313818,0.004902265168179196,835,Stearidonic acid,nutrition,mse,train
216,0.048786946546162085,0.0009589379980388443,9.059485195184796e-06,0.0010310932935298862,0.07785503554508652,0.016195452820095293,210,Stigmasterol,nutrition,mse,train
217,0.23007679370104134,0.2593928016003783,0.15992820079529885,1.6272148661944865,0.2751289831684968,0.11970635260608445,5683,Sucrose,nutrition,mse,train
218,0.20671735668553165,0.33477129028120167,0.2342384112371407,2.701427844078674,0.21973085488000432,0.1194676712830419,18095,"Sugars, total",nutrition,mse,train
219,0.045444217646217165,0.011579157098280949,0.0002328857650018841,0.014397618701937055,0.045444217646217165,,93,Sulfur,nutrition,mse,train
220,0.1773624714282818,0.00582490071389922,0.0008857247677344938,0.008024984770341788,0.20568793670674262,0.13883996645262828,4423,Tetracosanoic acid (24:0),nutrition,mse,train
221,0.1595158841595983,0.042757790473718735,0.009169412143386442,0.08661149295665774,0.17933593327966635,0.05410991547683304,18875,Tetradecanoic acid (14:0),nutrition,mse,train
222,0.12909433148878538,0.00805379208288832,0.0004242674688700957,0.00948558804070833,0.17970758150317653,0.05854323844906679,5438,Tetradecenoic acid (14:1; isomer unspecified),nutrition,mse,train
223,0.23560968130699927,8.260530872226528e-05,9.42648618399431e-07,8.379998165349465e-05,0.2410820292674788,0.13297304114779518,29067,Thiamin (vitamin B1),nutrition,mse,train
224,0.0499667643037378,0.033370985189743935,0.0028504553293278137,0.05865244681955903,0.05054959073945623,0.005909297323818151,8656,Threonine,nutrition,mse,train
225,0.22426713718609784,3.542356834095848e-05,5.7913413165885275e-08,3.546141525986841e-05,0.27321414567076724,0.14241428847997997,7747,"Tocopherol, beta",nutrition,mse,train
226,0.21358256944992116,8.787267279534217e-05,2.5719918718631836e-07,8.827088240832041e-05,0.28266786968823765,0.12375678871895299,7687,"Tocopherol, delta",nutrition,mse,train
227,0.28100217640898584,0.000542035514452613,4.524126272478674e-06,0.000549564844520902,0.3131624377260359,0.1491700907974623,8262,"Tocopherol, gamma",nutrition,mse,train
228,0.26176483106872556,4.463462571653995e-05,1.0107579713806774e-07,4.479677810033865e-05,0.2939827751454926,0.1947572667809384,5437,"Tocotrienol, alpha",nutrition,mse,train
229,0.06677720259150738,2.4641979216460176e-05,5.033687096581679e-09,2.465395416615024e-05,0.2215938188624559,0.025844877607290716,1186,"Tocotrienol, beta",nutrition,mse,train
230,0.033883546889263934,6.012434284694775e-06,1.0753783802928956e-09,6.014620736400261e-06,0.3095400421994117,0.014574889153253579,1161,"Tocotrienol, delta",nutrition,mse,train
231,0.11373633173555167,3.326795768016977e-05,2.6906933856517197e-08,3.334176501550353e-05,0.22343788824694205,0.04949533872412608,1167,"Tocotrienol, gamma",nutrition,mse,train
232,0.03469104431154981,0.0003430881790970175,5.257095646504772e-06,0.0003516525608812349,0.4175769434841734,0.014157731106708805,668,Tridecanoic acid (13:0),nutrition,mse,train
233,0.10424972530611352,0.024233669601260787,0.002089032272287013,0.029616014738802224,0.10440325623607585,0.10124615834181279,15731,Tryptophan,nutrition,mse,train
234,0.059699909593071115,0.03513083254181876,0.002989582793973913,0.05566037987680956,0.060462812663999006,0.012980248376427845,8612,Tyrosine,nutrition,mse,train
235,0.0484234680187153,0.037254124798504464,0.0046942084609603195,0.07535314634510727,0.04900201632874624,0.006144404090373894,8661,Valine,nutrition,mse,train
236,0.16006758900098947,0.00012021870219182052,3.1641053639104846e-06,0.00013054062047032937,0.16500172287670975,0.09967968186530872,1774,Vitamin B6 - Pyridoxin,nutrition,mse,train
237,0.21482495414072136,6.767626863695218e-07,1.3344374464076522e-10,6.768752830972819e-07,0.328449088824141,0.11930703693518466,27304,Vitamin D (D2 + D3),nutrition,mse,train
238,0.10239303725638844,8.856196611293013e-08,5.593976028175026e-13,8.85629532664578e-08,0.3390311045787563,0.0442070601210569,6511,Vitamin D2 (ergocalciferol),nutrition,mse,train
239,0.08344294525740298,0.32733695590982753,0.36503562678492696,9.158797663348752,0.08372337582731516,0.04991133028029305,30210,Water,nutrition,mse,train
241,0.18910276751118413,0.000665557728289787,8.247679986529752e-05,0.0007481799411209217,0.1907590659718368,0.12588821906011666,31918,Zinc,nutrition,mse,train
242,0.0948809982083942,0.0037898319660678932,0.00021357665013883523,0.0042085646337979305,0.1500164237980741,0.038461219942748384,1216,"cis,cis-Eicosadienoic acid (20:2n-6)",nutrition,mse,train
243,0.06890191761075352,0.0007611068960727529,4.715759445226002e-06,0.0007841732007469743,0.11661849223584275,0.02991398468537574,298,cis-Docosenoic acid (22:1 cis),nutrition,mse,train
244,0.07306998110190799,0.019210213494779513,0.0008142209819064522,0.02528992913465451,0.07439037186755153,0.010846566270955583,385,cis-Hexadecenoic acid (16:1 cis),nutrition,mse,train
245,0.08937750716641818,0.13358415360783576,0.032550147820207424,0.8931310857586932,0.08901243891220245,0.22755584138707524,759,cis-Octadecenoic acid (18:1 cis),nutrition,mse,train
246,0.08363391244968273,0.0015814732816026593,0.00016133161867775046,0.0018844888127236407,0.1491110364785807,0.04092123655986398,461,cis-Tetracosenoic acid (24:1 cis),nutrition,mse,train
247,0.08621274285866067,0.0072764083073804005,0.00023646531870302281,0.00906283322317244,0.08467741301748051,0.13749275955407772,172,"trans,trans-Linoleic acid (18:2 trans,trans)",nutrition,mse,train
248,0.035204689919800435,8.09201896540767e-05,7.681125647386329e-08,8.120522443332692e-05,0.12734633867923723,0.020404735973984164,224,trans-Docosenoic acid (22:1 trans),nutrition,mse,train
249,0.06437033336788268,0.0018342551279191285,1.110558720371279e-05,0.0018968129279047972,0.08804645819170802,0.017994418764513458,287,trans-Hexadecenoic acid (16:1 trans),nutrition,mse,train
250,0.08909480358284247,0.008077602156336346,0.0002910634597443026,0.009916921261920064,0.09015240588732547,0.08002964097298808,335,trans-Linoleic acid (18:2; isomer unspecified),nutrition,mse,train
251,0.09301603129744405,0.04107660168102149,0.0074936964396837055,0.1745420757883795,0.09960608101861934,0.040295633528041726,774,trans-Octadecenoic acid (18:1 trans),nutrition,mse,train
2,0.4349334055678706,0.2121820333746751,0.1334997586715236,0.406494536375006,0.4349334055678706,,18,Acetic acid,food_metabolome,mae,validation
7,0.3027266598639402,0.001559152372854,5.3060432244793096e-05,0.0015988723802063,0.8277281015658068,0.0297259101789696,38,Apigenin,food_metabolome,mae,validation
9,0.905983089756493,0.0010875007608709,7.579022289449668e-06,0.001092071360763,0.905983089756493,,13,Benzoic acid,food_metabolome,mae,validation
11,0.6542259732108686,0.0030057730157898,3.205441900839091e-05,0.0030268392802443,0.7103199305005127,0.0371924430247839,12,Cadaverine,food_metabolome,mae,validation
12,1.2178365133846805,0.0703860604954479,0.0571680691920905,0.1116698808722172,1.3512227562595984,0.1062844894270295,28,Caffeic acid,food_metabolome,mae,validation
13,0.0761999365168131,0.0025877222864538,0.0010939592342532,0.0033412179659241,0.8934670946889929,5.571699386496932e-06,1962,Caffeine,food_metabolome,mae,validation
15,0.7273084467859562,0.0106693168323504,0.0020018962980253,0.0118587757588024,0.8185423327834556,0.5144293794584577,30,Catechin,food_metabolome,mae,validation
16,0.1404966627184999,0.0097906582070062,0.0005037697911937,0.0107509778342313,0.1429243740853621,0.0207295686199614,755,Choline,food_metabolome,mae,validation
18,0.2548163595724733,0.1142641584108121,0.0342712961575372,0.1709235457479953,0.2548163595724733,,52,Citric acid,food_metabolome,mae,validation
21,0.5974627171964739,0.0099004624443958,0.0004549721249773,0.0102520564754488,0.6352861555680466,0.5445099034762723,12,Cyanidin,food_metabolome,mae,validation
22,0.4070994362175973,0.0024085655430724,1.4982234172668712e-05,0.0024340492915104,0.4572557602253049,0.2733492388637105,11,Daidzein,food_metabolome,mae,validation
24,0.6210191684090841,0.0041408467820263,9.495972070569484e-05,0.0041979362964607,1.4194723849350497,0.0,16,Delphinidin,food_metabolome,mae,validation
25,2.2878459426669147,0.1210571450832383,0.0597607390512566,0.1580424699618578,2.2878459426669147,,5,Ellagic acid,food_metabolome,mae,validation
26,0.4344471859247583,0.000908360301141,8.190550339226022e-06,0.0009124725190738,1.3725640077814332,0.0592004571820883,28,Epigallocatechin,food_metabolome,mae,validation
28,0.6080944972898653,0.0105980765362602,0.0005387744821975,0.0110174386329673,0.6571827589343915,0.0190353575555505,26,Ferulic acid,food_metabolome,mae,validation
33,1.6981812648402257,0.2240946983772754,0.3585284264774529,0.6346894687086899,2.143733852684981,0.0273590604223932,19,Gallic acid,food_metabolome,mae,validation
35,1.1467280331276433,0.0126453327241981,0.0017679763728137,0.0136443344769776,1.1082702794587165,2.1466296285197446,27,Genistein,food_metabolome,mae,validation
43,0.334421887904103,0.0012275874632895,7.447531737423351e-06,0.0012324749207062,0.8914668404429413,0.0305791865192821,17,Glycitein,food_metabolome,mae,validation
47,0.5749575810653903,0.0012867577197493,1.603625453723628e-05,0.0012954880871038,0.5912160008110964,0.0384297294570881,34,Histamine,food_metabolome,mae,validation
50,0.8372879327544502,0.0051611954077186,0.0002458306596718,0.0052867435187067,1.8773784624332197,0.2132336149471887,16,Isorhamnetin,food_metabolome,mae,validation
51,0.5961670734604321,0.0027970306616612,6.092611370226891e-05,0.0028320010131043,0.9566309242079356,0.1663832514153316,57,Kaempferol,food_metabolome,mae,validation
52,0.1541542209054107,0.1274146363303295,0.0309159645523946,0.2378551688790321,0.1541542209054107,,23,Lactic acid,food_metabolome,mae,validation
53,0.9744295065778974,0.0001838749457173,1.1253550793329049e-07,0.0001839315508634,0.9744295065778974,,4,Lariciresinol,food_metabolome,mae,validation
54,0.4619689200830745,0.0008668835530112,3.242355038406311e-06,0.0008689861493016,0.4619689200830745,,14,Lutein,food_metabolome,mae,validation
55,0.519095022264411,0.0053129612870122,0.0004174021318652,0.0055468534670523,1.2398089082725263,0.0201392550280235,44,Luteolin,food_metabolome,mae,validation
56,0.2549015220166228,0.1023390913903854,0.0276569457759549,0.1516936279681264,0.2549015220166228,,49,Malic acid,food_metabolome,mae,validation
58,1.2890975729862415,0.000134674624631,8.92549026326305e-08,0.000134719263764,1.6106373198885886,0.0029385853768537,5,Matairesinol,food_metabolome,mae,validation
61,0.3815590938074704,0.0009263806259248,5.649777113321705e-06,0.0009314332029482,0.57391938896631,0.1342387143175337,48,Myricetin,food_metabolome,mae,validation
62,0.317756542871844,0.003583284124611,9.237835788570392e-05,0.003660325830341,0.5849267216919342,0.1619072718934581,19,Naringenin,food_metabolome,mae,validation
65,1.087549917405509,0.0487754725147029,0.003491568995609,0.054317791900151,1.087549917405509,,4,Oxalic acid,food_metabolome,mae,validation
66,0.2931492165665867,8.555307903781478e-05,5.760478769456632e-08,8.57420551409645e-05,0.8244735788399958,0.080619471657223,14,Pelargonidin,food_metabolome,mae,validation
67,0.2246576265109379,0.000812312501993,6.838572078555552e-06,0.0008161765278915,0.7263548184915033,0.0016810967417978,13,Peonidin,food_metabolome,mae,validation
72,0.5971076441746824,5.106968475221155e-05,6.876575315716684e-09,5.1073342178691445e-05,0.5971076441746824,,4,Pinoresinol,food_metabolome,mae,validation
77,0.2964625975249628,0.0022033475833479,3.839325877541344e-05,0.00229225257401,0.2964625975249628,,17,Putrescine,food_metabolome,mae,validation
79,0.5278309678453172,0.00459491634916,0.00011786621158,0.0046741518055038,0.6207627484838796,0.2326358999345897,71,Quercetin,food_metabolome,mae,validation
82,0.2992656002858631,0.258750681732205,0.1436959905391097,0.5229818666974704,0.4488984004287947,0.0,6,Rosmarinic acid,food_metabolome,mae,validation
83,1.084936547290475,0.0001147140048969,2.2349913216306347e-08,0.0001147278776967,1.084936547290475,,5,Secoisolariciresinol,food_metabolome,mae,validation
88,0.1904455175901999,0.0007876449921044,2.5517068939259506e-06,0.0007890963436366,0.201358879464835,0.0813118988438484,11,Spermine,food_metabolome,mae,validation
90,1.25024956659772,0.0074932583293795,0.0003001496196918,0.0076458649970777,1.3402512799752335,0.950243855339342,13,Syringic acid,food_metabolome,mae,validation
91,0.4930692143929594,0.2123549843597152,0.1452465588723282,0.3390377334594726,0.4930692143929594,,5,Tartaric acid,food_metabolome,mae,validation
92,0.1362641695445036,0.0005101123041175,1.6028947894281927e-06,0.0005148454028258,0.1362641695445036,,9,Taurine,food_metabolome,mae,validation
93,0.0487838284252405,0.0070262415978291,0.0028096252374308,0.0089435029940176,0.8259456561096828,0.0003985465914433,1928,Theobromine,food_metabolome,mae,validation
96,0.2005852723250183,0.0019234951192574,3.0753475960743225e-05,0.0019583576524454,0.2297063458114045,0.0258588314067011,21,Tyramine,food_metabolome,mae,validation
98,0.3602649017267783,0.0006150648012614,1.20727145591977e-06,0.0006167561521388,0.2819449750093851,0.7127045719550473,11,Vanillic acid,food_metabolome,mae,validation
103,0.6091671708005465,0.0056310444253006,0.0001517618535326,0.0057595076901259,0.7050211083679404,0.0340435453961829,28,p-Coumaric acid,food_metabolome,mae,validation
104,0.0478821284430622,0.0371353985190255,0.0046409883747829,0.0736591359281662,0.0484951791951838,0.0053865649437296,1547,Alanine,nutrition,mae,validation
105,0.1457768699229536,0.0145093508817333,0.0018216723442142,0.0169560797502672,0.228506308241266,0.0462479481290513,1128,Arachidonic acid (20:4n-6),nutrition,mae,validation
106,0.0676402468050922,0.0556813117158581,0.0100812311924408,0.1204144268346793,0.0674969244209254,0.0737525998222993,1727,Arginine,nutrition,mae,validation
107,0.3154799211416216,0.0078511982396139,0.0002528733843641,0.0081627857953714,0.4521183553044039,0.0853520320253569,102,Ascorbic acid (vitamin C),nutrition,mae,validation
108,0.1043238776078683,0.1087033160964787,0.0429927481148425,0.4591968025524374,0.1055582116728036,0.021716371741968,3606,Ash,nutrition,mae,validation
109,0.050700602507356,0.0527824133364986,0.0091056385805601,0.1261290067756035,0.0506798100420018,0.0522589977856554,1519,Aspartic acid,nutrition,mae,validation
110,0.0816178746909077,0.199247405940942,0.1291233145748665,2.566525830076621,0.0883130730350535,0.0092260425948309,756,Available carbohydrate,nutrition,mae,validation
111,0.108161286980056,0.0180175118311564,0.0017302682991876,0.021282726905244,0.1524245331105505,0.0006648320917121,48,Beta-sitosterol,nutrition,mae,validation
112,0.1804782588899432,0.0066649247586676,0.0019716435698263,0.0080783349593384,0.1742901855859641,0.3372637698747833,498,Betaine,nutrition,mae,validation
113,0.334327168552848,8.822361666800027e-05,1.9059089071793557e-06,8.928738933544423e-05,0.3358479957354561,0.3208429795309095,1768,Biotin,nutrition,mae,validation
114,0.1006439307459229,0.0136632862000125,0.0021082372610015,0.0184359881063964,0.2375978798356236,0.0274146078292237,2269,Butyric acid (4:0),nutrition,mae,validation
115,0.3073949109878908,0.031853432130749,0.0080734352095022,0.0436133906597855,0.3083957261804667,0.2712951713320253,6878,Calcium,nutrition,mae,validation
116,0.2097987502237953,0.0055572076160126,0.0001137177626064,0.0058703491837168,0.2433996377600023,0.0921956438470706,36,Campesterol,nutrition,mae,validation
117,0.2558378335761108,4.844153933575312e-05,1.241854605430932e-07,4.850451267011676e-05,1.114232284022839,0.0080813409862381,2524,"Carotene, alpha",nutrition,mae,validation
118,0.4077336933153287,0.0003329997935633,3.2273450468566465e-06,0.0003353174426244,0.6294746647908949,0.0728020280087874,3736,"Carotene, beta",nutrition,mae,validation
119,0.482925232840749,0.4460811009781934,0.7629059431666677,3.842569276372592,0.4498912919436989,0.6976458486715742,15,Cellulose,nutrition,mae,validation
120,0.1816546229173644,0.0815404476045898,0.019644080989251,0.2320611900024175,0.1816546229173644,,343,Chloride,nutrition,mae,validation
121,0.232782760231851,6.977830129142933e-07,2.196214801182441e-11,6.977969736580995e-07,0.3279470882075158,0.1089430883959693,695,Cholecalciferol (vitamin D3),nutrition,mae,validation
122,0.1162121341490202,0.028636917816625,0.0566199483191707,0.1632141688106148,0.1910879123007745,0.0076942056425454,3992,Cholesterol,nutrition,mae,validation
123,0.1250507247316577,0.0076201781646789,0.0003373425517509,0.0083497408518401,0.1270713999906149,0.0573764733316728,1897,"Choline, total",nutrition,mae,validation
124,0.375880458348235,4.17431315598921e-05,5.617605820088196e-08,4.179003513774428e-05,0.4715914255321087,0.1182767577212612,278,Chromium,nutrition,mae,validation
125,0.166542222580499,6.801857939652334e-07,1.3433277584960072e-11,6.801980711754546e-07,0.2628696298335194,0.0143669751463183,4402,Cobalamin (vitamin B12),nutrition,mae,validation
126,0.1115666795559481,0.0125518887776006,0.0007043488393608,0.0176956635542613,0.1214825520159271,0.0405029269260985,98,Conjugated linoleic acids (18:2 CLA isomers),nutrition,mae,validation
127,0.2430702575204741,0.0001227108868623,1.5707659180480243e-06,0.000123559693908,0.245657520590333,0.1719509664625734,5038,Copper,nutrition,mae,validation
128,0.25387311599839,1.950793662711649e-05,4.898834695655285e-08,1.9532474255101572e-05,1.058753664867313,0.0040033378869125,2450,"Cryptoxanthin, beta",nutrition,mae,validation
129,0.0708024360324476,0.0213084973015225,0.0013586773415687,0.0265959436879433,0.0717375905641839,0.01871086507943,1531,Cystine,nutrition,mae,validation
130,0.1975305017305338,0.0237465812781717,0.0104109275312327,0.0399505142147635,0.3423015366473294,0.0500917099286552,2996,Decanoic acid (10:0),nutrition,mae,validation
131,0.1659683157794404,0.2208352221031917,0.1175137334845351,1.060503980532142,0.1995068180171137,0.0367426745239777,2543,"Dietary fibre, total",nutrition,mae,validation
132,0.1136849268025825,0.0134869512700781,0.0053056174020286,0.0294769535649378,0.3511191406693837,0.0180062144206493,2886,Docosahexaenoic acid (DHA; 22:6n-3),nutrition,mae,validation
133,0.2629689543689376,0.0169039475559906,0.0082922442098268,0.0265312280271939,0.3840292414720747,0.1049887947642628,1047,Docosanoic acid (22:0),nutrition,mae,validation
134,0.1305253207655619,0.0056307669020783,0.001104344049851,0.0074225340252761,0.3364019043108671,0.0322603649765874,2934,Docosapentaenoic acid (DPA; 22:5n-3),nutrition,mae,validation
135,0.1507800220514596,0.0016177683866222,1.7944823093521058e-05,0.0016310731945366,0.2789493577831019,0.0119299083421804,75,Docosatetraenoic acid (22:4; isomer unspecified),nutrition,mae,validation
136,0.1372454086568249,0.0122856521204937,0.0095396601164873,0.0421510050751584,0.7423214174991729,0.0315510417276327,733,Docosenoic acid (22:1; cis/trans unspecified),nutrition,mae,validation
137,0.3076849583404808,0.0561029740632165,0.063682545879722,0.1811233013391641,0.4427637013127275,0.080933714058206,3352,Dodecanoic acid (12:0),nutrition,mae,validation
138,0.2336098833324622,0.0143053273891372,0.0023874171730432,0.0170372696503026,0.2406520127919625,0.2009455427321815,998,Eicosanoic acid (20:0),nutrition,mae,validation
139,0.151068870250627,0.0120024190327301,0.0050342641250001,0.0230497011164795,0.4534956022836208,0.0242463863147603,3202,Eicosapentaenoic acid (EPA; 20:5n-3),nutrition,mae,validation
140,0.0994949853583987,0.0091359674456943,0.001071448826633,0.0108572865191226,0.1567968890375259,0.0571638493071516,772,Eicosatetraenoic acid (20:4; isomer unspecified),nutrition,mae,validation
141,0.1771555345946263,0.0043321614401055,0.0004638764240323,0.0046044745551488,0.3746459222632719,0.0563880313440158,224,Eicosatrienoic acid (20:3; isomer unspecified),nutrition,mae,validation
142,0.1718568643074494,0.0014654636953694,1.0792129420388016e-05,0.0014863932965215,0.2334340773280576,0.1122039391937351,63,Eicosatrienoic acid (20:3n-3),nutrition,mae,validation
143,0.1297608982781169,0.0034541368012456,9.036796174436494e-05,0.0035782311041742,0.1771749509112195,0.053251858801974,230,Eicosatrienoic acid (20:3n-6),nutrition,mae,validation
144,0.2380804391375317,0.0237870805139933,0.0053396191957528,0.0362641431922331,0.2792043733597236,0.1601467218216876,2654,Eicosenoic acid (20:1; isomer unspecified),nutrition,mae,validation
147,0.0163832122555775,0.0467728378317898,0.1223314157598417,0.2621238039061737,0.8132482889132249,5.719605088429446e-05,3138,Ethanol,nutrition,mae,validation
148,0.0818806141641493,0.1493442041121195,0.1084954364593943,1.5179075120268852,0.0840535036317139,0.0269350309277557,4833,"Fat, total",nutrition,mae,validation
149,0.1039740070944616,0.1307969655135998,0.0562619685536152,0.9561980344904302,0.1080625822024657,0.0340520026996567,3886,"Fatty acids, total monounsaturated",nutrition,mae,validation
150,0.1692366496565336,0.1571753606581613,0.0803511553942041,0.7834676435370038,0.1737141967115865,0.0750553423703684,3896,"Fatty acids, total polyunsaturated",nutrition,mae,validation
151,0.1043774664540864,0.122620926270911,0.049796207934262,0.8266286553811552,0.1085965426990353,0.0232217030751146,4023,"Fatty acids, total saturated",nutrition,mae,validation
152,0.1853032756867524,0.0642034474577469,0.0379638769903609,0.1609277327854599,0.2572612706600591,0.0611338983142092,1172,"Fatty acids, total trans",nutrition,mae,validation
153,0.1719634593804225,0.0503274597110178,0.0302573985307316,0.1407229400949276,0.1883890586550657,0.0742858956938773,521,"Fatty acids, total trans-monoenoic",nutrition,mae,validation
154,0.1894277082775655,0.0197940220434324,0.0042961252447966,0.0303070570227165,0.2187480961831046,0.0911345983466155,457,"Fatty acids, total trans-polyenoic",nutrition,mae,validation
155,0.25815578723323,1.4253620524262064e-05,1.8301023785094623e-09,1.4255747222274447e-05,0.271315069818329,0.1142178428508056,3170,"Folate, food",nutrition,mae,validation
156,0.2612572852713524,2.129276445612029e-05,6.0485227488327664e-09,2.1298679464577235e-05,0.2737116209901377,0.1038956609789108,3886,"Folate, total",nutrition,mae,validation
157,0.1472142123225321,1.535589565992266e-05,4.886095614989808e-09,1.5361139539332414e-05,0.2816496257237992,0.0277263184791933,3100,Folic acid,nutrition,mae,validation
158,0.2660386507288728,0.2043541919689689,0.1484961082318064,0.6479279107509868,0.3545130586750404,0.0509933421321342,1959,Fructose,nutrition,mae,validation
159,0.2129018529078734,0.0256507039401506,0.0145582627166985,0.0381411739079263,1.061035901696444,0.0072436637771448,1460,Galactose,nutrition,mae,validation
160,0.3038490388943798,0.2400524554797778,0.1919887935189116,0.7480339843507854,0.3734672945530174,0.075600398014992,2003,Glucose,nutrition,mae,validation
161,0.0487194892555977,0.0735925355422505,0.0180038984237829,0.2489579093832818,0.0492900493119418,0.0,1555,Glutamic acid,nutrition,mae,validation
162,0.079457301388215,0.0563599404204165,0.0122573672878295,0.1168825230467716,0.0796941711493901,0.0736027374047918,1713,Glycine,nutrition,mae,validation
165,0.1394775115095779,0.0115820607767885,0.0007145534990903,0.0131822888409718,0.1597460088013866,0.077261867481103,1138,Heptadecanoic acid (17:0),nutrition,mae,validation
166,0.1616593137632364,0.0074885996713594,0.000334354335657,0.0081717929993791,0.1994837645899732,0.1037283656128557,880,Heptadecenoic acid (17:1; isomer unspecified),nutrition,mae,validation
167,0.1049375171890036,0.1029871528664108,0.0379517993849893,0.4194549819971561,0.1073053425430589,0.0400669300097201,3436,Hexadecanoic acid (16:0),nutrition,mae,validation
168,0.2200161340647286,0.0511925473725197,0.0130124053808507,0.0893827810546409,0.2439812422060212,0.1037054758856553,878,Hexadecenoic acid (16:1; cis/trans unspecified),nutrition,mae,validation
169,0.0818579705406022,0.0091945535199025,0.0012316671469029,0.0111972317628777,0.2281482764725483,0.0188741787825859,2651,Hexanoic acid (6:0),nutrition,mae,validation
170,0.0570581773227766,0.0307225854774838,0.0028696175803545,0.0504543612426544,0.0579373891174488,0.0094711832623806,1562,Histidine,nutrition,mae,validation
171,0.0679598460304077,0.0171321554787712,0.0013023506070468,0.0201409060150011,0.0847848293948323,0.0097002021416542,299,Hydroxyproline,nutrition,mae,validation
172,0.2118971311782976,0.2678060664772473,0.097102956200461,1.7589308111648745,0.2230496117666291,0.0,20,Insoluble dietary fibers,nutrition,mae,validation
173,0.2315463629499761,0.0012329482512449,2.4808248911395405e-05,0.0012521908559215,0.2354406009965585,0.1070238439481415,5716,Iron,nutrition,mae,validation
174,0.0441307008616098,0.0312517463418323,0.0031483104800471,0.0560798155338467,0.0447509108422218,0.0103274072655528,1564,Isoleucine,nutrition,mae,validation
175,0.5497325059955523,0.2395723137934173,0.1123354609067635,0.4869152530136207,0.5497325059955523,,15,Isomeric linoleic acids (18:2),nutrition,mae,validation
176,0.7461911201442286,0.1318173165365908,0.0531445033186208,0.2044422397796503,0.420936724192064,1.210840257218749,17,Isomeric linolenic acids (18:3),nutrition,mae,validation
177,0.0880278468165076,0.0814704019031976,0.0458601729292476,0.2668219325710236,0.2437928402914425,0.0149567854459686,1909,Lactose,nutrition,mae,validation
178,0.0383140736475924,0.0376045658919072,0.0043407594465692,0.0848384647690066,0.0387511101122447,0.0046185622229033,1562,Leucine,nutrition,mae,validation
179,0.3588432666693044,0.2298753575989576,0.1651637164923644,1.819233606746968,0.3878688377853088,0.2645101605422901,17,Lignin,nutrition,mae,validation
180,0.1792652824521373,0.1391786446288363,0.0600063373996322,0.7354793180137618,0.1834840419179726,0.0743642057343473,1345,Linoleic acid (18:2n-6),nutrition,mae,validation
181,0.3014765265433848,0.0001969349572926,1.047489486866751e-06,0.000197885916836,0.381241188475486,0.1051732749460719,1277,Lutein + zeaxanthin,nutrition,mae,validation
182,0.0805251300964437,0.000233012829784,2.3825492932752163e-06,0.0002343649416943,0.7132227919988955,0.0057089311637852,2090,Lycopene,nutrition,mae,validation
183,0.0524861459673045,0.0447047795690035,0.0055408771312109,0.101608047291739,0.0531786303453448,0.0037289504407365,1571,Lysine,nutrition,mae,validation
184,0.1661599079308429,0.0113540065692752,0.0010958277594971,0.0128865659372799,0.1680602004085011,0.0556569389469958,6213,Magnesium,nutrition,mae,validation
185,0.2524304477721096,0.1088609153086816,0.0750187904795075,0.2166702433725156,0.502544481497224,0.0517942052120763,1924,Maltose,nutrition,mae,validation
186,0.2836365625517711,0.000386600605285,7.607049350641637e-06,0.0003910166797634,0.2850260605415722,0.2674979445320306,3266,Manganese,nutrition,mae,validation
188,0.1539333882033489,1.3231126914626097e-06,3.48542123242934e-12,1.32311942275419e-06,0.1710370980037211,0.0,10,Menaquinone-4,nutrition,mae,validation
189,0.0592255316327984,0.0260315203459906,0.0019758474712716,0.0379825744191063,0.0602401683459724,0.0123447835469475,1570,Methionine,nutrition,mae,validation
190,0.2980404801925565,1.958043318763744e-05,7.732105473718723e-09,1.9585552550050795e-05,0.3367026011745692,0.1071462578438689,190,Molybdenum,nutrition,mae,validation
191,0.1965879583083676,0.0009870877666981,6.837150898050469e-06,0.0009943322970466,0.2024255946527945,0.0578281311261334,5427,Niacin,nutrition,mae,validation
192,0.1642943656486834,0.0011858286991436,1.1575771619570383e-05,0.0012001851994194,0.1714908959214241,0.0380695092775966,1168,Nicotinic acid,nutrition,mae,validation
193,0.2634969500103974,0.1940937605559489,0.1321999569111432,0.9852900094902236,0.2637813327910396,0.2553966275811359,914,Octadecadienoic acid (18:2; isomer unspecified),nutrition,mae,validation
194,0.1366246308381423,0.0921738827831625,0.0322448263817956,0.2648458754144773,0.1426804807534917,0.0359831615025771,3429,Octadecanoic acid (18:0),nutrition,mae,validation
195,0.0634656206169188,0.0036068620605719,0.0007097869623169,0.0058784089209116,0.5574986591497813,0.0143644776434692,719,Octadecatetraenoic acid (18:4; isomer unspecified),nutrition,mae,validation
196,0.3420350597863988,0.065355529144612,0.0222971397070675,0.1116232334884676,0.3419422329983844,0.3430699530311536,899,Octadecatrienoic acid (18:3; isomer unspecified),nutrition,mae,validation
197,0.1914196999232209,0.2265190228219882,0.1433694294341991,1.5273807977687195,0.1960677973753256,0.07495165805191,912,Octadecenoic acid (18:1; cis/trans unspecified),nutrition,mae,validation
198,0.1567853181914384,0.020262629087276,0.0106342403679118,0.032809918704873,0.364394212913289,0.0300984745760333,2755,Octanoic acid (8:0),nutrition,mae,validation
199,0.2074565233896415,0.0003095021703193,6.314930914157344e-06,0.0003130540847396,0.213491026959246,0.1210877119183294,2974,Pantothenic acid (vitamin B5),nutrition,mae,validation
200,0.178380628203643,0.0088749225233794,0.0009730041806627,0.0100466506866047,0.2202521736907083,0.0973458529061658,1081,Pentadecanoic acid (15:0),nutrition,mae,validation
201,0.1121373847319696,0.0028755797377962,0.0006651153503629,0.0032612403301919,1.5161758313299962,0.000283798869458,777,Pentadecenoic acid (15:1; isomer unspecified),nutrition,mae,validation
202,0.0398505461452276,0.0286564553466329,0.0025486884724131,0.049686808316993,0.0404158747198587,0.0080981861540383,1573,Phenylalanine,nutrition,mae,validation
203,0.1276898110657118,0.0332551444266813,0.0044519922940557,0.0425932918046493,0.130753090234124,0.0128774330701898,5470,Phosphorus,nutrition,mae,validation
204,0.15098881521757,0.0148634037627642,0.0011309279559555,0.0167392768070395,0.2142662966973971,0.0750558374417773,66,Phytosterols,nutrition,mae,validation
205,0.1591669615153565,0.0644369161539294,0.0157314937765934,0.1017549174895406,0.1612581415273117,0.0429558385272665,5513,Potassium,nutrition,mae,validation
206,0.0613711054906284,0.0523990731123463,0.0084365519755727,0.104239147095301,0.0622491133157633,0.0056907759133238,1546,Proline,nutrition,mae,validation
207,0.0821316531476351,0.1664072099029401,0.0728541786171397,1.6219945962513267,0.0841039519276875,0.0323631606810643,4633,"Protein, total",nutrition,mae,validation
208,0.2287066055122889,6.883871080476854e-05,3.367724395281595e-07,6.918243841395407e-05,0.4015570906688371,0.0474433247322619,5057,Retinol,nutrition,mae,validation
209,0.1992606327415747,8.115544518019905e-05,5.543931773336161e-08,8.121179664682557e-05,0.2060058966764628,0.0564457316251515,4691,Riboflavin (vitamin B2),nutrition,mae,validation
210,0.1992301425648075,5.731875873581285e-06,1.426928158728568e-09,5.732686283684458e-06,0.2067152740363188,0.106806569350258,4249,"Selenium, Se",nutrition,mae,validation
211,0.0407159405390096,0.0302149183727399,0.0028920338406192,0.0539987228576687,0.04123105456385,0.0051262442773124,1542,Serine,nutrition,mae,validation
212,0.2607061518846424,0.0777912438771616,0.0403655458503808,0.1760608040403171,0.2639902053947088,0.12135226716999,4705,Sodium,nutrition,mae,validation
213,0.1127562773444029,0.1127562740812252,0.0334311720047433,0.2161012692761063,0.1931487668628527,0.0055662913198032,14,Sorbitol,nutrition,mae,validation
214,0.1204579080981262,0.3302364261981295,0.4695344390732675,3.5665232187439613,0.1644345812809181,0.0365060700420281,1292,Starch,nutrition,mae,validation
215,0.044301483741221,0.0148947397732166,0.0062842308747249,0.0187374423246841,0.8858565632508615,9.111135450536597e-06,140,Stearidonic acid,nutrition,mae,validation
216,0.1973236104073827,0.0031742792964,6.956876995133872e-05,0.0032377307209162,0.2655993328562531,0.0835307396592654,48,Stigmasterol,nutrition,mae,validation
217,0.3191361682695934,0.3529594424941872,0.3701654248588515,2.2991625736014214,0.3957869433164316,0.1171148752012269,1021,Sucrose,nutrition,mae,validation
218,0.2224943834532617,0.3463443313319003,0.2981827656798421,3.218365825887605,0.2355984091657046,0.1205472197348641,3185,"Sugars, total",nutrition,mae,validation
219,0.4011222491624673,0.0996189168602095,0.0180103757926958,0.1187986508567631,0.4011222491624673,,20,Sulfur,nutrition,mae,validation
220,0.1985462405609233,0.0061411647365806,0.0005237170540719,0.0067977312234351,0.2648600376177399,0.1151431736743389,806,Tetracosanoic acid (24:0),nutrition,mae,validation
221,0.1963340069337165,0.0593340462858956,0.0322626986505364,0.1480883965401969,0.2246006538730365,0.0364876764849496,3308,Tetradecanoic acid (14:0),nutrition,mae,validation
222,0.1560877652052763,0.011383449082412,0.0014236372189907,0.0139533109112779,0.2339920531810845,0.0509314650447134,1002,Tetradecenoic acid (14:1; isomer unspecified),nutrition,mae,validation
223,0.2367288995173686,7.8289214066128e-05,8.597613425697314e-08,7.83550194532483e-05,0.2449915957080601,0.0960894068180317,5049,Thiamin (vitamin B1),nutrition,mae,validation
224,0.04619792274749,0.0309538073148644,0.0027188343736945,0.0544956262033127,0.0467905030179855,0.0047711747464853,1560,Threonine,nutrition,mae,validation
225,0.2720841852423148,4.793814667309274e-05,6.76579631418652e-08,4.7977136581321954e-05,0.3547680735860735,0.1211146423723722,1452,"Tocopherol, beta",nutrition,mae,validation
226,0.2924923620517562,0.0001691442337917,1.0548505654320702e-06,0.0001699876174174,0.4230862345644492,0.1188066079677056,1454,"Tocopherol, delta",nutrition,mae,validation
227,0.4066609515193324,0.0008605500901739,1.180100658154388e-05,0.0008717061949491,0.4491996356487916,0.2285138775895086,1548,"Tocopherol, gamma",nutrition,mae,validation
228,0.4131742680220852,8.323217996302258e-05,2.461759141780778e-07,8.336151522559761e-05,0.5308389586484412,0.1825649603188544,1033,"Tocotrienol, alpha",nutrition,mae,validation
229,0.1180160667817298,4.97206224122126e-05,2.3612977705634843e-08,4.974042431145345e-05,0.4289952988345707,0.0471192470391133,237,"Tocotrienol, beta",nutrition,mae,validation
230,0.0328799600540903,4.552893345417309e-06,7.968038958684341e-10,4.553291792163865e-06,0.5942917608137004,4.494243842922658e-06,235,"Tocotrienol, delta",nutrition,mae,validation
231,0.3798595731842462,8.763250429812826e-05,1.072036552921014e-07,8.769598035967482e-05,0.7395922385323397,0.1451403872833625,233,"Tocotrienol, gamma",nutrition,mae,validation
232,0.0556043832075336,0.0005990845311948,1.3364785935663776e-05,0.0006058237570525,1.2102910218523788,9.06025034545215e-05,109,Tridecanoic acid (13:0),nutrition,mae,validation
233,0.0960946202807913,0.0224513806882121,0.0015958518026008,0.027054296949445,0.0970966190951807,0.0772632416650947,2819,Tryptophan,nutrition,mae,validation
234,0.052121579402906,0.0311764342507341,0.0029549504973428,0.0505859159765092,0.0529240322735762,0.0086797164890307,1553,Tyrosine,nutrition,mae,validation
235,0.0445107876168768,0.034448494897663,0.0037251960350395,0.0652608230748425,0.0451066564582218,0.0045357605649066,1566,Valine,nutrition,mae,validation
236,0.2031432587269446,7.636243180711761e-05,5.3493769917261274e-08,7.641989785490531e-05,0.2105879132925469,0.0793758765738078,282,Vitamin B6 - Pyridoxin,nutrition,mae,validation
237,0.2184576791715759,5.802733375765383e-07,2.9073726404543194e-11,5.802921849156297e-07,0.3837306473641756,0.0881271238782295,4761,Vitamin D (D2 + D3),nutrition,mae,validation
238,0.1809839524424601,1.1012052527490165e-07,8.448254843776578e-13,1.1012094769082373e-07,1.005638047692621,1.3613939280181587e-05,1168,Vitamin D2 (ergocalciferol),nutrition,mae,validation
239,0.0658247712035138,0.2462416434801622,0.2541247843569304,7.291141510380748,0.0659897089843345,0.0473198144870233,5247,Water,nutrition,mae,validation
241,0.1879512347229255,0.000584989134745,5.093700636403162e-06,0.0005890120512932,0.1907338666221651,0.0872440138230241,5536,Zinc,nutrition,mae,validation
242,0.187267775378629,0.0093427297515835,0.0011492988164278,0.0102814181567295,0.323658603408085,0.0418593719422669,250,"cis,cis-Eicosadienoic acid (20:2n-6)",nutrition,mae,validation
243,0.3802693871751761,0.0044021207908786,0.0002737807508741,0.0045618925283485,0.5531429328956484,0.1864414722764648,70,cis-Docosenoic acid (22:1 cis),nutrition,mae,validation
244,0.0979342915045873,0.0201599508620255,0.0007938174084101,0.0238613628728272,0.0948247185227751,0.1624579308771897,87,cis-Hexadecenoic acid (16:1 cis),nutrition,mae,validation
245,0.1548234764438602,0.2219030708563135,0.1142096985242715,1.9628312498695808,0.1548234764438602,,153,cis-Octadecenoic acid (18:1 cis),nutrition,mae,validation
246,0.2449006342022963,0.0032543502082935,0.0001038447901,0.0033585442797766,0.4605141655861435,0.1129580254450167,108,cis-Tetracosenoic acid (24:1 cis),nutrition,mae,validation
247,0.2378398298624861,0.0195373839898415,0.0019984481177007,0.0212588128614283,0.1334004010829118,1.2300144032684424,21,"trans,trans-Linoleic acid (18:2 trans,trans)",nutrition,mae,validation
248,0.0759863481443576,0.0001176491681547,1.5659393844293501e-07,0.0001177275212077,0.7741187636668266,0.0001023899353936,51,trans-Docosenoic acid (22:1 trans),nutrition,mae,validation
249,0.0999476510035534,0.002623337463464,1.9030864030166752e-05,0.0026871821873218,0.145844520614168,0.0015972161236651,66,trans-Hexadecenoic acid (16:1 trans),nutrition,mae,validation
250,0.2252559954461105,0.0257562850173775,0.0046587969252675,0.0309484038730959,0.240926029895852,0.0450505992740832,75,trans-Linoleic acid (18:2; isomer unspecified),nutrition,mae,validation
251,0.2519483236501782,0.1310239792688795,0.1658865673076706,0.5030161205437881,0.2534978399537236,0.2431228177473758,154,trans-Octadecenoic acid (18:1 trans),nutrition,mae,validation
2,0.4518943961148667,0.2073555411368269,0.1097878522962532,0.3649800861047374,0.4518943961148667,,18,Acetic acid,food_metabolome,mse,validation
7,0.1862384046059219,0.0019633033863421,0.0001181369894559,0.0021263346499747,0.5076130389921951,0.0191235947250598,38,Apigenin,food_metabolome,mse,validation
9,1.151641831727157,0.0021410522833526,1.808395571486069e-05,0.0021519487410258,1.151641831727157,,13,Benzoic acid,food_metabolome,mse,validation
11,0.6606359381439607,0.0024268231047184,2.2304981066991164e-05,0.0024397176648503,0.7038602188308151,0.1851688505885625,12,Cadaverine,food_metabolome,mse,validation
12,1.203412823176614,0.077441712621762,0.0593860364003678,0.1228595152766319,1.3172350772274526,0.2548940394196232,28,Caffeic acid,food_metabolome,mse,validation
13,0.0519050140451356,0.002930910788767,0.0014778624289204,0.0045200008368521,0.4141095131232184,0.0183048852353796,1962,Caffeine,food_metabolome,mse,validation
15,0.5311877334999457,0.009602145167279,0.0021027826106281,0.0107799848367889,0.6162755128751205,0.332649581624538,30,Catechin,food_metabolome,mse,validation
16,0.1553170195682735,0.0107758236089594,0.0006172645292613,0.0118377990464505,0.1574578924593291,0.0497006236095317,755,Choline,food_metabolome,mse,validation
18,0.2535515319352086,0.1118999110147836,0.031657415647135,0.1657072919561312,0.2535515319352086,,52,Citric acid,food_metabolome,mse,validation
21,0.405774409657047,0.0025643678245053,1.6169436874464553e-05,0.0025821918564413,0.5047534942318251,0.2672036912523576,12,Cyanidin,food_metabolome,mse,validation
22,0.5471794996081557,0.0039217936405365,3.922642384945418e-05,0.0039643914379811,0.6119301974703403,0.3745109719756637,11,Daidzein,food_metabolome,mse,validation
24,0.8264175507748344,0.0053161777380479,0.0001416816036759,0.0053887219922617,1.7512296543019823,0.1071192480314968,16,Delphinidin,food_metabolome,mse,validation
25,2.690331797924876,0.1298627880809754,0.0615413326914309,0.1671385359102106,2.690331797924876,,5,Ellagic acid,food_metabolome,mse,validation
26,0.5238252309777233,0.0010532105585817,8.254822750112555e-06,0.0010575353253997,1.2174831138296012,0.2463620778369721,28,Epigallocatechin,food_metabolome,mse,validation
28,0.6597286387420221,0.0101486951088453,0.0005727889656054,0.0105327933118722,0.6850451739595899,0.35593021613121,26,Ferulic acid,food_metabolome,mse,validation
33,1.9256437069298868,0.2226560143234508,0.3596316934007609,0.6330927733666234,2.3836001835258127,0.2083069196951659,19,Gallic acid,food_metabolome,mse,validation
35,0.7928564511396177,0.009569589058313,0.0015833193358852,0.010445629158542,0.7535560975318547,1.8146656449414549,27,Genistein,food_metabolome,mse,validation
43,0.3124547469976146,0.0010623200644947,6.965034890766143e-06,0.0010665813407966,0.8014424256444844,0.0457341950084129,17,Glycitein,food_metabolome,mse,validation
47,0.3857341883407665,0.0010535007757493,1.3703653843699002e-05,0.001062127638742,0.3960990783164254,0.0436928191440233,34,Histamine,food_metabolome,mse,validation
50,0.6861071871942602,0.0051869328485595,0.0002442664363435,0.0053142093034521,1.6290095537383489,0.1203657672678071,16,Isorhamnetin,food_metabolome,mse,validation
51,0.6765209359405601,0.0024835411018132,3.1197943693846354e-05,0.0025026058282604,0.8521409716720187,0.46712781641459,57,Kaempferol,food_metabolome,mse,validation
52,0.1457531853978833,0.1202611411452374,0.0302428390698761,0.2207021745261939,0.1457531853978833,,23,Lactic acid,food_metabolome,mse,validation
53,1.054696955434057,0.0001968671811893,1.1451899078369596e-07,0.0001969248722393,1.054696955434057,,4,Lariciresinol,food_metabolome,mse,validation
54,0.3503718112626542,0.0007000810234477,2.842365857871246e-06,0.000702009796204,0.3503718112626542,,14,Lutein,food_metabolome,mse,validation
55,0.519758022871807,0.0063716875286623,0.0005240045849469,0.0068809188976098,0.93976423889373,0.2289844887027833,44,Luteolin,food_metabolome,mse,validation
56,0.2477469344394523,0.1026483160970078,0.030757156483195,0.1570333676982899,0.2477469344394523,,49,Malic acid,food_metabolome,mse,validation
58,1.4304442634444483,0.0001356237433826,8.926290034944998e-08,0.0001356683861519,1.780984344068938,0.0282839409464898,5,Matairesinol,food_metabolome,mse,validation
61,0.5512519913649223,0.0013604795621226,8.130494839970283e-06,0.0013687956343621,0.6733227312266818,0.3943038972569457,48,Myricetin,food_metabolome,mse,validation
62,0.328219626037381,0.0114045844703977,0.0008778367467029,0.0131008449143896,0.8437283642397048,0.0275061954193587,19,Naringenin,food_metabolome,mse,validation
65,0.594266689253396,0.0452653065659698,0.0029551044218456,0.0510001087356312,0.594266689253396,,4,Oxalic acid,food_metabolome,mse,validation
66,0.3521787474045643,0.0001881109799647,4.753949853149467e-07,0.0001883612633551,1.060578098612236,0.0688190069214957,14,Pelargonidin,food_metabolome,mse,validation
67,0.2659544593937478,0.0008404095077013,6.59190746349388e-06,0.0008442617253948,0.8130639884244266,0.0227946687134462,13,Peonidin,food_metabolome,mse,validation
72,0.6989876268281375,5.7686384956842895e-05,7.223379232270007e-09,5.76902395162994e-05,0.6989876268281375,,4,Pinoresinol,food_metabolome,mse,validation
77,0.288991475364548,0.0011763194541882,5.483042769121821e-06,0.0011922264102783,0.288991475364548,,17,Putrescine,food_metabolome,mse,validation
79,0.6089418795058882,0.0053049864986269,0.0002299245995204,0.0054453600837062,0.6682914687963456,0.4204196547009056,71,Quercetin,food_metabolome,mse,validation
82,0.3650508524070231,0.317512932902204,0.2183112169768155,0.6502207791351248,0.5474109241505114,0.0003307089200465,6,Rosmarinic acid,food_metabolome,mse,validation
83,1.327152585621879,0.0001311631011758,2.2998256464375722e-08,0.0001311778054583,1.327152585621879,,5,Secoisolariciresinol,food_metabolome,mse,validation
88,0.1314525584948064,0.0004388397554632,5.831257891479026e-07,0.0004392313558314,0.1311889952440122,0.1340881910027479,11,Spermine,food_metabolome,mse,validation
90,0.7984835694828498,0.006659030769329,0.0002569784720884,0.0068097414686359,0.821871085927401,0.7205251813343457,13,Syringic acid,food_metabolome,mse,validation
91,0.2596192945007261,0.1485353686436807,0.0656281955444237,0.420900094127655,0.2596192945007261,,5,Tartaric acid,food_metabolome,mse,validation
92,0.1460346758103061,0.0002562595794379,1.947299616084496e-07,0.0002576803166967,0.1460346758103061,,9,Taurine,food_metabolome,mse,validation
93,0.0312555511789275,0.0039762366862637,0.000445191499337,0.0053781369390101,0.2918606910109529,0.0150305479827738,1928,Theobromine,food_metabolome,mse,validation
96,0.1026144707274379,0.0007972516095662,6.310682419259347e-06,0.0008085388649568,0.1115784701665185,0.0488304740929543,21,Tyramine,food_metabolome,mse,validation
98,0.2718020203406191,0.0003535186539061,1.9846701576933533e-07,0.0003540712623796,0.2546315607987394,0.349069088279078,11,Vanillic acid,food_metabolome,mse,validation
103,0.6074536930749618,0.0045673790038284,9.378581619418826e-05,0.0046701537783672,0.6869186978416076,0.1306636644750864,28,p-Coumaric acid,food_metabolome,mse,validation
104,0.0549256013942955,0.0423272900202182,0.0053087624531865,0.0821941981567218,0.0555341005413038,0.0127455468857648,1547,Alanine,nutrition,mse,validation
105,0.1627354421477395,0.0148935092398398,0.0010430853324706,0.0163283518737797,0.2406345914423159,0.0690688358005616,1128,Arachidonic acid (20:4n-6),nutrition,mse,validation
106,0.0746746811228168,0.061163040160537,0.0103623976370697,0.1298010080356666,0.0738817637370019,0.0962415872565568,1727,Arginine,nutrition,mse,validation
107,0.3129637993874593,0.0096829310537399,0.0005010713027677,0.010185986615022,0.4432512839504941,0.0935322464391901,102,Ascorbic acid (vitamin C),nutrition,mse,validation
108,0.1143531396217497,0.1195296811665241,0.0402071895375431,0.4347428773526196,0.1152469817967198,0.0539129006380258,3606,Ash,nutrition,mse,validation
109,0.060167386685802,0.0626574450018645,0.0104158591800748,0.147435948268266,0.0602761345520194,0.0520167341128092,1519,Aspartic acid,nutrition,mse,validation
110,0.1002479891170219,0.2402940088024834,0.1260979930442816,3.291376278708628,0.1072045283199414,0.0250304089854546,756,Available carbohydrate,nutrition,mse,validation
111,0.1140649784406166,0.0199622628892342,0.0025728113226505,0.0238018018929866,0.1529393089101889,0.0196558901573698,48,Beta-sitosterol,nutrition,mse,validation
112,0.1758235001732266,0.0067447909654899,0.0021556319069772,0.0083906894303818,0.1766803669781681,0.144508281998332,498,Betaine,nutrition,mse,validation
113,0.3316392761886901,8.565734571253793e-05,1.555135578515258e-06,8.668168013480569e-05,0.3191110717161917,0.4480278957246417,1768,Biotin,nutrition,mse,validation
114,0.1097195768364946,0.0144659698792278,0.0020896010328045,0.0198594461168387,0.2428338381086458,0.0385607511941768,2269,Butyric acid (4:0),nutrition,mse,validation
115,0.3106217698358359,0.0315213242991175,0.0068834321433959,0.0425740345971739,0.3103300896746833,0.355257934050366,6878,Calcium,nutrition,mse,validation
116,0.1896778118183947,0.0073157562718861,0.0005060577332282,0.0078895693646824,0.2293871428492633,0.0506951532103543,36,Campesterol,nutrition,mse,validation
117,0.2001701346679038,3.337696065313919e-05,7.081228299030304e-08,3.345081695860928e-05,0.6023051882063406,0.084448055953476,2524,"Carotene, alpha",nutrition,mse,validation
118,0.3762381611373909,0.000268088867221,2.0924442615259367e-06,0.0002701498010382,0.5256214528531561,0.1517682225052875,3736,"Carotene, beta",nutrition,mse,validation
119,0.5245127926731984,0.4839581197789575,0.8317064109249609,4.459972231348356,0.475134229613754,0.8454734525595863,15,Cellulose,nutrition,mse,validation
120,0.1920104782933871,0.0842172436521565,0.0198608166880131,0.3301610132525721,0.1920104782933871,,343,Chloride,nutrition,mse,validation
121,0.2305598438978325,6.03330861821501e-07,1.0912531518434124e-11,6.033390622508803e-07,0.3246364398538743,0.1081356643921225,695,Cholecalciferol (vitamin D3),nutrition,mse,validation
122,0.1079993752221522,0.0173241574934733,0.0097163047166237,0.1286421099480963,0.1569054328973073,0.0376542762867238,3992,Cholesterol,nutrition,mse,validation
123,0.1353431978829739,0.0080604183445343,0.0002689083347872,0.0087116229748322,0.1373518678092561,0.0680710159882147,1897,"Choline, total",nutrition,mse,validation
124,0.4094368509514529,4.875948093536692e-05,7.355149560414478e-08,4.882016401908991e-05,0.4658844975015646,0.257293426851311,278,Chromium,nutrition,mse,validation
125,0.1741934161953943,6.71976740736743e-07,1.3000535927414444e-11,6.719904253952213e-07,0.2524378574097043,0.0505915202498029,4402,Cobalamin (vitamin B12),nutrition,mse,validation
126,0.1273666950768803,0.0141383101076011,0.0010045722572531,0.0191458035111522,0.1373207704710714,0.056029154751844,98,Conjugated linoleic acids (18:2 CLA isomers),nutrition,mse,validation
127,0.2401527340685646,0.0001159620361989,1.475021642350703e-06,0.0001167970665297,0.2406392553162203,0.2423747899069458,5038,Copper,nutrition,mse,validation
128,0.2503612480531445,1.8316475337627907e-05,4.3155452006118546e-08,1.834069948101859e-05,0.6819327884894735,0.1173508163701098,2450,"Cryptoxanthin, beta",nutrition,mse,validation
129,0.0806983605272535,0.024459654056945,0.0016777046895557,0.0306345477153027,0.0818312510576297,0.0175921620944429,1531,Cystine,nutrition,mse,validation
130,0.2107555810158666,0.0214892571527074,0.0061812741885784,0.0318694940659548,0.3176960385029269,0.1018906479597564,2996,Decanoic acid (10:0),nutrition,mse,validation
131,0.1788064050610836,0.2407534300717052,0.1237821661088528,1.0914565544565025,0.204899245286529,0.0782692973985374,2543,"Dietary fibre, total",nutrition,mse,validation
132,0.1231816361585694,0.0129435418043629,0.0047573065077375,0.0297370441652523,0.3284023145327033,0.0405194179626153,2886,Docosahexaenoic acid (DHA; 22:6n-3),nutrition,mse,validation
133,0.2955199013932122,0.0177039966615718,0.0081887710540064,0.0278532519725552,0.3724827691330301,0.1948076382775446,1047,Docosanoic acid (22:0),nutrition,mse,validation
134,0.1519883363773998,0.0058621620328306,0.0010493763614909,0.0081307905021983,0.3126612230122186,0.0752371044288137,2934,Docosapentaenoic acid (DPA; 22:5n-3),nutrition,mse,validation
135,0.1747926250238128,0.0020780789996202,3.349034485225649e-05,0.0021021937980039,0.2939076456905381,0.0457513526348606,75,Docosatetraenoic acid (22:4; isomer unspecified),nutrition,mse,validation
136,0.1340640862466418,0.010409647246153,0.0069442467130254,0.0406523329245527,0.5462971112604575,0.0620554328387798,733,Docosenoic acid (22:1; cis/trans unspecified),nutrition,mse,validation
137,0.3159893890315334,0.0528661701665667,0.0494959730241948,0.186590384612269,0.4059098357418673,0.1650536734710533,3352,Dodecanoic acid (12:0),nutrition,mse,validation
138,0.2416624901978595,0.0154946029632248,0.0028779068783961,0.0190976877226952,0.2419629164822858,0.2402689874887405,998,Eicosanoic acid (20:0),nutrition,mse,validation
139,0.1556678197898149,0.0103280010726688,0.0031787372855399,0.0196835681643781,0.3766017237932754,0.0630358777019224,3202,Eicosapentaenoic acid (EPA; 20:5n-3),nutrition,mse,validation
140,0.1024073916557972,0.00921102463021,0.001150019161893,0.0110661387167821,0.1701542133266861,0.0523601900610865,772,Eicosatetraenoic acid (20:4; isomer unspecified),nutrition,mse,validation
141,0.1764451426581783,0.004368498413251,0.000462191305823,0.0046445353829516,0.3365733727431505,0.0785250019587348,224,Eicosatrienoic acid (20:3; isomer unspecified),nutrition,mse,validation
142,0.1838584965585206,0.0017604879535004,1.582330480620456e-05,0.0017939674599508,0.2448496611470849,0.1247733058633489,63,Eicosatrienoic acid (20:3n-3),nutrition,mse,validation
143,0.1475462122217205,0.0035784144457097,7.991377741084468e-05,0.0036963261049549,0.1891635418564742,0.0803909757656407,230,Eicosatrienoic acid (20:3n-6),nutrition,mse,validation
144,0.2405460708060561,0.023214154573051,0.0048503253823759,0.0346939275633962,0.2710824036633005,0.1837218434572621,2654,Eicosenoic acid (20:1; isomer unspecified),nutrition,mse,validation
147,0.0236635222997253,0.1061795409785304,0.0920683605976238,0.3218473466956978,0.6079308840355094,0.0116931665958702,3138,Ethanol,nutrition,mse,validation
148,0.1012070124295096,0.1854145771244871,0.1051348745531238,1.7905632593664045,0.1032905203171951,0.0481283203685305,4833,"Fat, total",nutrition,mse,validation
149,0.1082557058697316,0.1372628045088817,0.0511256716769044,0.9775832638342464,0.1131159471007074,0.0255862198275533,3886,"Fatty acids, total monounsaturated",nutrition,mse,validation
150,0.1764592217706038,0.1634943499520647,0.074700580424992,0.7831540623136427,0.1813794268607358,0.0726339432484456,3896,"Fatty acids, total polyunsaturated",nutrition,mse,validation
151,0.107231223017334,0.1269252548429276,0.0477170925739124,0.8307589162975294,0.1115355996758558,0.0242276942947049,4023,"Fatty acids, total saturated",nutrition,mse,validation
152,0.1913939234085357,0.064037364411103,0.0352014555873801,0.1641152030829745,0.2540756862622847,0.0832314396004387,1172,"Fatty acids, total trans",nutrition,mse,validation
153,0.1862574171604695,0.0533355920968479,0.0479636109006765,0.177587638186512,0.1974656968197627,0.1196055141198728,521,"Fatty acids, total trans-monoenoic",nutrition,mse,validation
154,0.21603710892885,0.0224094928189361,0.0064698291028528,0.0356318969961158,0.2261754113669297,0.1820496569459542,457,"Fatty acids, total trans-polyenoic",nutrition,mse,validation
155,0.2616476518543791,1.4055566936653671e-05,1.5758448407703255e-09,1.4057562054855438e-05,0.2715959710608209,0.153325859709871,3170,"Folate, food",nutrition,mse,validation
156,0.2676905757693644,2.069768670147404e-05,4.892040673467028e-09,2.0703145627036507e-05,0.2769225613501979,0.1510436281322359,3886,"Folate, total",nutrition,mse,validation
157,0.1597442494163707,1.4920631983132404e-05,3.755976812372284e-09,1.4925369854518148e-05,0.2782696918140634,0.0538064765066352,3100,Folic acid,nutrition,mse,validation
158,0.2747500582344451,0.208455398816414,0.1258923156828079,0.6278273278768813,0.3410975075427318,0.113415223075387,1959,Fructose,nutrition,mse,validation
159,0.1827080009973484,0.0184940579399955,0.0080480628589328,0.029248152562681,0.5746752827706115,0.0877676097629624,1460,Galactose,nutrition,mse,validation
160,0.2947694516732405,0.2296588049526681,0.1399247674762458,0.6580952407104439,0.3428249860341438,0.1372129761563157,2003,Glucose,nutrition,mse,validation
161,0.0552204048202357,0.084026787069817,0.0193495246387832,0.279846467514536,0.0558475078426607,0.0016727745164995,1555,Glutamic acid,nutrition,mse,validation
162,0.0891558396285125,0.0628848364688031,0.01199687066282,0.1285967383554896,0.0887673162227586,0.0970591994230693,1713,Glycine,nutrition,mse,validation
165,0.1510780058799435,0.0123115839943469,0.0007721191847021,0.0140281502118278,0.1662518578676874,0.1041840371535164,1138,Heptadecanoic acid (17:0),nutrition,mse,validation
166,0.1880335685298176,0.0084141627068437,0.0003361028047728,0.0091977893902222,0.2144424950420511,0.1479049116503046,880,Heptadecenoic acid (17:1; isomer unspecified),nutrition,mse,validation
167,0.1133854135607442,0.1111997461665122,0.0383729915657449,0.4339226430610286,0.1161731480867013,0.0370107032008458,3436,Hexadecanoic acid (16:0),nutrition,mse,validation
168,0.2131996919801848,0.0491831162897878,0.0123557289583128,0.0784030310790177,0.230818750902135,0.1276885260123202,878,Hexadecenoic acid (16:1; cis/trans unspecified),nutrition,mse,validation
169,0.0891599210144898,0.009508070612157,0.0010208021896397,0.0116914773669944,0.2279109372168119,0.0294025242118711,2651,Hexanoic acid (6:0),nutrition,mse,validation
170,0.0639801730663431,0.03400939642967,0.0030763073323339,0.0553127066233533,0.0648845030308202,0.0146791414495202,1562,Histidine,nutrition,mse,validation
171,0.0944803390941654,0.024004248938201,0.0015250775351846,0.0282992715800813,0.1104287218473209,0.0392560883668207,299,Hydroxyproline,nutrition,mse,validation
172,0.1748674770391708,0.2260896319319686,0.0793602399411989,1.3000205895252646,0.1825389730764029,0.0291090523317602,20,Insoluble dietary fibers,nutrition,mse,validation
173,0.2424786096623961,0.001249134339846,2.2152426333264316e-05,0.0012682466603581,0.2451403607047546,0.1582006769699917,5716,Iron,nutrition,mse,validation
174,0.0507486232819449,0.0357816372940658,0.0033554382062066,0.0637387135476284,0.0515171471308355,0.0094585755876667,1564,Isoleucine,nutrition,mse,validation
175,0.6256950161488121,0.2315196355595243,0.1496124968924673,0.4023733082830906,0.6256950161488121,,15,Isomeric linoleic acids (18:2),nutrition,mse,validation
176,1.0134684118972257,0.1621723924725547,0.1009290168405395,0.2491146420969709,0.7951747823523689,1.325316454104163,17,Isomeric linolenic acids (18:3),nutrition,mse,validation
177,0.1069314532550732,0.098448603627775,0.046736820701037,0.2605924970032009,0.2506214282572518,0.0396821978077267,1909,Lactose,nutrition,mse,validation
178,0.0485382490811416,0.0476043579486297,0.0053327675125115,0.1045407872017896,0.0489789125142474,0.0145630983886854,1562,Leucine,nutrition,mse,validation
179,0.5653952567668101,0.3859126934750241,0.4181301394055018,2.8002608046549207,0.6218802919478592,0.3818188924284006,17,Lignin,nutrition,mse,validation
180,0.1921232336697712,0.1481532374218716,0.0622828230850545,0.7893492489192846,0.197039986425627,0.0698662853366642,1345,Linoleic acid (18:2n-6),nutrition,mse,validation
181,0.3115040280699533,0.0001935763411105,9.44669260728204e-07,0.0001945481328246,0.3769265319004602,0.1507090353304711,1277,Lutein + zeaxanthin,nutrition,mse,validation
182,0.0692756522434507,0.0001567620442547,6.996392732649749e-07,0.000157420221697,0.4540773414096029,0.0237849979031091,2090,Lycopene,nutrition,mse,validation
183,0.0612825761618718,0.0519823510261259,0.0065224462041994,0.1153937119368191,0.0618742408925284,0.019624000353371,1571,Lysine,nutrition,mse,validation
184,0.1733889954728441,0.0114818556824391,0.0009524737658715,0.0129699482703154,0.17466733696424,0.1039695672923292,6213,Magnesium,nutrition,mse,validation
185,0.2713865894774257,0.110518328125615,0.0605748927062015,0.218170774673037,0.4316923830441246,0.1429456623026709,1924,Maltose,nutrition,mse,validation
186,0.3005620135081393,0.0003998262092064,6.971608565275234e-06,0.000404260787608,0.2997751876151877,0.3282611955451409,3266,Manganese,nutrition,mse,validation
188,0.1181057906902579,8.543043233017753e-07,1.3869067644109568e-12,8.543066581023801e-07,0.1297590896859976,0.0132260997286016,10,Menaquinone-4,nutrition,mse,validation
189,0.0647469297303468,0.0279695777872128,0.001998892640383,0.0404453571492079,0.065795286660157,0.0169132670111256,1570,Methionine,nutrition,mse,validation
190,0.3160171004909838,2.251690751491512e-05,7.692660573233199e-09,2.252289950991961e-05,0.3417293717030635,0.1890627613813409,190,Molybdenum,nutrition,mse,validation
191,0.1990983610671881,0.000973300523156,6.038521932694566e-06,0.0009803379331365,0.2035505233658466,0.092281682429384,5427,Niacin,nutrition,mse,validation
192,0.1724039241022291,0.0011464565991367,8.730623656043603e-06,0.0011585879525659,0.177987034171997,0.074477945894395,1168,Nicotinic acid,nutrition,mse,validation
193,0.2809537973490447,0.2067969516233423,0.1516611396270715,1.0377752298674785,0.2828159444654605,0.2279126391621037,914,Octadecadienoic acid (18:2; isomer unspecified),nutrition,mse,validation
194,0.1421179374570284,0.0945466500304627,0.0299789304917785,0.2569097572020297,0.1484755745264165,0.0368451704433083,3429,Octadecanoic acid (18:0),nutrition,mse,validation
195,0.0750247366544836,0.0038877371285082,0.0007155382623848,0.0058427726214233,0.5412974951513583,0.0286826429200847,719,Octadecatetraenoic acid (18:4; isomer unspecified),nutrition,mse,validation
196,0.3518518863614552,0.066395239135685,0.0261609067898034,0.1109919610091475,0.3536583655265128,0.3317120848591238,899,Octadecatrienoic acid (18:3; isomer unspecified),nutrition,mse,validation
197,0.2072674741453616,0.2473175254909727,0.1584951205358105,1.4802322705779474,0.2125958131018503,0.073754523721345,912,Octadecenoic acid (18:1; cis/trans unspecified),nutrition,mse,validation
198,0.15901798863792,0.0185331322621846,0.0068020891475261,0.0295263801346729,0.3161484948216977,0.0631868271953464,2755,Octanoic acid (8:0),nutrition,mse,validation
199,0.2076628180125389,0.0003015520370544,6.025612382493401e-06,0.0003050628138007,0.2120304777461751,0.1436975474416541,2974,Pantothenic acid (vitamin B5),nutrition,mse,validation
200,0.1904577935786287,0.0095309476108509,0.0010128330842237,0.0108382204432596,0.2153486590589989,0.1419211235099773,1081,Pentadecanoic acid (15:0),nutrition,mse,validation
201,0.0784236564917516,0.0020625123309785,0.0004905346245512,0.0024254601521375,0.7799395373028398,0.0231115452733405,777,Pentadecenoic acid (15:1; isomer unspecified),nutrition,mse,validation
202,0.047395785422167,0.0341099140839485,0.0033058204374792,0.059790265763734,0.0480788353127581,0.0095156924875626,1573,Phenylalanine,nutrition,mse,validation
203,0.1346644608006998,0.0345807093694465,0.0043566328182458,0.0438739981921869,0.1368311818468049,0.0543563402614494,5470,Phosphorus,nutrition,mse,validation
204,0.1834735298200938,0.0164727015919793,0.0011207953826985,0.0182932944223002,0.2395044063037147,0.1162364780397487,66,Phytosterols,nutrition,mse,validation
205,0.1639614284315429,0.0652499925354424,0.0141841286249819,0.1009668362271358,0.1649348593629533,0.1158433926355793,5513,Potassium,nutrition,mse,validation
206,0.0706308841136098,0.0601468750116784,0.0093732517572423,0.117644058735875,0.0715248182395811,0.0139405616249285,1546,Proline,nutrition,mse,validation
207,0.0968620526831157,0.1981594549395289,0.0881358510579083,1.8931656268463053,0.0989286714133377,0.0446582378647302,4633,"Protein, total",nutrition,mse,validation
208,0.2356996673747268,6.046078750133091e-05,2.787714093097041e-07,6.078160257316367e-05,0.3509992947975605,0.1150592629633852,5057,Retinol,nutrition,mse,validation
209,0.2018056540622123,7.962708665746366e-05,4.98305199537686e-08,7.968099124497232e-05,0.2061871861717068,0.1090009690921829,4691,Riboflavin (vitamin B2),nutrition,mse,validation
210,0.2112251352244829,5.9137442803885776e-06,1.402044299522609e-09,5.914553597339234e-06,0.2171039976762007,0.1394686888646392,4249,"Selenium, Se",nutrition,mse,validation
211,0.0496453514397315,0.0367032262983177,0.0035878855772664,0.064871972618328,0.050250893138059,0.0078079250098332,1542,Serine,nutrition,mse,validation
212,0.2745382205352047,0.0805228607467448,0.0394081642900544,0.1881665258441254,0.275788562222083,0.2224929018787486,4705,Sodium,nutrition,mse,validation
213,0.230054721886796,0.2300547156988494,0.2277987186478452,0.669833612265889,0.3407883890022384,0.0824098323995393,14,Sorbitol,nutrition,mse,validation
214,0.1298717608803078,0.3794571676227138,0.4060912433570655,3.838170959277926,0.1708258391699033,0.0519822079452541,1292,Starch,nutrition,mse,validation
215,0.0393128356244597,0.0130641342861303,0.002971674527684,0.0164907639514691,0.5972505485158177,0.009947692840704,140,Stearidonic acid,nutrition,mse,validation
216,0.2000237711425994,0.0035776305117731,9.304393836541593e-05,0.0036567826430139,0.2951361801086231,0.04150308953256,48,Stigmasterol,nutrition,mse,validation
217,0.3208783565135064,0.3568944548119161,0.3485126879738808,2.2906555073366515,0.364068851497003,0.2044469704695227,1021,Sucrose,nutrition,mse,validation
218,0.2288775392517407,0.3603881394120097,0.2844208872854641,3.250257694205886,0.2371865654782812,0.1642731964729428,3185,"Sugars, total",nutrition,mse,validation
219,0.3665856005030719,0.0922379535796738,0.0142770281443328,0.110597980338037,0.3665856005030719,,20,Sulfur,nutrition,mse,validation
220,0.2210287314272401,0.0059500459331792,0.0003814486013883,0.0066382869836489,0.2507752465199905,0.183616447739159,806,Tetracosanoic acid (24:0),nutrition,mse,validation
221,0.204492406455872,0.0602477899724028,0.0295709900535278,0.1431199027898687,0.232596044407502,0.0528667689360845,3308,Tetradecanoic acid (14:0),nutrition,mse,validation
222,0.1697955059633203,0.0114661303143082,0.0011607140593923,0.0136832287808052,0.2359589788883153,0.0802229313835259,1002,Tetradecenoic acid (14:1; isomer unspecified),nutrition,mse,validation
223,0.241371454209619,7.92701656899397e-05,8.520017086054413e-08,7.933663137707927e-05,0.247404268724798,0.141517436430881,5049,Thiamin (vitamin B1),nutrition,mse,validation
224,0.0517372068844613,0.0345783208961512,0.0029260736723751,0.0606461518768396,0.0523446052654912,0.009274538247007,1560,Threonine,nutrition,mse,validation
225,0.276009203556403,4.589801161205892e-05,5.372946161027622e-08,4.5936061676092e-05,0.3210562325237258,0.1939707985978818,1452,"Tocopherol, beta",nutrition,mse,validation
226,0.2908386806494587,0.0001368473330311,8.964643441550546e-07,0.0001374932034294,0.382504119524533,0.1689370480500133,1454,"Tocopherol, delta",nutrition,mse,validation
227,0.3895664495086519,0.0008171874545412,1.1359493849441924e-05,0.0008284436658579,0.4228801785840171,0.2497588788603519,1548,"Tocopherol, gamma",nutrition,mse,validation
228,0.3927072833899861,8.320699958047212e-05,2.281630980316619e-07,8.334703568196197e-05,0.4486878226456098,0.2829918425566147,1033,"Tocotrienol, alpha",nutrition,mse,validation
229,0.1388330625983644,6.301951200839006e-05,4.5821912495590246e-08,6.305021413053408e-05,0.3720873255846966,0.0856559249227239,237,"Tocotrienol, beta",nutrition,mse,validation
230,0.0508417391308239,6.189572526845206e-06,8.033792342504835e-10,6.190000097256943e-06,0.5067128237926876,0.0241465855244985,235,"Tocotrienol, delta",nutrition,mse,validation
231,0.3175086968470945,6.795695452395103e-05,7.453638678108697e-08,6.799783128029263e-05,0.5284082610945267,0.179900470529621,233,"Tocotrienol, gamma",nutrition,mse,validation
232,0.0393049009730445,0.0004325693225245,6.271173888426696e-06,0.0004391943465053,0.4786307958450438,0.018183463719583,109,Tridecanoic acid (13:0),nutrition,mse,validation
233,0.1051151866927106,0.0242989123047262,0.0016778972835066,0.0291465586036166,0.1062743357656091,0.0823880102722914,2819,Tryptophan,nutrition,mse,validation
234,0.0614934005130271,0.0363577559736303,0.0030905347016351,0.0576146182680721,0.0623404308277264,0.0147985298507502,1553,Tyrosine,nutrition,mse,validation
235,0.0507394325171941,0.0390156115233088,0.0041627357520157,0.0726692831150079,0.0513605969986152,0.0090673979592423,1566,Valine,nutrition,mse,validation
236,0.202765150802245,7.199975603451932e-05,3.96181823766183e-08,7.205285222418114e-05,0.2076571370350923,0.1214358796811578,282,Vitamin B6 - Pyridoxin,nutrition,mse,validation
237,0.2312244105245533,6.098466825761707e-07,3.3896397143914326e-11,6.098740793187527e-07,0.3587062240862175,0.1309006099244653,4761,Vitamin D (D2 + D3),nutrition,mse,validation
238,0.1272128177774079,9.353605888205469e-08,6.658612043800069e-13,9.353675663954681e-08,0.4532842250726601,0.0567933339540514,1168,Vitamin D2 (ergocalciferol),nutrition,mse,validation
239,0.0813905816172486,0.3171236746687085,0.350044620364056,9.00244474657013,0.0816990065426966,0.0470446697292179,5247,Water,nutrition,mse,validation
241,0.190809677367611,0.0005761038866311,4.570121286552286e-06,0.0005800057057864,0.1927243828872392,0.1280935282900436,5536,Zinc,nutrition,mse,validation
242,0.1945718905367478,0.0094624295083553,0.0011076514807453,0.0103879786506343,0.2860510120292218,0.0970445626646061,250,"cis,cis-Eicosadienoic acid (20:2n-6)",nutrition,mse,validation
243,0.4172132537929235,0.0056498095903403,0.0003361568620792,0.0058431263927894,0.4976799096377924,0.3269930639062523,70,cis-Docosenoic acid (22:1 cis),nutrition,mse,validation
244,0.1167402876358399,0.0273818736696362,0.0020640000101254,0.0334517786018764,0.119275139187084,0.0641421179475246,87,cis-Hexadecenoic acid (16:1 cis),nutrition,mse,validation
245,0.164828550285654,0.2408758194982932,0.1728978700224344,1.854633379871939,0.164828550285654,,153,cis-Octadecenoic acid (18:1 cis),nutrition,mse,validation
246,0.2340432089406376,0.0031833629226669,0.0001177314484951,0.0032881726613326,0.3486679050918997,0.1638997381615071,108,cis-Tetracosenoic acid (24:1 cis),nutrition,mse,validation
247,0.2118981354301523,0.0152806682179744,0.0008304568246817,0.0163456839269825,0.1378862627246615,0.9150109261323144,21,"trans,trans-Linoleic acid (18:2 trans,trans)",nutrition,mse,validation
248,0.0828276743509412,0.0001158338001379,9.294407494771653e-08,0.0001158936150357,0.3080255435621334,0.0583496450888551,51,trans-Docosenoic acid (22:1 trans),nutrition,mse,validation
249,0.1017878459678435,0.0025101306043334,1.5438555104151305e-05,0.0025622897795089,0.1367161388249909,0.026941504131099,66,trans-Hexadecenoic acid (16:1 trans),nutrition,mse,validation
250,0.2420613849656958,0.0267948635400254,0.0046057931985165,0.0316979884252324,0.2553011580479951,0.0898039945192545,75,trans-Linoleic acid (18:2; isomer unspecified),nutrition,mse,validation
251,0.2463994025708147,0.1171778996165567,0.1272810126113138,0.3827386958451289,0.2650320661827178,0.1402742315638885,154,trans-Octadecenoic acid (18:1 trans),nutrition,mse,validation
